article_id,chapter_number,english_title,chinese_title,theme,plot_summary,new_vocabulary_ids,review_vocabulary_ids,planned_new_count,planned_review_count,status,estimated_story_words,estimated_pages,arc_number,story_day
CH001,1,New Ground: A Signal,新的起点：一个信号,大学生活与个人成长,"At Harbor City University, the group works to make campus information easier to use. The characters encounter the arc's central problem through a concrete consequence. The immediate pressure comes from confidence and unequal access; the chapter must move toward the students commit to a shared project without resolving the entire arc early.",cet4-400c1c1ad6d6|cet4-34fc9bdeebca|cet4-f4c391a471c2|cet4-e1e7a9d8c44a|cet4-8d10d9d6edf9|cet4-3aa073789c0f|cet4-6a6cb2239ff1|cet4-aedae75016de|cet4-0ce78675c52b|cet4-077da0a1e134|cet4-2fa0f165fa67|cet4-32d9a53f09cc|cet4-1755c503afc5|cet4-7a4acc7af8a6|cet4-c7fed063c962|cet4-df5965b4902f|cet4-35b0ab7b7e7a|cet4-f629dfd648c9|cet4-7dbd57fd9bfc|cet4-f9a2d6a95d85|cet4-c4a9a5c7997c|cet4-5bfd19e1051e|cet4-de1a625c135e|cet4-988f19c819ed|cet4-33c295d63331|cet4-2b7ca8f578ca|cet4-5c34748e0384|cet4-91a73c9712be|cet4-dcf25b1d4e51|cet4-bb4a33cb2fe3|cet4-e0c4a0e0a075|cet4-d7457032eea2|cet4-6f5a759d4255|cet4-a3800ad054cd|cet4-9e523005e25d|cet4-abb4d63c264d|cet4-abd5484bde30|cet4-22d8d8f7839e|cet4-6edeee8ad3ab|cet4-9b89e02af4a1|cet4-3941ddc93dfa|cet4-a287c84100b9|cet4-16991ebe1b2b|cet4-bfb7cb7c6327|cet4-977e94113fdf,,45,0,planned,380,3,1,1
CH002,2,New Ground: The First Promise,新的起点：第一次承诺,大学生活与个人成长,"At Harbor City University, the group works to make campus information easier to use. They define an immediate goal and commit resources before all risks are visible. The immediate pressure comes from confidence and unequal access; the chapter must move toward the students commit to a shared project without resolving the entire arc early.",cet4-be78a851482f|cet4-8e891f595b3b|cet4-9e19e51eef08|cet4-a4fbc146e411|cet4-534b82db542e|cet4-865ecebc191e|cet4-cc8fc897d9de|cet4-5c707eb83b57|cet4-87710010a36b|cet4-071e887851b6|cet4-48e8f062958c|cet4-c28829cab229|cet4-a79a8429875f|cet4-420c84811117|cet4-cb0bb104ed99|cet4-05d0a3cdff34|cet4-354f142fbe27|cet4-0bfbb2f302c9|cet4-83edaf9362f0|cet4-771f3480e562|cet4-548eba66ead6|cet4-fa466849c764|cet4-f6ba8e374ed2|cet4-ecb0c6171b2f|cet4-68d9607ebf30|cet4-2fe50ac32af7|cet4-3df5a47371b1|cet4-2f8d9646aa60|cet4-e843c8986741|cet4-e7c2e0bbb164|cet4-30166f264fa9|cet4-78ed5cdce05d|cet4-30e21afd4a58|cet4-2bb8af4666f3|cet4-f4ee15022071|cet4-059ba8e33ab0|cet4-b96266d03562|cet4-2fd49aeb6558|cet4-c85a7902b015|cet4-58912b5e9043|cet4-41c37b7d6b2b|cet4-b46cd0fbe97a|cet4-99c88f27991a|cet4-c7890213093f|cet4-3b0fa23e7189,cet4-34fc9bdeebca|cet4-400c1c1ad6d6|cet4-32d9a53f09cc|cet4-0ce78675c52b|cet4-f629dfd648c9|cet4-aedae75016de|cet4-8d10d9d6edf9|cet4-3aa073789c0f|cet4-077da0a1e134|cet4-df5965b4902f|cet4-f4c391a471c2|cet4-6a6cb2239ff1|cet4-e1e7a9d8c44a|cet4-1755c503afc5|cet4-7a4acc7af8a6|cet4-c7fed063c962|cet4-2fa0f165fa67|cet4-35b0ab7b7e7a,45,18,planned,380,3,1,2
CH003,3,New Ground: A Missing Voice,新的起点：缺席的声音,大学生活与个人成长,"At Harbor City University, the group works to make campus information easier to use. A person affected by the plan reveals information the group overlooked. The immediate pressure comes from confidence and unequal access; the chapter must move toward the students commit to a shared project without resolving the entire arc early.",cet4-d5b78297cbe6|cet4-5db62706926e|cet4-6b81044088e5|cet4-3f41b8b4ef27|cet4-dcc12d6369d3|cet4-22509eb43189|cet4-57d85a46c12b|cet4-7b6f07c38d03|cet4-f04af8eae493|cet4-07cbef4468fb|cet4-afba022e25bb|cet4-65c94617ab07|cet4-189989021f6a|cet4-10493e6b9fc7|cet4-769d2ece3410|cet4-317beb9f8d3d|cet4-fa9e1206d7fa|cet4-c3b33e7c7dba|cet4-c2c3954fc014|cet4-157265a9f04c|cet4-d92af7635e2e|cet4-3a7875016a07|cet4-a62c9897efaa|cet4-2edd730da53d|cet4-8cf526e9953a|cet4-6a53b9e69d92|cet4-54d6ea250aa7|cet4-7af4a68de02f|cet4-8464b86a6a81|cet4-82da29e7a693|cet4-06c0d51c2670|cet4-69f69899c15c|cet4-da54b195ce83|cet4-cb3129546a67|cet4-ca34dbfa8c62|cet4-cd5989d0a9a8|cet4-8dba540b5661|cet4-2cbbbf37dab4|cet4-ca4c08c4a867|cet4-e59498aba032|cet4-7db93e5ca3c8|cet4-00f319521bcd|cet4-2a37d1839eee|cet4-f8baed450632|cet4-7345e668a102,cet4-071e887851b6|cet4-354f142fbe27|cet4-865ecebc191e|cet4-c28829cab229|cet4-48e8f062958c|cet4-a79a8429875f|cet4-534b82db542e|cet4-cc8fc897d9de|cet4-a4fbc146e411|cet4-0bfbb2f302c9|cet4-05d0a3cdff34|cet4-87710010a36b|cet4-cb0bb104ed99|cet4-be78a851482f|cet4-420c84811117|cet4-5c707eb83b57|cet4-9e19e51eef08|cet4-8e891f595b3b,45,18,planned,380,3,1,3
CH004,4,New Ground: Evidence on the Table,新的起点：摆上桌面的证据,大学生活与个人成长,"At Harbor City University, the group works to make campus information easier to use. The team gathers and compares evidence instead of relying on assumptions. The immediate pressure comes from confidence and unequal access; the chapter must move toward the students commit to a shared project without resolving the entire arc early.",cet4-65261dbc2c6a|cet4-c50b3fee61d4|cet4-9b2c63955d24|cet4-56012842577c|cet4-7cfc19d1a91f|cet4-60332a93628b|cet4-8d9392bb262b|cet4-7b28d908c7a8|cet4-bb5f54180b2b|cet4-3c1d86b1cda0|cet4-85aa53b114a8|cet4-e20754e90cbf|cet4-15661f11a43b|cet4-e7d876b133b9|cet4-bee063f88887|cet4-c8ffc96e53c9|cet4-1454a4ba628b|cet4-b8af887f9625|cet4-6386e3b86e50|cet4-8b90b6156969|cet4-02c3bb5e1a42|cet4-a8474b182048|cet4-0cb9b53e9c5e|cet4-ebcd2c92ef4f|cet4-89fe1b0fd6d2|cet4-4551bd88e0d7|cet4-725063c9ca6e|cet4-6f99ee381c16|cet4-1a6d0e9b22b2|cet4-64d0f77a4be2|cet4-b19719921994|cet4-34e98d827fcb|cet4-4aef338d86f8|cet4-4b98421b83d3|cet4-86896df4902c|cet4-38df7606bbca|cet4-ca89c8cbd2a1|cet4-b927eb26d1ed|cet4-522c657e7ea6|cet4-cc11082780f9|cet4-3406f00acdc7|cet4-8a043dc80838|cet4-690ef70e0c42|cet4-f18d9a1370ca|cet4-08aa34072ac1,cet4-34fc9bdeebca|cet4-400c1c1ad6d6|cet4-5db62706926e|cet4-aedae75016de|cet4-8d10d9d6edf9|cet4-57d85a46c12b|cet4-22509eb43189|cet4-3aa073789c0f|cet4-f4c391a471c2|cet4-f04af8eae493|cet4-6b81044088e5|cet4-d5b78297cbe6|cet4-3f41b8b4ef27|cet4-6a6cb2239ff1|cet4-e1e7a9d8c44a|cet4-07cbef4468fb|cet4-7b6f07c38d03|cet4-dcc12d6369d3,45,18,planned,380,3,1,4
CH005,5,New Ground: The Trial Run,新的起点：第一次试行,大学生活与个人成长,"At Harbor City University, the group works to make campus information easier to use. A limited attempt produces useful results as well as a new constraint. The immediate pressure comes from confidence and unequal access; the chapter must move toward the students commit to a shared project without resolving the entire arc early.",cet4-82112aa85968|cet4-0b23334ae252|cet4-195ef60dd2b0|cet4-007583c6845a|cet4-48bd76101a2f|cet4-cb7f6f51c16e|cet4-eba28176629d|cet4-5f94aec677ed|cet4-67d873210968|cet4-0de51341985e|cet4-34178bd70108|cet4-0737d93390d7|cet4-e90bf0046b10|cet4-92810a3ec564|cet4-35d8320dc118|cet4-4d3f4f4afba1|cet4-ee0560911a3c|cet4-b41c22fc4c04|cet4-e5cca6df4d56|cet4-c195ee38b5e5|cet4-268ca778fc06|cet4-1f38989d119b|cet4-c67b82444802|cet4-03d4bec7675e|cet4-d084a9f5630c|cet4-59f5f90e8353|cet4-59461ea3c3d6|cet4-f020443bf210|cet4-9a2ce8acb6cd|cet4-cf8fd480525f|cet4-b00ccb22fb5d|cet4-35a17cfe9e2f|cet4-57af35d9d9cc|cet4-6aed0268d263|cet4-7ba233a2b8f6|cet4-cdff6ea6b484|cet4-578642999ad5|cet4-275d3f0cf1a1|cet4-ce6be5166d83|cet4-64fc83a74768|cet4-eb885fd74407|cet4-601dc76a3c5f|cet4-399e1b12e891|cet4-35094e7bd51c|cet4-dc76327e24e7,cet4-65261dbc2c6a|cet4-7cfc19d1a91f|cet4-071e887851b6|cet4-865ecebc191e|cet4-48e8f062958c|cet4-60332a93628b|cet4-534b82db542e|cet4-8d9392bb262b|cet4-cc8fc897d9de|cet4-a4fbc146e411|cet4-87710010a36b|cet4-be78a851482f|cet4-c50b3fee61d4|cet4-9b2c63955d24|cet4-5c707eb83b57|cet4-9e19e51eef08|cet4-56012842577c|cet4-8e891f595b3b,45,18,planned,380,3,1,5
CH006,6,New Ground: Pressure Builds,新的起点：压力上升,大学生活与个人成长,"At Harbor City University, the group works to make campus information easier to use. Time, money, health, or trust makes the original plan harder to maintain. The immediate pressure comes from confidence and unequal access; the chapter must move toward the students commit to a shared project without resolving the entire arc early.",cet4-8700565d352c|cet4-51e04c0b848b|cet4-4ff34aeb7bd0|cet4-fdedcbe7ecd8|cet4-1874f1248c6f|cet4-7b42da6e191e|cet4-23c0dbb2b10d|cet4-77049579b764|cet4-16666ec58dd9|cet4-3ed0067e2c62|cet4-ba3b7188d4cd|cet4-4a732ba067c6|cet4-f1a5bf81b95c|cet4-467e3b692360|cet4-694eff6eb7e7|cet4-5819205de3ed|cet4-1bddfe4e7adb|cet4-2bc4b3cc9047|cet4-0ae12383b1ef|cet4-a77a2e27e410|cet4-1e35784a7130|cet4-397dfc90a09f|cet4-9d358f72a054|cet4-c741c4fff2a5|cet4-c0a589fbd4c7|cet4-0cbf08952b57|cet4-0fcf51938c5c|cet4-62addedfa7fa|cet4-bb83b4ce3f15|cet4-3e333c600b30|cet4-176e4c5b914c|cet4-0bf85b61a01d|cet4-5f2d910f1b10|cet4-7f8f8cbc100b|cet4-988837273b86|cet4-f7b40496832f|cet4-6c5af4c24d72|cet4-5022754f57fe|cet4-db54bd17f091|cet4-180be918cd7e|cet4-0ce8461e20be|cet4-8722e1a426e7|cet4-25184d754d54|cet4-8690ed45aedd|cet4-211fe5bfc734,cet4-0b23334ae252|cet4-5db62706926e|cet4-cb7f6f51c16e|cet4-eba28176629d|cet4-007583c6845a|cet4-57d85a46c12b|cet4-afba022e25bb|cet4-22509eb43189|cet4-82112aa85968|cet4-f04af8eae493|cet4-6b81044088e5|cet4-d5b78297cbe6|cet4-3f41b8b4ef27|cet4-07cbef4468fb|cet4-48bd76101a2f|cet4-7b6f07c38d03|cet4-195ef60dd2b0|cet4-dcc12d6369d3,45,18,planned,380,3,1,6
CH007,7,New Ground: The Disagreement,新的起点：分歧,大学生活与个人成长,"At Harbor City University, the group works to make campus information easier to use. Two defensible priorities conflict and the characters must explain their motives. The immediate pressure comes from confidence and unequal access; the chapter must move toward the students commit to a shared project without resolving the entire arc early.",cet4-1162529a2415|cet4-70e09ad7dcd6|cet4-a8ca4fb28ef6|cet4-3d98d6447267|cet4-a8dcd099674b|cet4-d97eabdc7b91|cet4-8cf49e66e552|cet4-5b14d860a1fb|cet4-5dfbc9405c2a|cet4-804988d57222|cet4-61f7f82c7c11|cet4-70451e74f538|cet4-7008e17ae8a5|cet4-cfba9afbf882|cet4-8889e20065e4|cet4-7ca93bf8665e|cet4-277d6caa10a1|cet4-1f7967f6e52e|cet4-0c3bc67c07ea|cet4-ae3df0180e15|cet4-20dd3cc77e91|cet4-89923bf73de2|cet4-ba4ccae7179f|cet4-60658f2c2fa5|cet4-5a714b5b894c|cet4-e98032e5ce1f|cet4-358523f92d46|cet4-dcc3d16037f4|cet4-a098333ee59c|cet4-97a4d6dc4b69|cet4-9517eb38bfbd|cet4-63d60d966d0a|cet4-70dd69702e28|cet4-a8768fd45f1e|cet4-ea81943faef0|cet4-d2a68cfe384a|cet4-723002a914c8|cet4-c64b6e6d7460|cet4-2469c712def2|cet4-155ab377238b|cet4-2c5b3835bcd8|cet4-fc38323b2fac|cet4-abfec9a46b4f|cet4-905d1d07d4a5|cet4-40c5b318cbd8,cet4-7b42da6e191e|cet4-65261dbc2c6a|cet4-85aa53b114a8|cet4-7cfc19d1a91f|cet4-7b28d908c7a8|cet4-1874f1248c6f|cet4-4ff34aeb7bd0|cet4-fdedcbe7ecd8|cet4-3c1d86b1cda0|cet4-60332a93628b|cet4-8d9392bb262b|cet4-bb5f54180b2b|cet4-51e04c0b848b|cet4-23c0dbb2b10d|cet4-c50b3fee61d4|cet4-9b2c63955d24|cet4-8700565d352c|cet4-56012842577c,45,18,planned,380,3,1,7
CH008,8,New Ground: What the Numbers Hide,新的起点：数字隐藏了什么,大学生活与个人成长,"At Harbor City University, the group works to make campus information easier to use. Quantitative evidence is checked against lived experience and context. The immediate pressure comes from confidence and unequal access; the chapter must move toward the students commit to a shared project without resolving the entire arc early.",cet4-44ed6fd61ab8|cet4-25da791a7bef|cet4-8e72b222c074|cet4-72a71aa2ea4f|cet4-a05d94995577|cet4-4c7bed30d115|cet4-f3eb714d65a0|cet4-99ab1f0f5797|cet4-1ca96d1270e2|cet4-abe1093687ec|cet4-53c505176571|cet4-5b6b1fbabbcc|cet4-e695539a2c8a|cet4-59d2c5bd1dd2|cet4-a6a7d0ca0f76|cet4-67a848a8916a|cet4-8addda473768|cet4-3f9f251ea090|cet4-e2b5c6721b07|cet4-fac9740ed26b|cet4-5d2bcdfbe274|cet4-b1a2857c445d|cet4-924b0f9bde47|cet4-75829890b7b0|cet4-64ecba5103eb|cet4-572a07f829fc|cet4-b170416c3f99|cet4-1722fb0e8b4a|cet4-60d392b99a3b|cet4-94c5d0ca7e93|cet4-fb90e31cdb45|cet4-22772f281342|cet4-eb9669f72031|cet4-c91ddd0652b6|cet4-f26efdfdda3c|cet4-eb612c0522e5|cet4-b0b6547220df|cet4-be922ef4b29c|cet4-33a52ec61f9a|cet4-9947eec2f032|cet4-a313064bd564|cet4-244b2e28e728|cet4-a3aa7295a795|cet4-ab13687b09f7|cet4-e4fa7f0f7d7c,cet4-34fc9bdeebca|cet4-0b23334ae252|cet4-400c1c1ad6d6|cet4-8cf49e66e552|cet4-007583c6845a|cet4-d97eabdc7b91|cet4-3d98d6447267|cet4-61f7f82c7c11|cet4-5b14d860a1fb|cet4-f4c391a471c2|cet4-a8dcd099674b|cet4-82112aa85968|cet4-804988d57222|cet4-a8ca4fb28ef6|cet4-70e09ad7dcd6|cet4-1162529a2415|cet4-195ef60dd2b0|cet4-5dfbc9405c2a,45,18,planned,380,3,1,8
CH009,9,New Ground: A Better Question,新的起点：更好的问题,大学生活与个人成长,"At Harbor City University, the group works to make campus information easier to use. The group reframes the problem after recognizing a false assumption. The immediate pressure comes from confidence and unequal access; the chapter must move toward the students commit to a shared project without resolving the entire arc early.",cet4-1edf2166ca1a|cet4-f7c6778c2ee6|cet4-18b16f606c07|cet4-2fe22e3e8019|cet4-b1400df7d9c0|cet4-a31da7847645|cet4-9bc600703a6e|cet4-910c6154a552|cet4-d53ca1c07492|cet4-98483e97481e|cet4-8ea0cb96f3b3|cet4-c63f0f2645be|cet4-b0b92a93c964|cet4-e8faf9952c95|cet4-aaa24322c23c|cet4-222a247fa828|cet4-2599e06af7dc|cet4-cc6ab844df02|cet4-4c7c930f559d|cet4-a8e2b5fc1c6c|cet4-4b962497e8dd|cet4-607b162d08fe|cet4-421cd5dd1f8f|cet4-37925ca95e2f|cet4-4dd1522fee5d|cet4-89461dc88772|cet4-7de24165ca68|cet4-aa3576a3892a|cet4-a47f979dd620|cet4-b4c5bb06df5a|cet4-e0f1f4b2d808|cet4-d79b3c1fcf87|cet4-8832b36c95be|cet4-866a9b642929|cet4-48e674e3daca|cet4-88c3c0ca05ae|cet4-34ac5964ae6e|cet4-e3a42c765b56|cet4-fda5704b920b|cet4-4e81939de5c3|cet4-06222c772fb6|cet4-28f2d7e84a97|cet4-2708de68ee97|cet4-9878a843eb71|cet4-9aba26f29882,cet4-071e887851b6|cet4-44ed6fd61ab8|cet4-865ecebc191e|cet4-c28829cab229|cet4-48e8f062958c|cet4-a79a8429875f|cet4-534b82db542e|cet4-cc8fc897d9de|cet4-a4fbc146e411|cet4-51e04c0b848b|cet4-87710010a36b|cet4-be78a851482f|cet4-420c84811117|cet4-5c707eb83b57|cet4-9e19e51eef08|cet4-8700565d352c|cet4-25da791a7bef|cet4-8e891f595b3b,45,18,planned,380,3,1,9
CH010,10,New Ground: The Second Attempt,新的起点：第二次尝试,大学生活与个人成长,"At Harbor City University, the group works to make campus information easier to use. A revised approach is tested under more realistic conditions. The immediate pressure comes from confidence and unequal access; the chapter must move toward the students commit to a shared project without resolving the entire arc early.",cet4-4b808f87171a|cet4-71881fd0140d|cet4-d7f9f0ba45b3|cet4-445a764f684d|cet4-4eea4a169c55|cet4-f6e8447a22c3|cet4-a77da0fdfd8b|cet4-9cc0175710f5|cet4-0683ab47ef2f|cet4-f35285d6fa03|cet4-e3d300d2eaf2|cet4-e6c6de422f22|cet4-4d8434fd9b35|cet4-82eed65dc30c|cet4-6573c54d243d|cet4-db7ac77b3f4c|cet4-78c723498a9a|cet4-dff3fc243c31|cet4-4e764b5883f1|cet4-487e470f493e|cet4-de17dd786620|cet4-43e7a0e2f7ad|cet4-37ab0bb08b37|cet4-c8f7a1996789|cet4-c95459789e3a|cet4-106dd1a221bb|cet4-0397950439ff|cet4-32bbcd502f68|cet4-f119abcc90c6|cet4-d371050da051|cet4-1e63d875cfb5|cet4-84177be4f066|cet4-e58dc82978fd|cet4-3c17ebcd7c67|cet4-3c2b244605ae|cet4-884fcbe30042|cet4-64e330fbbb7f|cet4-c7f292a885f2|cet4-944cbd3f3cc3|cet4-111e61e68f0f|cet4-e0ec6052290e|cet4-439103c5503e|cet4-c8e14e8251a7|cet4-3fc51f065de2|cet4-3045798d03fc,cet4-5db62706926e|cet4-9bc600703a6e|cet4-8cf49e66e552|cet4-d97eabdc7b91|cet4-3d98d6447267|cet4-910c6154a552|cet4-18b16f606c07|cet4-5b14d860a1fb|cet4-a8dcd099674b|cet4-b1400df7d9c0|cet4-2fe22e3e8019|cet4-d5b78297cbe6|cet4-a8ca4fb28ef6|cet4-a31da7847645|cet4-70e09ad7dcd6|cet4-1162529a2415|cet4-1edf2166ca1a|cet4-f7c6778c2ee6,45,18,planned,380,3,1,10
CH011,11,New Ground: Outside Pressure,新的起点：外部压力,大学生活与个人成长,"At Harbor City University, the group works to make campus information easier to use. An institution or stakeholder imposes a condition the team cannot ignore. The immediate pressure comes from confidence and unequal access; the chapter must move toward the students commit to a shared project without resolving the entire arc early.",cet4-2dd7c9723e6e|cet4-11855d531dbf|cet4-934a3de712f9|cet4-8cfd047b4444|cet4-4b0393dc961f|cet4-268b0ec5c559|cet4-3290f0e76db4|cet4-6bf92d375f78|cet4-2f25cbc7d402|cet4-361d8f5b03c8|cet4-c0729e5ca8b6|cet4-9a4c1e22649d|cet4-e41a39d8da13|cet4-48d68e9ba652|cet4-8bf4bbf69d00|cet4-77a4c2453b74|cet4-ac0fd5cf7d95|cet4-55a668e1dd2b|cet4-a11bba5e01a8|cet4-a307443d7cfd|cet4-25eb56c96977|cet4-fe742a568db4|cet4-14f5a0070316|cet4-1c34a8a72b0b|cet4-dfcaf1d2fa1a|cet4-ceefd51a9776|cet4-770c16f32e21|cet4-76829c05c980|cet4-06a0ba2310eb|cet4-7c4532d2f700|cet4-06684b1b22fd|cet4-b54e010871f6|cet4-f5a26954f473|cet4-f37f424a0e69|cet4-56fd61f0aef8|cet4-50ba56e8485c|cet4-d9a6cc380a36|cet4-3dc8f08fb170|cet4-aa4b29bcd2e6|cet4-4467b803f104|cet4-baa6e201528a|cet4-14365d283039|cet4-0215b584c1a4|cet4-0c145bc1085d|cet4-600ac5fc726c,cet4-65261dbc2c6a|cet4-7cfc19d1a91f|cet4-7b28d908c7a8|cet4-71881fd0140d|cet4-44ed6fd61ab8|cet4-60332a93628b|cet4-4b808f87171a|cet4-8d9392bb262b|cet4-8e72b222c074|cet4-445a764f684d|cet4-72a71aa2ea4f|cet4-bb5f54180b2b|cet4-4eea4a169c55|cet4-c50b3fee61d4|cet4-9b2c63955d24|cet4-d7f9f0ba45b3|cet4-25da791a7bef|cet4-56012842577c,45,18,planned,380,3,1,11
CH012,12,New Ground: The Decision,新的起点：决定,大学生活与个人成长,"At Harbor City University, the group works to make campus information easier to use. The characters choose a course of action and accept a specific cost. The immediate pressure comes from confidence and unequal access; the chapter must move toward the students commit to a shared project without resolving the entire arc early.",cet4-5d1f0b7c35d9|cet4-fff8765f8e2b|cet4-5c3a5660dcf6|cet4-2c7489d970b1|cet4-05113bdf12fc|cet4-bd428922cd5c|cet4-878d2d6a6d60|cet4-f25d488cb287|cet4-8904ea9eef1c|cet4-4ec4bceca69f|cet4-2348957c2792|cet4-712df7a77326|cet4-6ce4199e6404|cet4-d7f248dc24b3|cet4-2053ab2c76e4|cet4-618db1bb263b|cet4-80d57697cbfd|cet4-d0a8103c8125|cet4-c3a9383f25d8|cet4-0e89c487ff00|cet4-ef4ae6d78bfe|cet4-7811307a94cb|cet4-a25ebdb80238|cet4-6d9bec65c840|cet4-8c5fe89abe99|cet4-7c3a40cdd8a6|cet4-347fe3e9c46e|cet4-88d9d83015b2|cet4-2adb25798ce5|cet4-66402b69ae95|cet4-177238b77f10|cet4-c3894ada27a8|cet4-a66675d06d42|cet4-9e143f306040|cet4-e9113c9a957b|cet4-66bea8e76a27|cet4-28aa47b2034f|cet4-2e1c8981fa5c|cet4-4a9cc08110cf|cet4-9767b1c49054|cet4-272e4e6eeddc|cet4-8a99e6a2f232|cet4-986d55a61b4f|cet4-e7d2809bcb84|cet4-3993c1c236cd,cet4-0b23334ae252|cet4-9bc600703a6e|cet4-d53ca1c07492|cet4-007583c6845a|cet4-910c6154a552|cet4-18b16f606c07|cet4-82112aa85968|cet4-b1400df7d9c0|cet4-2fe22e3e8019|cet4-b0b92a93c964|cet4-e8faf9952c95|cet4-98483e97481e|cet4-a31da7847645|cet4-c63f0f2645be|cet4-1edf2166ca1a|cet4-195ef60dd2b0|cet4-8ea0cb96f3b3|cet4-f7c6778c2ee6,45,18,planned,380,3,1,12
CH013,13,New Ground: Consequences,新的起点：后果,大学生活与个人成长,"At Harbor City University, the group works to make campus information easier to use. The decision changes relationships, evidence, and the next available choices. The immediate pressure comes from confidence and unequal access; the chapter must move toward the students commit to a shared project without resolving the entire arc early.",cet4-baf5f8bac300|cet4-b983095d16dd|cet4-c2fbd9257170|cet4-4624d5b4f3a0|cet4-b68e00d35111|cet4-c3c26c7c3ead|cet4-77fc2302cf15|cet4-f560ff7b5be7|cet4-fda80e3fe439|cet4-9d2f2270b528|cet4-9bdb120695f2|cet4-48b3f53fe8f6|cet4-41cc8fcfdf0b|cet4-0ba1a19ea5f9|cet4-9ef7de0e3462|cet4-ece0213cd552|cet4-07f8beacb64a|cet4-38398673053b|cet4-628969fec7bc|cet4-7ddbb015987f|cet4-87964a409ad5|cet4-fa17124347a6|cet4-cfee0b2d7efb|cet4-25483a173000|cet4-39f4b707080b|cet4-600adcdf2915|cet4-b9a77a0fa1e5|cet4-c3340233fbb6|cet4-0afac77e916b|cet4-e51e5e9d2853|cet4-42c253570d8d|cet4-ec934aa0c4cf|cet4-dbaba530cc0c|cet4-1310a5a3f913|cet4-9b4d100992c7|cet4-3b4c579080e4|cet4-d2ff42288294|cet4-e03a1b67e4a4|cet4-2c0f662c5233|cet4-bfac678d7fff|cet4-668798e2a18b|cet4-7a05492953f8|cet4-35b24c9b19b0|cet4-3704bf16481a|cet4-1c610afbfe7d,cet4-71881fd0140d|cet4-05113bdf12fc|cet4-d7f248dc24b3|cet4-bd428922cd5c|cet4-8904ea9eef1c|cet4-878d2d6a6d60|cet4-4b808f87171a|cet4-712df7a77326|cet4-5c3a5660dcf6|cet4-4ec4bceca69f|cet4-2c7489d970b1|cet4-fff8765f8e2b|cet4-f25d488cb287|cet4-6ce4199e6404|cet4-2348957c2792|cet4-5d1f0b7c35d9|cet4-d7f9f0ba45b3|cet4-8700565d352c,45,18,planned,380,3,1,13
CH014,14,New Ground: The Bridge Forward,新的起点：通向下一程,大学生活与个人成长,"At Harbor City University, the group works to make campus information easier to use. The arc closes with an unresolved consequence that launches the next stage. The immediate pressure comes from confidence and unequal access; the chapter must move toward the students commit to a shared project without resolving the entire arc early.",cet4-8ea7a8fb150d|cet4-ceaf4bcc8d44|cet4-aa3023417e54|cet4-8ca0b2cb6977|cet4-414b4a1a2ece|cet4-2a7152ea75dc|cet4-2a9aab8af91f|cet4-c8124ae1b42a|cet4-3ce711273a9b|cet4-2aaad7a9dfdb|cet4-310e6b8c6dab|cet4-276b4a83510f|cet4-30d2f512c837|cet4-ccf88951a285|cet4-a4c198554a74|cet4-66b2ffe0ed37|cet4-ad6c3b67bca4|cet4-b40dea7c5cd8|cet4-56ffa1b6fcaf|cet4-35eb30539921|cet4-25d259a6363a|cet4-7ddb1f9d3b4e|cet4-327f8307b48e|cet4-5ec73c80f2df|cet4-b8945b140474|cet4-f9155595924f|cet4-b4ceb552a212|cet4-a56ebfaea6cb|cet4-68dc53d5cfcb|cet4-81c99c2413f1|cet4-c1792ff54300|cet4-05f95b309f9c|cet4-67c2651d0497|cet4-356761bb1e77|cet4-398fecf8af03|cet4-90a3b235ca3d|cet4-5f26a7268993|cet4-ec5fded29e38|cet4-1c40b9840fe0|cet4-510c316b81b7|cet4-6937b692aea7|cet4-9cd9e6420c3c|cet4-40d541e4046a|cet4-d9e8e5fe00c9|cet4-d74f0aee5a74,cet4-c3c26c7c3ead|cet4-8cf49e66e552|cet4-d97eabdc7b91|cet4-baf5f8bac300|cet4-3d98d6447267|cet4-4624d5b4f3a0|cet4-5b14d860a1fb|cet4-a8dcd099674b|cet4-804988d57222|cet4-f560ff7b5be7|cet4-a8ca4fb28ef6|cet4-b68e00d35111|cet4-70e09ad7dcd6|cet4-1162529a2415|cet4-77fc2302cf15|cet4-5dfbc9405c2a|cet4-b983095d16dd|cet4-c2fbd9257170,45,18,planned,380,3,1,14
CH015,15,Learning How to Learn: A Signal,学会学习：一个信号,学习方法与教育,"At the library and classrooms, the group works to turn an idea into evidence. The characters encounter the arc's central problem through a concrete consequence. The immediate pressure comes from weak research and ineffective habits; the chapter must move toward the team adopts deliberate, verifiable methods without resolving the entire arc early.",cet4-991733aab897|cet4-0da76cc3b802|cet4-0cf9a25e4601|cet4-b434f9e0b8d7|cet4-ac4ba2e3c516|cet4-ffdb65ce54f4|cet4-d3b3046a5b94|cet4-e39b81c9b364|cet4-142e61d6ef41|cet4-a6aec586d50a|cet4-851d3a39ec8e|cet4-bc8745feb00c|cet4-9007ae30a9ce|cet4-daa75682b2c6|cet4-439f08228fec|cet4-6b3ce6f0b581|cet4-34180db05ef7|cet4-7533fc666e8c|cet4-c9a89eab3ab6|cet4-1e8eb7e011bb|cet4-41b907cbab01|cet4-627c269f3e33|cet4-60d34b4532f1|cet4-27b355c3ac70|cet4-09992227d588|cet4-d8019c62b448|cet4-61667ffc2b28|cet4-f369d9626c27|cet4-db31910a4e54|cet4-1534c25c2022|cet4-521df540c740|cet4-55ca45e05708|cet4-ffef1e58c53e|cet4-ccb2dde16f36|cet4-ee7deb29e004|cet4-3ee78f5f229d|cet4-de90022970a2|cet4-0996e140cbef|cet4-6a7d89a194eb|cet4-a853c43f4009|cet4-cb0a653ac695|cet4-e8e24b81b693|cet4-0a3f41167f2a|cet4-3f4772999da6|cet4-71713ddfb175,cet4-400c1c1ad6d6|cet4-44ed6fd61ab8|cet4-8ea7a8fb150d|cet4-05113bdf12fc|cet4-bd428922cd5c|cet4-8904ea9eef1c|cet4-878d2d6a6d60|cet4-712df7a77326|cet4-5c3a5660dcf6|cet4-4ec4bceca69f|cet4-2c7489d970b1|cet4-fff8765f8e2b|cet4-f25d488cb287|cet4-6ce4199e6404|cet4-2348957c2792|cet4-5d1f0b7c35d9|cet4-ceaf4bcc8d44|cet4-25da791a7bef,45,18,planned,380,3,2,15
CH016,16,Learning How to Learn: The First Promise,学会学习：第一次承诺,学习方法与教育,"At the library and classrooms, the group works to turn an idea into evidence. They define an immediate goal and commit resources before all risks are visible. The immediate pressure comes from weak research and ineffective habits; the chapter must move toward the team adopts deliberate, verifiable methods without resolving the entire arc early.",cet4-da3fe8dad904|cet4-cb3bb5442f5f|cet4-fff874eed340|cet4-937f39a4c55d|cet4-ac9edc63cc5d|cet4-279342265e84|cet4-c1b7a7f1ede2|cet4-ebbee70e1c1c|cet4-1d441febed25|cet4-3f8edfab4e29|cet4-3d08bb71d84f|cet4-721c78e8f26f|cet4-9da592928025|cet4-cf687b05d9d6|cet4-3bf116a151cd|cet4-cb1f9a4178be|cet4-8b8006333d98|cet4-5f9f7216e052|cet4-aa7a9ecbd89a|cet4-d3425f98742d|cet4-8f0afc156c28|cet4-25cc7098b094|cet4-7b195ec44083|cet4-65e7949fc2b2|cet4-304f10efe8c7|cet4-61d57a61f0c5|cet4-df4e900a9f11|cet4-61f47d674e69|cet4-97db9eb9a9d4|cet4-6920557cab2f|cet4-a39774b8dc31|cet4-b1d68467abbf|cet4-e208a97f4ec4|cet4-1a68ac001cb0|cet4-ec1e86b01414|cet4-914cc5e8c439|cet4-10628290cc69|cet4-85cf5f304347|cet4-a43ccfd91dbb|cet4-821370dde1ba|cet4-520272bba23a|cet4-f016aa0b469b|cet4-e5abf661a10f|cet4-98d8bca21bf6|cet4-d09f9a9f6275,cet4-865ecebc191e|cet4-0da76cc3b802|cet4-baf5f8bac300|cet4-534b82db542e|cet4-18b16f606c07|cet4-cc8fc897d9de|cet4-a4fbc146e411|cet4-4624d5b4f3a0|cet4-b1400df7d9c0|cet4-2fe22e3e8019|cet4-1edf2166ca1a|cet4-be78a851482f|cet4-991733aab897|cet4-9e19e51eef08|cet4-f7c6778c2ee6|cet4-b983095d16dd|cet4-c2fbd9257170|cet4-8e891f595b3b,45,18,planned,380,3,2,16
CH017,17,Learning How to Learn: A Missing Voice,学会学习：缺席的声音,学习方法与教育,"At the library and classrooms, the group works to turn an idea into evidence. A person affected by the plan reveals information the group overlooked. The immediate pressure comes from weak research and ineffective habits; the chapter must move toward the team adopts deliberate, verifiable methods without resolving the entire arc early.",cet4-37a921b488cc|cet4-71917bb990fe|cet4-099c8235a8ea|cet4-df9dbcc2efa1|cet4-339e9b32b99a|cet4-40e76a068763|cet4-e96a34645d09|cet4-689d7474d345|cet4-2d88a2c9c4ab|cet4-7a13e5f2624e|cet4-3f1d0c37f8a1|cet4-cd8ebad2ebbe|cet4-1346989c13e6|cet4-201c53b4ff70|cet4-e48f2ffca337|cet4-cda676efa7f5|cet4-ef64ea1cc9de|cet4-3edde897a736|cet4-a5e9ce4ecbeb|cet4-b7391e2635d7|cet4-ee2041fc41a0|cet4-443061febb17|cet4-e0c539e86c5b|cet4-a157d7b771cf|cet4-d7563896e85c|cet4-c7927a0833b8|cet4-55c76adb0293|cet4-2e75fad87b9f|cet4-1736422b29d5|cet4-d102797939cd|cet4-b69cd789b5df|cet4-ecd6ba20b762|cet4-470c8e3b5c76|cet4-d4e16640da72|cet4-33b100e72532|cet4-2ff212d8ba51|cet4-d520ec7761ac|cet4-4480766ba93d|cet4-ed114d43a379|cet4-a22b44a5b963|cet4-2b55869ac594|cet4-3daf1787a9e0|cet4-6e410960c0f2|cet4-e731b904a27c|cet4-b64019f35077,cet4-5db62706926e|cet4-fff874eed340|cet4-71881fd0140d|cet4-8ea7a8fb150d|cet4-ebbee70e1c1c|cet4-3f8edfab4e29|cet4-4b808f87171a|cet4-da3fe8dad904|cet4-1d441febed25|cet4-3d08bb71d84f|cet4-d5b78297cbe6|cet4-ac9edc63cc5d|cet4-279342265e84|cet4-937f39a4c55d|cet4-ceaf4bcc8d44|cet4-c1b7a7f1ede2|cet4-d7f9f0ba45b3|cet4-cb3bb5442f5f,45,18,planned,380,3,2,17
CH018,18,Learning How to Learn: Evidence on the Table,学会学习：摆上桌面的证据,学习方法与教育,"At the library and classrooms, the group works to turn an idea into evidence. The team gathers and compares evidence instead of relying on assumptions. The immediate pressure comes from weak research and ineffective habits; the chapter must move toward the team adopts deliberate, verifiable methods without resolving the entire arc early.",cet4-aef4833f6276|cet4-ab498e8e018b|cet4-51728579ccac|cet4-da22acc3d1ff|cet4-d2e88dee217e|cet4-dc63f7f71711|cet4-c3397303db16|cet4-c11c1f0988c5|cet4-8b1e8b339bed|cet4-4789ad7dbb5e|cet4-afd06e76bf9e|cet4-e61c14e50fab|cet4-790d83ffffb2|cet4-8386fefc83c8|cet4-e7395d45465f|cet4-06794b8c149d|cet4-7a1267386c64|cet4-3e4f557793ef|cet4-b87a05abf62a|cet4-7abea2120823|cet4-eb73df13f991|cet4-05a547f8cdce|cet4-ab65e8794524|cet4-08fccf7b91eb|cet4-4fcbfc181161|cet4-7ec5556f5d94|cet4-1dcbff114db5|cet4-1ebbf6bb17da|cet4-ee739b639bc9|cet4-fabfd5931828|cet4-fb4690dc7123|cet4-c426e0c1997a|cet4-012c79bf7335|cet4-8e7ab0df970e|cet4-45acd5405e6b|cet4-450677d574d1|cet4-4e4ecd4f90f1|cet4-0c5b7643e5cb|cet4-03ef6619cdb6|cet4-5d986a73fe2f|cet4-86a445dce1c9|cet4-264cd82b8022|cet4-b4b12e08557a|cet4-b0d90ec84349|cet4-0437c68e9836,cet4-65261dbc2c6a|cet4-7cfc19d1a91f|cet4-339e9b32b99a|cet4-0da76cc3b802|cet4-e96a34645d09|cet4-60332a93628b|cet4-099c8235a8ea|cet4-b434f9e0b8d7|cet4-0cf9a25e4601|cet4-df9dbcc2efa1|cet4-40e76a068763|cet4-37a921b488cc|cet4-ac4ba2e3c516|cet4-c50b3fee61d4|cet4-9b2c63955d24|cet4-991733aab897|cet4-71917bb990fe|cet4-56012842577c,45,18,planned,380,3,2,18
CH019,19,Learning How to Learn: The Trial Run,学会学习：第一次试行,学习方法与教育,"At the library and classrooms, the group works to turn an idea into evidence. A limited attempt produces useful results as well as a new constraint. The immediate pressure comes from weak research and ineffective habits; the chapter must move toward the team adopts deliberate, verifiable methods without resolving the entire arc early.",cet4-d4d5892f178b|cet4-4e890b294a27|cet4-b81f7e02bafe|cet4-67291d7dc46f|cet4-91efbd9ebe52|cet4-2db86620972e|cet4-a0702eba05db|cet4-9114697a96ee|cet4-cc67bd06f6c9|cet4-8130cf00e484|cet4-9c66b58ac015|cet4-1bca5f4e161b|cet4-74764fd40816|cet4-0ed46fe22726|cet4-8ea1764f88d9|cet4-1164b4d9a9ad|cet4-726539642d7a|cet4-287449b4ea01|cet4-fd77ffe2acc4|cet4-47fe04bdc405|cet4-dee39a416996|cet4-e36e58ff4d4e|cet4-de01abe207b9|cet4-d80fc0246157|cet4-595e5a3e3331|cet4-cb5ca5ced9c7|cet4-be9bf53ff089|cet4-c14bbff506f7|cet4-53d294cb0103|cet4-fa42a70ea1b1|cet4-2e1f0aef97a7|cet4-a9840059784b|cet4-bca31e2f074d|cet4-9cfe410a995b|cet4-9340a9584e7b|cet4-2ef46e3b8bf8|cet4-89357539cfbf|cet4-22c17133616f|cet4-6140275c7376|cet4-ff048edf7e9b|cet4-55036ddfe0f9|cet4-30a116c53f16|cet4-159d317427fd|cet4-d1b5e2fb3a98|cet4-009272083df0,cet4-0b23334ae252|cet4-fff874eed340|cet4-05113bdf12fc|cet4-bd428922cd5c|cet4-8904ea9eef1c|cet4-878d2d6a6d60|cet4-da3fe8dad904|cet4-5c3a5660dcf6|cet4-82112aa85968|cet4-4ec4bceca69f|cet4-2c7489d970b1|cet4-aef4833f6276|cet4-fff8765f8e2b|cet4-ab498e8e018b|cet4-f25d488cb287|cet4-5d1f0b7c35d9|cet4-937f39a4c55d|cet4-cb3bb5442f5f,45,18,planned,380,3,2,19
CH020,20,Learning How to Learn: Pressure Builds,学会学习：压力上升,学习方法与教育,"At the library and classrooms, the group works to turn an idea into evidence. Time, money, health, or trust makes the original plan harder to maintain. The immediate pressure comes from weak research and ineffective habits; the chapter must move toward the team adopts deliberate, verifiable methods without resolving the entire arc early.",cet4-75e932b10e8c|cet4-b82f5ed245da|cet4-ba288ba202dc|cet4-a2d3600d0862|cet4-5d5b983e4ab0|cet4-b048b7e4351e|cet4-3200fa9a2181|cet4-27a930602d0e|cet4-0134298b0086|cet4-db7b4acb3846|cet4-9c575a9c97fd|cet4-8e4277660e7d|cet4-68e4dca1a03e|cet4-7d4ac308bad2|cet4-ce78e02fcc17|cet4-27ac56176137|cet4-2a0bbbc7923b|cet4-d96a9df66038|cet4-e98564cbb655|cet4-8c2834d57aae|cet4-84846b574ad3|cet4-a7c30cd0ec04|cet4-b358b050e04b|cet4-7b8c32b4f9e4|cet4-b4c19b00acb9|cet4-3207efe5dee1|cet4-02540764a428|cet4-4311c448955a|cet4-ee335c4c48c7|cet4-2f551fdf9074|cet4-2cf1b98ce9b0|cet4-2850090beced|cet4-1d05ad80ffde|cet4-34b222edce61|cet4-05e7e9174c91|cet4-ee8c18e5b6f2|cet4-de21f19fbdf7|cet4-f57882aad57d|cet4-e14ff013d5f6|cet4-2871b0b6e2de|cet4-23452e81f15e|cet4-645ef48b502f|cet4-57dab833d189|cet4-8643fe769e45|cet4-66004fdc3653,cet4-339e9b32b99a|cet4-c3c26c7c3ead|cet4-e96a34645d09|cet4-689d7474d345|cet4-baf5f8bac300|cet4-099c8235a8ea|cet4-4624d5b4f3a0|cet4-df9dbcc2efa1|cet4-b81f7e02bafe|cet4-4e890b294a27|cet4-d4d5892f178b|cet4-b68e00d35111|cet4-40e76a068763|cet4-37a921b488cc|cet4-8700565d352c|cet4-b983095d16dd|cet4-71917bb990fe|cet4-c2fbd9257170,45,18,planned,380,3,2,20
CH021,21,Learning How to Learn: The Disagreement,学会学习：分歧,学习方法与教育,"At the library and classrooms, the group works to turn an idea into evidence. Two defensible priorities conflict and the characters must explain their motives. The immediate pressure comes from weak research and ineffective habits; the chapter must move toward the team adopts deliberate, verifiable methods without resolving the entire arc early.",cet4-218f9bafc6e4|cet4-37fa0fd87fc4|cet4-6208b04db38a|cet4-fb831feedab5|cet4-48f7df8130a4|cet4-fef4918598cb|cet4-52587cc91c57|cet4-aaf611fd5577|cet4-0adbf4472420|cet4-b7a249dc4c35|cet4-0c2807e09dbe|cet4-53d9d907e135|cet4-44f7e42b269d|cet4-22b60de00edc|cet4-abbbe7fd6dd1|cet4-7fe479433de8|cet4-dd9c2a2c86a6|cet4-ff60e0968613|cet4-096953830109|cet4-ba1ff9b1f5de|cet4-7748af8c5b01|cet4-1b2fe07f522f|cet4-909b87e7cc53|cet4-4e93061e4563|cet4-4a77479a4aad|cet4-68bdcda28ee5|cet4-e71ea1d94752|cet4-ea557069f1db|cet4-516f64cb8d92|cet4-defcf6a1f65d|cet4-709fa7565926|cet4-322b9b6854d1|cet4-d37b980e021c|cet4-142ac33aa5eb|cet4-2f01a7208fa3|cet4-e6234dc1bb17|cet4-6965d855fa55|cet4-f7052c3771cb|cet4-a08d9ef02ed1|cet4-9bff3e06203d|cet4-4235b542d7aa|cet4-317c8f9342f7|cet4-e4180deee0c9|cet4-ae276de8b81e|cet4-ec3d50081f96,cet4-b82f5ed245da|cet4-51728579ccac|cet4-8ea7a8fb150d|cet4-a2d3600d0862|cet4-3200fa9a2181|cet4-3d98d6447267|cet4-b048b7e4351e|cet4-5d5b983e4ab0|cet4-a8dcd099674b|cet4-27a930602d0e|cet4-aef4833f6276|cet4-a8ca4fb28ef6|cet4-ab498e8e018b|cet4-70e09ad7dcd6|cet4-1162529a2415|cet4-ceaf4bcc8d44|cet4-75e932b10e8c|cet4-ba288ba202dc,45,18,planned,380,3,2,21
CH022,22,Learning How to Learn: What the Numbers Hide,学会学习：数字隐藏了什么,学习方法与教育,"At the library and classrooms, the group works to turn an idea into evidence. Quantitative evidence is checked against lived experience and context. The immediate pressure comes from weak research and ineffective habits; the chapter must move toward the team adopts deliberate, verifiable methods without resolving the entire arc early.",cet4-92ad5b794647|cet4-88a94fd78bc0|cet4-22cd2af313b0|cet4-28ad9859a677|cet4-0fdb6cb279b9|cet4-d61cd5afc97a|cet4-f250aa82655c|cet4-67526900fd0d|cet4-8854846a4a09|cet4-b1c92fbe95bc|cet4-5325a570e781|cet4-4851d961bee3|cet4-00c1db528072|cet4-fa89a4056640|cet4-ebac1cfddf17|cet4-ed4f7e1e2689|cet4-fc349400f80a|cet4-e01db513c822|cet4-b2cc82b9c09c|cet4-2d67f1ee01a1|cet4-90a9fbe611a1|cet4-39905b9a07ad|cet4-aac06c1bd394|cet4-d9c5835de143|cet4-1b6107d37385|cet4-156776bf1ab3|cet4-74ddb1129d6b|cet4-684bd1709c0c|cet4-cb2943d70d45|cet4-87edb8a34e49|cet4-9c8a39888ef8|cet4-7ae27e331dac|cet4-3f962fd408f9|cet4-868f7d5a31c5|cet4-a1b7640762b7|cet4-4d2d75cc7c0f|cet4-8cb46a022dcd|cet4-e595a7fbe224|cet4-2cfff6c9d0cd|cet4-36551a0c4046|cet4-f9c2280d2424|cet4-686c885ab788|cet4-54f8ec7be0da|cet4-596a9b580c65|cet4-c43e1f2663fb,cet4-44ed6fd61ab8|cet4-67291d7dc46f|cet4-d3b3046a5b94|cet4-0da76cc3b802|cet4-2db86620972e|cet4-e39b81c9b364|cet4-8e72b222c074|cet4-b434f9e0b8d7|cet4-72a71aa2ea4f|cet4-0cf9a25e4601|cet4-b81f7e02bafe|cet4-4e890b294a27|cet4-d4d5892f178b|cet4-91efbd9ebe52|cet4-ffdb65ce54f4|cet4-ac4ba2e3c516|cet4-991733aab897|cet4-25da791a7bef,45,18,planned,380,3,2,22
CH023,23,Learning How to Learn: A Better Question,学会学习：更好的问题,学习方法与教育,"At the library and classrooms, the group works to turn an idea into evidence. The group reframes the problem after recognizing a false assumption. The immediate pressure comes from weak research and ineffective habits; the chapter must move toward the team adopts deliberate, verifiable methods without resolving the entire arc early.",cet4-9eebb05b23f0|cet4-ef8b1d2cc5fe|cet4-7218a6b03721|cet4-fff1686c78ca|cet4-7640caa77cfd|cet4-6b6ebe39f787|cet4-7d1bb68eaeb7|cet4-71bb08871188|cet4-9f98e481d7ef|cet4-876d76fe2db2|cet4-efbb893e0f77|cet4-f074c7bff4ec|cet4-c018e0421c9e|cet4-2e2f1433bd60|cet4-29f643dd2f4e|cet4-e113dc546394|cet4-01c4b5cb3b22|cet4-e676a477261d|cet4-6ee02d1b530f|cet4-e489f9246a07|cet4-1f6b3a092d7c|cet4-35b5be40ccca|cet4-c80be815c983|cet4-a11b2864f313|cet4-c74e78d3af44|cet4-e61a36ca49c4|cet4-9694a9a2e8fa|cet4-3dad4fe0b564|cet4-cd76dad8428a|cet4-3cd8f2d5d2cb|cet4-3f4b9a17c715|cet4-08b5662000b4|cet4-30f91a799a92|cet4-47166f95fe8e|cet4-b63ce1b227ab|cet4-cfe9d3aefd24|cet4-1fc97f4de64d|cet4-3c3c6bbab972|cet4-5c37b4da997f|cet4-e69f3de574ad|cet4-b6297e849ecc|cet4-3f0d455a5d9c|cet4-201670bcc475|cet4-465ca7d7c821|cet4-22b674f4a587,cet4-b82f5ed245da|cet4-fff874eed340|cet4-88a94fd78bc0|cet4-a2d3600d0862|cet4-3200fa9a2181|cet4-b048b7e4351e|cet4-18b16f606c07|cet4-5d5b983e4ab0|cet4-da3fe8dad904|cet4-22cd2af313b0|cet4-b1400df7d9c0|cet4-2fe22e3e8019|cet4-1edf2166ca1a|cet4-75e932b10e8c|cet4-ba288ba202dc|cet4-f7c6778c2ee6|cet4-92ad5b794647|cet4-cb3bb5442f5f,45,18,planned,380,3,2,23
CH024,24,Learning How to Learn: The Second Attempt,学会学习：第二次尝试,学习方法与教育,"At the library and classrooms, the group works to turn an idea into evidence. A revised approach is tested under more realistic conditions. The immediate pressure comes from weak research and ineffective habits; the chapter must move toward the team adopts deliberate, verifiable methods without resolving the entire arc early.",cet4-18b9c39c62eb|cet4-6295a2124423|cet4-0573736042e5|cet4-57d41b69401d|cet4-b9ebf21c6961|cet4-690899eea5df|cet4-67bd075d7d50|cet4-aed1d52453d0|cet4-cecb39f03c1c|cet4-37fa4c0f1ddf|cet4-0d8956b8174c|cet4-0b259f3ed1bc|cet4-cd50a91ed398|cet4-a80d6c24bf40|cet4-426e40f817eb|cet4-4b1dea147f2b|cet4-32f426405c64|cet4-392b53451c9e|cet4-9f6e8360518a|cet4-81f1f9db2709|cet4-c05b3316d05e|cet4-7a606710607c|cet4-5261205e9553|cet4-660cfede991d|cet4-9cb40b45c0e5|cet4-25ed6c413798|cet4-d1d7077acb14|cet4-4b73fb296812|cet4-c04ccc14948e|cet4-756924e0936f|cet4-db5a7d9973bb|cet4-aeea91d72b02|cet4-bc13c6116874|cet4-5b25a66a7d3a|cet4-4b400656d853|cet4-0e90d50e1b30|cet4-9332d9572aa9|cet4-b84b8edb52dd|cet4-88ef7fbb5546|cet4-c14ccb897a4d|cet4-1aa47e643447|cet4-b7eb4f1ff3c9|cet4-7b3a48d77627|cet4-e3cd3b615deb|cet4-f253adb3382b,cet4-339e9b32b99a|cet4-71881fd0140d|cet4-9eebb05b23f0|cet4-7218a6b03721|cet4-e96a34645d09|cet4-689d7474d345|cet4-4b808f87171a|cet4-099c8235a8ea|cet4-df9dbcc2efa1|cet4-fff1686c78ca|cet4-40e76a068763|cet4-37a921b488cc|cet4-3f1d0c37f8a1|cet4-ef8b1d2cc5fe|cet4-2d88a2c9c4ab|cet4-7a13e5f2624e|cet4-d7f9f0ba45b3|cet4-71917bb990fe,45,18,planned,380,3,2,24
CH025,25,Learning How to Learn: Outside Pressure,学会学习：外部压力,学习方法与教育,"At the library and classrooms, the group works to turn an idea into evidence. An institution or stakeholder imposes a condition the team cannot ignore. The immediate pressure comes from weak research and ineffective habits; the chapter must move toward the team adopts deliberate, verifiable methods without resolving the entire arc early.",cet4-f383daa6d03a|cet4-4a0267a8edc9|cet4-c3b160380fa8|cet4-958d73790243|cet4-edacbd87da0f|cet4-bc67b478d98b|cet4-2ad830a83de7|cet4-8b509bbefa0d|cet4-6a70382ded34|cet4-9ab0f6fa39ad|cet4-beeb01bab823|cet4-96053c274faa|cet4-299eeccc8069|cet4-71c17d7caa12|cet4-9c82c38bb94e|cet4-015409305ced|cet4-ff7192aa10d3|cet4-b4915ef832b0|cet4-7108316461db|cet4-37f81b8f67af|cet4-ba695be88cde|cet4-eac0b5c1a431|cet4-a09e1d5e6acd|cet4-9a06ac08e37e|cet4-67767d33e96b|cet4-8ddd0e563e3a|cet4-adb3a03fd259|cet4-cc619a3edc72|cet4-03edf2c1438c|cet4-21cb864b20cf|cet4-ffb6f5d546b6|cet4-a9beca37468b|cet4-970177eba16f|cet4-a44207395cca|cet4-99ae620b4430|cet4-6ed73aecd426|cet4-0acb51bbe51d|cet4-31f34a1892b4|cet4-dde1a9a75715|cet4-6b3079ca5b73|cet4-96b48afa2a5f|cet4-26c6b3f86eb5|cet4-547762ff0ec7|cet4-973f49ec2752|cet4-df4e73abee3a,cet4-51728579ccac|cet4-88a94fd78bc0|cet4-da22acc3d1ff|cet4-0573736042e5|cet4-28ad9859a677|cet4-22cd2af313b0|cet4-aef4833f6276|cet4-b9ebf21c6961|cet4-ab498e8e018b|cet4-67bd075d7d50|cet4-57d41b69401d|cet4-6295a2124423|cet4-690899eea5df|cet4-18b9c39c62eb|cet4-37fa4c0f1ddf|cet4-cecb39f03c1c|cet4-aed1d52453d0|cet4-92ad5b794647,45,18,planned,380,3,2,25
CH026,26,Learning How to Learn: The Decision,学会学习：决定,学习方法与教育,"At the library and classrooms, the group works to turn an idea into evidence. The characters choose a course of action and accept a specific cost. The immediate pressure comes from weak research and ineffective habits; the chapter must move toward the team adopts deliberate, verifiable methods without resolving the entire arc early.",cet4-654c66567801|cet4-1b007426b542|cet4-2608bdb00311|cet4-f0f99891fa22|cet4-96fc306a15a2|cet4-91a6a09d37d2|cet4-6bf7e94cc196|cet4-49c6bb4c87fd|cet4-acd11f790aee|cet4-8ef57c3d7572|cet4-39e53504bdae|cet4-8eac83f8c31a|cet4-72647721aec0|cet4-8e34ef1b8b0b|cet4-0b049bfea80d|cet4-eda0efd5aba5|cet4-1c41bc7329fc|cet4-9bb6b95206ea|cet4-e02db4965555|cet4-cb4061be28b7|cet4-e046da41ca79|cet4-d96537c8f918|cet4-914dfb6e5b64|cet4-325ae8437a08|cet4-05a265665273|cet4-85be7e392093|cet4-ea9af2e9f711|cet4-02eed3ed3ead|cet4-84af6684ca24|cet4-39c746ab2eff|cet4-afb1e9ab92a6|cet4-854be296fbc7|cet4-4f9f3f2d07b8|cet4-be19a1208c0b|cet4-59ae6cb4a9b3|cet4-2dce9da042cf|cet4-8083824493be|cet4-9b54f101e9bc|cet4-045047d0802d|cet4-9389bd088d76|cet4-a27aafe3edca|cet4-e83f36bd7105|cet4-726be0c41b91|cet4-987d79a73a0e|cet4-e9dc67b66729,cet4-05113bdf12fc|cet4-bd428922cd5c|cet4-8904ea9eef1c|cet4-878d2d6a6d60|cet4-712df7a77326|cet4-b81f7e02bafe|cet4-5c3a5660dcf6|cet4-4ec4bceca69f|cet4-2c7489d970b1|cet4-4e890b294a27|cet4-fff8765f8e2b|cet4-d4d5892f178b|cet4-f25d488cb287|cet4-4a0267a8edc9|cet4-6ce4199e6404|cet4-2348957c2792|cet4-5d1f0b7c35d9|cet4-f383daa6d03a,45,18,planned,380,3,2,26
CH027,27,Learning How to Learn: Consequences,学会学习：后果,学习方法与教育,"At the library and classrooms, the group works to turn an idea into evidence. The decision changes relationships, evidence, and the next available choices. The immediate pressure comes from weak research and ineffective habits; the chapter must move toward the team adopts deliberate, verifiable methods without resolving the entire arc early.",cet4-4865047a17cd|cet4-eeae964ffee9|cet4-28328fdb3432|cet4-9ace07a33803|cet4-04ad3e15d1d4|cet4-2746011962e3|cet4-90d9e2bf926a|cet4-e86f0b284dce|cet4-b701bf2d2f0e|cet4-c957b7c74555|cet4-0a1a09807270|cet4-e789188563f4|cet4-7f8db5367fa1|cet4-b875f4af0178|cet4-0d26f9caf8c3|cet4-69850b140364|cet4-5551a94e0c95|cet4-23ef8b79df30|cet4-e64cdccaa83a|cet4-a0a6fcced28d|cet4-94ce6c3ac1bd|cet4-71b8bdf2f358|cet4-a11c28b5ea3d|cet4-6831c03129a6|cet4-19e529ea2f8c|cet4-59e96f8df96b|cet4-f7d3305c2d4d|cet4-50c62517bb02|cet4-c5b07bba3284|cet4-2e53e3ef2209|cet4-167ec5b73a89|cet4-4127646ebce5|cet4-0b3ff8c49a06|cet4-e15d0d65e591|cet4-ac440238c334|cet4-df010337b8b0|cet4-1735a51a50d1|cet4-28a419e1c3c2|cet4-b4cd59c27382|cet4-ca596a089f7b|cet4-63e51f45b0e2|cet4-2e086d61ff97|cet4-8818ef4af8df|cet4-abdc261bb7ab|cet4-162763d931de,cet4-b82f5ed245da|cet4-a2d3600d0862|cet4-3200fa9a2181|cet4-baf5f8bac300|cet4-b048b7e4351e|cet4-5d5b983e4ab0|cet4-0573736042e5|cet4-654c66567801|cet4-4624d5b4f3a0|cet4-2608bdb00311|cet4-57d41b69401d|cet4-6295a2124423|cet4-1b007426b542|cet4-18b9c39c62eb|cet4-75e932b10e8c|cet4-ba288ba202dc|cet4-b983095d16dd|cet4-c2fbd9257170,45,18,planned,380,3,2,27
CH028,28,Learning How to Learn: The Bridge Forward,学会学习：通向下一程,学习方法与教育,"At the library and classrooms, the group works to turn an idea into evidence. The arc closes with an unresolved consequence that launches the next stage. The immediate pressure comes from weak research and ineffective habits; the chapter must move toward the team adopts deliberate, verifiable methods without resolving the entire arc early.",cet4-7142203b3a4d|cet4-f451c624754f|cet4-7b3d16d9ceb7|cet4-cd03cf1380f5|cet4-22ace53b8254|cet4-ffe94a4b20fe|cet4-e002cdba6ff2|cet4-72ea52059ce1|cet4-db103c4a75eb|cet4-8b6294e6d4d6|cet4-fe4956b62101|cet4-fd40f3c4b9d2|cet4-b9374907af57|cet4-401e28f525d1|cet4-93ce6881015b|cet4-80607bf2ae73|cet4-e1faefd299d8|cet4-db0adf14581a|cet4-2350c4320196|cet4-2f5edc4d5a17|cet4-749c99ef4f80|cet4-3ada405faecb|cet4-c3b60cc39792|cet4-5d4a77e0a71e|cet4-d9bad5ab174b|cet4-28bb1533d1f7|cet4-b552f0ec9e78|cet4-ed0ca2bd0b8f|cet4-1db19f0cb630|cet4-5d1a1bac838e|cet4-14123d52ebaa|cet4-7da72fe8ba39|cet4-b24f1dcf9505|cet4-069f97228c36|cet4-e7f5e50ffa32|cet4-ca71f5f728e3|cet4-353f53b08622|cet4-c52ec16f2983|cet4-c34e0a18023f|cet4-730ef41a4360|cet4-ed196ac36a4a|cet4-1702f49e6d0e|cet4-923afdda7659|cet4-47f1f3db9682|cet4-b258105efad4,cet4-958d73790243|cet4-8ea7a8fb150d|cet4-8b509bbefa0d|cet4-9ace07a33803|cet4-8ca0b2cb6977|cet4-4865047a17cd|cet4-218f9bafc6e4|cet4-28328fdb3432|cet4-aa3023417e54|cet4-edacbd87da0f|cet4-4a0267a8edc9|cet4-c3b160380fa8|cet4-6a70382ded34|cet4-bc67b478d98b|cet4-ceaf4bcc8d44|cet4-eeae964ffee9|cet4-2ad830a83de7|cet4-f383daa6d03a,45,18,planned,380,3,2,28
CH029,29,Promises and Pressure: A Signal,承诺与压力：一个信号,友谊、家庭与人际关系,"At dormitories and family homes, the group works to keep relationships honest while work intensifies. The characters encounter the arc's central problem through a concrete consequence. The immediate pressure comes from family duties and unspoken resentment; the chapter must move toward roles are renegotiated without ending the friendship without resolving the entire arc early.",cet4-ac426109f358|cet4-17216800b8e8|cet4-81d90d0474d7|cet4-62ba26336765|cet4-6a2cadf685fd|cet4-a51b28d7cbb4|cet4-f5e5e7436faa|cet4-939d623716d8|cet4-15b60de49375|cet4-1773544279be|cet4-37dcc3e6c289|cet4-7650be060b22|cet4-0c5c4acebb8c|cet4-82d1e9373fdc|cet4-1f2ad4a4eda3|cet4-34370a54b0b5|cet4-cb57557ce473|cet4-7e00fdb264b8|cet4-0868c8203b8a|cet4-9cab0500ed51|cet4-24e6ec00868d|cet4-5c708fadec97|cet4-b86e3e0ecfef|cet4-9b197f8821a9|cet4-af1569b0fb06|cet4-c556dcace2ff|cet4-b7e8dd6aafd3|cet4-786bebe30bc7|cet4-63e26ecf8557|cet4-be1f87fbab25|cet4-4a223a5e900c|cet4-d54dcf92e4f1|cet4-633dbba467ca|cet4-57545dd6d53b|cet4-6a7d2265407f|cet4-b50488c5c864|cet4-468b147e9861|cet4-c87138455d02|cet4-3370059402e7|cet4-e20ef0a4cd3b|cet4-5a0198e75f19|cet4-9eca77b15bff|cet4-4d75688a6fd9|cet4-73a5171e88d3|cet4-5f3ae86ed83c,cet4-7142203b3a4d|cet4-96fc306a15a2|cet4-88a94fd78bc0|cet4-0da76cc3b802|cet4-28ad9859a677|cet4-b434f9e0b8d7|cet4-654c66567801|cet4-0cf9a25e4601|cet4-2608bdb00311|cet4-22cd2af313b0|cet4-f451c624754f|cet4-91a6a09d37d2|cet4-7b3d16d9ceb7|cet4-ac4ba2e3c516|cet4-1b007426b542|cet4-991733aab897|cet4-f0f99891fa22|cet4-92ad5b794647,45,18,planned,380,3,3,29
CH030,30,Promises and Pressure: The First Promise,承诺与压力：第一次承诺,友谊、家庭与人际关系,"At dormitories and family homes, the group works to keep relationships honest while work intensifies. They define an immediate goal and commit resources before all risks are visible. The immediate pressure comes from family duties and unspoken resentment; the chapter must move toward roles are renegotiated without ending the friendship without resolving the entire arc early.",cet4-9b2cc10a7645|cet4-4995847febe2|cet4-27fbdb81522b|cet4-ba5aca684ed4|cet4-7eac875425b9|cet4-2ebb4ff9d958|cet4-9b8ff1ae92dc|cet4-6a57d0c9c0d9|cet4-85999b068513|cet4-7a1e16bf40dd|cet4-4305f63b5439|cet4-95dc4ab574c6|cet4-4a932ce0436a|cet4-30c6b35dc761|cet4-8a970ebfc806|cet4-8b2cbbbc3afb|cet4-09a630570df6|cet4-1328846cfbde|cet4-5d2f8b5c2346|cet4-9f02762cb929|cet4-325550364a6e|cet4-7e409443975f|cet4-f49c1b6b13bf|cet4-11784f44a9fc|cet4-b2066e538141|cet4-62586f493195|cet4-5964e525ed75|cet4-a396bf8b532b|cet4-9533c9f0ccb9|cet4-1c04d8fa678a|cet4-71a6fa38d741|cet4-c8beb2abd0a3|cet4-55bbab73aae1|cet4-91e626fbeb37|cet4-892437e02d8d|cet4-6b19640c0899|cet4-a1969348b5aa|cet4-39afcb176dc9|cet4-5658694d8efb|cet4-05ecc3f88077|cet4-38f7dc132509|cet4-2066a72bcf29|cet4-577ea09bc008|cet4-c387bcafb6c6|cet4-f814dda7eaef,cet4-fff874eed340|cet4-ebbee70e1c1c|cet4-9eebb05b23f0|cet4-7218a6b03721|cet4-3f8edfab4e29|cet4-4865047a17cd|cet4-da3fe8dad904|cet4-28328fdb3432|cet4-1d441febed25|cet4-3d08bb71d84f|cet4-fff1686c78ca|cet4-ac9edc63cc5d|cet4-279342265e84|cet4-ef8b1d2cc5fe|cet4-937f39a4c55d|cet4-eeae964ffee9|cet4-c1b7a7f1ede2|cet4-cb3bb5442f5f,45,18,planned,380,3,3,30
CH031,31,Promises and Pressure: A Missing Voice,承诺与压力：缺席的声音,友谊、家庭与人际关系,"At dormitories and family homes, the group works to keep relationships honest while work intensifies. A person affected by the plan reveals information the group overlooked. The immediate pressure comes from family duties and unspoken resentment; the chapter must move toward roles are renegotiated without ending the friendship without resolving the entire arc early.",cet4-b88879d2a8a4|cet4-3ae21ba37a50|cet4-02154357d850|cet4-109bf37d1821|cet4-2bed9b9a41a8|cet4-8ec7a0a7234e|cet4-d4c8a6905f5c|cet4-e6829598a91e|cet4-8d6a9ba0d5ad|cet4-5c2c763bde95|cet4-f9f1d94e3cfa|cet4-7bace93b5439|cet4-fc1fa626847c|cet4-b960d387b26d|cet4-e23621f39b5d|cet4-615ddedec195|cet4-6163e127f5b8|cet4-71e01bd6f477|cet4-db0c157b9147|cet4-b5fb24852fc5|cet4-18d25b854f89|cet4-291869c0b341|cet4-45bc66fba71d|cet4-e650893510dc|cet4-578928726ff3|cet4-764959ea8c8a|cet4-a33c601e6d41|cet4-d479a7618c6a|cet4-9f004c803329|cet4-65b099dc9bbc|cet4-b707a281d54b|cet4-7080e814849b|cet4-1f85326f1587|cet4-7a07479ac74e|cet4-3615978f86f9|cet4-feb45d954aea|cet4-d55d27da02e2|cet4-d14939089c31|cet4-0e2fa582c6b0|cet4-e0e40c460505|cet4-2bb48109e779|cet4-5715dc447aac|cet4-2c097b586259|cet4-5d11c2265efe|cet4-0234c022096c,cet4-400c1c1ad6d6|cet4-7142203b3a4d|cet4-339e9b32b99a|cet4-27fbdb81522b|cet4-ba5aca684ed4|cet4-0573736042e5|cet4-099c8235a8ea|cet4-df9dbcc2efa1|cet4-4995847febe2|cet4-2ebb4ff9d958|cet4-7eac875425b9|cet4-40e76a068763|cet4-37a921b488cc|cet4-57d41b69401d|cet4-6295a2124423|cet4-18b9c39c62eb|cet4-9b2cc10a7645|cet4-71917bb990fe,45,18,planned,380,3,3,31
CH032,32,Promises and Pressure: Evidence on the Table,承诺与压力：摆上桌面的证据,友谊、家庭与人际关系,"At dormitories and family homes, the group works to keep relationships honest while work intensifies. The team gathers and compares evidence instead of relying on assumptions. The immediate pressure comes from family duties and unspoken resentment; the chapter must move toward roles are renegotiated without ending the friendship without resolving the entire arc early.",cet4-674efd8cb98e|cet4-b1ca9214627b|cet4-f2db2f8d3669|cet4-79973d9b1be9|cet4-315b6b4df8e6|cet4-3be839e5b1d0|cet4-94d179e2128e|cet4-519174f7e362|cet4-34495b2d820e|cet4-40e6b335734c|cet4-3c1f8b494fe6|cet4-0ecedae951d2|cet4-b3ef51d93679|cet4-0f3f94f8af35|cet4-a536e04e882e|cet4-5cfe909f21ce|cet4-541bb0af930a|cet4-c6abaae42665|cet4-1f353c72d878|cet4-6baef4082ae7|cet4-ee15ca05c293|cet4-ad19f8787872|cet4-c363929b3ba0|cet4-1b7c5987b484|cet4-82077f10aaaf|cet4-f8a728859f41|cet4-a13abc09998e|cet4-917caf0f15f6|cet4-83a7d74ac215|cet4-d199532b9f35|cet4-1427d2904baf|cet4-d3d5c46d0c86|cet4-a1098e6c9014|cet4-72d047fc39c8|cet4-1bcbf0da8650|cet4-f82b961c559e|cet4-f6de7562e592|cet4-8b7bf7da700f|cet4-c806574afe34|cet4-54ef4e8132cb|cet4-795905667e84|cet4-9ddddd10efc4|cet4-1a5384a81be5|cet4-28a524020b5b|cet4-9d07f2a90805,cet4-3ae21ba37a50|cet4-51728579ccac|cet4-865ecebc191e|cet4-02154357d850|cet4-534b82db542e|cet4-cc8fc897d9de|cet4-a4fbc146e411|cet4-aef4833f6276|cet4-ab498e8e018b|cet4-87710010a36b|cet4-4a0267a8edc9|cet4-c3b160380fa8|cet4-b88879d2a8a4|cet4-be78a851482f|cet4-5c707eb83b57|cet4-f383daa6d03a|cet4-9e19e51eef08|cet4-8e891f595b3b,45,18,planned,380,3,3,32
CH033,33,Promises and Pressure: The Trial Run,承诺与压力：第一次试行,友谊、家庭与人际关系,"At dormitories and family homes, the group works to keep relationships honest while work intensifies. A limited attempt produces useful results as well as a new constraint. The immediate pressure comes from family duties and unspoken resentment; the chapter must move toward roles are renegotiated without ending the friendship without resolving the entire arc early.",cet4-7f51590e04ea|cet4-91655af15ff9|cet4-7d8f5a67cd47|cet4-8887bc353756|cet4-d07f3be24ace|cet4-9c139839f32a|cet4-1fa9eeda946e|cet4-f6a4c770cb5a|cet4-febde63927ef|cet4-153ac3a56f81|cet4-9ff6059e3211|cet4-f0d99c9251d1|cet4-460122be4694|cet4-e15cc58073f7|cet4-cfc04ea43c9d|cet4-68f10b9defec|cet4-104bea1559de|cet4-591afa362e94|cet4-7d63d55c6934|cet4-319830d5d1e1|cet4-dba700d845cb|cet4-7928b26d3dce|cet4-1c6d34a644df|cet4-23128b7804a2|cet4-025166463178|cet4-6aaae5f0a437|cet4-dc44a58a810f|cet4-1fe33204530b|cet4-5878b5407994|cet4-7de497e4233d|cet4-6cf7792a2cd5|cet4-70b002483c42|cet4-b3c79a66f393|cet4-fbd86dc37f01|cet4-dbd5c5f137da|cet4-8ebaf6fcbe78|cet4-dcc2bb2be9a5|cet4-abd2e4e3953d|cet4-47312ffa8c74|cet4-172cebf10427|cet4-14420f734a4a|cet4-5f0f6595a70d|cet4-6eea5b52b71c|cet4-86a6a218da8f|cet4-da193c317645,cet4-27fbdb81522b|cet4-ba5aca684ed4|cet4-654c66567801|cet4-b81f7e02bafe|cet4-2608bdb00311|cet4-4995847febe2|cet4-4e890b294a27|cet4-d5b78297cbe6|cet4-674efd8cb98e|cet4-d4d5892f178b|cet4-7eac875425b9|cet4-79973d9b1be9|cet4-1b007426b542|cet4-f2db2f8d3669|cet4-9b2cc10a7645|cet4-b1ca9214627b|cet4-315b6b4df8e6|cet4-f0f99891fa22,45,18,planned,380,3,3,33
CH034,34,Promises and Pressure: Pressure Builds,承诺与压力：压力上升,友谊、家庭与人际关系,"At dormitories and family homes, the group works to keep relationships honest while work intensifies. Time, money, health, or trust makes the original plan harder to maintain. The immediate pressure comes from family duties and unspoken resentment; the chapter must move toward roles are renegotiated without ending the friendship without resolving the entire arc early.",cet4-3e7cbe085a59|cet4-8e83c41df849|cet4-610245fdab8d|cet4-5777f0734e92|cet4-4339b20a58fa|cet4-5d6dbf060ea7|cet4-260f654f8ac3|cet4-6814aab7c57e|cet4-297879acfe25|cet4-4c98f8e42d8e|cet4-3fa615a83cbb|cet4-83d6e0a12a74|cet4-b3310f6271ac|cet4-b201280b070e|cet4-aaf44057a69c|cet4-dd5b518f833c|cet4-dec97d4dfbe0|cet4-2468c9715d31|cet4-d6a0115e8896|cet4-ca5bdac839b3|cet4-08676ce2f310|cet4-6b3d4a4827f5|cet4-add3ea69df5a|cet4-083b4a603de2|cet4-2807611a65d4|cet4-a5ec72f45499|cet4-0168e5f145c2|cet4-70449cb03002|cet4-aecfadef9fbc|cet4-cee08b5790e6|cet4-1a6123e2f298|cet4-59bd99044c5a|cet4-84a01bd83a57|cet4-d81c83259388|cet4-73fe12e1b95e|cet4-21f35120d289|cet4-3f27f739abdb|cet4-a55d00daaff9|cet4-41ac2a87e3eb|cet4-63c0bbbc0fa4|cet4-59d07ea058a7|cet4-faa582e09e76|cet4-82208fe9a406|cet4-50588d03cf29|cet4-320d862be126,cet4-b82f5ed245da|cet4-65261dbc2c6a|cet4-d07f3be24ace|cet4-a2d3600d0862|cet4-7f51590e04ea|cet4-b048b7e4351e|cet4-5d5b983e4ab0|cet4-4865047a17cd|cet4-9c139839f32a|cet4-7d8f5a67cd47|cet4-b88879d2a8a4|cet4-91655af15ff9|cet4-75e932b10e8c|cet4-c50b3fee61d4|cet4-9b2c63955d24|cet4-ba288ba202dc|cet4-8887bc353756|cet4-56012842577c,45,18,planned,380,3,3,34
CH035,35,Promises and Pressure: The Disagreement,承诺与压力：分歧,友谊、家庭与人际关系,"At dormitories and family homes, the group works to keep relationships honest while work intensifies. Two defensible priorities conflict and the characters must explain their motives. The immediate pressure comes from family duties and unspoken resentment; the chapter must move toward roles are renegotiated without ending the friendship without resolving the entire arc early.",cet4-7f250a6d615d|cet4-e751da2c2177|cet4-04d9068196a8|cet4-cf8f8e69d9f3|cet4-667b4967de44|cet4-5fd074a18946|cet4-2956ea12f4d9|cet4-09efdf30252e|cet4-cc43467cc78f|cet4-6236064e1320|cet4-b4924752f3d5|cet4-b57f73e954d4|cet4-c07fdcdb3b91|cet4-14f5515cc1ed|cet4-bb3b0bbca85b|cet4-04ea9f774506|cet4-c444247fdd2a|cet4-3b3483e8149e|cet4-c3360947ab13|cet4-55d5b6b28c37|cet4-8af8eb9f4493|cet4-0d3e51d834e2|cet4-ed406d9103e5|cet4-5ba7a0c5891e|cet4-a40e5afca34a|cet4-0374f6bed2fb|cet4-90669d95ee39|cet4-a5aaae801426|cet4-83df8eaa579d|cet4-4945293656a4|cet4-0de54f8ce97f|cet4-31a5086d5701|cet4-73742529563d|cet4-15b0efbb126f|cet4-0af74961a2e3|cet4-9890f4f13bab|cet4-da1969357b4d|cet4-260910668c75|cet4-508e3cc239dd|cet4-f23bfae7bc74|cet4-f71fd3369674|cet4-254098ce1830|cet4-8b0869ffa0c7|cet4-617939274e7d|cet4-b53e93abfc5b,cet4-0b23334ae252|cet4-7142203b3a4d|cet4-5d6dbf060ea7|cet4-5777f0734e92|cet4-3e7cbe085a59|cet4-260f654f8ac3|cet4-610245fdab8d|cet4-82112aa85968|cet4-4339b20a58fa|cet4-674efd8cb98e|cet4-3be839e5b1d0|cet4-79973d9b1be9|cet4-6814aab7c57e|cet4-f2db2f8d3669|cet4-195ef60dd2b0|cet4-b1ca9214627b|cet4-315b6b4df8e6|cet4-8e83c41df849,45,18,planned,380,3,3,35
CH036,36,Promises and Pressure: What the Numbers Hide,承诺与压力：数字隐藏了什么,友谊、家庭与人际关系,"At dormitories and family homes, the group works to keep relationships honest while work intensifies. Quantitative evidence is checked against lived experience and context. The immediate pressure comes from family duties and unspoken resentment; the chapter must move toward roles are renegotiated without ending the friendship without resolving the entire arc early.",cet4-0aa0f8607b91|cet4-9b47dcdae375|cet4-4a0e788af001|cet4-80fb57bc784c|cet4-6c02f7cd1d68|cet4-77b10e287388|cet4-475e6578b89d|cet4-4a7da5989657|cet4-3db24b884416|cet4-809b6389ad3f|cet4-2908837c0ebb|cet4-86b0c68f66a8|cet4-25bd49f20bf9|cet4-b0ae7cc6ec89|cet4-c9d2df992778|cet4-607f73a09269|cet4-4d99916ac85c|cet4-218140b37f43|cet4-e972dbededaf|cet4-1e657e905417|cet4-dbac029de2bc|cet4-304578869315|cet4-52c0137b3700|cet4-d2cfd3dbd75f|cet4-f2678362519c|cet4-c0fc4bb79b9c|cet4-531c751724d4|cet4-b029ec4c241e|cet4-1d658f39bc34|cet4-3f6140db31f4|cet4-de7ee09a706e|cet4-474e6b2df33a|cet4-b28386a5bc4c|cet4-de347430b24e|cet4-fb1e93545bce|cet4-cf56261c295c|cet4-0444f23eacab|cet4-709abaa39028|cet4-a652489ae6b1|cet4-e798648dfcef|cet4-b1162e3ed1bf|cet4-c9eeff177bab|cet4-cef3710eec53|cet4-0d1433c674ee|cet4-58391dcdf23a,cet4-f0d99c9251d1|cet4-9ff6059e3211|cet4-7f250a6d615d|cet4-d07f3be24ace|cet4-88a94fd78bc0|cet4-1fa9eeda946e|cet4-7f51590e04ea|cet4-9c139839f32a|cet4-28ad9859a677|cet4-153ac3a56f81|cet4-22cd2af313b0|cet4-febde63927ef|cet4-7d8f5a67cd47|cet4-f6a4c770cb5a|cet4-91655af15ff9|cet4-8700565d352c|cet4-8887bc353756|cet4-92ad5b794647,45,18,planned,380,3,3,36
CH037,37,Promises and Pressure: A Better Question,承诺与压力：更好的问题,友谊、家庭与人际关系,"At dormitories and family homes, the group works to keep relationships honest while work intensifies. The group reframes the problem after recognizing a false assumption. The immediate pressure comes from family duties and unspoken resentment; the chapter must move toward roles are renegotiated without ending the friendship without resolving the entire arc early.",cet4-db8b8595778a|cet4-96de751458ed|cet4-661ef7282388|cet4-816ab7533847|cet4-eee725f7f919|cet4-59ce9887d9df|cet4-b727a6543b18|cet4-dbf8bd500080|cet4-e0fe2dbd8682|cet4-6d72c2d9cfdb|cet4-76c9253ba307|cet4-287aa15e6b95|cet4-fd1e166f11b0|cet4-e9788e1fe52f|cet4-00f47c06bf9e|cet4-b512eb014e50|cet4-e31c21d4b269|cet4-3d763bb9b672|cet4-4ef98117368c|cet4-f5333b220800|cet4-b882569ecefe|cet4-6b7c5962c2ac|cet4-ea3abd2dea72|cet4-c513a8c8ef0f|cet4-d939512d0dd7|cet4-b2cd2a3f3158|cet4-f1b296a42654|cet4-88b118c2fcb1|cet4-9dba090178fa|cet4-5b19ced33f0a|cet4-32929a9bab1e|cet4-f364a3f9aa32|cet4-1b142b606dae|cet4-f0be23c66ba9|cet4-8fb1e1b4047e|cet4-db72bebd0ae8|cet4-87c217deb134|cet4-b22f8cfe15dc|cet4-a86c44c98d82|cet4-3d7972f9ffd0|cet4-ebc6e38f4b44|cet4-006c6269361c|cet4-066109bf4c54|cet4-ff875bf3f49c|cet4-8585bb7d14dc,cet4-5d6dbf060ea7|cet4-5777f0734e92|cet4-3e7cbe085a59|cet4-27fbdb81522b|cet4-9eebb05b23f0|cet4-ba5aca684ed4|cet4-260f654f8ac3|cet4-610245fdab8d|cet4-4995847febe2|cet4-4339b20a58fa|cet4-2ebb4ff9d958|cet4-7eac875425b9|cet4-a8ca4fb28ef6|cet4-70e09ad7dcd6|cet4-1162529a2415|cet4-6814aab7c57e|cet4-9b2cc10a7645|cet4-8e83c41df849,45,18,planned,380,3,3,37
CH038,38,Promises and Pressure: The Second Attempt,承诺与压力：第二次尝试,友谊、家庭与人际关系,"At dormitories and family homes, the group works to keep relationships honest while work intensifies. A revised approach is tested under more realistic conditions. The immediate pressure comes from family duties and unspoken resentment; the chapter must move toward roles are renegotiated without ending the friendship without resolving the entire arc early.",cet4-61e860aadbfb|cet4-3c53f0314464|cet4-0820eb4fa767|cet4-432cf5ecfcdd|cet4-93d162884a58|cet4-ac118db67082|cet4-1273c46610a7|cet4-6d51bb28d6b7|cet4-e3cdd10f84ff|cet4-d737f89decc7|cet4-dc2ced2d6357|cet4-2cf70ceddeb7|cet4-31becc4f68cf|cet4-c365b54df636|cet4-56998eb77bf1|cet4-aa866cd303cf|cet4-71a560e91924|cet4-f474c9b651dc|cet4-0b3dd157e8a3|cet4-d6f06d26d20c|cet4-12116e8f98af|cet4-6ca322990a61|cet4-055379751f3c|cet4-b9ffb724248c|cet4-11069b975a7d|cet4-651da898c8b6|cet4-006c0e0320d9|cet4-bc31d83fa162|cet4-8fc0741914d3|cet4-f1122d368a2c|cet4-0c68aa2a35f5|cet4-7c1b5556cf3a|cet4-4fd9cacbe1b2|cet4-e9aee57f8f08|cet4-778f443b9eb0|cet4-5eac87b430c2|cet4-1364ec3cb695|cet4-a9496ee5f9ff|cet4-ab708994af47|cet4-9a05297d06e0|cet4-7bea84e2a8aa|cet4-188910f2254c|cet4-278fa4359e53|cet4-57e9525637f0|cet4-38d6f9fb9777,cet4-3ae21ba37a50|cet4-44ed6fd61ab8|cet4-e0fe2dbd8682|cet4-02154357d850|cet4-661ef7282388|cet4-dbf8bd500080|cet4-db8b8595778a|cet4-eee725f7f919|cet4-816ab7533847|cet4-0573736042e5|cet4-59ce9887d9df|cet4-b727a6543b18|cet4-b88879d2a8a4|cet4-57d41b69401d|cet4-6295a2124423|cet4-96de751458ed|cet4-18b9c39c62eb|cet4-25da791a7bef,45,18,planned,380,3,3,38
CH039,39,Promises and Pressure: Outside Pressure,承诺与压力：外部压力,友谊、家庭与人际关系,"At dormitories and family homes, the group works to keep relationships honest while work intensifies. An institution or stakeholder imposes a condition the team cannot ignore. The immediate pressure comes from family duties and unspoken resentment; the chapter must move toward roles are renegotiated without ending the friendship without resolving the entire arc early.",cet4-114d7c48a385|cet4-2ed31c829025|cet4-72a079f63884|cet4-56ea73e63122|cet4-ac9a25367562|cet4-6efad68d7400|cet4-c50880a32953|cet4-a037c2ea67d8|cet4-a52f9e7ecddc|cet4-635a97517663|cet4-6c1a5cf5e2a5|cet4-0799363ad4bf|cet4-4ce8625d2045|cet4-d203042e6089|cet4-0e143a74859e|cet4-db3960e5ab34|cet4-1e3b8a5f833e|cet4-d2864b6eda1c|cet4-fbd4a6ceed88|cet4-8ad7d9b35ac0|cet4-9d7b43aaf27e|cet4-d5175f944b20|cet4-2c5df7b60f47|cet4-c2de70201992|cet4-c088a4d4b5c0|cet4-202a3810c372|cet4-147772d545a5|cet4-a90b4dffd086|cet4-26c046656866|cet4-0e36a6d0f06e|cet4-304dada4b354|cet4-32df70ab22ee|cet4-1d0673bf3bff|cet4-9d0fc2630b9b|cet4-a215b130950e|cet4-90970f3ddd5b|cet4-47cb0cde14b4|cet4-64f0d59b3143|cet4-f9ee7b5c474d|cet4-416492a0b784|cet4-0cc4bab4a661|cet4-2611e1abf348|cet4-3cf3c9542bb3|cet4-4aebbbf7060e|cet4-b9f41648859a,cet4-9bc600703a6e|cet4-18b16f606c07|cet4-b1400df7d9c0|cet4-2fe22e3e8019|cet4-674efd8cb98e|cet4-4a0267a8edc9|cet4-a31da7847645|cet4-0820eb4fa767|cet4-79973d9b1be9|cet4-432cf5ecfcdd|cet4-f2db2f8d3669|cet4-1edf2166ca1a|cet4-3c53f0314464|cet4-f383daa6d03a|cet4-b1ca9214627b|cet4-315b6b4df8e6|cet4-f7c6778c2ee6|cet4-61e860aadbfb,45,18,planned,380,3,3,39
CH040,40,Promises and Pressure: The Decision,承诺与压力：决定,友谊、家庭与人际关系,"At dormitories and family homes, the group works to keep relationships honest while work intensifies. The characters choose a course of action and accept a specific cost. The immediate pressure comes from family duties and unspoken resentment; the chapter must move toward roles are renegotiated without ending the friendship without resolving the entire arc early.",cet4-ed70f17ab313|cet4-1c4ac903832f|cet4-ce8836020b74|cet4-cf4cf240db55|cet4-c2569081022f|cet4-974f22de5326|cet4-c72023b36ca5|cet4-96a2ecfe4730|cet4-7bf4f41bf3ab|cet4-dd0af88a8a1a|cet4-e9250bb41099|cet4-b17676f5a6b0|cet4-fc8d23a2fe76|cet4-63530806220d|cet4-10afd54e4f6b|cet4-c04bad6fc3b0|cet4-5eda66df4b82|cet4-dd6722ac4ae9|cet4-a277a16dfa43|cet4-2af197f008f0|cet4-9e60e9deb2ea|cet4-513e498ef3e7|cet4-232331d3bd57|cet4-af426a1b9ec3|cet4-dcfb8afc3144|cet4-e64662283488|cet4-af50aec78133|cet4-271a5079c43b|cet4-bb1039c0e78c|cet4-ef8b76d4f247|cet4-0ce9acfc23ae|cet4-6e9840ceb21f|cet4-71e07ccfc806|cet4-7657d84ae98a|cet4-e6bb5522abc4|cet4-d5d3906699c0|cet4-855a2f455901|cet4-4226f4442d1c|cet4-516478cf125a|cet4-cdbbe4e93c41|cet4-982120014ecd|cet4-7c24bc8fff89|cet4-1177ba1ab578|cet4-59c75759b461|cet4-e0493b1d67f1,cet4-71881fd0140d|cet4-d07f3be24ace|cet4-661ef7282388|cet4-db8b8595778a|cet4-7f51590e04ea|cet4-4b808f87171a|cet4-eee725f7f919|cet4-9c139839f32a|cet4-816ab7533847|cet4-654c66567801|cet4-59ce9887d9df|cet4-2608bdb00311|cet4-114d7c48a385|cet4-7d8f5a67cd47|cet4-96de751458ed|cet4-1b007426b542|cet4-91655af15ff9|cet4-8887bc353756,45,18,planned,380,3,3,40
CH041,41,Promises and Pressure: Consequences,承诺与压力：后果,友谊、家庭与人际关系,"At dormitories and family homes, the group works to keep relationships honest while work intensifies. The decision changes relationships, evidence, and the next available choices. The immediate pressure comes from family duties and unspoken resentment; the chapter must move toward roles are renegotiated without ending the friendship without resolving the entire arc early.",cet4-43d9186d8522|cet4-60be4ab9006d|cet4-5d6727d2c220|cet4-20a121e39837|cet4-5753e9b3e383|cet4-ac52873ccf7b|cet4-b6c084333861|cet4-621ce3c615cf|cet4-9655704e537a|cet4-b8fb4f77295c|cet4-7aebe0250dd7|cet4-8d67e6d31194|cet4-8f72b1e50ecd|cet4-394abc911193|cet4-08a3e8356978|cet4-2df6febb707b|cet4-1d7f9d2d11b0|cet4-52c2b677507a|cet4-a0641c646fe8|cet4-07b9fb1ae8c3|cet4-ab0bb08931aa|cet4-ac19bf79f9ff|cet4-95b291a7e329|cet4-f410087d9fce|cet4-a6e8e6b94dde|cet4-c32af013a547|cet4-36f49a1fec8e|cet4-8cde0ecbc60b|cet4-829441b80e1b|cet4-49c98a71cae7|cet4-423b7dd1195e|cet4-b208fe90eb80|cet4-6fd00379b003|cet4-437819460d2a|cet4-ae5b0a245b0e|cet4-d04aa0d07c41|cet4-7ebf1c3047f8|cet4-30ea46e386d9|cet4-db61221540ab|cet4-8d2ab83ccaa5|cet4-44878d6c1b5b|cet4-067a54577e91|cet4-4fa08d3fd8ed|cet4-d33b74a7cd95|cet4-5bebcffc74d7,cet4-cf4cf240db55|cet4-5d6dbf060ea7|cet4-5777f0734e92|cet4-3e7cbe085a59|cet4-ce8836020b74|cet4-4865047a17cd|cet4-1c4ac903832f|cet4-260f654f8ac3|cet4-610245fdab8d|cet4-4339b20a58fa|cet4-c2569081022f|cet4-ed70f17ab313|cet4-0820eb4fa767|cet4-432cf5ecfcdd|cet4-6814aab7c57e|cet4-3c53f0314464|cet4-8e83c41df849|cet4-61e860aadbfb,45,18,planned,380,3,3,41
CH042,42,Promises and Pressure: The Bridge Forward,承诺与压力：通向下一程,友谊、家庭与人际关系,"At dormitories and family homes, the group works to keep relationships honest while work intensifies. The arc closes with an unresolved consequence that launches the next stage. The immediate pressure comes from family duties and unspoken resentment; the chapter must move toward roles are renegotiated without ending the friendship without resolving the entire arc early.",cet4-09928561c77d|cet4-f92342b2267a|cet4-a821bb54395d|cet4-72427ca50724|cet4-7211f7220c45|cet4-a638a23f3a1b|cet4-31f715a402dd|cet4-76212a9fc966|cet4-efeace58cb01|cet4-aa1807a382d2|cet4-7a6af8e7b364|cet4-5ed97f850848|cet4-7f8af3742c99|cet4-e86ad1eeda19|cet4-f370bd1fe0a6|cet4-57a25ec6366f|cet4-4ac643cc1a7a|cet4-56ed6c4c0634|cet4-afff31216f08|cet4-21a2e047179d|cet4-31d232785786|cet4-32c8409b2c47|cet4-312cb2f5870c|cet4-cac442940695|cet4-707b66278a60|cet4-42c092415df1|cet4-b7dacdb03631|cet4-fccdf7f5e058|cet4-67441431aae8|cet4-e41fe0376979|cet4-115a35253682|cet4-c60869ef0d65|cet4-3dbea0cf4cb9|cet4-7a2d5e726fc7|cet4-43efb00ee4a4|cet4-01b55e39e68f|cet4-0dde876ef26e|cet4-0ca1bf520868|cet4-a007034fe391|cet4-18a6b1d096a2|cet4-54311847025d|cet4-2e3e4f2f1b44|cet4-1d749ca669e2|cet4-f1f576c81df6|cet4-44c9fce894e0,cet4-7142203b3a4d|cet4-2ed31c829025|cet4-05113bdf12fc|cet4-bd428922cd5c|cet4-8904ea9eef1c|cet4-878d2d6a6d60|cet4-43d9186d8522|cet4-712df7a77326|cet4-5c3a5660dcf6|cet4-4ec4bceca69f|cet4-2c7489d970b1|cet4-fff8765f8e2b|cet4-114d7c48a385|cet4-60be4ab9006d|cet4-f25d488cb287|cet4-6ce4199e6404|cet4-2348957c2792|cet4-5d1f0b7c35d9,45,18,planned,380,3,3,42
CH043,43,The First Real Deadline: A Signal,第一个真实期限：一个信号,求职、职场与职业发展,"At a career fair and civic-tech internship, the group works to deliver useful work for real users. The characters encounter the arc's central problem through a concrete consequence. The immediate pressure comes from career pressure and a rushed release; the chapter must move toward the team accepts professional accountability without resolving the entire arc early.",cet4-a8e1c0f21bb1|cet4-5357b1976ff1|cet4-08e0d34c3314|cet4-7956f466e446|cet4-ec02bf122a5f|cet4-f112944d60f5|cet4-1ea39a21d1d8|cet4-9b4b66a99be0|cet4-f2b24537b9f4|cet4-3978666e272b|cet4-dde11f0ec790|cet4-f2ce733d1267|cet4-06ecf628ba61|cet4-f2b29081dc65|cet4-e82c7ba08fe7|cet4-276aba6715b6|cet4-bc6242ebf1be|cet4-8169df039e58|cet4-ed86314e7383|cet4-6a877b525046|cet4-e566ecf563d7|cet4-13534eff5d66|cet4-bb1c390c5015|cet4-b31eebc3b5f2|cet4-9c686f868e12|cet4-dc1269533c00|cet4-3d56840a0c01|cet4-a5dfd9fcbd5e|cet4-73302fe36d04|cet4-4c2093b69063|cet4-b6881227a35a|cet4-7f6b02cd6a87|cet4-1cb326f0c20b|cet4-3535025dcbab|cet4-3497fb4c7edd|cet4-37e38de39ef8|cet4-080c2ee2c4cb|cet4-31df39c6468f|cet4-9ff82ffc627d|cet4-5e6472a47b7e|cet4-f381e1f49cf1|cet4-7e54e4143c36|cet4-8217da3b0210|cet4-91f0b25d61fc|cet4-1f277b2e8527,cet4-974f22de5326|cet4-cf4cf240db55|cet4-c3c26c7c3ead|cet4-ac426109f358|cet4-0aa0f8607b91|cet4-baf5f8bac300|cet4-ce8836020b74|cet4-4624d5b4f3a0|cet4-1c4ac903832f|cet4-f560ff7b5be7|cet4-b68e00d35111|cet4-c2569081022f|cet4-ed70f17ab313|cet4-fda80e3fe439|cet4-77fc2302cf15|cet4-9d2f2270b528|cet4-b983095d16dd|cet4-c2fbd9257170,45,18,planned,380,3,4,43
CH044,44,The First Real Deadline: The First Promise,第一个真实期限：第一次承诺,求职、职场与职业发展,"At a career fair and civic-tech internship, the group works to deliver useful work for real users. They define an immediate goal and commit resources before all risks are visible. The immediate pressure comes from career pressure and a rushed release; the chapter must move toward the team accepts professional accountability without resolving the entire arc early.",cet4-62379e352b0b|cet4-846a8ff6a6d4|cet4-07031d06228f|cet4-066b8a5257a6|cet4-374a27ca47bc|cet4-e3a41e1bf09d|cet4-dc964f3a557f|cet4-808dd2895de5|cet4-40bb6afe3d57|cet4-770b781e7c27|cet4-ca68f73b982e|cet4-7756a4d43f7a|cet4-1764de7e26c6|cet4-8540a29fdaf1|cet4-a24c73f0c0ce|cet4-13ded29f2608|cet4-2d4cd80f0420|cet4-d9556bc7373c|cet4-0f0840847eb7|cet4-21420dddbd83|cet4-84e6d252b441|cet4-30ef42efb708|cet4-4e126ea0940e|cet4-884536fb5fd0|cet4-6894503ca4dc|cet4-2ba2fc9d3168|cet4-9178540b04ea|cet4-2f8f8488e743|cet4-0737f4f51590|cet4-e1251b18fbc9|cet4-9a17853cfd43|cet4-3124f778d69c|cet4-43d461dabc25|cet4-ec283c003349|cet4-eca4c6c09cdb|cet4-471ae04a441a|cet4-fca54278fbd4|cet4-283778fd8f18|cet4-1e5cf11a7246|cet4-c420c3429462|cet4-95a8692222d0|cet4-a7878dc10e55|cet4-f775f9eccb4e|cet4-a495520dcd53|cet4-03dca4fea7f8,cet4-5357b1976ff1|cet4-27fbdb81522b|cet4-8ea7a8fb150d|cet4-661ef7282388|cet4-ba5aca684ed4|cet4-db8b8595778a|cet4-eee725f7f919|cet4-816ab7533847|cet4-43d9186d8522|cet4-59ce9887d9df|cet4-4995847febe2|cet4-b727a6543b18|cet4-7eac875425b9|cet4-60be4ab9006d|cet4-96de751458ed|cet4-ceaf4bcc8d44|cet4-a8e1c0f21bb1|cet4-9b2cc10a7645,45,18,planned,380,3,4,44
CH045,45,The First Real Deadline: A Missing Voice,第一个真实期限：缺席的声音,求职、职场与职业发展,"At a career fair and civic-tech internship, the group works to deliver useful work for real users. A person affected by the plan reveals information the group overlooked. The immediate pressure comes from career pressure and a rushed release; the chapter must move toward the team accepts professional accountability without resolving the entire arc early.",cet4-cfefecffb806|cet4-7ddd1c830d53|cet4-d51a89965fc1|cet4-f45f609061dc|cet4-f92e0d8dade8|cet4-1e0aa6447ab4|cet4-32ecf43b0e93|cet4-5cd1dd76a2c5|cet4-8a1b6de120f4|cet4-8a59dd8b27df|cet4-c0963c1ae369|cet4-dbc5b0ca7f57|cet4-06063f516b02|cet4-bf3a73f110af|cet4-22afcb2420f7|cet4-7c394fc5d18b|cet4-fb5091e89de1|cet4-9da3dab2ea9f|cet4-210f492893ac|cet4-d4992456cd8c|cet4-d11edd362039|cet4-f616950d49cd|cet4-b01af9cd57a1|cet4-7497435a31b2|cet4-29567cff627e|cet4-9b944c09b851|cet4-bd6bf734d077|cet4-f4f236bd9f70|cet4-71ef4a8b769d|cet4-0d66713f1663|cet4-e74c24cd618a|cet4-fb8d5dca7f3a|cet4-b0dd4ec41959|cet4-105a2270619d|cet4-40aa41c9cedf|cet4-9b274d68fac3|cet4-748595732c48|cet4-cba084053efa|cet4-f64773263421|cet4-67862e1aba32|cet4-3f0ff2db265b|cet4-4a44a4dff167|cet4-d4e7586a5511|cet4-b589ac989366|cet4-048737b8d989,cet4-3ae21ba37a50|cet4-846a8ff6a6d4|cet4-0da76cc3b802|cet4-02154357d850|cet4-e3a41e1bf09d|cet4-066b8a5257a6|cet4-b434f9e0b8d7|cet4-0cf9a25e4601|cet4-07031d06228f|cet4-b88879d2a8a4|cet4-0820eb4fa767|cet4-432cf5ecfcdd|cet4-374a27ca47bc|cet4-ac4ba2e3c516|cet4-3c53f0314464|cet4-991733aab897|cet4-62379e352b0b|cet4-61e860aadbfb,45,18,planned,380,3,4,45
CH046,46,The First Real Deadline: Evidence on the Table,第一个真实期限：摆上桌面的证据,求职、职场与职业发展,"At a career fair and civic-tech internship, the group works to deliver useful work for real users. The team gathers and compares evidence instead of relying on assumptions. The immediate pressure comes from career pressure and a rushed release; the chapter must move toward the team accepts professional accountability without resolving the entire arc early.",cet4-7fabdd5d1502|cet4-cbda04f9ab50|cet4-8852599aebcc|cet4-fce5f6193a3c|cet4-213073beda36|cet4-83171144c295|cet4-36f28b7c1b62|cet4-0a99c1960f86|cet4-46d23a39ddf0|cet4-360ec6c9a7db|cet4-9adf0a924dd0|cet4-d862e2607008|cet4-e3b7ed983084|cet4-3ebec5952fb7|cet4-0090163f8afe|cet4-1ffe2420ca4e|cet4-c48f15a59098|cet4-b7af9bbe2cbd|cet4-123035e8aea4|cet4-16ae5f86e083|cet4-fa5f60a4ab13|cet4-fc29657d18f2|cet4-cf87512dcb19|cet4-d346d17433fb|cet4-02ae6df96374|cet4-08a636b7e072|cet4-abf80d630308|cet4-4acee041c8b9|cet4-87d11301c17f|cet4-81f8e05a842f|cet4-022be56116c0|cet4-f850a65856d0|cet4-b474fc5de7bf|cet4-c28b1ff383e5|cet4-1a8c0389d374|cet4-848cf907dd86|cet4-f6c8356a177d|cet4-224d37fb76c6|cet4-1ec6423d8ea8|cet4-f97463952316|cet4-590aa8aac281|cet4-0ccacf9d24da|cet4-4c5825ea0655|cet4-6a5ef6c4d835|cet4-f3f552d3745e,cet4-d51a89965fc1|cet4-5357b1976ff1|cet4-fff874eed340|cet4-2ed31c829025|cet4-cfefecffb806|cet4-da3fe8dad904|cet4-674efd8cb98e|cet4-114d7c48a385|cet4-ac9edc63cc5d|cet4-3be839e5b1d0|cet4-79973d9b1be9|cet4-937f39a4c55d|cet4-f2db2f8d3669|cet4-a8e1c0f21bb1|cet4-7ddd1c830d53|cet4-b1ca9214627b|cet4-315b6b4df8e6|cet4-cb3bb5442f5f,45,18,planned,380,3,4,46
CH047,47,The First Real Deadline: The Trial Run,第一个真实期限：第一次试行,求职、职场与职业发展,"At a career fair and civic-tech internship, the group works to deliver useful work for real users. A limited attempt produces useful results as well as a new constraint. The immediate pressure comes from career pressure and a rushed release; the chapter must move toward the team accepts professional accountability without resolving the entire arc early.",cet4-3730ee3dc8d7|cet4-3972b27d850e|cet4-1afbfdb3cffb|cet4-b7cbda043743|cet4-6e7cd4fca33e|cet4-9b7f5d04fa42|cet4-f54f80d12871|cet4-d6fa0c8c60b9|cet4-4001a39ec9de|cet4-11e65cad3e70|cet4-6ee748dbefdc|cet4-bf434aa6c368|cet4-7b5066503181|cet4-cfef72a342b0|cet4-ebfdbb27c582|cet4-5dcf3b203909|cet4-35b26b8124c1|cet4-0c369cce7d5d|cet4-27e28fb382bb|cet4-dbfc015040d1|cet4-6a1b97eb6541|cet4-942cb69bf6b8|cet4-a57157036a80|cet4-1d5c76ecf62a|cet4-2205c4a33895|cet4-54721f646145|cet4-94a2bbc84a3c|cet4-903f94555440|cet4-8efaeb52362b|cet4-eda7b679e689|cet4-43e31f671efa|cet4-21007e70a180|cet4-0bb01488cdc0|cet4-16cca925826b|cet4-8e00974f5be9|cet4-9a15b6801c36|cet4-702be71a518a|cet4-86259c4a3915|cet4-04c83f8fe5e0|cet4-1c871c8f0289|cet4-10743d1a9108|cet4-0f1e96410c02|cet4-cc390247a883|cet4-67014ecf191d|cet4-90be1a790a78,cet4-cf4cf240db55|cet4-846a8ff6a6d4|cet4-d07f3be24ace|cet4-ce8836020b74|cet4-7f51590e04ea|cet4-cbda04f9ab50|cet4-9c139839f32a|cet4-7fabdd5d1502|cet4-099c8235a8ea|cet4-1c4ac903832f|cet4-8852599aebcc|cet4-7d8f5a67cd47|cet4-ed70f17ab313|cet4-37a921b488cc|cet4-91655af15ff9|cet4-62379e352b0b|cet4-8887bc353756|cet4-71917bb990fe,45,18,planned,380,3,4,47
CH048,48,The First Real Deadline: Pressure Builds,第一个真实期限：压力上升,求职、职场与职业发展,"At a career fair and civic-tech internship, the group works to deliver useful work for real users. Time, money, health, or trust makes the original plan harder to maintain. The immediate pressure comes from career pressure and a rushed release; the chapter must move toward the team accepts professional accountability without resolving the entire arc early.",cet4-c9af624341c5|cet4-907f46deaa16|cet4-43c23e16aa55|cet4-ee102b8be1ab|cet4-222df13143fd|cet4-a72c80aa6395|cet4-26d7ecaa51c2|cet4-6b82d4a64c48|cet4-e26798ec18ae|cet4-8fae77822758|cet4-6a17a6729db3|cet4-80163f5edd85|cet4-bb0e0b67c3ce|cet4-9e01fa8590c2|cet4-bbe709015c37|cet4-88bdb45fc91b|cet4-f24db43dc56d|cet4-6e6790828e61|cet4-19d62e52416d|cet4-a1d2837c7bd1|cet4-a274c52ba468|cet4-cb7c4b607b7b|cet4-fcfc39e1aac1|cet4-2cdf6fdf48c8|cet4-190d54ecd090|cet4-c10a6aa548b0|cet4-b8afb1d6cd2e|cet4-0bb7eefa5f8f|cet4-9c2949a6ab0f|cet4-33b989fa04f9|cet4-729def3ec3e0|cet4-0b34acab4545|cet4-91d1f8951f52|cet4-f62d6871e30d|cet4-4a99b96bc534|cet4-0c181f383b8d|cet4-38209cd0ae07|cet4-d82fbde5b6a9|cet4-4d0bc8d5a086|cet4-6e85d61b65b3|cet4-6903b2886385|cet4-507ad92371e2|cet4-319e39243ed8|cet4-cf8fd1b84046|cet4-1aab4797cff5,cet4-51728579ccac|cet4-d51a89965fc1|cet4-5d6dbf060ea7|cet4-5777f0734e92|cet4-3e7cbe085a59|cet4-f45f609061dc|cet4-cfefecffb806|cet4-43d9186d8522|cet4-260f654f8ac3|cet4-610245fdab8d|cet4-aef4833f6276|cet4-4339b20a58fa|cet4-ab498e8e018b|cet4-60be4ab9006d|cet4-6814aab7c57e|cet4-3730ee3dc8d7|cet4-7ddd1c830d53|cet4-8e83c41df849,45,18,planned,380,3,4,48
CH049,49,The First Real Deadline: The Disagreement,第一个真实期限：分歧,求职、职场与职业发展,"At a career fair and civic-tech internship, the group works to deliver useful work for real users. Two defensible priorities conflict and the characters must explain their motives. The immediate pressure comes from career pressure and a rushed release; the chapter must move toward the team accepts professional accountability without resolving the entire arc early.",cet4-229e3423dd11|cet4-a1483f286384|cet4-955bb8aed026|cet4-3b70bcf2ea7a|cet4-ea647fd9b282|cet4-68ec5353bc00|cet4-b181fb1f727c|cet4-cc04e84e2e6a|cet4-aa74099bb5c7|cet4-e69e1c0b0d07|cet4-4ae1dab80686|cet4-c938475cef3c|cet4-ba7360f086cc|cet4-dc14e9624434|cet4-1f0c731d3ab0|cet4-7b459c6b1380|cet4-c9dbb4f3836d|cet4-daf199b071d5|cet4-53614a77f40a|cet4-7b5939f40d92|cet4-1f0f6a27eefe|cet4-c14d5338d656|cet4-238d33dd87bc|cet4-136386ef436f|cet4-d209a030dbd4|cet4-5cc881910de6|cet4-43dec5ab3e4c|cet4-8312877e1134|cet4-778883e7714a|cet4-69b3afd661f3|cet4-6638fbc2976d|cet4-534c60f02158|cet4-cd6565288e8e|cet4-7159da88eb81|cet4-d1642c8b402b|cet4-30a40259a933|cet4-1d5d5df1073e|cet4-adc229f41da4|cet4-1648fd9899ac|cet4-452a6f651354|cet4-0fb2ac83bf55|cet4-af0765a94416|cet4-cf01e913d15a|cet4-dcf5a5fa19cb|cet4-67a876adff78,cet4-67291d7dc46f|cet4-7f250a6d615d|cet4-fce5f6193a3c|cet4-222df13143fd|cet4-a72c80aa6395|cet4-43c23e16aa55|cet4-213073beda36|cet4-c9af624341c5|cet4-907f46deaa16|cet4-26d7ecaa51c2|cet4-cbda04f9ab50|cet4-7fabdd5d1502|cet4-b81f7e02bafe|cet4-e751da2c2177|cet4-ee102b8be1ab|cet4-4e890b294a27|cet4-d4d5892f178b|cet4-8852599aebcc,45,18,planned,380,3,4,49
CH050,50,The First Real Deadline: What the Numbers Hide,第一个真实期限：数字隐藏了什么,求职、职场与职业发展,"At a career fair and civic-tech internship, the group works to deliver useful work for real users. Quantitative evidence is checked against lived experience and context. The immediate pressure comes from career pressure and a rushed release; the chapter must move toward the team accepts professional accountability without resolving the entire arc early.",cet4-434009d5278d|cet4-4a8754a102dd|cet4-f3c4c806eaa0|cet4-73ba6abad06d|cet4-269d1e0dc514|cet4-c77531bbe2f7|cet4-649a19da8482|cet4-4bc887b32a72|cet4-963c4aa1dfc4|cet4-c30e4ac4ec54|cet4-8de5a78b42c6|cet4-9435467dc0d2|cet4-e4e46c95589d|cet4-926b2ff8cf76|cet4-447a19621f0a|cet4-6cc12e9ca9e4|cet4-73d738805676|cet4-8b1c18ff0d5a|cet4-e45f8050c468|cet4-80122f35d09b|cet4-9df9c4d2028b|cet4-429dca7d1cd1|cet4-d3f6f2aa7d27|cet4-809acbee6dd2|cet4-a221eb464f15|cet4-3e86cc92d02c|cet4-8137a97dfd9b|cet4-bf9f42225178|cet4-9b4f16149d85|cet4-48ebc8464983|cet4-99afdb181efa|cet4-86540ecd358a|cet4-46d2adff6280|cet4-097dfd9b220f|cet4-7978885b1333|cet4-e01161ec943b|cet4-5e91d3bec4a3|cet4-1e3a99156fac|cet4-0cd197639d1e|cet4-31dabc805523|cet4-15567fce50cd|cet4-0d9cd4e70070|cet4-72fa72ae9be7|cet4-7a80c7774706|cet4-61e251afd4d9,cet4-b82f5ed245da|cet4-a1483f286384|cet4-5357b1976ff1|cet4-a2d3600d0862|cet4-3200fa9a2181|cet4-b048b7e4351e|cet4-5d5b983e4ab0|cet4-08e0d34c3314|cet4-27a930602d0e|cet4-0134298b0086|cet4-955bb8aed026|cet4-db7b4acb3846|cet4-3b70bcf2ea7a|cet4-3730ee3dc8d7|cet4-a8e1c0f21bb1|cet4-75e932b10e8c|cet4-ba288ba202dc|cet4-229e3423dd11,45,18,planned,380,3,4,50
CH051,51,The First Real Deadline: A Better Question,第一个真实期限：更好的问题,求职、职场与职业发展,"At a career fair and civic-tech internship, the group works to deliver useful work for real users. The group reframes the problem after recognizing a false assumption. The immediate pressure comes from career pressure and a rushed release; the chapter must move toward the team accepts professional accountability without resolving the entire arc early.",cet4-2d61200e9c50|cet4-758283c61d0f|cet4-9351ae89ac46|cet4-439d44dbd606|cet4-3daf24eaed7f|cet4-e5ef4f205541|cet4-70647a83d191|cet4-701603eb6294|cet4-1b133edb137a|cet4-42423b7bdeac|cet4-26f89183f965|cet4-61de8dd11bd7|cet4-0fb85bda1b89|cet4-0e084e9c2313|cet4-e3eb8e603796|cet4-98a7ef926be2|cet4-b0ffb39c67d6|cet4-b9d07eab16e3|cet4-87ed0a7bae4b|cet4-4ac24f907495|cet4-4888da16114c|cet4-7d9a3ec05238|cet4-ffbcffa067fe|cet4-d309d6888ac5|cet4-0a1353150893|cet4-34ea673ddf44|cet4-d61bfe5d3884|cet4-7244182baf30|cet4-75ce5f28e8cb|cet4-8d91ec1ba6ce|cet4-7b6b63ae2c47|cet4-ffadd03b2a93|cet4-92e71f672b82|cet4-d050649826ac|cet4-33833b8c93b1|cet4-4bf248f8b205|cet4-afc9160b2dc7|cet4-a83cce26e26f|cet4-7f6a5bf766c3|cet4-430c72c1fb24|cet4-07cc4200d1da|cet4-8baffa5650b9|cet4-fa9a32264131|cet4-2558bf9368fa|cet4-dbe12ceb2261,cet4-846a8ff6a6d4|cet4-e0fe2dbd8682|cet4-222df13143fd|cet4-a72c80aa6395|cet4-43c23e16aa55|cet4-661ef7282388|cet4-dbf8bd500080|cet4-c9af624341c5|cet4-907f46deaa16|cet4-db8b8595778a|cet4-eee725f7f919|cet4-816ab7533847|cet4-59ce9887d9df|cet4-ee102b8be1ab|cet4-b727a6543b18|cet4-07031d06228f|cet4-96de751458ed|cet4-62379e352b0b,45,18,planned,380,3,4,51
CH052,52,The First Real Deadline: The Second Attempt,第一个真实期限：第二次尝试,求职、职场与职业发展,"At a career fair and civic-tech internship, the group works to deliver useful work for real users. A revised approach is tested under more realistic conditions. The immediate pressure comes from career pressure and a rushed release; the chapter must move toward the team accepts professional accountability without resolving the entire arc early.",cet4-27944caebdfb|cet4-d0799f50a736|cet4-fa941316c68e|cet4-a15817580fbf|cet4-e1913454109c|cet4-472cb3afb1d0|cet4-b2ce8817ccf3|cet4-c4afdf7b7deb|cet4-0f387cf47f47|cet4-d8b5176d72ad|cet4-0e95d229d0b0|cet4-590466048f93|cet4-1fc3bf47ca27|cet4-7ea308b68b90|cet4-c93147914c98|cet4-bd6aea327609|cet4-16d32662c2bb|cet4-bae723503fb0|cet4-034876060610|cet4-b3efed0442f0|cet4-99f36910fb59|cet4-ddaf6ed3d056|cet4-eaa9dd8b8a2a|cet4-9d33ecbfcae8|cet4-39a82542bfd3|cet4-2eb66e39904b|cet4-ee9fc6614ac7|cet4-9ab676169282|cet4-8dfa7d0ebab5|cet4-720283c35eaa|cet4-07d6b698c84b|cet4-3c5340e15a4f|cet4-f231a8273232|cet4-f21a12f0c20e|cet4-95b9b2e52b7f|cet4-302416549e05|cet4-e70475ac3567|cet4-f8a23738e373|cet4-cb32c2c46d4f|cet4-0e5068e991e8|cet4-587c938fed40|cet4-d2188f544c71|cet4-891dd2bcd486|cet4-50dd56dcf999|cet4-5081633f060b,cet4-a1483f286384|cet4-d51a89965fc1|cet4-f45f609061dc|cet4-88a94fd78bc0|cet4-cfefecffb806|cet4-22cd2af313b0|cet4-758283c61d0f|cet4-2d61200e9c50|cet4-955bb8aed026|cet4-0820eb4fa767|cet4-432cf5ecfcdd|cet4-3b70bcf2ea7a|cet4-3c53f0314464|cet4-9351ae89ac46|cet4-7ddd1c830d53|cet4-229e3423dd11|cet4-92ad5b794647|cet4-61e860aadbfb,45,18,planned,380,3,4,52
CH053,53,The First Real Deadline: Outside Pressure,第一个真实期限：外部压力,求职、职场与职业发展,"At a career fair and civic-tech internship, the group works to deliver useful work for real users. An institution or stakeholder imposes a condition the team cannot ignore. The immediate pressure comes from career pressure and a rushed release; the chapter must move toward the team accepts professional accountability without resolving the entire arc early.",cet4-3debd81f89a2|cet4-b12e2b564ef5|cet4-a73d505c26e6|cet4-71213d57c08b|cet4-132a2ec633bf|cet4-5c6c068a5df0|cet4-d2da45cfbc37|cet4-48033fa22e66|cet4-192539472b7f|cet4-7c81398a544e|cet4-af69c637b198|cet4-283059f0fe1a|cet4-20b93194c291|cet4-65063014b067|cet4-79b15bd2c601|cet4-e189807f3e18|cet4-7d0ed183b642|cet4-4c319d516f11|cet4-dcdd47c49552|cet4-e67ec9482272|cet4-1a1a28c87bbe|cet4-c2e6c919d91d|cet4-a7428eda7f09|cet4-3103cf165c93|cet4-a18c6f96680c|cet4-11d2c690deaf|cet4-0c12c338a9f9|cet4-70d52171445b|cet4-38c641b492e2|cet4-0e60c36b21b3|cet4-2a7fbd136bb3|cet4-b102392292c1|cet4-ce67cba9babd|cet4-c34368abd865|cet4-834ca7d49ef6|cet4-8dae3702f807|cet4-f4750f5d244a|cet4-63247b07e837|cet4-5b7d9517e2f2|cet4-9ee7fc48a52f|cet4-994cd0ae1443|cet4-80672144f9ca|cet4-81c547f4edc2|cet4-2d0d37bb9bb2|cet4-d16df586a0be,cet4-72a079f63884|cet4-ac9a25367562|cet4-d0799f50a736|cet4-2ed31c829025|cet4-fce5f6193a3c|cet4-9eebb05b23f0|cet4-7218a6b03721|cet4-434009d5278d|cet4-213073beda36|cet4-cbda04f9ab50|cet4-7fabdd5d1502|cet4-114d7c48a385|cet4-8852599aebcc|cet4-fff1686c78ca|cet4-27944caebdfb|cet4-56ea73e63122|cet4-fa941316c68e|cet4-ef8b1d2cc5fe,45,18,planned,380,3,4,53
CH054,54,The First Real Deadline: The Decision,第一个真实期限：决定,求职、职场与职业发展,"At a career fair and civic-tech internship, the group works to deliver useful work for real users. The characters choose a course of action and accept a specific cost. The immediate pressure comes from career pressure and a rushed release; the chapter must move toward the team accepts professional accountability without resolving the entire arc early.",cet4-a1cef7f9447c|cet4-87ae4183d803|cet4-098bc370bb89|cet4-ddcf59844669|cet4-6dd3e88c65f8|cet4-1c0cf3f398c9|cet4-e11b2dd98af2|cet4-de9a7cd7a9b5|cet4-12a53c9aee08|cet4-6ed7c75c4916|cet4-4487825beddb|cet4-b5556f808576|cet4-520afebb5a38|cet4-7dbea7818214|cet4-c3c8f0a91d57|cet4-bc79dbba62b2|cet4-d6e9fea2ec34|cet4-cf0d256066f5|cet4-feeed3a197f2|cet4-0be3172b599a|cet4-195aba0232d9|cet4-8d9b08cb2ae9|cet4-b73189931874|cet4-5a410a9b7184|cet4-0d09c347ee12|cet4-8e14299a61b5|cet4-224632f454d5|cet4-ec7b949a0a7f|cet4-bfb09ad4e785|cet4-35d9504ed207|cet4-6147ab2112c5|cet4-1cf247d8651f|cet4-578d2fb94157|cet4-cf46f1532359|cet4-23ae9be59e47|cet4-1571f515402e|cet4-4f7f138e3e81|cet4-db3154d1c7ba|cet4-52817a130266|cet4-007aee077b01|cet4-a5d38282c8f2|cet4-78b05189431b|cet4-9aeb5fd8c880|cet4-ded067d62aae|cet4-ab1fad1cb4a7,cet4-cf4cf240db55|cet4-3debd81f89a2|cet4-b12e2b564ef5|cet4-ce8836020b74|cet4-0573736042e5|cet4-1c4ac903832f|cet4-3daf24eaed7f|cet4-439d44dbd606|cet4-758283c61d0f|cet4-2d61200e9c50|cet4-b9ebf21c6961|cet4-c2569081022f|cet4-ed70f17ab313|cet4-57d41b69401d|cet4-6295a2124423|cet4-3730ee3dc8d7|cet4-18b9c39c62eb|cet4-9351ae89ac46,45,18,planned,380,3,4,54
CH055,55,The First Real Deadline: Consequences,第一个真实期限：后果,求职、职场与职业发展,"At a career fair and civic-tech internship, the group works to deliver useful work for real users. The decision changes relationships, evidence, and the next available choices. The immediate pressure comes from career pressure and a rushed release; the chapter must move toward the team accepts professional accountability without resolving the entire arc early.",cet4-f9ff83dc7e71|cet4-a1fbbc25e586|cet4-60f22e562719|cet4-8696d1674b81|cet4-ec60d5845622|cet4-fa0288c15be2|cet4-c01d91b0258c|cet4-30aebf75049d|cet4-29b06c03f5a7|cet4-bbb5418fc362|cet4-b93c86af568a|cet4-da35a1241f39|cet4-e97ccdf124aa|cet4-e5c77a55704f|cet4-5b10c81150ef|cet4-1c3cd9d573cf|cet4-cb65be6524f5|cet4-17b135c2f657|cet4-e66eef0ea435|cet4-3277a3e706a3|cet4-538030f3a276|cet4-8656b4f95a76|cet4-1f045094cc0b|cet4-84398a7b1170|cet4-de7d136dee36|cet4-8dea4de6d179|cet4-22f28fd6aeb4|cet4-7940b5af17ab|cet4-9fd63f2fca84|cet4-497e538e4218|cet4-ae11543a6060|cet4-cb63cd8a5791|cet4-f9ffd44be833|cet4-731a69e60854|cet4-6df6dfa831eb|cet4-8ca0ff3cdad3|cet4-4a21e04d8fe0|cet4-1b276e5cb5df|cet4-da90acac889c|cet4-ee180c1685d3|cet4-6aafaf823133|cet4-c29612b5e3d5|cet4-aec23423b20d|cet4-67edadc05bbf|cet4-6d21a52ed9fb,cet4-958d73790243|cet4-87ae4183d803|cet4-222df13143fd|cet4-a72c80aa6395|cet4-43c23e16aa55|cet4-c9af624341c5|cet4-907f46deaa16|cet4-ddcf59844669|cet4-43d9186d8522|cet4-6dd3e88c65f8|cet4-ee102b8be1ab|cet4-60be4ab9006d|cet4-4a0267a8edc9|cet4-c3b160380fa8|cet4-098bc370bb89|cet4-1c0cf3f398c9|cet4-f383daa6d03a|cet4-a1cef7f9447c,45,18,planned,380,3,4,55
CH056,56,The First Real Deadline: The Bridge Forward,第一个真实期限：通向下一程,求职、职场与职业发展,"At a career fair and civic-tech internship, the group works to deliver useful work for real users. The arc closes with an unresolved consequence that launches the next stage. The immediate pressure comes from career pressure and a rushed release; the chapter must move toward the team accepts professional accountability without resolving the entire arc early.",cet4-a825eeaec4c7|cet4-a203910495eb|cet4-93ed19409881|cet4-1fb791c838c2|cet4-e19b2352b67b|cet4-2b825f293692|cet4-462f314b39ad|cet4-ef223c67b535|cet4-315abac5c33f|cet4-48ebeab2f3c5|cet4-f6953a468472|cet4-351fcd10376d|cet4-8ff37d817adb|cet4-c5dd0db03b57|cet4-426de008c3bf|cet4-c71c88354d51|cet4-3a882d244359|cet4-73e03a5831b0|cet4-5ed58cfa8f05|cet4-570de92585bd|cet4-0bbb205a6003|cet4-80692e3e402f|cet4-7bcc22abd8b3|cet4-d9d7c8d57233|cet4-a4f13097a15a|cet4-3d8468fcfe35|cet4-e80801fddeb4|cet4-41786d1d92b9|cet4-e445dfef9e76|cet4-385f1cdc575e|cet4-caa9096d0fbf|cet4-2009e8775bcd|cet4-e0b3040a9c58|cet4-99a443b077f4|cet4-1b76792d1584|cet4-46e07ad88b13|cet4-f7efecdbcd7a|cet4-3cac30e49577|cet4-10cc00f2bb0f|cet4-eb81e49b19db|cet4-059364f9167b|cet4-51c7da3a6fe5|cet4-d6d110a273c1|cet4-bca51a2a88bc|cet4-81334e69d843,cet4-a1483f286384|cet4-96fc306a15a2|cet4-60f22e562719|cet4-71213d57c08b|cet4-3debd81f89a2|cet4-b12e2b564ef5|cet4-8696d1674b81|cet4-a73d505c26e6|cet4-654c66567801|cet4-2608bdb00311|cet4-a1fbbc25e586|cet4-955bb8aed026|cet4-f9ff83dc7e71|cet4-91a6a09d37d2|cet4-3b70bcf2ea7a|cet4-1b007426b542|cet4-229e3423dd11|cet4-f0f99891fa22,45,18,planned,380,3,4,56
CH057,57,Across Borders: A Signal,跨越边界：一个信号,旅行、交通与文化交流,"At rail routes and an exchange campus, the group works to adapt the project across languages and systems. The characters encounter the arc's central problem through a concrete consequence. The immediate pressure comes from transport disruption and cultural assumptions; the chapter must move toward Aisha becomes a continuing collaborator without resolving the entire arc early.",cet4-cd724f449c1c|cet4-bec31125fb47|cet4-4be6346bb2e2|cet4-2c9e0aee5abb|cet4-28d8e8c65ee0|cet4-f5ce263f7169|cet4-a8571e8a8eb4|cet4-d46a7c79396b|cet4-a3959c1d65cf|cet4-49a6eb11035f|cet4-85257456c3ab|cet4-65dd6f173fe8|cet4-4e83f5fcd577|cet4-22e6a84f4508|cet4-826d6c83ee4c|cet4-523a135c5f1b|cet4-bca385c190c6|cet4-609d86f0b709|cet4-c4c39d423699|cet4-59b28482329a|cet4-fd07e39ea825|cet4-567cfb6073ab|cet4-33c0588a40f1|cet4-2f4a4260512f|cet4-3fb54e50a89a|cet4-19a3162adb51|cet4-33955f5dc021|cet4-a616e8461825|cet4-3e962c8046fa|cet4-d459521ae5c4|cet4-78b8cfa60c7d|cet4-0e50ad622569|cet4-ac18e15c3995|cet4-b0965b508b43|cet4-910f75c902a0|cet4-18469cd2fe82|cet4-647aa012170f|cet4-e4e30194722d|cet4-67c542eb0ac9|cet4-25e088876096|cet4-8c17d4711619|cet4-15fa0937fb83|cet4-19ea3ddbc826|cet4-b4a0844c12dd|cet4-14120bdda325,cet4-5357b1976ff1|cet4-87ae4183d803|cet4-e19b2352b67b|cet4-4865047a17cd|cet4-28328fdb3432|cet4-ddcf59844669|cet4-93ed19409881|cet4-08e0d34c3314|cet4-6dd3e88c65f8|cet4-1fb791c838c2|cet4-2b825f293692|cet4-098bc370bb89|cet4-1c0cf3f398c9|cet4-a8e1c0f21bb1|cet4-eeae964ffee9|cet4-a825eeaec4c7|cet4-a1cef7f9447c|cet4-a203910495eb,45,18,planned,380,3,5,57
CH058,58,Across Borders: The First Promise,跨越边界：第一次承诺,旅行、交通与文化交流,"At rail routes and an exchange campus, the group works to adapt the project across languages and systems. They define an immediate goal and commit resources before all risks are visible. The immediate pressure comes from transport disruption and cultural assumptions; the chapter must move toward Aisha becomes a continuing collaborator without resolving the entire arc early.",cet4-4bf1a7838bdc|cet4-f89cd7f82c2b|cet4-2956c71b4480|cet4-ed77a422d28b|cet4-5ce0ad1d5554|cet4-4f282631aeb7|cet4-21475a8ef46a|cet4-ec60f4f6e641|cet4-8287e6f2369b|cet4-f7faee16ae46|cet4-b2ef3c8ce7ae|cet4-a7c77c856add|cet4-2e4f34009cf1|cet4-b5c736349181|cet4-670817a737f4|cet4-a9fae7d5ac90|cet4-a59b90df8686|cet4-53a6c2842c31|cet4-d3261c557f87|cet4-012869b62519|cet4-6b558e690230|cet4-2070564ad5ce|cet4-deaea6e5a55b|cet4-a483a9d43211|cet4-a6664ef60efe|cet4-915d0901d7af|cet4-7c783b7ecf0c|cet4-e47896a96fc3|cet4-d6fff77cf3c3|cet4-0fe6aa9440cb|cet4-f9d254158103|cet4-ed14c23c7a3d|cet4-d0ddf92d79d0|cet4-adedd266b5c5|cet4-a5e96a9a2a67|cet4-01293dd239d9|cet4-156abfd38431|cet4-05e1678a741a|cet4-cedff563f6da|cet4-7f69c011f0ef|cet4-26e23d3986e6|cet4-ffc7a16f843e|cet4-9aabad66a113|cet4-f70a952cc51a|cet4-fca432e3ab66,cet4-7142203b3a4d|cet4-846a8ff6a6d4|cet4-e3a41e1bf09d|cet4-cd724f449c1c|cet4-066b8a5257a6|cet4-3daf24eaed7f|cet4-439d44dbd606|cet4-758283c61d0f|cet4-2d61200e9c50|cet4-a1fbbc25e586|cet4-07031d06228f|cet4-bec31125fb47|cet4-f451c624754f|cet4-f9ff83dc7e71|cet4-374a27ca47bc|cet4-4be6346bb2e2|cet4-9351ae89ac46|cet4-62379e352b0b,45,18,planned,380,3,5,58
CH059,59,Across Borders: A Missing Voice,跨越边界：缺席的声音,旅行、交通与文化交流,"At rail routes and an exchange campus, the group works to adapt the project across languages and systems. A person affected by the plan reveals information the group overlooked. The immediate pressure comes from transport disruption and cultural assumptions; the chapter must move toward Aisha becomes a continuing collaborator without resolving the entire arc early.",cet4-77afbe5fb37b|cet4-6a1cd6d39825|cet4-48a50794e0d9|cet4-b14af0780725|cet4-105f4a901a8f|cet4-b7b1476973b9|cet4-fc80132b5dd0|cet4-489fbd98fea5|cet4-2275c200a022|cet4-b4d9b83b180c|cet4-a873fa45df84|cet4-f718819a4558|cet4-01059f903d2b|cet4-c97c2fbc2459|cet4-03423a7bf110|cet4-3b0f1832e08b|cet4-9df3d1df03d6|cet4-7f645d134752|cet4-0f5d98adde42|cet4-02a2235c5404|cet4-5cefed615eed|cet4-9742ba6fea33|cet4-d773d6ae6477|cet4-a28ffc115dcf|cet4-22709a47f61c|cet4-2549823b97ce|cet4-5131dcf28d7b|cet4-43600fe4c4ee|cet4-14b06bd44bed|cet4-8182309ed32a|cet4-e7b3bf4f6432|cet4-4aeda98eb657|cet4-99361c54c079|cet4-20c0036e97a2|cet4-1564063ed9c5|cet4-5ad3d283c3ba|cet4-91c583a7eeec|cet4-42baf192d74d|cet4-b5d9eac87569|cet4-e86d99725a36|cet4-fd2f518786f7|cet4-bf33d23d6d9f|cet4-fe7b7d996e97|cet4-140987b14516|cet4-0cc0b0cddb6d,cet4-d51a89965fc1|cet4-f45f609061dc|cet4-d0799f50a736|cet4-e19b2352b67b|cet4-cfefecffb806|cet4-2956c71b4480|cet4-1e0aa6447ab4|cet4-93ed19409881|cet4-1fb791c838c2|cet4-f92e0d8dade8|cet4-27944caebdfb|cet4-2b825f293692|cet4-f89cd7f82c2b|cet4-32ecf43b0e93|cet4-4bf1a7838bdc|cet4-7ddd1c830d53|cet4-a825eeaec4c7|cet4-a203910495eb,45,18,planned,380,3,5,59
CH060,60,Across Borders: Evidence on the Table,跨越边界：摆上桌面的证据,旅行、交通与文化交流,"At rail routes and an exchange campus, the group works to adapt the project across languages and systems. The team gathers and compares evidence instead of relying on assumptions. The immediate pressure comes from transport disruption and cultural assumptions; the chapter must move toward Aisha becomes a continuing collaborator without resolving the entire arc early.",cet4-5bf6244b556d|cet4-6c1f79dde65f|cet4-f5b836e76dc7|cet4-f0a45402a53a|cet4-c7621e975128|cet4-efe15c456080|cet4-aad5b262f37a|cet4-d85de2ba66a8|cet4-9ff6ebb12cb8|cet4-2fcd04a557d1|cet4-210f0b26d10e|cet4-418949639891|cet4-651a544daebf|cet4-9af210dde620|cet4-4ab4f79a69d2|cet4-aac26b5438b0|cet4-6371e287cab1|cet4-bfe4325e0f64|cet4-dc58cd053eea|cet4-c63288534972|cet4-152695a2e59b|cet4-a1f38aedb07e|cet4-6e6b3d9f046f|cet4-1e50332ee93f|cet4-dafdef72b3a9|cet4-99cdb50cc882|cet4-700b99acba68|cet4-74597f46294b|cet4-8ac44aba9757|cet4-ddc6db75498a|cet4-b1ef3f8de3a8|cet4-3c6109df4938|cet4-2a3c1a9fc999|cet4-73d8a7ed18bb|cet4-1d2b0d3d062a|cet4-cf8b74a4052c|cet4-83c328b47a03|cet4-a720ac9e5835|cet4-a4df91d272c4|cet4-ed72a7a076fa|cet4-edcb01638d27|cet4-2edca7b1dccf|cet4-52ffc363157e|cet4-4418f329401a|cet4-05d9ede28288,cet4-27fbdb81522b|cet4-3debd81f89a2|cet4-fce5f6193a3c|cet4-ba5aca684ed4|cet4-b12e2b564ef5|cet4-cbda04f9ab50|cet4-2c9e0aee5abb|cet4-cd724f449c1c|cet4-7fabdd5d1502|cet4-a73d505c26e6|cet4-4995847febe2|cet4-bec31125fb47|cet4-2ebb4ff9d958|cet4-8852599aebcc|cet4-7eac875425b9|cet4-4be6346bb2e2|cet4-9b8ff1ae92dc|cet4-9b2cc10a7645,45,18,planned,380,3,5,60
CH061,61,Across Borders: The Trial Run,跨越边界：第一次试行,旅行、交通与文化交流,"At rail routes and an exchange campus, the group works to adapt the project across languages and systems. A limited attempt produces useful results as well as a new constraint. The immediate pressure comes from transport disruption and cultural assumptions; the chapter must move toward Aisha becomes a continuing collaborator without resolving the entire arc early.",cet4-c3d7bcfc98d4|cet4-dbe4d91870a9|cet4-f6b78fa5d069|cet4-15d4ea664bdb|cet4-41a3390d5426|cet4-96e7c4e59f63|cet4-f337dc78d851|cet4-b5f08ba7a926|cet4-e312734e7d48|cet4-aa0679f40c4f|cet4-cdf2adc63a03|cet4-60b937cf9182|cet4-eb19aa5393d5|cet4-4ea36302a5cc|cet4-e1c39564d671|cet4-8c6b5f117fad|cet4-540b532c4ea3|cet4-447c3342f39d|cet4-27e6e91fc13c|cet4-50ace2649cd6|cet4-50518a15a3fe|cet4-8bdb7a0a3f3e|cet4-71d15992fe62|cet4-4c459cfa3c60|cet4-4d1b71d373b0|cet4-4f7f6f43a099|cet4-8949f731ffa9|cet4-949ba1c3e976|cet4-774f3addca07|cet4-ac376d8be7d7|cet4-9468094f7b90|cet4-4fb54257a10c|cet4-40ef22242ab8|cet4-ccbb237dba01|cet4-81c5e75723fb|cet4-6bff8617d557|cet4-b51e78039242|cet4-66569838b0ed|cet4-ec573fea3c42|cet4-6a7b1b543cc7|cet4-868b0e1f19bc|cet4-adb872cdea97|cet4-8f12b5747b50|cet4-699ded2d166e|cet4-1e3a10e5324b,cet4-3ae21ba37a50|cet4-5bf6244b556d|cet4-f5b836e76dc7|cet4-87ae4183d803|cet4-c7621e975128|cet4-02154357d850|cet4-2956c71b4480|cet4-ddcf59844669|cet4-6c1f79dde65f|cet4-6dd3e88c65f8|cet4-f0a45402a53a|cet4-f89cd7f82c2b|cet4-b88879d2a8a4|cet4-098bc370bb89|cet4-efe15c456080|cet4-3730ee3dc8d7|cet4-4bf1a7838bdc|cet4-a1cef7f9447c,45,18,planned,380,3,5,61
CH062,62,Across Borders: Pressure Builds,跨越边界：压力上升,旅行、交通与文化交流,"At rail routes and an exchange campus, the group works to adapt the project across languages and systems. Time, money, health, or trust makes the original plan harder to maintain. The immediate pressure comes from transport disruption and cultural assumptions; the chapter must move toward Aisha becomes a continuing collaborator without resolving the entire arc early.",cet4-c1057f739f3c|cet4-cf08e8fcd9a4|cet4-b8150fe76538|cet4-1f0f7bd617d7|cet4-8b84bef89c52|cet4-5f44ca0545af|cet4-b9f9c6e1097e|cet4-5d0c859700d7|cet4-c58460908d23|cet4-1f197590f5f3|cet4-f3e326ec400f|cet4-3146515875ff|cet4-b50817148079|cet4-72b6af3e21c8|cet4-7bc84018bdb2|cet4-94bcec44fe93|cet4-b410d29dba9a|cet4-13f5d6b49d9f|cet4-e6df27521df6|cet4-f82bce8f4e90|cet4-344dd0b9fe96|cet4-723c34d31741|cet4-8bed4f7303bb|cet4-14f2c8abc2fc|cet4-d4a37a2bd13c|cet4-7b14bfac2ba5|cet4-236b7b4d8f7c|cet4-a065ea79044a|cet4-af200b524624|cet4-59838c986a25|cet4-0da5a4a307a6|cet4-4e8ecdb07bcf|cet4-3dcb00478efc|cet4-627099f6dec4|cet4-9b3d5824e1f8|cet4-66dcc74de4d0|cet4-037866b05602|cet4-5da60c166612|cet4-3c5d9f022ac5|cet4-a256f9b572d1|cet4-07fd54a87e56|cet4-8aa4f90111b2|cet4-41154fbb171b|cet4-a3a5c470bda6|cet4-42a775a1a18a,cet4-f6b78fa5d069|cet4-222df13143fd|cet4-a72c80aa6395|cet4-43c23e16aa55|cet4-c9af624341c5|cet4-907f46deaa16|cet4-c3d7bcfc98d4|cet4-15d4ea664bdb|cet4-ee102b8be1ab|cet4-a1fbbc25e586|cet4-674efd8cb98e|cet4-dbe4d91870a9|cet4-f9ff83dc7e71|cet4-3be839e5b1d0|cet4-79973d9b1be9|cet4-f2db2f8d3669|cet4-b1ca9214627b|cet4-315b6b4df8e6,45,18,planned,380,3,5,62
CH063,63,Across Borders: The Disagreement,跨越边界：分歧,旅行、交通与文化交流,"At rail routes and an exchange campus, the group works to adapt the project across languages and systems. Two defensible priorities conflict and the characters must explain their motives. The immediate pressure comes from transport disruption and cultural assumptions; the chapter must move toward Aisha becomes a continuing collaborator without resolving the entire arc early.",cet4-65512593c8d9|cet4-4a9682dc96a0|cet4-0788e99a7665|cet4-57ce6f6e8ed6|cet4-d114caa2bfb4|cet4-344ecd6c573e|cet4-a134bc95e9f9|cet4-03329558323a|cet4-7366ef4f9fdf|cet4-eed5b1e7f636|cet4-bad3477ea9a7|cet4-f6d087536fa9|cet4-acb9c28f08be|cet4-21d367c40062|cet4-d2bbab203a1a|cet4-56369e3bf201|cet4-a19f8893df63|cet4-336fc59c0bf5|cet4-cec433600110|cet4-79a68053dd63|cet4-a0ad1b139cb5|cet4-d827d4259ab8|cet4-9b5d61881b96|cet4-e32efd4ba5d4|cet4-032577bf04d5|cet4-220b16fdcf4c|cet4-7fcb4d166546|cet4-5acc6e89e0c3|cet4-cfe18109c553|cet4-eb68e32585f2|cet4-c500998eddd8|cet4-92f7ff2d0c2c|cet4-78a098fbff06|cet4-bc580d4c04d8|cet4-f3da4fd7fac4|cet4-28c2a3141f60|cet4-03154fa83cad|cet4-aafe7cc465e2|cet4-efa116c53aa1|cet4-e4ca921b26c5|cet4-a3bbee416f01|cet4-9d433caf1790|cet4-4a69c558b1b5|cet4-a07a89303e74|cet4-f1e37efaf063,cet4-c1057f739f3c|cet4-a1483f286384|cet4-5bf6244b556d|cet4-f5b836e76dc7|cet4-d07f3be24ace|cet4-1fa9eeda946e|cet4-7f51590e04ea|cet4-9c139839f32a|cet4-93ed19409881|cet4-6c1f79dde65f|cet4-1fb791c838c2|cet4-7d8f5a67cd47|cet4-f0a45402a53a|cet4-91655af15ff9|cet4-a825eeaec4c7|cet4-229e3423dd11|cet4-8887bc353756|cet4-a203910495eb,45,18,planned,380,3,5,63
CH064,64,Across Borders: What the Numbers Hide,跨越边界：数字隐藏了什么,旅行、交通与文化交流,"At rail routes and an exchange campus, the group works to adapt the project across languages and systems. Quantitative evidence is checked against lived experience and context. The immediate pressure comes from transport disruption and cultural assumptions; the chapter must move toward Aisha becomes a continuing collaborator without resolving the entire arc early.",cet4-1608a20d27d7|cet4-2d162f7c0aed|cet4-6a74945b80a5|cet4-01b49a3c8c5a|cet4-afdb6619362f|cet4-e0bdf474bce6|cet4-a44ff4c4799b|cet4-b12c4bc83dc6|cet4-9bb6821e7bde|cet4-c782ee662309|cet4-e8cfe300109b|cet4-8674e713e987|cet4-2865c5804dfb|cet4-aa8424ab0bab|cet4-03fb881c1c8d|cet4-84e646adaa65|cet4-6ccc28bb01ed|cet4-971737da84e3|cet4-88317e3cdc86|cet4-a586df75c9b5|cet4-8fe9bf17e271|cet4-c0ccb4fe2c1e|cet4-03e1f5727d5d|cet4-91a9eaa41c1e|cet4-9cfee0e26e17|cet4-4b87af600d89|cet4-237b96ab7a3c|cet4-b4c50aacaf17|cet4-0ff41761b8dc|cet4-b85f2e920380|cet4-0584163ef27c|cet4-726db81ba1f0|cet4-3b918e4ae5c4|cet4-1abc3b29186e|cet4-c8fb7359ca83|cet4-1ab62ab9e4cf|cet4-bc52b96dcc4b|cet4-995993013ef3|cet4-9e00e5ebe7cb|cet4-474e298150bf|cet4-04442e6279f9|cet4-49960d919299|cet4-ef056c4722ab|cet4-c94607443560|cet4-d9764e928636,cet4-f6b78fa5d069|cet4-5d6dbf060ea7|cet4-5777f0734e92|cet4-3e7cbe085a59|cet4-2c9e0aee5abb|cet4-cd724f449c1c|cet4-260f654f8ac3|cet4-610245fdab8d|cet4-c3d7bcfc98d4|cet4-15d4ea664bdb|cet4-4339b20a58fa|cet4-bec31125fb47|cet4-65512593c8d9|cet4-dbe4d91870a9|cet4-297879acfe25|cet4-4be6346bb2e2|cet4-6814aab7c57e|cet4-8e83c41df849,45,18,planned,380,3,5,64
CH065,65,Across Borders: A Better Question,跨越边界：更好的问题,旅行、交通与文化交流,"At rail routes and an exchange campus, the group works to adapt the project across languages and systems. The group reframes the problem after recognizing a false assumption. The immediate pressure comes from transport disruption and cultural assumptions; the chapter must move toward Aisha becomes a continuing collaborator without resolving the entire arc early.",cet4-0adad7945ec5|cet4-ae7ef0b7c095|cet4-674cb26f288c|cet4-7ad1b0a9de86|cet4-8b0a711ef9c3|cet4-39307ba7d89c|cet4-0fda52e48e01|cet4-524e07467d72|cet4-bba3196ad960|cet4-bd9b9bab998e|cet4-7c9ac3373755|cet4-0104a9ba2e57|cet4-ad4d9682e313|cet4-ccb142eb7405|cet4-6e7aca2def90|cet4-449886363714|cet4-66e7d63cb507|cet4-9557fdf23eb7|cet4-ecd09907d232|cet4-bf3f843f5868|cet4-d611173de2b6|cet4-310350978778|cet4-dc1514d6dd06|cet4-9fe13dd9c55a|cet4-78c05ce93513|cet4-62a5caad8fb3|cet4-b8b8b6d2272a|cet4-087b84e7cdb5|cet4-115089236425|cet4-5f76a785b707|cet4-a47fb1c13f20|cet4-2d61e74dc1dc|cet4-151caf2a1779|cet4-fef0fd6df5e1|cet4-80c6665f3c34|cet4-53ffe527da2d|cet4-105cdea1c62d|cet4-bccd95979c5d|cet4-dfca120a7e28|cet4-0eea28e15eb2|cet4-9e6544e4a529|cet4-b12a7d21e6bb|cet4-25b9422169bd|cet4-3bb95c67f3a3|cet4-7173d9b0fc24,cet4-c1057f739f3c|cet4-1608a20d27d7|cet4-b8150fe76538|cet4-7f250a6d615d|cet4-70647a83d191|cet4-2956c71b4480|cet4-1f0f7bd617d7|cet4-3daf24eaed7f|cet4-439d44dbd606|cet4-758283c61d0f|cet4-cf08e8fcd9a4|cet4-2d61200e9c50|cet4-f89cd7f82c2b|cet4-8b84bef89c52|cet4-4bf1a7838bdc|cet4-9351ae89ac46|cet4-2d162f7c0aed|cet4-e5ef4f205541,45,18,planned,380,3,5,65
CH066,66,Across Borders: The Second Attempt,跨越边界：第二次尝试,旅行、交通与文化交流,"At rail routes and an exchange campus, the group works to adapt the project across languages and systems. A revised approach is tested under more realistic conditions. The immediate pressure comes from transport disruption and cultural assumptions; the chapter must move toward Aisha becomes a continuing collaborator without resolving the entire arc early.",cet4-5eef9fd3f749|cet4-3df898db8306|cet4-c56f0178ec4d|cet4-4c030e67ea2e|cet4-32f05565292f|cet4-9e1fb8e3a3c6|cet4-a9824a99eb38|cet4-a4933aa2a6ac|cet4-04fe96fb460b|cet4-f7e679c09703|cet4-67341ed8d198|cet4-fe50af4426d0|cet4-a9d04389b266|cet4-2143ad79d53a|cet4-2e76838804ef|cet4-a74946c2f967|cet4-977c6211ed5d|cet4-472cbb0ddd66|cet4-8186a6e6ecdf|cet4-f9b38f97cae3|cet4-65d1d0828d98|cet4-95c544e2ddc3|cet4-e65cca77c2f9|cet4-ded49352f850|cet4-a9395d91bce6|cet4-c934e533b681|cet4-936255ab1a51|cet4-ae96952f0578|cet4-6f9055d4698c|cet4-8c7a9e70c8c0|cet4-da92b43cfe63|cet4-7c1cb139c67f|cet4-f585d3de2423|cet4-7ddaeab7faeb|cet4-0264dd320987|cet4-c6e15fd4d349|cet4-d4ba9196bbf7|cet4-70c5f816a989|cet4-70b5bce8accc|cet4-0692c95ebfb7|cet4-fa3996fea80d|cet4-3c55f3ed62f2|cet4-0c4f279cd373|cet4-3c07d3b73752|cet4-2d8db1628253,cet4-bba3196ad960|cet4-d0799f50a736|cet4-4a9682dc96a0|cet4-0adad7945ec5|cet4-0aa0f8607b91|cet4-ae7ef0b7c095|cet4-0788e99a7665|cet4-65512593c8d9|cet4-27944caebdfb|cet4-fa941316c68e|cet4-7c9ac3373755|cet4-bd9b9bab998e|cet4-524e07467d72|cet4-0fda52e48e01|cet4-8b0a711ef9c3|cet4-7ad1b0a9de86|cet4-674cb26f288c|cet4-39307ba7d89c,45,18,planned,380,3,5,66
CH067,67,Across Borders: Outside Pressure,跨越边界：外部压力,旅行、交通与文化交流,"At rail routes and an exchange campus, the group works to adapt the project across languages and systems. An institution or stakeholder imposes a condition the team cannot ignore. The immediate pressure comes from transport disruption and cultural assumptions; the chapter must move toward Aisha becomes a continuing collaborator without resolving the entire arc early.",cet4-41c6a7544741|cet4-7a560fbab409|cet4-944af8fa2875|cet4-ad0b18d28393|cet4-b0ed93c224b4|cet4-0ab0c972b8d4|cet4-556db3a54f86|cet4-7a9dccf51744|cet4-2b9197da133b|cet4-c911a2fc0527|cet4-f8a037067654|cet4-aa761fdb14e7|cet4-260ff75923e3|cet4-1b7bcc8c7ff2|cet4-b5254dc2683e|cet4-4c8043c5be59|cet4-c12450b345a4|cet4-b69d5ce1e557|cet4-6f304053cdd4|cet4-58e05248d818|cet4-82f848927bb0|cet4-a39d448a1989|cet4-7b5f59473d24|cet4-4b3f306af620|cet4-327eb5653b7e|cet4-10900f1aa557|cet4-ee57dea13e37|cet4-83868339b90f|cet4-3b22b74c1eb9|cet4-6ceaea72ea6f|cet4-c8af7290172a|cet4-f6600fa91278|cet4-4f44ee85f2e4|cet4-f7270017aa38|cet4-a556ba1e912b|cet4-d4bf1c90b039|cet4-b53900b01f8f|cet4-0125c38ae66a|cet4-50cc17dec3b0|cet4-3069f649e3eb|cet4-19f253b17e0b|cet4-025c34ef5327|cet4-5bd4ec030690|cet4-fe06f6e5f4b8|cet4-1d3eee134b57,cet4-1608a20d27d7|cet4-5bf6244b556d|cet4-f5b836e76dc7|cet4-3debd81f89a2|cet4-c7621e975128|cet4-661ef7282388|cet4-b12e2b564ef5|cet4-db8b8595778a|cet4-eee725f7f919|cet4-816ab7533847|cet4-5eef9fd3f749|cet4-59ce9887d9df|cet4-6c1f79dde65f|cet4-b727a6543b18|cet4-f0a45402a53a|cet4-3df898db8306|cet4-96de751458ed|cet4-c56f0178ec4d,45,18,planned,380,3,5,67
CH068,68,Across Borders: The Decision,跨越边界：决定,旅行、交通与文化交流,"At rail routes and an exchange campus, the group works to adapt the project across languages and systems. The characters choose a course of action and accept a specific cost. The immediate pressure comes from transport disruption and cultural assumptions; the chapter must move toward Aisha becomes a continuing collaborator without resolving the entire arc early.",cet4-5864241a3a41|cet4-c3b5faf36026|cet4-3b84bdc7995f|cet4-400839ac7351|cet4-8db482b3f4c9|cet4-9b1123fc8f98|cet4-db8d76b830c7|cet4-b77fda2f4e6d|cet4-22804ca670e1|cet4-383320f756fe|cet4-e753739fbbe5|cet4-4e53b45ae3d1|cet4-96ac3fd8a5e9|cet4-ae906f87b44d|cet4-efeb03052609|cet4-a5d79b487cff|cet4-f60fb127a88e|cet4-40dd5cb04dd0|cet4-d6b2237bba90|cet4-2bb5e09efd30|cet4-0e1a370421bb|cet4-3ebaed58b256|cet4-1592d188bce6|cet4-091a3b5b8de4|cet4-29fc55cfbb44|cet4-9aefebe9c7c1|cet4-5bbaa8776474|cet4-2fc6a9943d64|cet4-3a3719862cb4|cet4-e0305ba5a697|cet4-b6238e6b5724|cet4-699d91c8491e|cet4-97957cf35c2b|cet4-107a790e01dd|cet4-136f9a8976cb|cet4-1d8596441d65|cet4-b1e30ceacb86|cet4-0f48e101cedf|cet4-0e969192373b|cet4-e2a70b8afb64|cet4-e0e16c67977b|cet4-7ea5eccc810f|cet4-f18792a93e81|cet4-740d37037543|cet4-b30da58e9891,cet4-41c6a7544741|cet4-7a560fbab409|cet4-87ae4183d803|cet4-944af8fa2875|cet4-0adad7945ec5|cet4-ddcf59844669|cet4-ae7ef0b7c095|cet4-c3d7bcfc98d4|cet4-6dd3e88c65f8|cet4-dbe4d91870a9|cet4-098bc370bb89|cet4-0820eb4fa767|cet4-432cf5ecfcdd|cet4-7ad1b0a9de86|cet4-3c53f0314464|cet4-674cb26f288c|cet4-a1cef7f9447c|cet4-61e860aadbfb,45,18,planned,380,3,5,68
CH069,69,Across Borders: Consequences,跨越边界：后果,旅行、交通与文化交流,"At rail routes and an exchange campus, the group works to adapt the project across languages and systems. The decision changes relationships, evidence, and the next available choices. The immediate pressure comes from transport disruption and cultural assumptions; the chapter must move toward Aisha becomes a continuing collaborator without resolving the entire arc early.",cet4-d02ceda94ca6|cet4-7e062a93cfdb|cet4-9a715cc8a097|cet4-c2a3e6b6d908|cet4-20bd067912cf|cet4-777bf4115960|cet4-6d50b71b2c0a|cet4-67d96c494969|cet4-4dc9935c81f1|cet4-369bc612cc4c|cet4-ec173484eaf7|cet4-3c849a55980a|cet4-39c0820115f5|cet4-adef773f2752|cet4-c9a75f9e1529|cet4-f5d1485f92a0|cet4-6c923cfcda33|cet4-c90d97048976|cet4-76cbe540691a|cet4-6fd3384f0def|cet4-24ddb9e6f080|cet4-fd1c728aa75e|cet4-0d030dd74d99|cet4-211e79220c29|cet4-b317f824e348|cet4-1306ea09f1ef|cet4-39070f8e5184|cet4-0db8879d997d|cet4-cfc58e067f82|cet4-cab1633b9f88|cet4-def78716f01a|cet4-93c7f49b71b9|cet4-4120022fb87f|cet4-2cb78bedd60e|cet4-df0014fc2ec6|cet4-8062ceebf70f|cet4-a5b51c20fe7b|cet4-d9e2906b12dc|cet4-7704de12ee76|cet4-25bfe282aaae|cet4-561773c9f333|cet4-c6ccaf2dd558|cet4-c9741a2fb6d8|cet4-41af2190e098|cet4-6824c728b20a,cet4-c1057f739f3c|cet4-72a079f63884|cet4-b8150fe76538|cet4-c3b5faf36026|cet4-2ed31c829025|cet4-400839ac7351|cet4-5eef9fd3f749|cet4-cf08e8fcd9a4|cet4-32f05565292f|cet4-8db482b3f4c9|cet4-a1fbbc25e586|cet4-3b84bdc7995f|cet4-114d7c48a385|cet4-f9ff83dc7e71|cet4-3df898db8306|cet4-c56f0178ec4d|cet4-4c030e67ea2e|cet4-5864241a3a41,45,18,planned,380,3,5,69
CH070,70,Across Borders: The Bridge Forward,跨越边界：通向下一程,旅行、交通与文化交流,"At rail routes and an exchange campus, the group works to adapt the project across languages and systems. The arc closes with an unresolved consequence that launches the next stage. The immediate pressure comes from transport disruption and cultural assumptions; the chapter must move toward Aisha becomes a continuing collaborator without resolving the entire arc early.",cet4-21f7b6e33d51|cet4-c62342c52e29|cet4-3c959767e099|cet4-b18ad5684f1d|cet4-24f6ed4c97d3|cet4-dfdaf1ec8040|cet4-7412ce46c665|cet4-8c7c46ebe0d3|cet4-565ca0769b2a|cet4-887fe15fe582|cet4-b8045471edad|cet4-f5123e8f7fa0|cet4-924ffe32ede9|cet4-f92dc9bea7d2|cet4-92e8402d9b58|cet4-962493daee76|cet4-8a072eca5bf4|cet4-878d89b6d6dc|cet4-7b7517754087|cet4-8f4832252e9a|cet4-87ed2f618e61|cet4-0de9e980438c|cet4-71e74ff1598a|cet4-df59b941f862|cet4-839d15429e49|cet4-7096aa442cbf|cet4-aa54f9bbd07d|cet4-ae7712987d59|cet4-bbdc96c55ddc|cet4-1ef4008d36a1|cet4-531bb76cda82|cet4-bfa6000355a2|cet4-fb09d846cc86|cet4-bc0828653953|cet4-5488202575e7|cet4-51d8895887d5|cet4-2d08518f2903|cet4-4d55b8b2ec7c|cet4-7b9cb9d3cc85|cet4-879b28d3bd68|cet4-9128328dbc37|cet4-23d34af32f2c|cet4-84293061b0f1|cet4-2957adf82547|cet4-16d566056413,cet4-41c6a7544741|cet4-cf4cf240db55|cet4-7a560fbab409|cet4-944af8fa2875|cet4-e19b2352b67b|cet4-4a9682dc96a0|cet4-ce8836020b74|cet4-93ed19409881|cet4-1c4ac903832f|cet4-1fb791c838c2|cet4-65512593c8d9|cet4-2b825f293692|cet4-c2569081022f|cet4-ed70f17ab313|cet4-d02ceda94ca6|cet4-a825eeaec4c7|cet4-7e062a93cfdb|cet4-a203910495eb,45,18,planned,380,3,5,70
CH071,71,The Cost of Always Being Busy: A Signal,忙碌的代价：一个信号,健康、运动与生活习惯,"At a clinic, sports center, and park, the group works to restore sustainable habits and accessible participation. The characters encounter the arc's central problem through a concrete consequence. The immediate pressure comes from Daniel hides stress until a preventable setback; the chapter must move toward health becomes a product and team requirement without resolving the entire arc early.",cet4-7c36467eca43|cet4-270f6b3a21d2|cet4-fdfd49e3b697|cet4-8ea842aa6cdd|cet4-0200e991adea|cet4-abac9d0292e0|cet4-4d43fdff2a47|cet4-cc50aadbe373|cet4-49e487fd596f|cet4-cfab142ec9d7|cet4-acbad40b45b6|cet4-6f6b974c1203|cet4-95bf90cf791b|cet4-657f615fb0ba|cet4-15d206dfbdfd|cet4-5eff89a5de35|cet4-29d0a2608f5f|cet4-846969859859|cet4-d648e4deb687|cet4-c4fcfb90b23e|cet4-41c6e45d162f|cet4-c28f65a61278|cet4-340abed9116a|cet4-29c0eea99cf7|cet4-0eeab1fc4e0f|cet4-a31bb82fa7b2|cet4-29443e3ef770|cet4-fb6fc67e8479|cet4-f6d17a793b9a|cet4-dcad12e56c9b|cet4-db29045e86c6|cet4-bb835279c829|cet4-9d3a1c4fa69c|cet4-033587673586|cet4-bdf80fa8df30|cet4-95fe86b5a156|cet4-b0ed046adb05|cet4-0f7384009e5f|cet4-77247d397520|cet4-569ff66fa454|cet4-27d6be1cf0fe|cet4-608c1875c36e|cet4-33adf45d90ac|cet4-733a347037b9|cet4-d98a019fadf9,cet4-1608a20d27d7|cet4-21f7b6e33d51|cet4-c3b5faf36026|cet4-400839ac7351|cet4-c62342c52e29|cet4-2c9e0aee5abb|cet4-cd724f449c1c|cet4-9b1123fc8f98|cet4-43d9186d8522|cet4-8db482b3f4c9|cet4-3c959767e099|cet4-3b84bdc7995f|cet4-bec31125fb47|cet4-60be4ab9006d|cet4-b18ad5684f1d|cet4-4be6346bb2e2|cet4-2d162f7c0aed|cet4-5864241a3a41,45,18,planned,380,3,6,71
CH072,72,The Cost of Always Being Busy: The First Promise,忙碌的代价：第一次承诺,健康、运动与生活习惯,"At a clinic, sports center, and park, the group works to restore sustainable habits and accessible participation. They define an immediate goal and commit resources before all risks are visible. The immediate pressure comes from Daniel hides stress until a preventable setback; the chapter must move toward health becomes a product and team requirement without resolving the entire arc early.",cet4-6cf03f489496|cet4-917cdc2c9297|cet4-6762cbdbdd3c|cet4-7f3a2662ade2|cet4-3fd910d95311|cet4-ede421cc02b2|cet4-6e711774dd65|cet4-e8a9be85fc3f|cet4-f5bc048e43f1|cet4-4e2d180b41af|cet4-acc9ace20381|cet4-75d9a5b8827c|cet4-932b035b1e1f|cet4-5584eb13fd1c|cet4-6af3506d8fd4|cet4-3f77f36b8f14|cet4-1474e82f3c17|cet4-e060dd9712cb|cet4-8f3eab4736cc|cet4-966e835ea753|cet4-3861410d976b|cet4-c77b786f0cb8|cet4-f468cc54c838|cet4-2be7a544d98f|cet4-dcd3489cc716|cet4-229305f36a52|cet4-3ff1f647165e|cet4-b5cfa986b152|cet4-df866b70b94e|cet4-eaf0245811ac|cet4-b80bea169754|cet4-02ac47f56686|cet4-c8d328103cda|cet4-20808c96199f|cet4-5fa282f36d20|cet4-8c257b9b8a77|cet4-52120927f75f|cet4-47a64bbaad35|cet4-4c618eceabe3|cet4-15f026610cde|cet4-a66274e77480|cet4-35e5bee18d77|cet4-bd8110656f8c|cet4-03024353bafb|cet4-aa28364bc680,cet4-8ea842aa6cdd|cet4-0adad7945ec5|cet4-2956c71b4480|cet4-abac9d0292e0|cet4-ae7ef0b7c095|cet4-7c36467eca43|cet4-fdfd49e3b697|cet4-f89cd7f82c2b|cet4-0200e991adea|cet4-0fda52e48e01|cet4-4d43fdff2a47|cet4-8b0a711ef9c3|cet4-7ad1b0a9de86|cet4-270f6b3a21d2|cet4-4bf1a7838bdc|cet4-674cb26f288c|cet4-39307ba7d89c|cet4-d02ceda94ca6,45,18,planned,380,3,6,72
CH073,73,The Cost of Always Being Busy: A Missing Voice,忙碌的代价：缺席的声音,健康、运动与生活习惯,"At a clinic, sports center, and park, the group works to restore sustainable habits and accessible participation. A person affected by the plan reveals information the group overlooked. The immediate pressure comes from Daniel hides stress until a preventable setback; the chapter must move toward health becomes a product and team requirement without resolving the entire arc early.",cet4-49f29f841832|cet4-551646cdec09|cet4-0e8e6527a5f2|cet4-0befdcacd70f|cet4-373a6baa51c4|cet4-b6f992adda45|cet4-b5444208f321|cet4-27531bca50d8|cet4-6544e9a2f4eb|cet4-c83f7e32a7cc|cet4-b9710adb6714|cet4-ea66ed229088|cet4-e126cf6b0a5a|cet4-6d16af72b700|cet4-67ab7065bbe7|cet4-85f4b20b7eff|cet4-2e1734d2dd01|cet4-708f1d0bf1c2|cet4-65e03bf637d1|cet4-e98b4f79a718|cet4-a4fb8fafced2|cet4-9039963d76a8|cet4-a8d672678167|cet4-e3c98306b0bf|cet4-d831b2b808a9|cet4-301042db4b3e|cet4-063558415320|cet4-3839d5562a59|cet4-61dc999c503e|cet4-e619da33a933|cet4-7190e8f26702|cet4-adcfd1658568|cet4-639d8c21d41b|cet4-f6c2143a670b|cet4-4ff279ee2b95|cet4-6bca9b3c2abe|cet4-2591d6b70ed1|cet4-aeff2ebd7280|cet4-35434b27b38e|cet4-76d6c3ce7c24|cet4-3124bf97268a|cet4-153b3434e8ed|cet4-2091efb413f9|cet4-20a8c86db47c|cet4-40f0b8903832,cet4-ec02bf122a5f|cet4-5357b1976ff1|cet4-21f7b6e33d51|cet4-7956f466e446|cet4-c62342c52e29|cet4-5eef9fd3f749|cet4-08e0d34c3314|cet4-32f05565292f|cet4-3c959767e099|cet4-6cf03f489496|cet4-dfdaf1ec8040|cet4-3df898db8306|cet4-917cdc2c9297|cet4-24f6ed4c97d3|cet4-b18ad5684f1d|cet4-a8e1c0f21bb1|cet4-c56f0178ec4d|cet4-4c030e67ea2e,45,18,planned,380,3,6,73
CH074,74,The Cost of Always Being Busy: Evidence on the Table,忙碌的代价：摆上桌面的证据,健康、运动与生活习惯,"At a clinic, sports center, and park, the group works to restore sustainable habits and accessible participation. The team gathers and compares evidence instead of relying on assumptions. The immediate pressure comes from Daniel hides stress until a preventable setback; the chapter must move toward health becomes a product and team requirement without resolving the entire arc early.",cet4-79074d50c503|cet4-85f7566a2a4c|cet4-5cf2811e62a9|cet4-7c630fa1ef2e|cet4-61d6f0e1f792|cet4-1e79e35800a5|cet4-23b7b3f5376b|cet4-083cab8ca12b|cet4-870c749af9a4|cet4-45c68e45cc8c|cet4-079b3bbbf185|cet4-24b9e8e2825f|cet4-a35105a44835|cet4-3a82e884ade1|cet4-fecabc17c8b9|cet4-da966428b1e5|cet4-01757153fd60|cet4-feeee100a0e6|cet4-416ba73f6a06|cet4-191add0cb532|cet4-e407a26321df|cet4-9aaad37c199b|cet4-718674881551|cet4-ee29e422c239|cet4-5a0d1da85a9f|cet4-1b5f854019a1|cet4-5806eb7c50c0|cet4-dafcc41ea877|cet4-746d5fe9e943|cet4-a8d401711e13|cet4-3a81e4295bd0|cet4-87f13f9e2716|cet4-19b9e28faf8a|cet4-2153d1da192d|cet4-272f8f75067e|cet4-9c1cf39230c6|cet4-629c632e2bf4|cet4-2e9e03c4660d|cet4-32db6b653630|cet4-8d89f27b4d10|cet4-ad9eb7cc4830|cet4-3fb6a608843b|cet4-685d8b4ee21c|cet4-1afe7fcea0b1|cet4-eefdd144d4a8,cet4-41c6a7544741|cet4-5bf6244b556d|cet4-7a560fbab409|cet4-8ea842aa6cdd|cet4-846a8ff6a6d4|cet4-f5b836e76dc7|cet4-944af8fa2875|cet4-c7621e975128|cet4-066b8a5257a6|cet4-6c1f79dde65f|cet4-7c36467eca43|cet4-07031d06228f|cet4-fdfd49e3b697|cet4-f0a45402a53a|cet4-0200e991adea|cet4-efe15c456080|cet4-270f6b3a21d2|cet4-62379e352b0b,45,18,planned,380,3,6,74
CH075,75,The Cost of Always Being Busy: The Trial Run,忙碌的代价：第一次试行,健康、运动与生活习惯,"At a clinic, sports center, and park, the group works to restore sustainable habits and accessible participation. A limited attempt produces useful results as well as a new constraint. The immediate pressure comes from Daniel hides stress until a preventable setback; the chapter must move toward health becomes a product and team requirement without resolving the entire arc early.",cet4-89aa024a8985|cet4-924ddcb86e57|cet4-4897127b2c72|cet4-09c630a480e9|cet4-e1e6649f8da1|cet4-5ff43903101a|cet4-74b249f2b2dd|cet4-d084f1d8dfc2|cet4-c6803ff6b917|cet4-fd18a23df912|cet4-f84b665b9c00|cet4-39a74626930a|cet4-56d2e3565e28|cet4-72b2a98cec0f|cet4-b104901e22e7|cet4-5011d9b6e301|cet4-178d42d20d97|cet4-c8f4ba88eada|cet4-ec87b41bf480|cet4-048d79a6facc|cet4-b6d76864a7c6|cet4-987f5b4ce105|cet4-3547e5999422|cet4-44500bc41a1f|cet4-5cd285cb6c47|cet4-62aa0d131a43|cet4-1b5cfa4abdf8|cet4-aa22ea82f90b|cet4-fb61d4618de0|cet4-c77c99f077c1|cet4-d06bc93bcf07|cet4-f47f7f6271e3|cet4-4e26242608f3|cet4-759de61a9017|cet4-39b235ddee37|cet4-adc0c9801e96|cet4-6b12d5fa3da7|cet4-59428fa95053|cet4-62142b7cbca1|cet4-2bba47a8aa20|cet4-d02e10d80ced|cet4-7f472a5a613c|cet4-9107f66aaef3|cet4-0f0673f05809|cet4-16701ec38cd9,cet4-f6b78fa5d069|cet4-79074d50c503|cet4-d51a89965fc1|cet4-f45f609061dc|cet4-c3b5faf36026|cet4-cfefecffb806|cet4-400839ac7351|cet4-5cf2811e62a9|cet4-85f7566a2a4c|cet4-c3d7bcfc98d4|cet4-15d4ea664bdb|cet4-8db482b3f4c9|cet4-f92e0d8dade8|cet4-6cf03f489496|cet4-3b84bdc7995f|cet4-dbe4d91870a9|cet4-7ddd1c830d53|cet4-5864241a3a41,45,18,planned,380,3,6,75
CH076,76,The Cost of Always Being Busy: Pressure Builds,忙碌的代价：压力上升,健康、运动与生活习惯,"At a clinic, sports center, and park, the group works to restore sustainable habits and accessible participation. Time, money, health, or trust makes the original plan harder to maintain. The immediate pressure comes from Daniel hides stress until a preventable setback; the chapter must move toward health becomes a product and team requirement without resolving the entire arc early.",cet4-f1d1cf391182|cet4-d370b815c66a|cet4-bc80f3ad70c2|cet4-2f401fc0b578|cet4-306335b276bb|cet4-56a8509b9b29|cet4-0256fae47cc2|cet4-df948d71a972|cet4-58671e7473c8|cet4-6b3fc25a282f|cet4-577caee39b22|cet4-0d211ec204e6|cet4-665b70666173|cet4-aa62356d9834|cet4-fe2b2e34586f|cet4-fe3220c082eb|cet4-da1ccbab599d|cet4-17477491acb3|cet4-0d73eef318d3|cet4-8589e7e418db|cet4-f95fc355fd78|cet4-c7d9138f0c5d|cet4-74f5453ee1a3|cet4-e69d29deacc9|cet4-4003b0303364|cet4-e5dacc3a7e9e|cet4-9b1b6cbfbe35|cet4-aea4bd2d6867|cet4-b94292973075|cet4-423e513169af|cet4-a84b9dd46d18|cet4-7b7b5756d3f2|cet4-a7871ecd3ac2|cet4-1a7b5c10dc52|cet4-52bc64bef0c6|cet4-57e62a73781c|cet4-de24306082d6|cet4-043d0cabfb85|cet4-f67c64283647|cet4-cfe886e801be|cet4-66df814159e0|cet4-e61bfa8949e8|cet4-7b5a0eddb395|cet4-badc9dc1fa52|cet4-88162ca88449,cet4-924ddcb86e57|cet4-c1057f739f3c|cet4-4897127b2c72|cet4-89aa024a8985|cet4-b8150fe76538|cet4-fce5f6193a3c|cet4-213073beda36|cet4-1f0f7bd617d7|cet4-cbda04f9ab50|cet4-7fabdd5d1502|cet4-cf08e8fcd9a4|cet4-09c630a480e9|cet4-8852599aebcc|cet4-e1e6649f8da1|cet4-83171144c295|cet4-8b84bef89c52|cet4-d02ceda94ca6|cet4-7e062a93cfdb,45,18,planned,380,3,6,76
CH077,77,The Cost of Always Being Busy: The Disagreement,忙碌的代价：分歧,健康、运动与生活习惯,"At a clinic, sports center, and park, the group works to restore sustainable habits and accessible participation. Two defensible priorities conflict and the characters must explain their motives. The immediate pressure comes from Daniel hides stress until a preventable setback; the chapter must move toward health becomes a product and team requirement without resolving the entire arc early.",cet4-99d8564e174a|cet4-538122384c8b|cet4-310cbb3301e7|cet4-f943cbdaaae5|cet4-eb1124aad48c|cet4-7259852efcd9|cet4-505aa796f700|cet4-5aba7b613caa|cet4-47ed3e73a652|cet4-8bea35d68233|cet4-df4f65bdc98b|cet4-c4dd381734e4|cet4-fdccab6ee73a|cet4-1d126d2bf66f|cet4-1af5f62827d2|cet4-1190b7b5eafa|cet4-341c082ddb23|cet4-ec91a53b1f07|cet4-6624f1877095|cet4-ad180c5309ac|cet4-a28d2e2815b5|cet4-2f84796fe63f|cet4-2c869a21ec56|cet4-92d9318ade4f|cet4-d69ad49db7dc|cet4-0653b93b7ed3|cet4-519a3ef92103|cet4-199e60e4793c|cet4-e18ec9eeca40|cet4-3d4b5af8fc41|cet4-1b0377483c4d|cet4-1553febe6d40|cet4-aaea00e71c02|cet4-df3cce8ebff1|cet4-a152c0d6d93f|cet4-f32ed9ac372d|cet4-7a9c53f1afeb|cet4-d3f2c32f4c2c|cet4-c1e58b4c8d93|cet4-7a0c1557020d|cet4-a7d96fcc7f32|cet4-26e76b65bfcb|cet4-dd08e9148ffb|cet4-b3ccd6113e67|cet4-fedb574962ee,cet4-79074d50c503|cet4-21f7b6e33d51|cet4-2f401fc0b578|cet4-56a8509b9b29|cet4-306335b276bb|cet4-4a9682dc96a0|cet4-bc80f3ad70c2|cet4-5cf2811e62a9|cet4-f1d1cf391182|cet4-c62342c52e29|cet4-85f7566a2a4c|cet4-3c959767e099|cet4-65512593c8d9|cet4-d370b815c66a|cet4-3972b27d850e|cet4-24f6ed4c97d3|cet4-b18ad5684f1d|cet4-3730ee3dc8d7,45,18,planned,380,3,6,77
CH078,78,The Cost of Always Being Busy: What the Numbers Hide,忙碌的代价：数字隐藏了什么,健康、运动与生活习惯,"At a clinic, sports center, and park, the group works to restore sustainable habits and accessible participation. Quantitative evidence is checked against lived experience and context. The immediate pressure comes from Daniel hides stress until a preventable setback; the chapter must move toward health becomes a product and team requirement without resolving the entire arc early.",cet4-92be714b5313|cet4-3497d013612d|cet4-1f2d96cab7cd|cet4-bf28e7386860|cet4-27ce8a7f790a|cet4-e9ee8f3b94ad|cet4-ec6311bc8588|cet4-10ea6f030d24|cet4-17ef15a2319e|cet4-8d3534b6fa31|cet4-faed9b5327d7|cet4-1adb1e7e5d1c|cet4-accd6527f50b|cet4-cd721c4651da|cet4-50a5ed94a0f3|cet4-30ca1517cad3|cet4-96c24717470b|cet4-3ed2938c87e1|cet4-d4c5249e33d0|cet4-9c1e0dcea1cf|cet4-560445dea4b3|cet4-dd36db74b25d|cet4-9f6c5542e8ca|cet4-c549bcedb325|cet4-ac2befb3086b|cet4-6fae49a9ed93|cet4-319a294c25e9|cet4-8d36abc63abe|cet4-8f83455bdbce|cet4-ffa8ea1bd68e|cet4-4e1539ce75a0|cet4-348c68c84060|cet4-1bef08f2885a|cet4-f504acdadde7|cet4-90004e533650|cet4-439e38c548de|cet4-a547656ebafc|cet4-dab93d6ff1bd|cet4-8b20093663c6|cet4-00fa54756b86|cet4-32bf2b5cf07c|cet4-30d1e5ea8f32|cet4-caff825d0484|cet4-65b48480456c|cet4-78e7f68c4827,cet4-924ddcb86e57|cet4-1608a20d27d7|cet4-99d8564e174a|cet4-4897127b2c72|cet4-89aa024a8985|cet4-8ea842aa6cdd|cet4-222df13143fd|cet4-a72c80aa6395|cet4-43c23e16aa55|cet4-c9af624341c5|cet4-907f46deaa16|cet4-26d7ecaa51c2|cet4-abac9d0292e0|cet4-7c36467eca43|cet4-ee102b8be1ab|cet4-fdfd49e3b697|cet4-0200e991adea|cet4-270f6b3a21d2,45,18,planned,380,3,6,78
CH079,79,The Cost of Always Being Busy: A Better Question,忙碌的代价：更好的问题,健康、运动与生活习惯,"At a clinic, sports center, and park, the group works to restore sustainable habits and accessible participation. The group reframes the problem after recognizing a false assumption. The immediate pressure comes from Daniel hides stress until a preventable setback; the chapter must move toward health becomes a product and team requirement without resolving the entire arc early.",cet4-56cbcc06b98e|cet4-941713fa2575|cet4-463a83c6d680|cet4-b61c98d382e5|cet4-332580bb99e8|cet4-e863e311581f|cet4-1c5bff100de2|cet4-783d43d48dd1|cet4-389ecd90b4c5|cet4-ae922337bf32|cet4-376a3eb02405|cet4-7e53bfa9a82a|cet4-6a009f7dc9fc|cet4-0503bdaf3206|cet4-35bdfa0b97e0|cet4-dc104038e7ac|cet4-6afcd2a99352|cet4-2974ca6dd0da|cet4-286467f183bc|cet4-b65be1ccc121|cet4-1ab5c939ba10|cet4-8a2af0d89faa|cet4-d6ea8ed7a329|cet4-f47f31bc0537|cet4-6a86280bdb1a|cet4-d94b850ef612|cet4-f44f47a6ae00|cet4-6e4d94c71c49|cet4-e9ddc72c946b|cet4-0f5fb6541fa2|cet4-2f9c3e5cc047|cet4-58d515caae39|cet4-51720b8fc102|cet4-004606b39c6c|cet4-4896ad5f65f9|cet4-d2735d8b98fd|cet4-ebde3ab2339b|cet4-70093549512d|cet4-9bbd3122bf3d|cet4-a70462598d16|cet4-5c82988f9f67|cet4-9813fb92bef9|cet4-ecb1d1b43582|cet4-d9b6de2b9b80|cet4-df13834e882c,cet4-a1483f286384|cet4-2f401fc0b578|cet4-306335b276bb|cet4-0adad7945ec5|cet4-bc80f3ad70c2|cet4-f1d1cf391182|cet4-ae7ef0b7c095|cet4-92be714b5313|cet4-6cf03f489496|cet4-d370b815c66a|cet4-955bb8aed026|cet4-0fda52e48e01|cet4-8b0a711ef9c3|cet4-3b70bcf2ea7a|cet4-7ad1b0a9de86|cet4-674cb26f288c|cet4-39307ba7d89c|cet4-229e3423dd11,45,18,planned,380,3,6,79
CH080,80,The Cost of Always Being Busy: The Second Attempt,忙碌的代价：第二次尝试,健康、运动与生活习惯,"At a clinic, sports center, and park, the group works to restore sustainable habits and accessible participation. A revised approach is tested under more realistic conditions. The immediate pressure comes from Daniel hides stress until a preventable setback; the chapter must move toward health becomes a product and team requirement without resolving the entire arc early.",cet4-f6e7188ebe52|cet4-194f38e5e913|cet4-5b2a0a143fe8|cet4-e6af69faa4ce|cet4-36cc897e6428|cet4-8b2e3145a226|cet4-323bb839fb41|cet4-944e751d56c9|cet4-d8b1f0988326|cet4-0d4912c50c5d|cet4-b82d769d0463|cet4-449bc001f1e3|cet4-7fd7c781c8fc|cet4-a849f08e00e5|cet4-c3a584e94616|cet4-2439d4e7d3a3|cet4-1e30c4503575|cet4-e96c99babcab|cet4-b727626cc350|cet4-f97c3327fdb1|cet4-c90be9ab9067|cet4-33618f9b2a7b|cet4-1f320d53b57d|cet4-7a3ffaf6d295|cet4-208a2af2f781|cet4-438623cedb3a|cet4-c34b639daa67|cet4-88db18ff951f|cet4-def3bd3457f6|cet4-24dd3f504ab9|cet4-e20956e22707|cet4-9de805828296|cet4-848d906c6f7c|cet4-91b9ae65ea49|cet4-42b5be00e25b|cet4-e878c18f017d|cet4-f03cfd05c6dc|cet4-c4dba9afead5|cet4-04ddbb9f817b|cet4-c926e72e6fbd|cet4-5a06288dd84c|cet4-79aea1a1f5ca|cet4-835cbeef2f38|cet4-24feced6f309|cet4-04004f767caa,cet4-99d8564e174a|cet4-b61c98d382e5|cet4-332580bb99e8|cet4-434009d5278d|cet4-e863e311581f|cet4-538122384c8b|cet4-389ecd90b4c5|cet4-5eef9fd3f749|cet4-941713fa2575|cet4-32f05565292f|cet4-56cbcc06b98e|cet4-310cbb3301e7|cet4-463a83c6d680|cet4-3df898db8306|cet4-1c5bff100de2|cet4-783d43d48dd1|cet4-c56f0178ec4d|cet4-4c030e67ea2e,45,18,planned,380,3,6,80
CH081,81,The Cost of Always Being Busy: Outside Pressure,忙碌的代价：外部压力,健康、运动与生活习惯,"At a clinic, sports center, and park, the group works to restore sustainable habits and accessible participation. An institution or stakeholder imposes a condition the team cannot ignore. The immediate pressure comes from Daniel hides stress until a preventable setback; the chapter must move toward health becomes a product and team requirement without resolving the entire arc early.",cet4-8e65bdff118a|cet4-b49e4cce760b|cet4-0662aa38684d|cet4-3524cef22a66|cet4-95989f039cde|cet4-a523078ede4e|cet4-2159d1700178|cet4-b7f1cf2f6a5b|cet4-2bc9b1ba6af3|cet4-57db9b56fc4d|cet4-3bf11eaffd09|cet4-149cb1d78b7a|cet4-ffb5779c3903|cet4-1df05e440af0|cet4-811d8f2a9185|cet4-b5755c73e543|cet4-8a4ac4d66d48|cet4-77579ed5b0b5|cet4-13d17c4d0ff9|cet4-756910a9c3d9|cet4-08094df40db8|cet4-63429a505b92|cet4-4858ff878fb3|cet4-0b8113390e0a|cet4-82c687c48df8|cet4-f588035c471e|cet4-d4dbd1bea4dc|cet4-217b842a4747|cet4-d688e4046500|cet4-194294aae7b6|cet4-ff8d57a83a0b|cet4-a39d78e0790d|cet4-93ff122fac99|cet4-46f98c435ad4|cet4-e591bb562deb|cet4-b43d255cbeed|cet4-ca4d4aeb4a48|cet4-74961e81e87c|cet4-1147d5e74862|cet4-2eadbfa2a24d|cet4-d222312840e1|cet4-d48d740e4214|cet4-1416a588dafd|cet4-a772ff36c8eb|cet4-c839e7c2f50a,cet4-41c6a7544741|cet4-79074d50c503|cet4-f6e7188ebe52|cet4-7a560fbab409|cet4-944af8fa2875|cet4-70647a83d191|cet4-5cf2811e62a9|cet4-85f7566a2a4c|cet4-3daf24eaed7f|cet4-1b133edb137a|cet4-439d44dbd606|cet4-92be714b5313|cet4-758283c61d0f|cet4-2d61200e9c50|cet4-42423b7bdeac|cet4-9351ae89ac46|cet4-701603eb6294|cet4-e5ef4f205541,45,18,planned,380,3,6,81
CH082,82,The Cost of Always Being Busy: The Decision,忙碌的代价：决定,健康、运动与生活习惯,"At a clinic, sports center, and park, the group works to restore sustainable habits and accessible participation. The characters choose a course of action and accept a specific cost. The immediate pressure comes from Daniel hides stress until a preventable setback; the chapter must move toward health becomes a product and team requirement without resolving the entire arc early.",cet4-80f7b4184272|cet4-139068bbfb94|cet4-7e5a133966b3|cet4-6208186fa7b9|cet4-dce333315f30|cet4-3aa5fdf81a80|cet4-720bceabfb5c|cet4-8982af38cee7|cet4-9f2e4fe8fe05|cet4-b31ba508d8ef|cet4-1a5b50e0d8b4|cet4-d08dcca4956d|cet4-e52512148484|cet4-ae80d1e722dd|cet4-71cb6e8a3415|cet4-35f2bac7d2e1|cet4-a9702a1c51ea|cet4-c8efb7a86805|cet4-cca4401908d6|cet4-1eeb8a36156e|cet4-de2a36413c8d|cet4-3ba4f3007803|cet4-738555a0a579|cet4-5cc318dec648|cet4-4cb4e8c26b85|cet4-0123180f3c2d|cet4-f1c3917fb218|cet4-251c1890dae9|cet4-c52ba30be5df|cet4-23ab196e6394|cet4-3b81788db91c|cet4-c59ec8ba252b|cet4-684ed93bb460|cet4-73bd00fd27a6|cet4-5d981cc83b4a|cet4-68155d3099ca|cet4-8e0baf88499e|cet4-a6b6679f9668|cet4-94c0f065069a|cet4-553216576159|cet4-500b2ca16d6e|cet4-a8ff5d569a17|cet4-9ada9df2ff55|cet4-cd35ff4e9463|cet4-318318bf028d,cet4-924ddcb86e57|cet4-4897127b2c72|cet4-89aa024a8985|cet4-c3b5faf36026|cet4-d0799f50a736|cet4-b61c98d382e5|cet4-400839ac7351|cet4-b49e4cce760b|cet4-0662aa38684d|cet4-9b1123fc8f98|cet4-941713fa2575|cet4-8e65bdff118a|cet4-8db482b3f4c9|cet4-3b84bdc7995f|cet4-27944caebdfb|cet4-56cbcc06b98e|cet4-463a83c6d680|cet4-5864241a3a41,45,18,planned,380,3,6,82
CH083,83,The Cost of Always Being Busy: Consequences,忙碌的代价：后果,健康、运动与生活习惯,"At a clinic, sports center, and park, the group works to restore sustainable habits and accessible participation. The decision changes relationships, evidence, and the next available choices. The immediate pressure comes from Daniel hides stress until a preventable setback; the chapter must move toward health becomes a product and team requirement without resolving the entire arc early.",cet4-c92729b9ee33|cet4-eb074174043b|cet4-21cd2a8d706b|cet4-6bcc671d5a85|cet4-b22ae470898f|cet4-2b77430d9b63|cet4-701a040d8dd4|cet4-3005e32940d5|cet4-2622ffd5d64c|cet4-bc0f2b5ff1d0|cet4-ff8e60f378c1|cet4-2ac5f228f5b9|cet4-8c628393beff|cet4-b92c9f37f07c|cet4-766fe52a0dac|cet4-47a4d971c471|cet4-7603e54f5358|cet4-163391bffec2|cet4-ba44322bb9d6|cet4-7dfa5b446040|cet4-7989acdb3772|cet4-4de06bf2827d|cet4-c21f987479d4|cet4-cf0696993200|cet4-fec10c02ad61|cet4-14c8ee9ce320|cet4-36eca18a8699|cet4-9c978ff89126|cet4-36dff5bf461c|cet4-7968a4b49b20|cet4-a1bd5cd2c07b|cet4-da47c3978055|cet4-ac405a277ffa|cet4-dab352363248|cet4-fd8ea98eb609|cet4-5f60d698aaa6|cet4-17da6cd9fa78|cet4-38fba86fc2bf|cet4-93599836975f|cet4-ab6bd2cdde31|cet4-08bcf459d1ff|cet4-aa986b8c5f3b|cet4-5199b7565b0d|cet4-3daede6799eb|cet4-9fe581cedc87,cet4-5c6c068a5df0|cet4-7e5a133966b3|cet4-71213d57c08b|cet4-3debd81f89a2|cet4-2f401fc0b578|cet4-56a8509b9b29|cet4-6208186fa7b9|cet4-306335b276bb|cet4-132a2ec633bf|cet4-bc80f3ad70c2|cet4-b12e2b564ef5|cet4-f1d1cf391182|cet4-a73d505c26e6|cet4-80f7b4184272|cet4-d370b815c66a|cet4-139068bbfb94|cet4-d02ceda94ca6|cet4-7e062a93cfdb,45,18,planned,380,3,6,83
CH084,84,The Cost of Always Being Busy: The Bridge Forward,忙碌的代价：通向下一程,健康、运动与生活习惯,"At a clinic, sports center, and park, the group works to restore sustainable habits and accessible participation. The arc closes with an unresolved consequence that launches the next stage. The immediate pressure comes from Daniel hides stress until a preventable setback; the chapter must move toward health becomes a product and team requirement without resolving the entire arc early.",cet4-2488945e01ce|cet4-ade16d3e1637|cet4-e6a8255e09ad|cet4-98861a4da506|cet4-9d8dc7f02b7f|cet4-e69ec306155e|cet4-e8caf8056d9c|cet4-42e65ce56a61|cet4-40db7a4082cd|cet4-4ea4d50a3423|cet4-57d6f5f5fe56|cet4-b879653349a9|cet4-100cc9377817|cet4-a5507d5a67b3|cet4-83332f7eb2f5|cet4-1f84e67b6648|cet4-62168fd87cb9|cet4-7ff57db17980|cet4-47af1a0409ab|cet4-19cd24ec23a7|cet4-cbf4ed984b7a|cet4-4bf3d4cd7b27|cet4-73f002ab9ef4|cet4-735b70136105|cet4-dc2732d7452e|cet4-3c6ed8527f66|cet4-8b2b6d0d9073|cet4-afb633da149c|cet4-5c91ca69e8df|cet4-88f1845b501a|cet4-f31568d0ce11|cet4-a91366f55dad|cet4-a334a0a189f9|cet4-25c30f2e995b|cet4-d73f4da08403|cet4-13163687ee9b|cet4-0aeb74d90245|cet4-44e10fe96251|cet4-e1ea8dff19e6|cet4-499e96d39a35|cet4-23028d0595b4|cet4-0094bf8977b2|cet4-860f11baf60d|cet4-d5633e31417f|cet4-16a67e7a5ec9,cet4-99d8564e174a|cet4-87ae4183d803|cet4-21f7b6e33d51|cet4-eb074174043b|cet4-b49e4cce760b|cet4-c62342c52e29|cet4-0662aa38684d|cet4-538122384c8b|cet4-3524cef22a66|cet4-ddcf59844669|cet4-6dd3e88c65f8|cet4-8e65bdff118a|cet4-de9a7cd7a9b5|cet4-e11b2dd98af2|cet4-098bc370bb89|cet4-1c0cf3f398c9|cet4-c92729b9ee33|cet4-a1cef7f9447c,45,18,planned,380,3,6,84
CH085,85,What the System Remembers: A Signal,系统记住了什么：一个信号,科学、技术与互联网,"At an innovation lab and online workspace, the group works to build a secure and accessible service. The characters encounter the arc's central problem through a concrete consequence. The immediate pressure comes from a data leak reveals weak consent; the chapter must move toward the launch pauses for a responsible redesign without resolving the entire arc early.",cet4-6dac7a444590|cet4-28e0880da614|cet4-4d14a01023f8|cet4-a6ebe0e4f22f|cet4-d09e44b336b7|cet4-dd569f4c992c|cet4-eb3985407fab|cet4-094c97701ccf|cet4-5349e2bfe20a|cet4-f8ebf7d34444|cet4-88d2a9336544|cet4-cd11c82aeadd|cet4-abbd3833242a|cet4-424acdc06248|cet4-3d9db6af8523|cet4-e368a7574b3c|cet4-b5fba083d22f|cet4-b42d9e2b8fd4|cet4-21ce7af8a203|cet4-dd4a9c94a1af|cet4-1d229fe5cc76|cet4-ec61aafb8f11|cet4-d86325e2910a|cet4-e8bba8b2ab89|cet4-50b6ea99e87b|cet4-479f2baa6e46|cet4-40a262f3ba02|cet4-65a90db42faf|cet4-bfb33900e1e8|cet4-3b84beb89ed6|cet4-941a2a113894|cet4-d791b1aa5548|cet4-58ad31ea1ee8|cet4-035e60c44619|cet4-255062edaf42|cet4-056cc1668aa5|cet4-c78801781ea9|cet4-06cc210b7939|cet4-300ee8cc8bd8|cet4-b06820ae1a5f|cet4-99ad14bb2493|cet4-9bfdc261bbf7|cet4-f7029adebc60|cet4-8e6da4e8492d|cet4-f001d896b0da,cet4-7e5a133966b3|cet4-8ea842aa6cdd|cet4-60f22e562719|cet4-cc50aadbe373|cet4-8696d1674b81|cet4-abac9d0292e0|cet4-80f7b4184272|cet4-7c36467eca43|cet4-92be714b5313|cet4-a1fbbc25e586|cet4-ec60d5845622|cet4-fdfd49e3b697|cet4-f9ff83dc7e71|cet4-0200e991adea|cet4-139068bbfb94|cet4-4d43fdff2a47|cet4-270f6b3a21d2|cet4-fa0288c15be2,45,18,planned,380,3,7,85
CH086,86,What the System Remembers: The First Promise,系统记住了什么：第一次承诺,科学、技术与互联网,"At an innovation lab and online workspace, the group works to build a secure and accessible service. They define an immediate goal and commit resources before all risks are visible. The immediate pressure comes from a data leak reveals weak consent; the chapter must move toward the launch pauses for a responsible redesign without resolving the entire arc early.",cet4-b45f48d03ac2|cet4-76ba8354d38e|cet4-0f6e75f53f3d|cet4-bc077eb91e4e|cet4-24044bc39727|cet4-ce034cb647b8|cet4-14e6318e1ec5|cet4-3f2152bbac6f|cet4-47abd645a888|cet4-4bb44c6c4e7f|cet4-f6a4e076903a|cet4-e74706de72ce|cet4-d78f8d011e7d|cet4-9212fea07cef|cet4-f790c600276a|cet4-ad14ec01db49|cet4-cc7ed6839d23|cet4-a76b9161c5a6|cet4-836b4f04c9d8|cet4-1a83ed1ff523|cet4-ba100ec1dedb|cet4-e61c0d4d12db|cet4-2d4d3d6bee8b|cet4-013581a15e57|cet4-ae81e9240e9b|cet4-253efd1c1b85|cet4-a3aae759c1e3|cet4-dbc69d2f3e8c|cet4-9b5a72fd096a|cet4-a5bc35642bf7|cet4-1836f06f4018|cet4-e402c9a24b23|cet4-2bedfc94a4ad|cet4-802112bf1395|cet4-45c0b34f5243|cet4-a9bca9219cfb|cet4-5e119d9563c7|cet4-374cb599afd6|cet4-6f536e554914|cet4-cc997f4e9fb9|cet4-7faecb846536|cet4-7fb21e6c2582|cet4-c95406182a5e|cet4-89be14287a30|cet4-57808c41eca1,cet4-a6ebe0e4f22f|cet4-e19b2352b67b|cet4-b61c98d382e5|cet4-6dac7a444590|cet4-332580bb99e8|cet4-e863e311581f|cet4-93ed19409881|cet4-941713fa2575|cet4-1fb791c838c2|cet4-6cf03f489496|cet4-28e0880da614|cet4-2b825f293692|cet4-56cbcc06b98e|cet4-463a83c6d680|cet4-4d14a01023f8|cet4-c92729b9ee33|cet4-a825eeaec4c7|cet4-a203910495eb,45,18,planned,380,3,7,86
CH087,87,What the System Remembers: A Missing Voice,系统记住了什么：缺席的声音,科学、技术与互联网,"At an innovation lab and online workspace, the group works to build a secure and accessible service. A person affected by the plan reveals information the group overlooked. The immediate pressure comes from a data leak reveals weak consent; the chapter must move toward the launch pauses for a responsible redesign without resolving the entire arc early.",cet4-379ca1cab4f0|cet4-d9ecfbdf3cb6|cet4-3515b47cc8db|cet4-98d58c902620|cet4-ba1372ff881b|cet4-dd04ef670ef6|cet4-2ab6e6d35206|cet4-ef4c8b43367b|cet4-3e762e3ceffe|cet4-fabec874ffb4|cet4-3ae112e38684|cet4-ae4ee405b86d|cet4-b3d1c2e801f3|cet4-ea9808dc6183|cet4-cc9702b8a6cd|cet4-3f65fd40cf1c|cet4-f01a7d6854ed|cet4-b30083642c7f|cet4-e5039a4edbba|cet4-3aafdf59dd32|cet4-874c54ca0333|cet4-c48d7f4e4ac9|cet4-8cee5ad8b4ca|cet4-f033fd0456d5|cet4-a2f61a190ef5|cet4-9634809d1ba5|cet4-71e580594b0f|cet4-9abf6a58a7cd|cet4-d3c5eb45bcf0|cet4-2e76ca226d6d|cet4-825017ebef7a|cet4-84ce1ce903c3|cet4-390a5eeb4b79|cet4-142ab6905714|cet4-1b6c04b6158b|cet4-17425c0e640c|cet4-7516defbc4a3|cet4-ef7ea2c2f430|cet4-19fd4c14bf19|cet4-ca3962602d99|cet4-d399fd414c68|cet4-106dffc82d74|cet4-906ea9f151d0|cet4-9d2de3512459|cet4-a77a9dcd6536,cet4-f6e7188ebe52|cet4-28d8e8c65ee0|cet4-4bb44c6c4e7f|cet4-bc077eb91e4e|cet4-0f6e75f53f3d|cet4-14e6318e1ec5|cet4-2c9e0aee5abb|cet4-cd724f449c1c|cet4-f5ce263f7169|cet4-47abd645a888|cet4-3f2152bbac6f|cet4-bec31125fb47|cet4-76ba8354d38e|cet4-f6a4e076903a|cet4-ce034cb647b8|cet4-4be6346bb2e2|cet4-b45f48d03ac2|cet4-24044bc39727,45,18,planned,380,3,7,87
CH088,88,What the System Remembers: Evidence on the Table,系统记住了什么：摆上桌面的证据,科学、技术与互联网,"At an innovation lab and online workspace, the group works to build a secure and accessible service. The team gathers and compares evidence instead of relying on assumptions. The immediate pressure comes from a data leak reveals weak consent; the chapter must move toward the launch pauses for a responsible redesign without resolving the entire arc early.",cet4-00312fffb2cb|cet4-3d116840893f|cet4-1bbe9239086d|cet4-156920cf5975|cet4-7c15cacf7faf|cet4-df71df8f958c|cet4-8d8274aed97e|cet4-9bbf410540df|cet4-af2976f10f9c|cet4-f23e71105f3b|cet4-4ca6d2325bc0|cet4-b702b6013824|cet4-d3cc1c63fc26|cet4-82ddde6533dd|cet4-a06d9e36a49b|cet4-ea26fc53d9fd|cet4-095d594873d7|cet4-cd9bdfa22c2f|cet4-ed10e57f7ca3|cet4-97702efb711f|cet4-80f3b0c9ccf5|cet4-6e49f0c1aee7|cet4-fa3365039ba3|cet4-1dde7d9568c6|cet4-4e86a3549b59|cet4-b99d37c70309|cet4-d2666b353582|cet4-58a4a37da3b5|cet4-8c397c740150|cet4-5a188d670a6f|cet4-c920529adb6c|cet4-e3d6515ecb34|cet4-577e1243f2eb|cet4-4be2de3c8f77|cet4-2c1b38c80370|cet4-9ce9cf1278d8|cet4-dbed7b049c17|cet4-e22c3f0b4e8d|cet4-25078625d9ef|cet4-85bdf478ea7d|cet4-a8903e34595b|cet4-c51c06e947fa|cet4-a058a5270192|cet4-02ed3f23c84b|cet4-5f9ccee96a8d,cet4-d9ecfbdf3cb6|cet4-79074d50c503|cet4-a6ebe0e4f22f|cet4-6dac7a444590|cet4-2956c71b4480|cet4-5cf2811e62a9|cet4-3515b47cc8db|cet4-b49e4cce760b|cet4-0662aa38684d|cet4-3524cef22a66|cet4-85f7566a2a4c|cet4-379ca1cab4f0|cet4-8e65bdff118a|cet4-28e0880da614|cet4-98d58c902620|cet4-f89cd7f82c2b|cet4-4d14a01023f8|cet4-4bf1a7838bdc,45,18,planned,380,3,7,88
CH089,89,What the System Remembers: The Trial Run,系统记住了什么：第一次试行,科学、技术与互联网,"At an innovation lab and online workspace, the group works to build a secure and accessible service. A limited attempt produces useful results as well as a new constraint. The immediate pressure comes from a data leak reveals weak consent; the chapter must move toward the launch pauses for a responsible redesign without resolving the entire arc early.",cet4-52c2cd56d07e|cet4-e6ec4a5c0cea|cet4-fe4e6ff6f6d4|cet4-696647262024|cet4-16083d5a385d|cet4-fa54dbaa99cd|cet4-61fd4393aa37|cet4-fc082dbc7801|cet4-bc5078c96b8d|cet4-09c611a8937b|cet4-858ac952ba94|cet4-623647908e99|cet4-6cf500fa622c|cet4-eacf746cf762|cet4-3e3e40a8a9c1|cet4-61440fd986c4|cet4-79342acdb533|cet4-46104cc3b8e7|cet4-28b79da0ee21|cet4-97247b8eccfd|cet4-f9f306b63795|cet4-eff243df851a|cet4-f28775d40327|cet4-3d4e2408239e|cet4-ef228647d261|cet4-c42d7c0aaa5e|cet4-f4ec3e171c5b|cet4-c3ecf5e0b27e|cet4-acec1b6949ba|cet4-790031e738ce|cet4-04b05925531a|cet4-fdb208fdea0b|cet4-b52773ecbfbe|cet4-f7abcb7c39b9|cet4-c1c422b53df3|cet4-6e32a2a72ea1|cet4-b0cc1e10f712|cet4-9b30178d56b0|cet4-3f595944c87e|cet4-1b69d0de78f2|cet4-2e779f217050|cet4-d33a68157cda|cet4-f6bcc8bc8a07|cet4-1f3aa4b67cc8|cet4-08f731061b1d,cet4-924ddcb86e57|cet4-8d8274aed97e|cet4-4897127b2c72|cet4-89aa024a8985|cet4-bc077eb91e4e|cet4-0f6e75f53f3d|cet4-df71df8f958c|cet4-7c15cacf7faf|cet4-80f7b4184272|cet4-09c630a480e9|cet4-00312fffb2cb|cet4-156920cf5975|cet4-3d116840893f|cet4-76ba8354d38e|cet4-139068bbfb94|cet4-b45f48d03ac2|cet4-1bbe9239086d|cet4-24044bc39727,45,18,planned,380,3,7,89
CH090,90,What the System Remembers: Pressure Builds,系统记住了什么：压力上升,科学、技术与互联网,"At an innovation lab and online workspace, the group works to build a secure and accessible service. Time, money, health, or trust makes the original plan harder to maintain. The immediate pressure comes from a data leak reveals weak consent; the chapter must move toward the launch pauses for a responsible redesign without resolving the entire arc early.",cet4-e88286aabb71|cet4-a8653162d4c5|cet4-ed983c484bbd|cet4-757ca50a4ceb|cet4-1709c9648c6d|cet4-38cd2f3c1043|cet4-42ccf7463dcc|cet4-2321df0f2544|cet4-71bf3a2d086e|cet4-fee526ec8ab8|cet4-c4c2c48f2435|cet4-4a6a4105482d|cet4-67eb0de347fc|cet4-cf41fcf6f151|cet4-c0f65ff96aaa|cet4-ddbba1b638cf|cet4-b8f1534cbe59|cet4-a9d91bdb0c4e|cet4-dce4af3c97f0|cet4-7f03c302c771|cet4-eb2dbb4add1e|cet4-8f9ae22c6ba0|cet4-baf7089befbe|cet4-7c6a51010123|cet4-f621a366931e|cet4-49b87eb7997e|cet4-050565129585|cet4-72e14cf81d64|cet4-154ef50ddfea|cet4-0995cd1149de|cet4-6f0e7639279d|cet4-4b69930aac2d|cet4-e39921d940e4|cet4-461e045eaf9e|cet4-6aae6acc0b6c|cet4-fcefaa4ec1c4|cet4-357983f9f9a7|cet4-85b9382ad1d8|cet4-bd50a54ef890|cet4-f1e1533f2dd4|cet4-3ae5821d20fe|cet4-a45a2bcf9fd7|cet4-d0acd735684b|cet4-1389970b6be0|cet4-533318ea94a5,cet4-5bf6244b556d|cet4-d9ecfbdf3cb6|cet4-f5b836e76dc7|cet4-2f401fc0b578|cet4-c7621e975128|cet4-306335b276bb|cet4-bc80f3ad70c2|cet4-3515b47cc8db|cet4-f1d1cf391182|cet4-aad5b262f37a|cet4-379ca1cab4f0|cet4-6c1f79dde65f|cet4-52c2cd56d07e|cet4-d370b815c66a|cet4-f0a45402a53a|cet4-d85de2ba66a8|cet4-efe15c456080|cet4-c92729b9ee33,45,18,planned,380,3,7,90
CH091,91,What the System Remembers: The Disagreement,系统记住了什么：分歧,科学、技术与互联网,"At an innovation lab and online workspace, the group works to build a secure and accessible service. Two defensible priorities conflict and the characters must explain their motives. The immediate pressure comes from a data leak reveals weak consent; the chapter must move toward the launch pauses for a responsible redesign without resolving the entire arc early.",cet4-f16cd951334f|cet4-fa658bff47eb|cet4-92137b7617e2|cet4-1508bee01043|cet4-89ca39fe5426|cet4-bfdfd5a7f451|cet4-f12476f30769|cet4-d23c38b03af8|cet4-6dc42027e111|cet4-8b355afbc9fe|cet4-ec01d076b502|cet4-5a887ad29a05|cet4-d6f14d1f646e|cet4-9d38d141b951|cet4-8c08d8d960e5|cet4-6a37372d6e02|cet4-f01c4f6342b0|cet4-a1199aa73242|cet4-6782dffd3c64|cet4-2f35a6e78743|cet4-306309ce398a|cet4-19e2f1189f0a|cet4-9f2022dd9490|cet4-607160ffb092|cet4-0acc79867354|cet4-b5c5ae91b63f|cet4-b1483d43b31a|cet4-fdf6739aa1d6|cet4-bcc82d7961df|cet4-2e42ee70e6ad|cet4-bb0b67a4de17|cet4-997b13ad673a|cet4-396fe519561d|cet4-d3912d90d2c1|cet4-7035af482f7e|cet4-e2b397528501|cet4-0ed73a8d0b65|cet4-e2637eb58ec8|cet4-694c47c38d2c|cet4-31c551926d73|cet4-bc1294e3ce34|cet4-371b980de0ee|cet4-4f439568ab04|cet4-7409a43ddf93|cet4-21018a871e96,cet4-f6b78fa5d069|cet4-8d8274aed97e|cet4-e88286aabb71|cet4-99d8564e174a|cet4-38cd2f3c1043|cet4-df71df8f958c|cet4-a8653162d4c5|cet4-757ca50a4ceb|cet4-7c15cacf7faf|cet4-1709c9648c6d|cet4-c3d7bcfc98d4|cet4-00312fffb2cb|cet4-156920cf5975|cet4-3d116840893f|cet4-dbe4d91870a9|cet4-42ccf7463dcc|cet4-1bbe9239086d|cet4-ed983c484bbd,45,18,planned,380,3,7,91
CH092,92,What the System Remembers: What the Numbers Hide,系统记住了什么：数字隐藏了什么,科学、技术与互联网,"At an innovation lab and online workspace, the group works to build a secure and accessible service. Quantitative evidence is checked against lived experience and context. The immediate pressure comes from a data leak reveals weak consent; the chapter must move toward the launch pauses for a responsible redesign without resolving the entire arc early.",cet4-bac0595c1280|cet4-21a0b42aa72e|cet4-571965395c89|cet4-f177e4f42418|cet4-ec70ba1e4f83|cet4-5a17c12f6d89|cet4-98f92cfc1781|cet4-35489d4cae98|cet4-50ea2172dce4|cet4-6659b1ef2400|cet4-b1f52c1865e2|cet4-ff337efdb069|cet4-f836fa7f84a0|cet4-1fd59d662489|cet4-dfbc6c8eb237|cet4-b7e3f60a2158|cet4-16b31e9c63de|cet4-e76ab4182d7e|cet4-7b1fb0210219|cet4-27f1ce259e6a|cet4-c33ad11b0807|cet4-60f1667cb2cc|cet4-9401ae09fd8e|cet4-52d3a225812e|cet4-0a93556b443a|cet4-2664d701f2ad|cet4-688fdcd39e7a|cet4-6413dceaf542|cet4-b4d3ed63cf99|cet4-fdc57a377b15|cet4-1b41ac61bb15|cet4-c1809aac1376|cet4-52e361aef6c0|cet4-ad35df8df477|cet4-4765e215c5b2|cet4-951f1316e8aa|cet4-72e6812b08f6|cet4-20e5daaead9e|cet4-a8fb0b649355|cet4-2c0bc9913919|cet4-c90c2f48f6e4|cet4-b3e79b0e130d|cet4-0bb513f6b8d0|cet4-40570a25dbf4|cet4-aa6f96056f95,cet4-c1057f739f3c|cet4-a6ebe0e4f22f|cet4-b8150fe76538|cet4-f12476f30769|cet4-6dac7a444590|cet4-fa658bff47eb|cet4-1f0f7bd617d7|cet4-f16cd951334f|cet4-92137b7617e2|cet4-92be714b5313|cet4-cf08e8fcd9a4|cet4-52c2cd56d07e|cet4-28e0880da614|cet4-bfdfd5a7f451|cet4-1508bee01043|cet4-8b84bef89c52|cet4-4d14a01023f8|cet4-89ca39fe5426,45,18,planned,380,3,7,92
CH093,93,What the System Remembers: A Better Question,系统记住了什么：更好的问题,科学、技术与互联网,"At an innovation lab and online workspace, the group works to build a secure and accessible service. The group reframes the problem after recognizing a false assumption. The immediate pressure comes from a data leak reveals weak consent; the chapter must move toward the launch pauses for a responsible redesign without resolving the entire arc early.",cet4-1f4513c4e066|cet4-886d178962f3|cet4-a27c00564ce2|cet4-053374447dd8|cet4-e167eef96890|cet4-ac7333199475|cet4-d1ea45ed968b|cet4-89c4d59b0ee2|cet4-a3fdb2a9b4ce|cet4-57e2d4b3c786|cet4-d733d0bf8682|cet4-7bef937c7e1a|cet4-a8d4ed50a211|cet4-d5d63f6e6782|cet4-caabfe0c1ac4|cet4-bb938c02ba1d|cet4-a6a1d89c7e70|cet4-6ef37e5dcfa9|cet4-14c8aca62ac0|cet4-41e56d848e22|cet4-80c3e90d50b3|cet4-8c391a3b7181|cet4-1413111b823b|cet4-e03ea90a6e96|cet4-dece0ca69afd|cet4-b7066b6afdca|cet4-c395eb2f7da3|cet4-452e29144751|cet4-acc47ff54bf5|cet4-95a769ec2acb|cet4-9b5498720346|cet4-5f86734293d2|cet4-29f2e2ade0ce|cet4-83de4404f8d3|cet4-2be061f6ee51|cet4-0aa38ceeae91|cet4-c00edabdb0a7|cet4-0134afafa914|cet4-f54a436ce2c4|cet4-89041e358571|cet4-19c9303d18b0|cet4-0c2c4b936615|cet4-c16388b51545|cet4-fbcd5fc85f98|cet4-83a44a877457,cet4-e88286aabb71|cet4-38cd2f3c1043|cet4-b61c98d382e5|cet4-2321df0f2544|cet4-332580bb99e8|cet4-a8653162d4c5|cet4-757ca50a4ceb|cet4-1709c9648c6d|cet4-bac0595c1280|cet4-941713fa2575|cet4-65512593c8d9|cet4-42ccf7463dcc|cet4-21a0b42aa72e|cet4-76ba8354d38e|cet4-56cbcc06b98e|cet4-463a83c6d680|cet4-b45f48d03ac2|cet4-ed983c484bbd,45,18,planned,380,3,7,93
CH094,94,What the System Remembers: The Second Attempt,系统记住了什么：第二次尝试,科学、技术与互联网,"At an innovation lab and online workspace, the group works to build a secure and accessible service. A revised approach is tested under more realistic conditions. The immediate pressure comes from a data leak reveals weak consent; the chapter must move toward the launch pauses for a responsible redesign without resolving the entire arc early.",cet4-89b653804b60|cet4-477728182659|cet4-cfd6ec9784e0|cet4-b5d244ed9fd0|cet4-082f4a721a18|cet4-260764df2c0c|cet4-ddefafecb36e|cet4-ff1d7ca3adb5|cet4-6603465f040a|cet4-efe1d1a8d1fd|cet4-ead021502b04|cet4-6a372038132f|cet4-e445f81f2092|cet4-4254d40772a1|cet4-2d2caf69e527|cet4-37d4ace53530|cet4-973b0b02a89b|cet4-6e120654b1af|cet4-b771c11b2598|cet4-c3569e415482|cet4-5e2a7eb4ed27|cet4-997929c9048c|cet4-98c95bae5234|cet4-38b68be94d5f|cet4-618220573e4d|cet4-1c204af600d3|cet4-feeefa25ec6a|cet4-32d5045f3134|cet4-889c4163f438|cet4-1d5773b2fbe0|cet4-0f13a4ac5d58|cet4-e51f9881ab6a|cet4-2cb7eed00b2d|cet4-3c97195cc307|cet4-0a20a9083939|cet4-761e76df8d77|cet4-00d8a17bd291|cet4-48c73f58288e|cet4-05e05ad776fa|cet4-6ca4204bff75|cet4-49cca65ca6bb|cet4-6808e5eebd3b|cet4-a908b04b1640|cet4-d2c6fa9c3356|cet4-5a8d55f296c4,cet4-1f4513c4e066|cet4-1608a20d27d7|cet4-d9ecfbdf3cb6|cet4-f6e7188ebe52|cet4-f12476f30769|cet4-a27c00564ce2|cet4-fa658bff47eb|cet4-3515b47cc8db|cet4-f16cd951334f|cet4-379ca1cab4f0|cet4-92137b7617e2|cet4-886d178962f3|cet4-d23c38b03af8|cet4-98d58c902620|cet4-bfdfd5a7f451|cet4-1508bee01043|cet4-2d162f7c0aed|cet4-89ca39fe5426,45,18,planned,380,3,7,94
CH095,95,What the System Remembers: Outside Pressure,系统记住了什么：外部压力,科学、技术与互联网,"At an innovation lab and online workspace, the group works to build a secure and accessible service. An institution or stakeholder imposes a condition the team cannot ignore. The immediate pressure comes from a data leak reveals weak consent; the chapter must move toward the launch pauses for a responsible redesign without resolving the entire arc early.",cet4-1375ceff8af1|cet4-a288daa9f17f|cet4-51651d556ee8|cet4-a333b0aa7862|cet4-fe97ce81c243|cet4-b02e71e4bd0a|cet4-c26c767b3f14|cet4-0f1abb9d2b11|cet4-98f3e402498f|cet4-a193e3c238cd|cet4-e07b5934d157|cet4-10ecc7445fbb|cet4-3b618af242a0|cet4-46191484aba7|cet4-b2f5f178f5f0|cet4-723e5aeb22e5|cet4-b01feb4e8cec|cet4-5ed0c07c3feb|cet4-70dc043e94a6|cet4-1882e4a57bef|cet4-20a108303ce4|cet4-df1f55757e01|cet4-10ef33baece5|cet4-04ae3e965aff|cet4-df2bae00eb54|cet4-e95338611ad6|cet4-8d45414f169d|cet4-eaaecd9e91ca|cet4-b396a6a48b07|cet4-928357d5df3b|cet4-b2bfd8f407ac|cet4-b6a085d42136|cet4-7b59e8514d71|cet4-3d16e253895e|cet4-1d7cb43f2264|cet4-a85bf06fa612|cet4-8b77dbbbb891|cet4-a3af2d425354|cet4-73d0a7308acb|cet4-732e898137cf|cet4-48ebed026889|cet4-2ed6a32c7685|cet4-1dcef871ee2d|cet4-68adec7b5c96|cet4-6a4d155a5f78,cet4-8d8274aed97e|cet4-0adad7945ec5|cet4-df71df8f958c|cet4-b49e4cce760b|cet4-0662aa38684d|cet4-7c15cacf7faf|cet4-89b653804b60|cet4-ae7ef0b7c095|cet4-8e65bdff118a|cet4-00312fffb2cb|cet4-156920cf5975|cet4-3d116840893f|cet4-477728182659|cet4-8b0a711ef9c3|cet4-7ad1b0a9de86|cet4-1bbe9239086d|cet4-674cb26f288c|cet4-39307ba7d89c,45,18,planned,380,3,7,95
CH096,96,What the System Remembers: The Decision,系统记住了什么：决定,科学、技术与互联网,"At an innovation lab and online workspace, the group works to build a secure and accessible service. The characters choose a course of action and accept a specific cost. The immediate pressure comes from a data leak reveals weak consent; the chapter must move toward the launch pauses for a responsible redesign without resolving the entire arc early.",cet4-81c44e1b1d9d|cet4-bb4e97c3d2bd|cet4-8ecf61b1e0fc|cet4-5e053f0956eb|cet4-b741487d7964|cet4-ad379606c7ff|cet4-6a80e0df1bab|cet4-3856e20e7242|cet4-f6b6f45b387b|cet4-46a5368533fb|cet4-67b381d60286|cet4-a9d5a013440c|cet4-1057bf5323f4|cet4-274c03d313eb|cet4-36aa542b900a|cet4-317a533bd3b1|cet4-6172fc714b9c|cet4-73257bf92b60|cet4-a811b2d91d67|cet4-1af29316b004|cet4-533412f90890|cet4-fed2781d06ee|cet4-c3234abd76af|cet4-2ac389167d6d|cet4-1d37c49ea0bd|cet4-2c36b6750bf0|cet4-21f3fa51625e|cet4-920c30bc0d80|cet4-31f4450b7674|cet4-d5e994ae1afb|cet4-272c284dcdd0|cet4-d353d94a162e|cet4-f19694de2f1b|cet4-5606bda32525|cet4-c99e7b140762|cet4-9b92becbdd3a|cet4-c632112f5c0c|cet4-52608dfc1d1e|cet4-30255fdc02f8|cet4-c36630b61306|cet4-f49b74c4c2f3|cet4-7da1c3aea881|cet4-54c4fa966742|cet4-5a14c86537ab|cet4-17bb4dec5f21,cet4-1f4513c4e066|cet4-7e5a133966b3|cet4-fe97ce81c243|cet4-6208186fa7b9|cet4-fe4e6ff6f6d4|cet4-51651d556ee8|cet4-5eef9fd3f749|cet4-80f7b4184272|cet4-32f05565292f|cet4-52c2cd56d07e|cet4-e6ec4a5c0cea|cet4-1375ceff8af1|cet4-3df898db8306|cet4-139068bbfb94|cet4-a288daa9f17f|cet4-a333b0aa7862|cet4-c56f0178ec4d|cet4-4c030e67ea2e,45,18,planned,380,3,7,96
CH097,97,What the System Remembers: Consequences,系统记住了什么：后果,科学、技术与互联网,"At an innovation lab and online workspace, the group works to build a secure and accessible service. The decision changes relationships, evidence, and the next available choices. The immediate pressure comes from a data leak reveals weak consent; the chapter must move toward the launch pauses for a responsible redesign without resolving the entire arc early.",cet4-9ea0670371cd|cet4-d9514b638af6|cet4-2e76158bebc8|cet4-eb3838e19a7c|cet4-fe655830ecc1|cet4-b26be8a03107|cet4-63034afddc96|cet4-b5516bbdf2da|cet4-3387dc650c24|cet4-acd325cdaea8|cet4-849ed2a0e195|cet4-843318a18849|cet4-d56ff2b2faf0|cet4-55d8efe2458f|cet4-14d7d134e43e|cet4-594bf17198a5|cet4-4eab78716334|cet4-691bde7432ee|cet4-397a3bb40176|cet4-685d53f1bd3e|cet4-7ad4010d3c59|cet4-668b05ba03aa|cet4-afa1680a725d|cet4-82725708cf35|cet4-891b6495ab1f|cet4-bfcd52a3274d|cet4-3153621f4fec|cet4-c53e3f0fd4d3|cet4-d07ab86d1952|cet4-0cbdd3aabb85|cet4-5f006db78143|cet4-b026bd3906da|cet4-93669d0bad98|cet4-c1fc7e87985a|cet4-a4606f22654d|cet4-3a07714431da|cet4-9384fcfdd42e|cet4-3c68b9b0072a|cet4-c9fe5f83db3f|cet4-475eef325bb9|cet4-5d1d0730c666|cet4-a3f4eee09449|cet4-bd5483347504|cet4-5b2d03677055|cet4-a9ee61968cfd,cet4-41c6a7544741|cet4-b741487d7964|cet4-e88286aabb71|cet4-7a560fbab409|cet4-bb4e97c3d2bd|cet4-944af8fa2875|cet4-38cd2f3c1043|cet4-8ecf61b1e0fc|cet4-a8653162d4c5|cet4-757ca50a4ceb|cet4-89b653804b60|cet4-ad379606c7ff|cet4-1709c9648c6d|cet4-81c44e1b1d9d|cet4-42ccf7463dcc|cet4-477728182659|cet4-5e053f0956eb|cet4-ed983c484bbd,45,18,planned,380,3,7,97
CH098,98,What the System Remembers: The Bridge Forward,系统记住了什么：通向下一程,科学、技术与互联网,"At an innovation lab and online workspace, the group works to build a secure and accessible service. The arc closes with an unresolved consequence that launches the next stage. The immediate pressure comes from a data leak reveals weak consent; the chapter must move toward the launch pauses for a responsible redesign without resolving the entire arc early.",cet4-8dbb422223e9|cet4-7d6ac804b303|cet4-55a14b715683|cet4-1a0141088090|cet4-6958b7e8abb4|cet4-ce822d9656cb|cet4-0874e45bd36a|cet4-5be737d6ae38|cet4-333adff2cc11|cet4-72d62e5d90dc|cet4-ba508e838211|cet4-f67fa59948f5|cet4-00e218ea3bee|cet4-8adcb9f4f77e|cet4-9ef3fb9a2d59|cet4-dc77f153979e|cet4-c10f6d58e05b|cet4-6df34fab3e17|cet4-11cfe995a106|cet4-744c331d77f3|cet4-83af24a3acbd|cet4-d9cfeb1ce9bf|cet4-9c1d506e39bc|cet4-269eb2737099|cet4-3f7c761971d6|cet4-69163d02aeb2|cet4-0c0f68f0950f|cet4-e10677d4c333|cet4-ad2543db862f|cet4-bae6b99fc22b|cet4-4f76dced9a13|cet4-db5ef2e9fa6d|cet4-1985b6f84940|cet4-41dd2218aa1c|cet4-62fd2ace1f8d|cet4-ff09fe4303cd|cet4-d0838f353451|cet4-775c26fdead8|cet4-ef57c3683ae7|cet4-f28f1bd0a4cf|cet4-132dac74d1d9|cet4-742c24a64d57|cet4-c12e39c5e3af|cet4-4672eb551b71|cet4-6cc377c76dc2,cet4-fe97ce81c243|cet4-c3b5faf36026|cet4-9ea0670371cd|cet4-fa658bff47eb|cet4-400839ac7351|cet4-f16cd951334f|cet4-51651d556ee8|cet4-9b1123fc8f98|cet4-92137b7617e2|cet4-8db482b3f4c9|cet4-3b84bdc7995f|cet4-bfdfd5a7f451|cet4-1375ceff8af1|cet4-1508bee01043|cet4-a288daa9f17f|cet4-a333b0aa7862|cet4-89ca39fe5426|cet4-5864241a3a41,45,18,planned,380,3,7,98
CH099,99,The River Answers Back: A Signal,河流的回应：一个信号,环境、自然与可持续发展,"At the river district and field station, the group works to test an environmental model with residents. The characters encounter the arc's central problem through a concrete consequence. The immediate pressure comes from flooding exposes missing local knowledge; the chapter must move toward the plan is rebuilt with community evidence without resolving the entire arc early.",cet4-5e3b2d317196|cet4-629ffc2fd670|cet4-cd7bab6d0553|cet4-8f2a79596494|cet4-da82ea8ce30a|cet4-3538341cff19|cet4-8ca6defc18d2|cet4-fc29c729ec79|cet4-849e89502956|cet4-f29671791d21|cet4-dc2244a7850a|cet4-9ededc5079cd|cet4-caf3ca9a0fa9|cet4-3694256abcc8|cet4-89d02a0f838f|cet4-6b95fcb769a0|cet4-166bf15dcbde|cet4-96e3219361e6|cet4-b78a70dbd4f0|cet4-c1c99620641b|cet4-3dfcfa615acf|cet4-c0e6321bb0fe|cet4-8b66a27f83b9|cet4-b50919289b10|cet4-a76e1465e52a|cet4-be2e63efb76f|cet4-85edbb5d1774|cet4-c9a886859845|cet4-d6e90d2cbfb5|cet4-9d0e4f1d83c9|cet4-7e737558bdae|cet4-08f3505d1c08|cet4-84cd97c34072|cet4-c0ee315fd4ad|cet4-e1d200962e27|cet4-d263275f384a|cet4-944eb7e2d5e3|cet4-7e28b8624b5d|cet4-28567052bd27|cet4-fc788ffd8957|cet4-700752f041a7|cet4-5aa040da9652|cet4-85c864f50d63|cet4-06738141ec4d|cet4-3e9dfc4a0bc3,cet4-b741487d7964|cet4-a6ebe0e4f22f|cet4-bb4e97c3d2bd|cet4-6a80e0df1bab|cet4-55a14b715683|cet4-6dac7a444590|cet4-8dbb422223e9|cet4-8ecf61b1e0fc|cet4-ad379606c7ff|cet4-571965395c89|cet4-bac0595c1280|cet4-81c44e1b1d9d|cet4-28e0880da614|cet4-21a0b42aa72e|cet4-7d6ac804b303|cet4-5e053f0956eb|cet4-4d14a01023f8|cet4-d02ceda94ca6,45,18,planned,380,3,8,99
CH100,100,The River Answers Back: The First Promise,河流的回应：第一次承诺,环境、自然与可持续发展,"At the river district and field station, the group works to test an environmental model with residents. They define an immediate goal and commit resources before all risks are visible. The immediate pressure comes from flooding exposes missing local knowledge; the chapter must move toward the plan is rebuilt with community evidence without resolving the entire arc early.",cet4-fcf76276603c|cet4-73419b1ea7f3|cet4-25a4f527d876|cet4-6d09af5e44b9|cet4-d36d160416af|cet4-876c2818b44c|cet4-50fa6b47d56c|cet4-59eaeab0ad1f|cet4-47466c09fff6|cet4-4f27aa159432|cet4-ac63ababbd8e|cet4-5518fff12481|cet4-77d4fe186891|cet4-aa31ddb34c81|cet4-103c75079a52|cet4-bc49a0613d56|cet4-91c2f5d27504|cet4-f841c0445a9c|cet4-4f737cb547fe|cet4-df11a271be3e|cet4-6b7250c1a69d|cet4-c9fc659b4bb6|cet4-a825c02c4ed9|cet4-0c7d90661e26|cet4-75ae3d3cd806|cet4-62ee59eeca92|cet4-24149444d901|cet4-dddc746a3277|cet4-40e8d1d71ff7|cet4-d3820f02f9e6|cet4-0f905b6affd1|cet4-70da0872b288|cet4-815e419b622c|cet4-ff8f3ba91f37|cet4-c83b96892925|cet4-5e012e6294f3|cet4-8d8cd50388db|cet4-92f988f65c4f|cet4-1ec5d7c43e1b|cet4-5f1aaad1e215|cet4-0eabcadb1cd8|cet4-12d24a202f7c|cet4-f25d05f404f2|cet4-d88a77ea9d97,cet4-1f4513c4e066|cet4-8f2a79596494|cet4-cd7bab6d0553|cet4-21f7b6e33d51|cet4-bc077eb91e4e|cet4-0f6e75f53f3d|cet4-9ea0670371cd|cet4-c62342c52e29|cet4-3538341cff19|cet4-5e3b2d317196|cet4-3c959767e099|cet4-76ba8354d38e|cet4-da82ea8ce30a|cet4-ce034cb647b8|cet4-b18ad5684f1d|cet4-b45f48d03ac2|cet4-24044bc39727|cet4-629ffc2fd670,44,18,planned,380,3,8,100
CH101,101,The River Answers Back: A Missing Voice,河流的回应：缺席的声音,环境、自然与可持续发展,"At the river district and field station, the group works to test an environmental model with residents. A person affected by the plan reveals information the group overlooked. The immediate pressure comes from flooding exposes missing local knowledge; the chapter must move toward the plan is rebuilt with community evidence without resolving the entire arc early.",cet4-c5ce71e2ab00|cet4-8957a0a004ae|cet4-6a9de05459c3|cet4-e5964029cf89|cet4-9f939b62c9f5|cet4-389c2b3d5b9e|cet4-206d6586587e|cet4-de121f3ad41b|cet4-d2ab678c2553|cet4-95f9835be31f|cet4-5efb147d2cc3|cet4-73e0bf7c0663|cet4-36cd196a8f01|cet4-124541bad083|cet4-9443cca1a45a|cet4-592c99edca32|cet4-6d03b0a16edd|cet4-32bbe1181875|cet4-bcad4b13eebc|cet4-f3ac6cfaa4ba|cet4-e5188c49ed56|cet4-44ae1e53517b|cet4-0eb1b80da1f6|cet4-d3e327db15a6|cet4-6f15c7324b26|cet4-b9667ce4c81c|cet4-2976a13f62fd|cet4-7541adcc7e8f|cet4-aa7c44a43c57|cet4-aa24f614298e|cet4-2b367bf3281a|cet4-863827badd01|cet4-d68345150750|cet4-4715b7b96631|cet4-b1c0901883ed|cet4-71482ff2196b|cet4-988926603071|cet4-6bf456176ff3|cet4-1433e03b9a8d|cet4-4ff2acee74a9|cet4-417ebbbd8522|cet4-893932c96676|cet4-755071af1f2f|cet4-98689b01c46b,cet4-cfd6ec9784e0|cet4-d9ecfbdf3cb6|cet4-8ea842aa6cdd|cet4-fcf76276603c|cet4-55a14b715683|cet4-b5d244ed9fd0|cet4-8dbb422223e9|cet4-3515b47cc8db|cet4-abac9d0292e0|cet4-379ca1cab4f0|cet4-89b653804b60|cet4-7c36467eca43|cet4-fdfd49e3b697|cet4-477728182659|cet4-0200e991adea|cet4-4d43fdff2a47|cet4-270f6b3a21d2|cet4-7d6ac804b303,44,18,planned,380,3,8,101
CH102,102,The River Answers Back: Evidence on the Table,河流的回应：摆上桌面的证据,环境、自然与可持续发展,"At the river district and field station, the group works to test an environmental model with residents. The team gathers and compares evidence instead of relying on assumptions. The immediate pressure comes from flooding exposes missing local knowledge; the chapter must move toward the plan is rebuilt with community evidence without resolving the entire arc early.",cet4-61fd83b55ac3|cet4-0cccb37f35e2|cet4-4e1c770293ac|cet4-86d91eb7fdd0|cet4-d4f218a953b6|cet4-fbb8d20087bf|cet4-629e8774fc90|cet4-9269050c2b8a|cet4-e96a49ba4fab|cet4-ec9eca850195|cet4-6ae06ffe6bd9|cet4-54b38647e512|cet4-1b04064c9a51|cet4-fce14b50748f|cet4-39cc5e89e14f|cet4-4898ae99a43e|cet4-6483b314376d|cet4-d72926170093|cet4-4fc03fff5ee9|cet4-4656f51cb070|cet4-d3d17183f219|cet4-aa3495e0f4ae|cet4-4876db1a066d|cet4-7e438af7f0dd|cet4-ddd4e5b05aea|cet4-017e644c95af|cet4-7af1b7e925df|cet4-68815012d509|cet4-fef7b6fe3235|cet4-83b950edba26|cet4-e3547eada6ea|cet4-1ecc74688f7b|cet4-d84c584f06b5|cet4-429e0890a4ee|cet4-892c756921d0|cet4-e00619083661|cet4-c4de76d68c06|cet4-63e228b0ba41|cet4-dfc2c4d85837|cet4-0b59701ea6c6|cet4-60b4af8d0b10|cet4-9ed0aa824f99|cet4-9a9a871ccbe0|cet4-b1b27f8d3efe,cet4-8d8274aed97e|cet4-cd7bab6d0553|cet4-8957a0a004ae|cet4-df71df8f958c|cet4-7c15cacf7faf|cet4-51651d556ee8|cet4-5e3b2d317196|cet4-00312fffb2cb|cet4-156920cf5975|cet4-3d116840893f|cet4-6cf03f489496|cet4-6a9de05459c3|cet4-1375ceff8af1|cet4-a288daa9f17f|cet4-1bbe9239086d|cet4-c5ce71e2ab00|cet4-a333b0aa7862|cet4-629ffc2fd670,44,18,planned,380,3,8,102
CH103,103,The River Answers Back: The Trial Run,河流的回应：第一次试行,环境、自然与可持续发展,"At the river district and field station, the group works to test an environmental model with residents. A limited attempt produces useful results as well as a new constraint. The immediate pressure comes from flooding exposes missing local knowledge; the chapter must move toward the plan is rebuilt with community evidence without resolving the entire arc early.",cet4-d287e069739b|cet4-bd000fc30b3e|cet4-2e5fd084aeb9|cet4-b2a39cdcc985|cet4-43fc9d796551|cet4-778a4527cca4|cet4-374bff5acca9|cet4-42a935b1fd3e|cet4-e357db5898ac|cet4-66e45f2218ff|cet4-e667dd68ae89|cet4-f7ba21b2635d|cet4-0010f3b76d6f|cet4-846f81a27e20|cet4-22d88cdf00e6|cet4-556f8b866991|cet4-962c8871b87b|cet4-4b42ec3263af|cet4-e42347be7d35|cet4-bb131facbef3|cet4-340c9dc70ad9|cet4-3b9afcf8edb5|cet4-785fc53ff6d6|cet4-ecc78a662c1d|cet4-73eb6b55c948|cet4-a5ee323afe54|cet4-25613057b615|cet4-19754003fd1c|cet4-ed0e58e3dae9|cet4-1b270eb21566|cet4-570710831da6|cet4-322fe9253366|cet4-dedae4212a6c|cet4-67d5f2dc1102|cet4-1433191e4f8d|cet4-e083205f053d|cet4-c7bd42af4d40|cet4-a2a81ab4fea6|cet4-c04f5f2330eb|cet4-131828478032|cet4-83e1f7dcf8f6|cet4-586262dc7ee4|cet4-514aaf8cdb79|cet4-df2c82821e8c,cet4-b741487d7964|cet4-bb4e97c3d2bd|cet4-3856e20e7242|cet4-73419b1ea7f3|cet4-6a80e0df1bab|cet4-46a5368533fb|cet4-fcf76276603c|cet4-8ecf61b1e0fc|cet4-ad379606c7ff|cet4-81c44e1b1d9d|cet4-52c2cd56d07e|cet4-0cccb37f35e2|cet4-e6ec4a5c0cea|cet4-f6b6f45b387b|cet4-61fd83b55ac3|cet4-67b381d60286|cet4-5e053f0956eb|cet4-a9d5a013440c,44,18,planned,380,3,8,103
CH104,104,The River Answers Back: Pressure Builds,河流的回应：压力上升,环境、自然与可持续发展,"At the river district and field station, the group works to test an environmental model with residents. Time, money, health, or trust makes the original plan harder to maintain. The immediate pressure comes from flooding exposes missing local knowledge; the chapter must move toward the plan is rebuilt with community evidence without resolving the entire arc early.",cet4-4952d250dab4|cet4-83be3cbb0269|cet4-7c55a4301df1|cet4-16d18c913311|cet4-d95e75798ba6|cet4-83a3b95017b7|cet4-47e773b43609|cet4-f45a8183e3dd|cet4-22880c526995|cet4-3a890d1916c5|cet4-34b6e0533146|cet4-1ece0bccd3f3|cet4-29643a70622d|cet4-2b238057c81d|cet4-438438dfef36|cet4-08d8705d6e03|cet4-6d2250ff9add|cet4-c027ba303ee5|cet4-6c84d0cbe578|cet4-6d5c85965c73|cet4-74468087a80d|cet4-5f7378ccdccf|cet4-bba4511d8a51|cet4-b88a9e70f72c|cet4-265b386c2a6d|cet4-761426019eff|cet4-bf1d199f32ad|cet4-1b0211943fcf|cet4-e96ab41665e1|cet4-67372fe6567b|cet4-94a4e0c73963|cet4-3c8cd1f094f9|cet4-80075a25b9e3|cet4-3e63218168e6|cet4-61a91798995e|cet4-56eb544cd7ba|cet4-34c4b71b6c96|cet4-bf3fda1550c0|cet4-5879251b3374|cet4-13f0b5e82eb2|cet4-312e23c36b32|cet4-a5c6cc600bd8|cet4-ec7a71850eb0|cet4-34ef4edb5b59,cet4-e88286aabb71|cet4-79074d50c503|cet4-38cd2f3c1043|cet4-9ea0670371cd|cet4-2321df0f2544|cet4-d287e069739b|cet4-8957a0a004ae|cet4-5cf2811e62a9|cet4-a8653162d4c5|cet4-757ca50a4ceb|cet4-85f7566a2a4c|cet4-1709c9648c6d|cet4-42ccf7463dcc|cet4-6a9de05459c3|cet4-71bf3a2d086e|cet4-fee526ec8ab8|cet4-ed983c484bbd|cet4-c5ce71e2ab00,44,18,planned,380,3,8,104
CH105,105,The River Answers Back: The Disagreement,河流的回应：分歧,环境、自然与可持续发展,"At the river district and field station, the group works to test an environmental model with residents. Two defensible priorities conflict and the characters must explain their motives. The immediate pressure comes from flooding exposes missing local knowledge; the chapter must move toward the plan is rebuilt with community evidence without resolving the entire arc early.",cet4-d405961b2cc6|cet4-29d142424ec0|cet4-c083e17d2c12|cet4-af022a2fa3c1|cet4-769a4009aadd|cet4-324508e44498|cet4-4db16c6cbbe6|cet4-6d5401853e7d|cet4-5d7e7931e927|cet4-638fa1e175df|cet4-28e37e84afe2|cet4-82a667ea8f47|cet4-938c24627c0b|cet4-6fa517302158|cet4-9d712adf8e88|cet4-34db7e416bc7|cet4-64556bb75f3e|cet4-3cfd35d18e2f|cet4-2970bc7db673|cet4-393899a6cd6b|cet4-963f4e0e0341|cet4-4cdf1513d5b7|cet4-098358c1ee31|cet4-f9aae23ca61a|cet4-23b4c150b287|cet4-9c01acb2532a|cet4-47d1406cdc8d|cet4-241f56dc72cd|cet4-f1a637849b61|cet4-9e6d1c49f8ad|cet4-9415fe7c8233|cet4-cbecc0251415|cet4-5664abf8166b|cet4-61b684f80d91|cet4-f864a14eee85|cet4-e32e6f62832c|cet4-375301f2de63|cet4-84d154f71620|cet4-ddcc67799929|cet4-4230e8f1afdf|cet4-305ce9bbc9b7|cet4-0d8fb7a28685|cet4-557de1b87915|cet4-d5313c795ccc,cet4-924ddcb86e57|cet4-4897127b2c72|cet4-89aa024a8985|cet4-4952d250dab4|cet4-55a14b715683|cet4-fa658bff47eb|cet4-8dbb422223e9|cet4-f16cd951334f|cet4-92137b7617e2|cet4-83be3cbb0269|cet4-09c630a480e9|cet4-0cccb37f35e2|cet4-bfdfd5a7f451|cet4-1508bee01043|cet4-1a0141088090|cet4-61fd83b55ac3|cet4-7d6ac804b303|cet4-89ca39fe5426,44,18,planned,380,3,8,105
CH106,106,The River Answers Back: What the Numbers Hide,河流的回应：数字隐藏了什么,环境、自然与可持续发展,"At the river district and field station, the group works to test an environmental model with residents. Quantitative evidence is checked against lived experience and context. The immediate pressure comes from flooding exposes missing local knowledge; the chapter must move toward the plan is rebuilt with community evidence without resolving the entire arc early.",cet4-156d1532272c|cet4-0924e130c061|cet4-6028f15f4b84|cet4-39676b739474|cet4-6c57ade57b17|cet4-f65ceb658f78|cet4-017298e3e590|cet4-4e48108520c9|cet4-eb553f60bff4|cet4-4a09ce534b74|cet4-b09f3b4ef0df|cet4-dd76422df3b7|cet4-17f47b00ab81|cet4-0cf4d5b1b045|cet4-af90dd597635|cet4-a46c1b59aafc|cet4-6bd2384d4d9d|cet4-778fb94effac|cet4-985c0c2320b4|cet4-3e255a8c089c|cet4-7c7f6fbc80b2|cet4-6c09c9a8fff9|cet4-0ecab70d045e|cet4-d5c4b28a0a2e|cet4-de60c078ed06|cet4-66d87e52a4b8|cet4-c5e2f5982bf3|cet4-1e0052027c65|cet4-e8930ff09176|cet4-bb8a09c092e9|cet4-96a87faf4225|cet4-b32376a95541|cet4-f13d2a439bea|cet4-0da05e4812fd|cet4-bb873a8e5fbe|cet4-4bab44adec89|cet4-aad06f9eda47|cet4-1a9aab25c8ca|cet4-8097f921b831|cet4-e730508eed56|cet4-bc1022631f5d|cet4-7f56f8e0a879|cet4-75f4b6c8b950|cet4-cc94630415c8,cet4-c083e17d2c12|cet4-8f2a79596494|cet4-cd7bab6d0553|cet4-2f401fc0b578|cet4-306335b276bb|cet4-d287e069739b|cet4-bc80f3ad70c2|cet4-f1d1cf391182|cet4-af022a2fa3c1|cet4-571965395c89|cet4-bac0595c1280|cet4-5e3b2d317196|cet4-d405961b2cc6|cet4-d370b815c66a|cet4-21a0b42aa72e|cet4-da82ea8ce30a|cet4-629ffc2fd670|cet4-29d142424ec0,44,18,planned,380,3,8,106
CH107,107,The River Answers Back: A Better Question,河流的回应：更好的问题,环境、自然与可持续发展,"At the river district and field station, the group works to test an environmental model with residents. The group reframes the problem after recognizing a false assumption. The immediate pressure comes from flooding exposes missing local knowledge; the chapter must move toward the plan is rebuilt with community evidence without resolving the entire arc early.",cet4-8d3da8abfb51|cet4-3384760d0ffb|cet4-fb696daab052|cet4-89069c711b25|cet4-367377280e0e|cet4-bede8b69cfd3|cet4-109f50d4cdd5|cet4-d050567e4606|cet4-d9a04503cbb5|cet4-9886229b7413|cet4-8aac9f345715|cet4-90e9bc525cad|cet4-a15f0048b808|cet4-78188d8b474c|cet4-0c44f883fcbe|cet4-67d28398fa4a|cet4-8012d250813d|cet4-baed6ee495f6|cet4-be2804cba255|cet4-dd92bbd937e7|cet4-d1448a8a0dcc|cet4-ae4448782076|cet4-8b6c038bcb2a|cet4-f962288f0ad6|cet4-5b3aeee001e2|cet4-1a9f151a05fc|cet4-56e3d2790d05|cet4-221a9c307044|cet4-31774089ae8f|cet4-7209c7d5989c|cet4-a07fae9d311d|cet4-a59a7affbcfb|cet4-64d14593fa8b|cet4-2aff53453996|cet4-91c0743dca07|cet4-7a3f1d62d199|cet4-cee9c237f72c|cet4-fb9bbbafeae2|cet4-23dc644034b2|cet4-07c56a6683f0|cet4-76d8e57e576c|cet4-e772a74f6995|cet4-7527db381751|cet4-8f80fda3928a,cet4-1f4513c4e066|cet4-f65ceb658f78|cet4-99d8564e174a|cet4-4a09ce534b74|cet4-4952d250dab4|cet4-73419b1ea7f3|cet4-fcf76276603c|cet4-538122384c8b|cet4-156d1532272c|cet4-017298e3e590|cet4-83be3cbb0269|cet4-eb553f60bff4|cet4-6c57ade57b17|cet4-7c55a4301df1|cet4-4e48108520c9|cet4-6028f15f4b84|cet4-39676b739474|cet4-0924e130c061,44,18,planned,380,3,8,107
CH108,108,The River Answers Back: The Second Attempt,河流的回应：第二次尝试,环境、自然与可持续发展,"At the river district and field station, the group works to test an environmental model with residents. A revised approach is tested under more realistic conditions. The immediate pressure comes from flooding exposes missing local knowledge; the chapter must move toward the plan is rebuilt with community evidence without resolving the entire arc early.",cet4-6327fc3e79e3|cet4-f475b7e41ce0|cet4-42ee297f12a1|cet4-8f15d2fcd7c7|cet4-31af16dcfd6d|cet4-2039c83f2630|cet4-1e2988408908|cet4-83c94793c443|cet4-829ccb3d22c1|cet4-1b179ad1783b|cet4-c0fc3aafe3b0|cet4-dc9c672a1a7b|cet4-f5ebd26ba3af|cet4-977df0834692|cet4-dc9dda034440|cet4-2ef4cf2fdef0|cet4-f3f97122f97f|cet4-d2b99cc5f332|cet4-59dfb7adb238|cet4-743766265647|cet4-b4abcc4dcc17|cet4-b289d3f565f3|cet4-a9efcd132239|cet4-84664b6b4e9a|cet4-a8370d8a314e|cet4-e312050e33d5|cet4-d55536a62939|cet4-f68250844fba|cet4-1d7cc6906aaa|cet4-a0860e947fb7|cet4-db74f348ac44|cet4-e91cd1080d24|cet4-63c847b2da17|cet4-185292335470|cet4-77b07fb3675c|cet4-fe2c4080989e|cet4-b0b04c7fe279|cet4-6a195787777d|cet4-9133846ab58d|cet4-2d913dbf38e3|cet4-25a68c6972e6|cet4-0cd92e4292d9|cet4-659426ebbc94|cet4-6cecf0b2f5cf,cet4-cfd6ec9784e0|cet4-c083e17d2c12|cet4-082f4a721a18|cet4-e5964029cf89|cet4-b5d244ed9fd0|cet4-389c2b3d5b9e|cet4-8957a0a004ae|cet4-af022a2fa3c1|cet4-89b653804b60|cet4-92be714b5313|cet4-d405961b2cc6|cet4-324508e44498|cet4-477728182659|cet4-6a9de05459c3|cet4-9f939b62c9f5|cet4-769a4009aadd|cet4-c5ce71e2ab00|cet4-29d142424ec0,44,18,planned,380,3,8,108
CH109,109,The River Answers Back: Outside Pressure,河流的回应：外部压力,环境、自然与可持续发展,"At the river district and field station, the group works to test an environmental model with residents. An institution or stakeholder imposes a condition the team cannot ignore. The immediate pressure comes from flooding exposes missing local knowledge; the chapter must move toward the plan is rebuilt with community evidence without resolving the entire arc early.",cet4-01e9983f1d43|cet4-e653a4b36585|cet4-a9359858d126|cet4-e40976c232ab|cet4-3c1419b74ad4|cet4-d23c5b97de1e|cet4-9b2cc25d49f9|cet4-91c20cc02e19|cet4-7cf52474fbee|cet4-bb7cde06127e|cet4-8b01cc487584|cet4-37af1fcfc4c8|cet4-7360a1f5c7c7|cet4-4dba802fbb8f|cet4-b6655e40a9f6|cet4-df75d4829faf|cet4-3c56a3ddad6a|cet4-f0d9b9708f44|cet4-d39ceba5c7a0|cet4-2eb558e584d7|cet4-9cf10b597f54|cet4-1fb25fee2ba2|cet4-e216ad3338cb|cet4-e364add250c7|cet4-b1fa4ddbd610|cet4-7257880649bc|cet4-e4447b75ccff|cet4-9d858fdd5e2d|cet4-74b1084c2a02|cet4-975c9160a2c9|cet4-3f1b86c91077|cet4-b470b76151e9|cet4-44b07d9b0747|cet4-188693cde560|cet4-0ee7ba76bbb8|cet4-aed780ece1ff|cet4-c90a8ed4d5fb|cet4-0b6ac156f464|cet4-74b9bf0531e8|cet4-5ef1d3b04047|cet4-2026c7f22e81|cet4-6afba33c44a9|cet4-35986965d944|cet4-2d665d7913ee,cet4-f65ceb658f78|cet4-fe97ce81c243|cet4-51651d556ee8|cet4-156d1532272c|cet4-941713fa2575|cet4-0cccb37f35e2|cet4-6c57ade57b17|cet4-56cbcc06b98e|cet4-1375ceff8af1|cet4-463a83c6d680|cet4-6327fc3e79e3|cet4-f475b7e41ce0|cet4-a288daa9f17f|cet4-61fd83b55ac3|cet4-6028f15f4b84|cet4-a333b0aa7862|cet4-39676b739474|cet4-0924e130c061,44,18,planned,380,3,8,109
CH110,110,The River Answers Back: The Decision,河流的回应：决定,环境、自然与可持续发展,"At the river district and field station, the group works to test an environmental model with residents. The characters choose a course of action and accept a specific cost. The immediate pressure comes from flooding exposes missing local knowledge; the chapter must move toward the plan is rebuilt with community evidence without resolving the entire arc early.",cet4-de2c4620441d|cet4-f69f3a12fd76|cet4-26b7b3102f3c|cet4-28ff709dec7c|cet4-7b6eece55050|cet4-0dc3d11eb91b|cet4-ad2b16ce9866|cet4-42a59d005d3e|cet4-a8dd3ea6c4d3|cet4-86baf84ffa68|cet4-09bbfef11c37|cet4-d5f17e82d5fd|cet4-865ecf7acf0f|cet4-4a81ff68b6cc|cet4-fb95c40a134b|cet4-a2684f6b2ce3|cet4-44767a5df916|cet4-e999aec41c01|cet4-cba0efa13a78|cet4-827367b4d4bc|cet4-3feaca0d04e4|cet4-d3859a37a23a|cet4-6e8390c3158c|cet4-9f43b793f971|cet4-4f3302a9938d|cet4-52214dd24e29|cet4-a4c9c68a0ef6|cet4-c3ea4bd9ed39|cet4-eccb2a51e6ae|cet4-2e4b7aa1f38b|cet4-9f5d1b613af1|cet4-e1d7e36c8323|cet4-29a5a57e74e7|cet4-a844a9304eeb|cet4-6e5260a960a2|cet4-23e76d96ae08|cet4-1fa4d54a7353|cet4-a6f1f7ebf3d9|cet4-d00f27220299|cet4-ec7b90c3176c|cet4-c5762c7699de|cet4-deda7adcf81d|cet4-dc0165b56b17|cet4-1506a52bb929,cet4-b741487d7964|cet4-f6e7188ebe52|cet4-bb4e97c3d2bd|cet4-3856e20e7242|cet4-6a80e0df1bab|cet4-46a5368533fb|cet4-fb696daab052|cet4-d287e069739b|cet4-8d3da8abfb51|cet4-8ecf61b1e0fc|cet4-ad379606c7ff|cet4-81c44e1b1d9d|cet4-f6b6f45b387b|cet4-1057bf5323f4|cet4-67b381d60286|cet4-5e053f0956eb|cet4-a9d5a013440c|cet4-3384760d0ffb,44,18,planned,380,3,8,110
CH111,111,The River Answers Back: Consequences,河流的回应：后果,环境、自然与可持续发展,"At the river district and field station, the group works to test an environmental model with residents. The decision changes relationships, evidence, and the next available choices. The immediate pressure comes from flooding exposes missing local knowledge; the chapter must move toward the plan is rebuilt with community evidence without resolving the entire arc early.",cet4-871de0ce1399|cet4-bf9560881df0|cet4-33576d835cde|cet4-cca0c8dfd25e|cet4-8331a7dab9c4|cet4-1f70653a97fd|cet4-fd805dd3d96d|cet4-e5ac75b042a0|cet4-a924f3f7e203|cet4-0c829f39579a|cet4-03db085d55ac|cet4-4d2e270f752a|cet4-bab78db9f154|cet4-c67665f5eebe|cet4-a5e0bd40f7bd|cet4-f1588793958c|cet4-aa535a5fd89a|cet4-14095bec3584|cet4-2c868ac990ba|cet4-82afd74ff770|cet4-37fdd8284b5f|cet4-1e7bffb690f9|cet4-74da04b8bdf5|cet4-ea239c616e1d|cet4-cefecdc133f6|cet4-f7842b294c4a|cet4-00ec7ad01338|cet4-8cb62cd227f8|cet4-92e1bd9dcce0|cet4-6e2dda556201|cet4-1cbc39ebbad9|cet4-e2f0f7177c7a|cet4-feada0fcc821|cet4-edeb41b588d2|cet4-e9eabd60c9f1|cet4-8b4d3ba0c06f|cet4-8e1ef60597ac|cet4-35cdcd985d7f|cet4-3f26002e88a5|cet4-79fd79eaa6c0|cet4-d4b8eb837810|cet4-1615e96bcbd2|cet4-ea363d17b247|cet4-f133fea346f6,cet4-de2c4620441d|cet4-4952d250dab4|cet4-9ea0670371cd|cet4-95989f039cde|cet4-8f15d2fcd7c7|cet4-b49e4cce760b|cet4-0662aa38684d|cet4-3524cef22a66|cet4-83be3cbb0269|cet4-a523078ede4e|cet4-8e65bdff118a|cet4-42ee297f12a1|cet4-6327fc3e79e3|cet4-f475b7e41ce0|cet4-7c55a4301df1|cet4-28ff709dec7c|cet4-f69f3a12fd76|cet4-26b7b3102f3c,44,18,planned,380,3,8,111
CH112,112,The River Answers Back: The Bridge Forward,河流的回应：通向下一程,环境、自然与可持续发展,"At the river district and field station, the group works to test an environmental model with residents. The arc closes with an unresolved consequence that launches the next stage. The immediate pressure comes from flooding exposes missing local knowledge; the chapter must move toward the plan is rebuilt with community evidence without resolving the entire arc early.",cet4-b9364e1c7c04|cet4-c52d17a9b99f|cet4-767b61ca1aa8|cet4-edfbe201c92c|cet4-9b3aa35e2bbc|cet4-5cb82b08b32b|cet4-f5d13b92ac5f|cet4-203d2d81fe19|cet4-c7d3e05fa24e|cet4-8dc94c2d0157|cet4-1a5a6bef894d|cet4-af274e604db1|cet4-917027c89802|cet4-a4171bacc635|cet4-e4554a9606ea|cet4-c38e23344dc0|cet4-096ba7f3ac06|cet4-4990acb306c2|cet4-54357f24a0cf|cet4-28259e28cd35|cet4-3ce96eec9ce7|cet4-b92ba7146de3|cet4-1b01ec0356b5|cet4-f2d1ab60e899|cet4-2a15ecf71824|cet4-7ae8865817d6|cet4-4375602e854b|cet4-413740c6ba40|cet4-3f04d3fdc684|cet4-2473a3df3e7b|cet4-98b9f01dfd90|cet4-5fbd191127a3|cet4-bf14a759c1e5|cet4-a6cfbace9de7|cet4-91e9db9b0d28|cet4-7f2c21b6f0dd|cet4-a8d2df831458|cet4-226093584bd1|cet4-a2bf3c56686f|cet4-72859e6d80d1|cet4-06234890e05a|cet4-6e95c24f786c|cet4-a958a09f70a8|cet4-097228c06fc3,cet4-c083e17d2c12|cet4-4db16c6cbbe6|cet4-7e5a133966b3|cet4-55a14b715683|cet4-8dbb422223e9|cet4-ce822d9656cb|cet4-af022a2fa3c1|cet4-80f7b4184272|cet4-6958b7e8abb4|cet4-d405961b2cc6|cet4-324508e44498|cet4-bf9560881df0|cet4-871de0ce1399|cet4-1a0141088090|cet4-139068bbfb94|cet4-7d6ac804b303|cet4-769a4009aadd|cet4-29d142424ec0,44,18,planned,380,3,8,112
CH113,113,Who Pays and Who Decides: A Signal,谁承担，谁决定：一个信号,社会问题、经济与公共生活,"At city hall and local businesses, the group works to fund a fair public service. The characters encounter the arc's central problem through a concrete consequence. The immediate pressure comes from scarce money and competing interests; the chapter must move toward trade-offs and evidence are made public without resolving the entire arc early.",cet4-89fe6a7aac24|cet4-4cdf725e40c7|cet4-962af962a0ec|cet4-9677543162d7|cet4-0efe960d8382|cet4-b049684557e5|cet4-bd8bd7c90268|cet4-fbdafa8bed11|cet4-af48973e63a8|cet4-69d23e80f296|cet4-195f876622db|cet4-a51016858251|cet4-12d714fa11c3|cet4-cb656561c54d|cet4-d0c996e6e9d8|cet4-ef40587d7cde|cet4-396e88f4e2ce|cet4-8a65c01a3e55|cet4-f3ddd4731df8|cet4-3e14edb876ec|cet4-d12ec96569cd|cet4-fcc900b1120e|cet4-e7386700994b|cet4-804710e60b82|cet4-b00568df2714|cet4-b1eec595e46b|cet4-3ad6daf6e47f|cet4-4b1e570e39cb|cet4-b17d831fe2ab|cet4-54adbc99e45e|cet4-7df139e7ff2e|cet4-89f8f36a41f1|cet4-c16630cf0f25|cet4-866fb37bba7f|cet4-3b3a068fc137|cet4-19b704d0f5ca|cet4-8dfca5273ae8|cet4-4dcba9f864ca|cet4-af2e530bbff2|cet4-331630986346|cet4-da6ede2a30a6|cet4-097719c86ad0|cet4-93c1b3066265|cet4-de17d0d573b3,cet4-8f2a79596494|cet4-f65ceb658f78|cet4-cd7bab6d0553|cet4-de2c4620441d|cet4-eb074174043b|cet4-156d1532272c|cet4-017298e3e590|cet4-5e3b2d317196|cet4-6c57ade57b17|cet4-28ff709dec7c|cet4-4e48108520c9|cet4-f69f3a12fd76|cet4-c92729b9ee33|cet4-6028f15f4b84|cet4-39676b739474|cet4-0924e130c061|cet4-629ffc2fd670|cet4-26b7b3102f3c,44,18,planned,380,3,9,113
CH114,114,Who Pays and Who Decides: The First Promise,谁承担，谁决定：第一次承诺,社会问题、经济与公共生活,"At city hall and local businesses, the group works to fund a fair public service. They define an immediate goal and commit resources before all risks are visible. The immediate pressure comes from scarce money and competing interests; the chapter must move toward trade-offs and evidence are made public without resolving the entire arc early.",cet4-6e662aee24b1|cet4-ea28c9973eda|cet4-9b859bed086e|cet4-eda8cc247511|cet4-08e9adbf51a2|cet4-ae12ff085c4c|cet4-452aee921a60|cet4-9d9ecd9f63ae|cet4-3c923ddbaf80|cet4-dbb8f627d169|cet4-f487ff565185|cet4-16a4fc624a0d|cet4-d3ee5fb7e8b6|cet4-965c14e7da65|cet4-246f4b004188|cet4-c7584960d85f|cet4-b72c6d0eaa22|cet4-e32c534923b5|cet4-dc3674e3a237|cet4-96a5873e5d3d|cet4-f321f5fbcfd9|cet4-714393c899c9|cet4-244639bce9e2|cet4-84e6b5c84c17|cet4-fb8d493b54df|cet4-cbdee908afb3|cet4-7d014ad6cd65|cet4-c651475ec06e|cet4-e983c0b2230b|cet4-e13359ec75a6|cet4-5ab7f84e0f8b|cet4-0442040da066|cet4-521899e92b8d|cet4-2a1044d1c692|cet4-fcf1fda4a58d|cet4-9d204fe89571|cet4-1fd4f5bab53e|cet4-0b3d7fe1b1fd|cet4-fc5908a83b14|cet4-d1b644a62506|cet4-171fbdb1c28a|cet4-1d5bc4cde118|cet4-5f042fe1ce65|cet4-5346b6995850,cet4-d050567e4606|cet4-73419b1ea7f3|cet4-fcf76276603c|cet4-fb696daab052|cet4-ade16d3e1637|cet4-6d09af5e44b9|cet4-109f50d4cdd5|cet4-8d3da8abfb51|cet4-e6a8255e09ad|cet4-2488945e01ce|cet4-89069c711b25|cet4-367377280e0e|cet4-25a4f527d876|cet4-bf9560881df0|cet4-871de0ce1399|cet4-d9a04503cbb5|cet4-bede8b69cfd3|cet4-3384760d0ffb,44,18,planned,380,3,9,114
CH115,115,Who Pays and Who Decides: A Missing Voice,谁承担，谁决定：缺席的声音,社会问题、经济与公共生活,"At city hall and local businesses, the group works to fund a fair public service. A person affected by the plan reveals information the group overlooked. The immediate pressure comes from scarce money and competing interests; the chapter must move toward trade-offs and evidence are made public without resolving the entire arc early.",cet4-517a3080f497|cet4-099c76d2e8b5|cet4-e9d8f0f2ffac|cet4-959269da5f3b|cet4-692d2a4aa369|cet4-991dcc3820bc|cet4-9c669a5581c0|cet4-8a94cd7b1153|cet4-8ac3c095102e|cet4-8d7f83ad8e79|cet4-9c2684b1af20|cet4-14ac01444528|cet4-eff453562665|cet4-0d763302f42c|cet4-145a7df9879b|cet4-844881a63647|cet4-c1382a3b3629|cet4-41f860aa9021|cet4-fec3fc2d1802|cet4-f093e4e45bcd|cet4-b4baa338048d|cet4-cfe1d45f4b68|cet4-47e3901a9155|cet4-b9fa3cf8ce90|cet4-54448f4da607|cet4-a46b81bba6e5|cet4-9c83baeb187b|cet4-48d1a6afcd72|cet4-a37c6b9f1c6a|cet4-d72c1f413445|cet4-6403051372ca|cet4-56d4407f114a|cet4-5962dfff84b9|cet4-957090dceb1e|cet4-809346295985|cet4-db68d0095043|cet4-7fe637f421ed|cet4-a9ade2a70844|cet4-99859f2fbce0|cet4-797532013a71|cet4-8a3fc9cd6408|cet4-dd7dac431518|cet4-e07e56607488|cet4-c8f268e92ccd,cet4-a6ebe0e4f22f|cet4-e5964029cf89|cet4-6dac7a444590|cet4-389c2b3d5b9e|cet4-eda8cc247511|cet4-8957a0a004ae|cet4-08e9adbf51a2|cet4-42ee297f12a1|cet4-9b859bed086e|cet4-28e0880da614|cet4-6a9de05459c3|cet4-6327fc3e79e3|cet4-f475b7e41ce0|cet4-9f939b62c9f5|cet4-ea28c9973eda|cet4-4d14a01023f8|cet4-c5ce71e2ab00|cet4-6e662aee24b1,44,18,planned,380,3,9,115
CH116,116,Who Pays and Who Decides: Evidence on the Table,谁承担，谁决定：摆上桌面的证据,社会问题、经济与公共生活,"At city hall and local businesses, the group works to fund a fair public service. The team gathers and compares evidence instead of relying on assumptions. The immediate pressure comes from scarce money and competing interests; the chapter must move toward trade-offs and evidence are made public without resolving the entire arc early.",cet4-65ca4c1e2e8f|cet4-714d2b613fe6|cet4-a2bde7d7c4d0|cet4-bea069f8796d|cet4-b823178a3548|cet4-f3c9d534a3d0|cet4-1fbfc051fc50|cet4-16336201a27f|cet4-66758236fa48|cet4-685f053920c1|cet4-8ed32e403146|cet4-e9f245d99f96|cet4-6539ea5448cf|cet4-4da1950f75d1|cet4-bd4d863a5142|cet4-0b5d82b1f8b6|cet4-7466c03fe331|cet4-14dba1f398ad|cet4-b55fe06b3fbb|cet4-7458a4a55ced|cet4-c88ea4711eb0|cet4-ca419871812f|cet4-acce9d846cd6|cet4-3def4ca312eb|cet4-942d2025c261|cet4-0eb9636a6240|cet4-8a2b8fad6603|cet4-a712da0d43aa|cet4-6ba9c1962333|cet4-e0beb0f7d958|cet4-312eec15234d|cet4-b1ff579247c4|cet4-4e7dd4589a13|cet4-0f14164aec8b|cet4-c76f21b4f08e|cet4-b0c4a0587442|cet4-f330d14ce9eb|cet4-84d8146d5d0d|cet4-952a35bfbb95|cet4-2f35925bd660|cet4-9a6deabb22ba|cet4-d9db4188d6aa|cet4-770b050bde0f|cet4-975c2e15dc52,cet4-959269da5f3b|cet4-4bb44c6c4e7f|cet4-099c76d2e8b5|cet4-bc077eb91e4e|cet4-e9d8f0f2ffac|cet4-692d2a4aa369|cet4-0f6e75f53f3d|cet4-14e6318e1ec5|cet4-517a3080f497|cet4-47abd645a888|cet4-0cccb37f35e2|cet4-3f2152bbac6f|cet4-76ba8354d38e|cet4-f6a4e076903a|cet4-ce034cb647b8|cet4-61fd83b55ac3|cet4-b45f48d03ac2|cet4-24044bc39727,44,18,planned,380,3,9,116
CH117,117,Who Pays and Who Decides: The Trial Run,谁承担，谁决定：第一次试行,社会问题、经济与公共生活,"At city hall and local businesses, the group works to fund a fair public service. A limited attempt produces useful results as well as a new constraint. The immediate pressure comes from scarce money and competing interests; the chapter must move toward trade-offs and evidence are made public without resolving the entire arc early.",cet4-6c029d878c29|cet4-e926a1b99ded|cet4-3d23e35363e0|cet4-8ec7cb321e35|cet4-da052b7e6c21|cet4-7b3fdb65dc56|cet4-68f15f5f89a3|cet4-8baeea364a3e|cet4-3c71f01eca33|cet4-bfced609ff86|cet4-30df6e245b58|cet4-b6385b60a140|cet4-4e88693b4270|cet4-b241dfeddcf1|cet4-99417d56e2d3|cet4-38a08d42f6e9|cet4-d9a0ac2900ed|cet4-f5bc600c8840|cet4-867f62ae56a2|cet4-e04ac813d710|cet4-d087806f4033|cet4-c9d64f012ac1|cet4-62ba5a586401|cet4-0dc2c5d3d0ec|cet4-0a08093c5520|cet4-a516e6dbe92c|cet4-9a9105983cbc|cet4-ad921886fdd6|cet4-2ded07fd8a3f|cet4-860935112321|cet4-6cbf11702466|cet4-1e021b56e785|cet4-e1ef4b0b3fea|cet4-e0813fa3c81f|cet4-ca8b41c13e56|cet4-90b52bd71838|cet4-2542104b6051|cet4-a4dba4f21149|cet4-43c80cc054a5|cet4-b789d53bf067|cet4-8d22e47eaffa|cet4-3b397ef0563b|cet4-c3b34bc784e7|cet4-40910e65de80,cet4-d9ecfbdf3cb6|cet4-de2c4620441d|cet4-d287e069739b|cet4-eda8cc247511|cet4-3515b47cc8db|cet4-9d9ecd9f63ae|cet4-379ca1cab4f0|cet4-08e9adbf51a2|cet4-9b859bed086e|cet4-98d58c902620|cet4-65ca4c1e2e8f|cet4-ae12ff085c4c|cet4-ea28c9973eda|cet4-28ff709dec7c|cet4-f69f3a12fd76|cet4-26b7b3102f3c|cet4-6e662aee24b1|cet4-452aee921a60,44,18,planned,380,3,9,117
CH118,118,Who Pays and Who Decides: Pressure Builds,谁承担，谁决定：压力上升,社会问题、经济与公共生活,"At city hall and local businesses, the group works to fund a fair public service. Time, money, health, or trust makes the original plan harder to maintain. The immediate pressure comes from scarce money and competing interests; the chapter must move toward trade-offs and evidence are made public without resolving the entire arc early.",cet4-86cf12f1b0cd|cet4-c6e26e03876f|cet4-476df23173e5|cet4-f72b388b2e6c|cet4-f429eae3a5ec|cet4-fc53af2255b3|cet4-dff512b89ef1|cet4-962c5eb2d05a|cet4-3e1712852213|cet4-cdbbfe8f36b0|cet4-57b0f738d60d|cet4-c2c7ac37ab3d|cet4-d4f1bbaf19e5|cet4-4e7ba8743172|cet4-8b5ea0a8f442|cet4-be4f35c26c72|cet4-79cd1f46759a|cet4-0c8549a8becc|cet4-cc37724ba4f3|cet4-d5699e543d4f|cet4-fa29abafc813|cet4-af571fd0801c|cet4-4ea9c3d3420e|cet4-0fa77f189ab9|cet4-ffe7ec0ff9f9|cet4-cecf20f8365b|cet4-ad80e42938c3|cet4-b89578d60eb1|cet4-096c5aff5060|cet4-8274d998c85a|cet4-f1cf17a457b0|cet4-0f4fbd395623|cet4-f9c3704ba562|cet4-416da28b3ae9|cet4-d73a2e7b4ce2|cet4-53b5fbde0b28|cet4-6d89c1c0e7bd|cet4-eaae08d1c999|cet4-792820e50a7c|cet4-470e45006a62|cet4-008b50aad941|cet4-3b5c8831eaa9|cet4-60515ee41144|cet4-66ba430c2056,cet4-8ec7cb321e35|cet4-8d8274aed97e|cet4-4952d250dab4|cet4-099c76d2e8b5|cet4-df71df8f958c|cet4-517a3080f497|cet4-7c15cacf7faf|cet4-6c029d878c29|cet4-83be3cbb0269|cet4-00312fffb2cb|cet4-156920cf5975|cet4-3d116840893f|cet4-3d23e35363e0|cet4-e926a1b99ded|cet4-bf9560881df0|cet4-871de0ce1399|cet4-da052b7e6c21|cet4-1bbe9239086d,44,18,planned,380,3,9,118
CH119,119,Who Pays and Who Decides: The Disagreement,谁承担，谁决定：分歧,社会问题、经济与公共生活,"At city hall and local businesses, the group works to fund a fair public service. Two defensible priorities conflict and the characters must explain their motives. The immediate pressure comes from scarce money and competing interests; the chapter must move toward trade-offs and evidence are made public without resolving the entire arc early.",cet4-154f4c13dae8|cet4-d4b96adcb584|cet4-88fdec1b9041|cet4-dcd24dd54e9a|cet4-3d7079788844|cet4-943b0479e786|cet4-e96f1c61c6b9|cet4-1f1133502858|cet4-7eac19c95d86|cet4-f7f1cce39aed|cet4-fcad74e6372b|cet4-472643f06444|cet4-0e1822eec5c8|cet4-792c37d435c2|cet4-294632d362dc|cet4-0e7480241590|cet4-6eff7badab78|cet4-d724fb0fb930|cet4-0b439ed84304|cet4-c7ce04fce2a7|cet4-c7e3b52ab077|cet4-c3dd44b4e925|cet4-9c0b3a23e208|cet4-463a9896f1c3|cet4-72358f53012e|cet4-30d423a01674|cet4-032e16667a34|cet4-beb5f9731640|cet4-e50ced2de898|cet4-2b96785a1d72|cet4-725848523e39|cet4-3c63da44a92b|cet4-944499a03070|cet4-80eec7edf77d|cet4-cb9ed6373f7b|cet4-7fbbd9e17b2b|cet4-39ac1ff49d99|cet4-84d6af9bbdd5|cet4-9572a464d1ef|cet4-4797b600477b|cet4-9fde18d43f09|cet4-32339b39d988|cet4-4f04e16b8c5b|cet4-88a501fc58bf,cet4-c083e17d2c12|cet4-cdbbfe8f36b0|cet4-d4f1bbaf19e5|cet4-86cf12f1b0cd|cet4-f429eae3a5ec|cet4-3e1712852213|cet4-962c5eb2d05a|cet4-fc53af2255b3|cet4-52c2cd56d07e|cet4-d405961b2cc6|cet4-65ca4c1e2e8f|cet4-dff512b89ef1|cet4-57b0f738d60d|cet4-476df23173e5|cet4-f72b388b2e6c|cet4-c2c7ac37ab3d|cet4-c6e26e03876f|cet4-29d142424ec0,44,18,planned,380,3,9,119
CH120,120,Who Pays and Who Decides: What the Numbers Hide,谁承担，谁决定：数字隐藏了什么,社会问题、经济与公共生活,"At city hall and local businesses, the group works to fund a fair public service. Quantitative evidence is checked against lived experience and context. The immediate pressure comes from scarce money and competing interests; the chapter must move toward trade-offs and evidence are made public without resolving the entire arc early.",cet4-a3831bc576b1|cet4-5d4544f1b37f|cet4-6719d7272268|cet4-10fbc79470d0|cet4-5f733d4f2a35|cet4-55e7f3a92380|cet4-a8a4458a7977|cet4-423da4e1215a|cet4-df161a0cb850|cet4-9c16723de580|cet4-7f03e31c7dae|cet4-5f099e981f16|cet4-67554af68919|cet4-cc2cf0013472|cet4-dd36b8048240|cet4-79e6eb7c45aa|cet4-5785c5d002ef|cet4-51addd907331|cet4-3b75449ad4e2|cet4-06e061b706db|cet4-73f94e90d72f|cet4-d5f3315e45ca|cet4-f105dc4d21d6|cet4-7472ed7d1f91|cet4-4b8618b620cf|cet4-fdab5271f68c|cet4-362849ea1c6a|cet4-615bbcceb016|cet4-ce045758fb7d|cet4-0353565e7178|cet4-776c5369aeff|cet4-d00d725c661f|cet4-72ffaa03e04d|cet4-f8d626783be9|cet4-090af6799b9f|cet4-46ec75aad750|cet4-76446be89f43|cet4-13e3fec635b9|cet4-1ecb038521a9|cet4-ed8976cae8f9|cet4-33b4d89ebd3e|cet4-93c22cddc6d0|cet4-80204e10e01f|cet4-8f4cea6890d5,cet4-8ec7cb321e35|cet4-f65ceb658f78|cet4-e88286aabb71|cet4-38cd2f3c1043|cet4-2321df0f2544|cet4-a8653162d4c5|cet4-757ca50a4ceb|cet4-156d1532272c|cet4-6c029d878c29|cet4-1709c9648c6d|cet4-3d23e35363e0|cet4-42ccf7463dcc|cet4-6c57ade57b17|cet4-e926a1b99ded|cet4-ed983c484bbd|cet4-6028f15f4b84|cet4-39676b739474|cet4-0924e130c061,44,18,planned,380,3,9,120
CH121,121,Who Pays and Who Decides: A Better Question,谁承担，谁决定：更好的问题,社会问题、经济与公共生活,"At city hall and local businesses, the group works to fund a fair public service. The group reframes the problem after recognizing a false assumption. The immediate pressure comes from scarce money and competing interests; the chapter must move toward trade-offs and evidence are made public without resolving the entire arc early.",cet4-a3be4303b126|cet4-ec22977b9191|cet4-a6110750df88|cet4-ac60d8376fe5|cet4-e11f7fa3f124|cet4-49dd758c69fb|cet4-0639b309dc2b|cet4-a56e9ab966f0|cet4-d740222a9065|cet4-2d8b813682d1|cet4-843f4ed95aee|cet4-a40cd126fbe2|cet4-82773fa314ff|cet4-24bda6a99582|cet4-fbc869f99c05|cet4-72efaf55a1d2|cet4-c333cdc30dc5|cet4-2fb43225c002|cet4-89d3710fb525|cet4-d2890dcfc2dd|cet4-a4e49905a189|cet4-e9ab1e646f1e|cet4-d1d7c82059b3|cet4-1d7c2116ff88|cet4-246c0dbf42a4|cet4-33cedf3f5d4b|cet4-d197d8294cc9|cet4-da05bece542d|cet4-bfe32ebe249a|cet4-ec3423c2cf3f|cet4-feb356fec5bb|cet4-208c893723f7|cet4-b701ba55aaf1|cet4-499fe280e007|cet4-7297b0cea247|cet4-54eb7cd2aec6|cet4-9bf39e7b622c|cet4-4de9eb48eacc|cet4-eebe006cce11|cet4-55d4619712bb|cet4-058df58feb46|cet4-b6020b764acb|cet4-b502dc851c9c|cet4-7af059e3fa5a,cet4-fa658bff47eb|cet4-86cf12f1b0cd|cet4-f16cd951334f|cet4-f429eae3a5ec|cet4-3e1712852213|cet4-92137b7617e2|cet4-962c5eb2d05a|cet4-fc53af2255b3|cet4-a3831bc576b1|cet4-9b859bed086e|cet4-dff512b89ef1|cet4-1508bee01043|cet4-476df23173e5|cet4-5d4544f1b37f|cet4-ea28c9973eda|cet4-f72b388b2e6c|cet4-c6e26e03876f|cet4-6e662aee24b1,44,18,planned,380,3,9,121
CH122,122,Who Pays and Who Decides: The Second Attempt,谁承担，谁决定：第二次尝试,社会问题、经济与公共生活,"At city hall and local businesses, the group works to fund a fair public service. A revised approach is tested under more realistic conditions. The immediate pressure comes from scarce money and competing interests; the chapter must move toward trade-offs and evidence are made public without resolving the entire arc early.",cet4-9af2caf2ce88|cet4-42735238f316|cet4-faa4d4fb0c27|cet4-2ed2744939c3|cet4-8b3bcd35e372|cet4-a49a11bf6944|cet4-3cd34e0d13f7|cet4-4d1be680bcc2|cet4-eb56fec99203|cet4-eaa20fbfbd5d|cet4-e0d9785e3804|cet4-2beb52ab4591|cet4-f944af27863f|cet4-8ec183fcd7a4|cet4-0d07363949b8|cet4-182060abccda|cet4-9a0f61c9abca|cet4-b6f8c9b09657|cet4-9f9fdf3c08b5|cet4-301189237ea3|cet4-1dca6f50e7d7|cet4-dc6acd619863|cet4-3038c3ce23bd|cet4-f4994542a178|cet4-7c2bb4e182bd|cet4-eb5d5f0ab494|cet4-159d6dfcbe54|cet4-239b088c70ee|cet4-3f930fc49497|cet4-806130be12aa|cet4-fca7a3e9f940|cet4-2547be386268|cet4-6024948015fb|cet4-6000152b752a|cet4-dd2b7534952a|cet4-6eac561741f0|cet4-3ef956e68137|cet4-77bafd41daf5|cet4-2b9899a59335|cet4-f2e26cf20de0|cet4-bd026a5d6248|cet4-da99fc758665|cet4-7ea25be38775|cet4-7cf940977beb,cet4-959269da5f3b|cet4-099c76d2e8b5|cet4-e9d8f0f2ffac|cet4-8f15d2fcd7c7|cet4-ac60d8376fe5|cet4-517a3080f497|cet4-a6110750df88|cet4-571965395c89|cet4-bac0595c1280|cet4-42ee297f12a1|cet4-ec22977b9191|cet4-21a0b42aa72e|cet4-6327fc3e79e3|cet4-f475b7e41ce0|cet4-ec70ba1e4f83|cet4-154f4c13dae8|cet4-a3be4303b126|cet4-f177e4f42418,44,18,planned,380,3,9,122
CH123,123,Who Pays and Who Decides: Outside Pressure,谁承担，谁决定：外部压力,社会问题、经济与公共生活,"At city hall and local businesses, the group works to fund a fair public service. An institution or stakeholder imposes a condition the team cannot ignore. The immediate pressure comes from scarce money and competing interests; the chapter must move toward trade-offs and evidence are made public without resolving the entire arc early.",cet4-72c852f299b8|cet4-eabc8d1a557e|cet4-5c302c5ec8aa|cet4-b440aea2c397|cet4-1294343af3cc|cet4-c48074522ed9|cet4-2809643f3e62|cet4-1fe9d34bd9ef|cet4-c961d35d0d96|cet4-625b8e540639|cet4-ff52366ddbf9|cet4-c246ba46291b|cet4-87bf12bef10c|cet4-eebd586f1eb5|cet4-1a5994310ed4|cet4-8187ba3cc1b0|cet4-4801c75eff14|cet4-687298d0f46b|cet4-abbcf7338daa|cet4-88c16cdc42c1|cet4-ed59ff88ebe1|cet4-b9e7ff999136|cet4-d879cd79a86c|cet4-8020b684bded|cet4-1b2f6682aca3|cet4-ef3043f5fb1c|cet4-0d9adbc73098|cet4-8b83164f7e27|cet4-3a8da7f654f2|cet4-475bfb12565c|cet4-6f0cea5813f8|cet4-0e048d1e0502|cet4-8dfa4b8f3d5f|cet4-da53a389cbe9|cet4-5b56d148814f|cet4-934d2da5e0f1|cet4-cd308f8870fc|cet4-917007e876a3|cet4-9781633261bc|cet4-12a3f0638f98|cet4-731bbba7c801|cet4-2bff250302f9|cet4-34d2826fb269|cet4-80cc0da00fee,cet4-1f4513c4e066|cet4-01e9983f1d43|cet4-faa4d4fb0c27|cet4-42735238f316|cet4-a27c00564ce2|cet4-2ed2744939c3|cet4-8b3bcd35e372|cet4-886d178962f3|cet4-a3831bc576b1|cet4-65ca4c1e2e8f|cet4-714d2b613fe6|cet4-a49a11bf6944|cet4-10fbc79470d0|cet4-3cd34e0d13f7|cet4-6719d7272268|cet4-5d4544f1b37f|cet4-4d1be680bcc2|cet4-9af2caf2ce88,44,18,planned,380,3,9,123
CH124,124,Who Pays and Who Decides: The Decision,谁承担，谁决定：决定,社会问题、经济与公共生活,"At city hall and local businesses, the group works to fund a fair public service. The characters choose a course of action and accept a specific cost. The immediate pressure comes from scarce money and competing interests; the chapter must move toward trade-offs and evidence are made public without resolving the entire arc early.",cet4-c68b953a275d|cet4-a06ee70fd86e|cet4-442ef461fc23|cet4-6f298f71648b|cet4-f27ff6aa6092|cet4-457af3b1ce89|cet4-aa6fad77396d|cet4-7cc7b439421f|cet4-f7466e54ab92|cet4-41a6c0807c96|cet4-94194eade7a4|cet4-5a9e326b2203|cet4-88b10cfe5a71|cet4-90469ea048f5|cet4-18fae41bd73d|cet4-ece26ad38236|cet4-4bfbbe269d1e|cet4-9829f7521556|cet4-9a608850a46e|cet4-709a337cc34f|cet4-ca99575f25b2|cet4-7e6a88aa2c14|cet4-e262cbaeba7f|cet4-f1cb53422bef|cet4-798c3811ff51|cet4-390a244f03f5|cet4-82024fcad715|cet4-cc982a206aeb|cet4-8754bfbdd5d6|cet4-dcaa35b168ef|cet4-729e4faa1f65|cet4-9ce91d24e9d8|cet4-da2d3b1a5895|cet4-406d8cea1e20|cet4-19db8c4e394b|cet4-3201266cf246|cet4-7ff7ebbe17c7|cet4-3a65172d6015|cet4-ce7e2423971f|cet4-5ac88606fb50|cet4-873e8eb88480|cet4-4356afc228df|cet4-bdac9a0bf34a|cet4-cbf2d5eabf04,cet4-8ec7cb321e35|cet4-cfd6ec9784e0|cet4-de2c4620441d|cet4-eabc8d1a557e|cet4-b5d244ed9fd0|cet4-72c852f299b8|cet4-6c029d878c29|cet4-89b653804b60|cet4-a6110750df88|cet4-ec22977b9191|cet4-3d23e35363e0|cet4-477728182659|cet4-e926a1b99ded|cet4-28ff709dec7c|cet4-da052b7e6c21|cet4-a3be4303b126|cet4-f69f3a12fd76|cet4-26b7b3102f3c,44,18,planned,380,3,9,124
CH125,125,Who Pays and Who Decides: Consequences,谁承担，谁决定：后果,社会问题、经济与公共生活,"At city hall and local businesses, the group works to fund a fair public service. The decision changes relationships, evidence, and the next available choices. The immediate pressure comes from scarce money and competing interests; the chapter must move toward trade-offs and evidence are made public without resolving the entire arc early.",cet4-56d333999d9c|cet4-fe6f4ac7f653|cet4-eb47d5e96050|cet4-ea859d8274d7|cet4-9b2edccc11b0|cet4-1fd11320155e|cet4-0b5fe3335661|cet4-3f7a608ae537|cet4-7c91af678299|cet4-230f62514795|cet4-a352ed9f7d89|cet4-a6b8b06d9d12|cet4-871da9aacde9|cet4-aa0d2ff4fb95|cet4-4a111449fe7c|cet4-78c4ad6542f1|cet4-0c9fd3d5fbb4|cet4-3e493bf650ec|cet4-89ed2beccda6|cet4-65b08433e340|cet4-2f332ec772c7|cet4-f56878f2cc31|cet4-b1e418ff6841|cet4-eab82ddb16f8|cet4-11f90b4043e2|cet4-f9ffdfc8aa4a|cet4-4715545edf35|cet4-0d439299fc6d|cet4-8a379a9f4aeb|cet4-6e23d4f41502|cet4-46a9b77b37bc|cet4-c1fac2451f4a|cet4-8af66a1b1eca|cet4-0148e1e99348|cet4-36ff16fa8ce2|cet4-6764c430b417|cet4-4d21b998243f|cet4-abd7205631f4|cet4-69d406954c97|cet4-c50d527ef9cb|cet4-4d6591457224|cet4-7ed5c3c5c25f|cet4-e182ba41760c|cet4-52e80aed7123,cet4-cdbbfe8f36b0|cet4-c68b953a275d|cet4-86cf12f1b0cd|cet4-a06ee70fd86e|cet4-51651d556ee8|cet4-f429eae3a5ec|cet4-3e1712852213|cet4-442ef461fc23|cet4-962c5eb2d05a|cet4-fc53af2255b3|cet4-dff512b89ef1|cet4-57b0f738d60d|cet4-1375ceff8af1|cet4-476df23173e5|cet4-f72b388b2e6c|cet4-a288daa9f17f|cet4-c6e26e03876f|cet4-a333b0aa7862,44,18,planned,380,3,9,125
CH126,126,Who Pays and Who Decides: The Bridge Forward,谁承担，谁决定：通向下一程,社会问题、经济与公共生活,"At city hall and local businesses, the group works to fund a fair public service. The arc closes with an unresolved consequence that launches the next stage. The immediate pressure comes from scarce money and competing interests; the chapter must move toward trade-offs and evidence are made public without resolving the entire arc early.",cet4-0d05d7f40d93|cet4-8e91d0006e87|cet4-b4fb6e9d1282|cet4-7564f8cebe99|cet4-ad6dfdf1a60a|cet4-b72e5ad02b16|cet4-0b328c43ee39|cet4-8c1702c91cf4|cet4-9e0a2befc868|cet4-636e458bfcb6|cet4-a51fdd549812|cet4-bf2af9b10e69|cet4-f6ffb86f66c6|cet4-4fdc57bdbe2b|cet4-643a76202724|cet4-145ee40f7352|cet4-10cb08ae054e|cet4-f6c8097b5631|cet4-a6d039c83b51|cet4-670034b18bfb|cet4-75d74f47a7c0|cet4-6f2bbc52fecc|cet4-e5dad00941fe|cet4-0c527adfa9cc|cet4-ed995e299b2a|cet4-2486a5b5fcdb|cet4-e2f9b1dbcb0c|cet4-a8b5822fe96c|cet4-a488671ad884|cet4-9e8c4c867602|cet4-8dd35717e9a4|cet4-58a455925a49|cet4-8244d0f406e3|cet4-affcfd5bfedb|cet4-2d6cfd4cc914|cet4-7cf500d89bfb|cet4-b9466f7a622a|cet4-2d83d4f0d65d|cet4-f1d7de32a7c5|cet4-89c67a2b2885|cet4-9d011c314364|cet4-7fad720290c7|cet4-b1ad32d594dd|cet4-337692d6eb95,cet4-b741487d7964|cet4-bb4e97c3d2bd|cet4-eabc8d1a557e|cet4-3856e20e7242|cet4-1fd11320155e|cet4-0b5fe3335661|cet4-6a80e0df1bab|cet4-72c852f299b8|cet4-8ecf61b1e0fc|cet4-ad379606c7ff|cet4-56d333999d9c|cet4-81c44e1b1d9d|cet4-fe6f4ac7f653|cet4-ea859d8274d7|cet4-154f4c13dae8|cet4-5e053f0956eb|cet4-9b2edccc11b0|cet4-eb47d5e96050,44,18,planned,380,3,9,126
CH127,127,A Choice That Has a Cost: A Signal,有代价的选择：一个信号,心理、决策、责任与人生选择,"At graduation and Harbor City's first workplace, the group works to publish results and choose responsible next steps. The characters encounter the arc's central problem through a concrete consequence. The immediate pressure comes from fear, ambition, and irreversible consequences; the chapter must move toward the friends take separate but connected paths without resolving the entire arc early.",cet4-eddff74f7209|cet4-2ead8a0d5b4f|cet4-84a360e85934|cet4-6857982f8575|cet4-690101a21215|cet4-46ab1cfb7213|cet4-281a60b4c35b|cet4-464f04712c59|cet4-b50726ffb96d|cet4-59213625b684|cet4-f68df741ddf4|cet4-0931e6aa9df0|cet4-7c8b96abb74e|cet4-41127721fa4e|cet4-89455484f92a|cet4-bc8767868a4a|cet4-ffa0b166e0bd|cet4-0311d6868d85|cet4-13e66b49f007|cet4-f5baa8d2756a|cet4-ae579ebdc5d3|cet4-abfebba3817a|cet4-b0c61e33fc3d|cet4-555b86c4cdf4|cet4-76ce2a758cf7|cet4-446996b57385|cet4-48313b9c1d17|cet4-66c1d0281efa|cet4-c2a82cad87ee|cet4-1fa5adefee61|cet4-aacda0196cff|cet4-712663410bd0|cet4-f98497038598|cet4-146089d4c0ae|cet4-31afc9b77cfe|cet4-c3094d030192|cet4-721f6779a0df|cet4-80ad020af2cc|cet4-bbd27a81bd9d|cet4-2b8085de43d0|cet4-2f99775dbcc8|cet4-8ba56df73ac0|cet4-39d80da10027|cet4-21d99e155a29,cet4-0d05d7f40d93|cet4-b4fb6e9d1282|cet4-f27ff6aa6092|cet4-9ea0670371cd|cet4-c68b953a275d|cet4-6f298f71648b|cet4-f7466e54ab92|cet4-41a6c0807c96|cet4-a06ee70fd86e|cet4-442ef461fc23|cet4-a3831bc576b1|cet4-7cc7b439421f|cet4-6719d7272268|cet4-aa6fad77396d|cet4-5d4544f1b37f|cet4-457af3b1ce89|cet4-7564f8cebe99|cet4-8e91d0006e87,44,18,planned,380,3,10,127
CH128,128,A Choice That Has a Cost: The First Promise,有代价的选择：第一次承诺,心理、决策、责任与人生选择,"At graduation and Harbor City's first workplace, the group works to publish results and choose responsible next steps. They define an immediate goal and commit resources before all risks are visible. The immediate pressure comes from fear, ambition, and irreversible consequences; the chapter must move toward the friends take separate but connected paths without resolving the entire arc early.",cet4-4a3606b908e7|cet4-0e06a45b6827|cet4-28eef4a39cac|cet4-a2529a248f29|cet4-53b253e5652a|cet4-66ee4154087f|cet4-d69c645fbd3b|cet4-7b275c0eaa02|cet4-20b8038c0c39|cet4-e4cc326b1db3|cet4-6fc1c5f95ce7|cet4-3bbc5090fc97|cet4-da115b97b588|cet4-fbb549f50b96|cet4-f2d115584e9e|cet4-708bc8676e47|cet4-c4fd5786aa64|cet4-8f09680ba839|cet4-a6a741897c63|cet4-99a8080dd50a|cet4-1e1036008520|cet4-defaa80b499c|cet4-363d19941118|cet4-d100f2734b0a|cet4-cd6822173cdd|cet4-365cf605d6ad|cet4-919455f55679|cet4-da1f7f1b6531|cet4-0ca11dd1013f|cet4-47a2ad92ee96|cet4-6b758d6e3c69|cet4-d0569bca5f36|cet4-cd5812e6f5c5|cet4-3fb9ae177478|cet4-64aad6a968c4|cet4-75b42b56529d|cet4-92528c1337e8|cet4-d87403d5bd5f|cet4-077fe24d6420|cet4-03a99f2d9170|cet4-249f473858ff|cet4-a9dce537cb0b|cet4-7511e852f5ac|cet4-a3deb692eb01,cet4-1fd11320155e|cet4-55a14b715683|cet4-8dbb422223e9|cet4-eda8cc247511|cet4-a6110750df88|cet4-56d333999d9c|cet4-08e9adbf51a2|cet4-ec22977b9191|cet4-9b859bed086e|cet4-fe6f4ac7f653|cet4-ea859d8274d7|cet4-eddff74f7209|cet4-ea28c9973eda|cet4-7d6ac804b303|cet4-a3be4303b126|cet4-9b2edccc11b0|cet4-eb47d5e96050|cet4-6e662aee24b1,44,18,planned,380,3,10,128
CH129,129,A Choice That Has a Cost: A Missing Voice,有代价的选择：缺席的声音,心理、决策、责任与人生选择,"At graduation and Harbor City's first workplace, the group works to publish results and choose responsible next steps. A person affected by the plan reveals information the group overlooked. The immediate pressure comes from fear, ambition, and irreversible consequences; the chapter must move toward the friends take separate but connected paths without resolving the entire arc early.",cet4-262cb7dc4222|cet4-4cc88ddf2aa3|cet4-fde70120971a|cet4-495ec7815596|cet4-35694b17fe95|cet4-ec00e2c10d13|cet4-e8b1d18273d2|cet4-a140ceb2aad9|cet4-b77398cbc2e8|cet4-5c62f2a601ff|cet4-3b51d5af69d2|cet4-e45f17c9d24e|cet4-55ff583a72ab|cet4-ed829e736e15|cet4-0d119a4dc9c8|cet4-2d5d6049dd1b|cet4-d1b0059f2141|cet4-9196f99c9b39|cet4-668f87406fa2|cet4-482626c7816e|cet4-c8179b039d7d|cet4-d9f851a57cae|cet4-23da262b5806|cet4-4a7ee8c0f2db|cet4-e6c37af53a02|cet4-5ae66cde1f44|cet4-953564ac30a9|cet4-4e93da037d7c|cet4-ac18981ae8fe|cet4-63ba37d1ad09|cet4-1ec3875eed84|cet4-164dc7119f9e|cet4-40607a3523ed|cet4-3196e148e45b|cet4-e5ad4bba31fc|cet4-5345d692e954|cet4-08fd91394503|cet4-56436e5a81bc|cet4-a93ea5db74aa|cet4-e4d8615cc3fe|cet4-243f4c758cb8|cet4-2a5e28f9d03a|cet4-ee9258966915|cet4-559bb4b3d429,cet4-8f2a79596494|cet4-cd7bab6d0553|cet4-0d05d7f40d93|cet4-53b253e5652a|cet4-d69c645fbd3b|cet4-099c76d2e8b5|cet4-a2529a248f29|cet4-517a3080f497|cet4-0e06a45b6827|cet4-66ee4154087f|cet4-4a3606b908e7|cet4-28eef4a39cac|cet4-3538341cff19|cet4-5e3b2d317196|cet4-da82ea8ce30a|cet4-8e91d0006e87|cet4-629ffc2fd670|cet4-9af2caf2ce88,44,18,planned,380,3,10,129
CH130,130,A Choice That Has a Cost: Evidence on the Table,有代价的选择：摆上桌面的证据,心理、决策、责任与人生选择,"At graduation and Harbor City's first workplace, the group works to publish results and choose responsible next steps. The team gathers and compares evidence instead of relying on assumptions. The immediate pressure comes from fear, ambition, and irreversible consequences; the chapter must move toward the friends take separate but connected paths without resolving the entire arc early.",cet4-aef9efc32d02|cet4-474c2f49a32f|cet4-d1a33c9e8e91|cet4-6c7b04a8aa7a|cet4-b5034a8cb52a|cet4-0de4b0f0cebe|cet4-facc0f3f4c69|cet4-a93050243054|cet4-526db2408dc3|cet4-08443fcc0ed6|cet4-eda5c33b27f0|cet4-05d92eb5c170|cet4-99b130859ed9|cet4-3634a2c9d53b|cet4-4880cf4f9416|cet4-c6517fabb4b6|cet4-ec0682d23008|cet4-59c9f0e76ea4|cet4-529e2db207ad|cet4-4b88386b28ed|cet4-85e8204ec8ad|cet4-a595186d2b01|cet4-cc7d33210751|cet4-02804ca31fd1|cet4-bb28deb42518|cet4-9b0dac716cea|cet4-3692b36c1c1e|cet4-1573353436ae|cet4-7dff74c62bd0|cet4-3e58db726cf0|cet4-3641d951c1b1|cet4-f4623902dbf7|cet4-be01df34e3b0|cet4-edbc1aa7c85f|cet4-82afbdd077f3|cet4-c689edf296f1|cet4-a9e1a5d58044|cet4-8e4227693604|cet4-fd3aa1352f4f|cet4-13a5eec4e4a1|cet4-8f99353a04ed|cet4-adb827a785a1|cet4-1a2aa4bc14f3|cet4-d4278106acf3,cet4-35694b17fe95|cet4-eabc8d1a557e|cet4-2ead8a0d5b4f|cet4-a140ceb2aad9|cet4-73419b1ea7f3|cet4-e8b1d18273d2|cet4-ec00e2c10d13|cet4-fcf76276603c|cet4-495ec7815596|cet4-72c852f299b8|cet4-b440aea2c397|cet4-262cb7dc4222|cet4-4cc88ddf2aa3|cet4-5c302c5ec8aa|cet4-65ca4c1e2e8f|cet4-b77398cbc2e8|cet4-eddff74f7209|cet4-fde70120971a,44,18,planned,380,3,10,130
CH131,131,A Choice That Has a Cost: The Trial Run,有代价的选择：第一次试行,心理、决策、责任与人生选择,"At graduation and Harbor City's first workplace, the group works to publish results and choose responsible next steps. A limited attempt produces useful results as well as a new constraint. The immediate pressure comes from fear, ambition, and irreversible consequences; the chapter must move toward the friends take separate but connected paths without resolving the entire arc early.",cet4-e59a66536cb8|cet4-c9d26b9ebac8|cet4-07f036d9d0c5|cet4-5fe924bb21e1|cet4-aafcb48a3d56|cet4-5de58b64bea3|cet4-c5a3647046be|cet4-efb1df2e19eb|cet4-648d502c461b|cet4-25fc2338dc45|cet4-300d5e28e991|cet4-253a3e428728|cet4-b6df1c46faa3|cet4-0b7042016d1c|cet4-ae6c97d14191|cet4-a72d5367b6ca|cet4-8285588d5e2d|cet4-29de7c55e0fd|cet4-cbd13c48865d|cet4-8ec72265ef26|cet4-9607c27fa4df|cet4-96a8d07fce7b|cet4-918fd0b18c4c|cet4-b69cf4be36f7|cet4-5ae9921d6346|cet4-9382137ca6af|cet4-805660511e05|cet4-1340b24996a8|cet4-95cf61a34d0c|cet4-3e4c1c3660b1|cet4-7e928c619ab9|cet4-092dc6499280|cet4-09f3f690d4f9|cet4-f0f931e52255|cet4-ef123741197f|cet4-7c724e7a8f5e|cet4-577d23990ea5|cet4-922a15687ceb|cet4-fda9ddab422f|cet4-ceb1f9c0127a|cet4-6486d521ac82|cet4-533f14d20a1e|cet4-aee8e9339356|cet4-698caa5e1e95,cet4-6c7b04a8aa7a|cet4-aef9efc32d02|cet4-b5034a8cb52a|cet4-c68b953a275d|cet4-6f298f71648b|cet4-8957a0a004ae|cet4-0e06a45b6827|cet4-a06ee70fd86e|cet4-6c029d878c29|cet4-4a3606b908e7|cet4-442ef461fc23|cet4-28eef4a39cac|cet4-3d23e35363e0|cet4-6a9de05459c3|cet4-e926a1b99ded|cet4-474c2f49a32f|cet4-d1a33c9e8e91|cet4-c5ce71e2ab00,44,18,planned,380,3,10,131
CH132,132,A Choice That Has a Cost: Pressure Builds,有代价的选择：压力上升,心理、决策、责任与人生选择,"At graduation and Harbor City's first workplace, the group works to publish results and choose responsible next steps. Time, money, health, or trust makes the original plan harder to maintain. The immediate pressure comes from fear, ambition, and irreversible consequences; the chapter must move toward the friends take separate but connected paths without resolving the entire arc early.",cet4-f0c26cad7e98|cet4-71a24f269f4c|cet4-34c0750fbe90|cet4-3b6191e09192|cet4-fd8892fbec00|cet4-4e8cb92dbbcb|cet4-b699c35b90fa|cet4-ea91eb6773a3|cet4-7913dfdde4bd|cet4-ee77dc0b048b|cet4-0865505a3ac4|cet4-a2f36062819e|cet4-f70d8efea34e|cet4-398b4eb0b400|cet4-fa5f0a53359c|cet4-471010825468|cet4-921e1448ad5b|cet4-15fd9514a55e|cet4-3c8ae2ad24ff|cet4-901fa89d12c1|cet4-d3d3379cdf44|cet4-73049d614713|cet4-4aaaea5c3c16|cet4-402a3d2047db|cet4-b2cf7f6e5cf0|cet4-0114189a9419|cet4-38099be6d20d|cet4-79035c9f6072|cet4-c7c2c239d1b3|cet4-226972a598f1|cet4-2b79f01e1f8a|cet4-b0b637141f44|cet4-f88c23e4625d|cet4-5eee82ebe2cb|cet4-fbf3c4f8e1f1|cet4-38f8bbc26a8f|cet4-76c1f3b47df3|cet4-da066cc20577|cet4-055ba0694922|cet4-595dd23b8a85|cet4-714bdc335b54|cet4-edbd1ebf5026|cet4-e8cf96406ba3|cet4-e7d45771e7d6,cet4-495ec7815596|cet4-86cf12f1b0cd|cet4-f429eae3a5ec|cet4-262cb7dc4222|cet4-3e1712852213|cet4-962c5eb2d05a|cet4-56d333999d9c|cet4-fc53af2255b3|cet4-4cc88ddf2aa3|cet4-0cccb37f35e2|cet4-dff512b89ef1|cet4-fe6f4ac7f653|cet4-476df23173e5|cet4-f72b388b2e6c|cet4-c6e26e03876f|cet4-61fd83b55ac3|cet4-fde70120971a|cet4-e59a66536cb8,44,18,planned,380,3,10,132
CH133,133,A Choice That Has a Cost: The Disagreement,有代价的选择：分歧,心理、决策、责任与人生选择,"At graduation and Harbor City's first workplace, the group works to publish results and choose responsible next steps. Two defensible priorities conflict and the characters must explain their motives. The immediate pressure comes from fear, ambition, and irreversible consequences; the chapter must move toward the friends take separate but connected paths without resolving the entire arc early.",cet4-98d8f0a5b004|cet4-910790b2db62|cet4-571b7b128040|cet4-a161a181b98a|cet4-2e635091fbc5|cet4-2dfd70c1ba88|cet4-a32930848e3f|cet4-84a9b51252cd|cet4-4cabf01d87ff|cet4-f18f88e868bf|cet4-847b64fa5e97|cet4-ec01da2e2dea|cet4-49d0cf32ca4b|cet4-70d443ac1f10|cet4-e7ce9df2af2f|cet4-e88b3d4b042d|cet4-0debe5ade146|cet4-19b38df36424|cet4-532e533f4bbb|cet4-801c625d467f|cet4-5eeb11ccbb39|cet4-a5c87e2e01b9|cet4-f426e08b5642|cet4-2d960ce1fbb5|cet4-05ff3a7aebe1|cet4-b52ef1a76484|cet4-ef5ca7af1feb|cet4-bf29ca922e3c|cet4-5312ff16b3a6|cet4-254f645ea43e|cet4-b4dfe1fe0642|cet4-529fc1c1edf7|cet4-c19d898ec6ce|cet4-354212e86542|cet4-74fb0a10e1ca|cet4-848c3d1ab5af|cet4-55b5af6e4616|cet4-0c4c8ecf1e7e|cet4-3350fdeba544|cet4-e181ac71e7f6|cet4-6bef67ec5713|cet4-3d2da3718304|cet4-17d5797a0efc|cet4-3f55951afb04,cet4-a93050243054|cet4-6c7b04a8aa7a|cet4-0d05d7f40d93|cet4-34c0750fbe90|cet4-aef9efc32d02|cet4-b5034a8cb52a|cet4-3b6191e09192|cet4-fd8892fbec00|cet4-d287e069739b|cet4-0de4b0f0cebe|cet4-f0c26cad7e98|cet4-71a24f269f4c|cet4-4e8cb92dbbcb|cet4-154f4c13dae8|cet4-474c2f49a32f|cet4-d1a33c9e8e91|cet4-facc0f3f4c69|cet4-b699c35b90fa,44,18,planned,380,3,10,133
CH134,134,A Choice That Has a Cost: What the Numbers Hide,有代价的选择：数字隐藏了什么,心理、决策、责任与人生选择,"At graduation and Harbor City's first workplace, the group works to publish results and choose responsible next steps. Quantitative evidence is checked against lived experience and context. The immediate pressure comes from fear, ambition, and irreversible consequences; the chapter must move toward the friends take separate but connected paths without resolving the entire arc early.",cet4-5cdb8c350ea8|cet4-4f0453bbc853|cet4-2b7a20b241e7|cet4-e76f3d348df8|cet4-5504bd7f8709|cet4-af381a8029fe|cet4-f0fb5be444cf|cet4-c93541b01ac9|cet4-9cde949bff5d|cet4-41928f3b4cd8|cet4-3238eb1992bb|cet4-9382171507f2|cet4-c76ef83e0a23|cet4-0a460903b9f3|cet4-d0b0a8c22979|cet4-88fcbae36580|cet4-f9f5c0e2891a|cet4-dc8bd9b348e7|cet4-f94b5b9a1bf3|cet4-0cc72c32cd1f|cet4-126e35fde127|cet4-00f0c3ffaad2|cet4-57111ce1e9ae|cet4-5a36a3322d9f|cet4-7c34aa81296a|cet4-3e5187b69d46|cet4-547ffa3332b8|cet4-abfc1898dc38|cet4-77a4b502ed36|cet4-60104496023e|cet4-7cdd3e03295d|cet4-b5714578ded6|cet4-600a650a7012|cet4-6600f7420c03|cet4-ff3d0d22efa7|cet4-5cbf7e212c73|cet4-a01c41a6a16e|cet4-48279b270906|cet4-1ce1f18102da|cet4-b8be9d5d9a5b|cet4-ce84aa01ea37|cet4-175e1185cc23|cet4-ff03bc78b827|cet4-9e4904a96557,cet4-4952d250dab4|cet4-571b7b128040|cet4-2ead8a0d5b4f|cet4-16d18c913311|cet4-5fe924bb21e1|cet4-aafcb48a3d56|cet4-83be3cbb0269|cet4-a3831bc576b1|cet4-07f036d9d0c5|cet4-6719d7272268|cet4-5d4544f1b37f|cet4-eddff74f7209|cet4-7c55a4301df1|cet4-c9d26b9ebac8|cet4-98d8f0a5b004|cet4-a161a181b98a|cet4-910790b2db62|cet4-e59a66536cb8,44,18,planned,380,3,10,134
CH135,135,A Choice That Has a Cost: A Better Question,有代价的选择：更好的问题,心理、决策、责任与人生选择,"At graduation and Harbor City's first workplace, the group works to publish results and choose responsible next steps. The group reframes the problem after recognizing a false assumption. The immediate pressure comes from fear, ambition, and irreversible consequences; the chapter must move toward the friends take separate but connected paths without resolving the entire arc early.",cet4-e8cf745f5c7e|cet4-b5e0f24c18e2|cet4-ac7a9f02b242|cet4-0f1a22a30e79|cet4-52b321204186|cet4-800a6dde61d0|cet4-2e665deab3f5|cet4-43d46850acf2|cet4-01f7cc82c091|cet4-a10b84314ed6|cet4-04aefbf06e25|cet4-c3c3e6271bea|cet4-d47c4886e012|cet4-d69c65fc1e3a|cet4-620d1ccf3cbf|cet4-ca17b782c958|cet4-b696a93c13a1|cet4-c7d7e409c304|cet4-df043d02b246|cet4-74318047273d|cet4-69dd6fe6ad89|cet4-7bab7764a250|cet4-95b6479c5732|cet4-63cadcd2e79a|cet4-61807c654b75|cet4-1c248747bebe|cet4-d55d1db982c8|cet4-345b2e715568|cet4-30c7006fdee8|cet4-3a6e0adc1b8d|cet4-272eb24a7009|cet4-64560f21ba39|cet4-c46cae58af24|cet4-fa221c2c7b3d|cet4-e22c8de7c256|cet4-96f572730944|cet4-588ce2d36d5c|cet4-94f1dd86ae00|cet4-316a9cea6b42|cet4-6c889b0326bc|cet4-6342a720c6bc|cet4-55b8c7f448f1|cet4-b81a07b7f49c|cet4-3bd4315626b1,cet4-c083e17d2c12|cet4-34c0750fbe90|cet4-3b6191e09192|cet4-fd8892fbec00|cet4-a2529a248f29|cet4-f0c26cad7e98|cet4-4f0453bbc853|cet4-71a24f269f4c|cet4-0e06a45b6827|cet4-4a3606b908e7|cet4-28eef4a39cac|cet4-d405961b2cc6|cet4-ec22977b9191|cet4-4e8cb92dbbcb|cet4-a3be4303b126|cet4-5cdb8c350ea8|cet4-b699c35b90fa|cet4-29d142424ec0,44,18,planned,380,3,10,135
CH136,136,A Choice That Has a Cost: The Second Attempt,有代价的选择：第二次尝试,心理、决策、责任与人生选择,"At graduation and Harbor City's first workplace, the group works to publish results and choose responsible next steps. A revised approach is tested under more realistic conditions. The immediate pressure comes from fear, ambition, and irreversible consequences; the chapter must move toward the friends take separate but connected paths without resolving the entire arc early.",cet4-3b083530719b|cet4-cbf988dd5b92|cet4-3894b55087ea|cet4-45ff03b9732d|cet4-121fb1417486|cet4-696f170643c4|cet4-d987ca028947|cet4-41a8d354923f|cet4-6c00df1fde36|cet4-1f57239b0205|cet4-5777b82833ef|cet4-495401f2d761|cet4-b24ea49b1068|cet4-7501e0eeafc9|cet4-a752373131fe|cet4-54e570bfc363|cet4-17d890a9c652|cet4-dfa62e45b207|cet4-38874c0a2b5f|cet4-c2abc81e372f|cet4-341e92cfbfb1|cet4-d8d01a1fb5e5|cet4-af5b872b6b34|cet4-2de5dca758ef|cet4-f0eaef19febe|cet4-e5bfea67c409|cet4-8e55922f4402|cet4-6e8ffc6c97ad|cet4-2a085eb617d3|cet4-815b4aa21fd3|cet4-7f6320d2f16a|cet4-1dd296fcb757|cet4-7da0169ce194|cet4-5ac7a9c3c0d8|cet4-d97345bfa55f|cet4-353101b771fd|cet4-8f345ef5eb8a|cet4-ed076da48025|cet4-d1c55441bea2|cet4-f50b49caa4e4|cet4-4045ded29d1d|cet4-f102706ff184|cet4-e421a1fd8724|cet4-5592d29bbe04,cet4-35694b17fe95|cet4-f65ceb658f78|cet4-52b321204186|cet4-495ec7815596|cet4-ac7a9f02b242|cet4-156d1532272c|cet4-262cb7dc4222|cet4-0f1a22a30e79|cet4-4cc88ddf2aa3|cet4-b5e0f24c18e2|cet4-6c57ade57b17|cet4-98d8f0a5b004|cet4-e8cf745f5c7e|cet4-fde70120971a|cet4-6028f15f4b84|cet4-39676b739474|cet4-0924e130c061|cet4-9af2caf2ce88,44,18,planned,380,3,10,136
CH137,137,A Choice That Has a Cost: Outside Pressure,有代价的选择：外部压力,心理、决策、责任与人生选择,"At graduation and Harbor City's first workplace, the group works to publish results and choose responsible next steps. An institution or stakeholder imposes a condition the team cannot ignore. The immediate pressure comes from fear, ambition, and irreversible consequences; the chapter must move toward the friends take separate but connected paths without resolving the entire arc early.",cet4-a092b1b81d94|cet4-8204dec94356|cet4-240f5ef994ae|cet4-0dd3bd1272db|cet4-0cb8794aedd6|cet4-a679bcd4db46|cet4-41376abcfd02|cet4-c7f82fe4ba20|cet4-1257288df62e|cet4-bd888294208f|cet4-8f02fcafb516|cet4-41b9af72503e|cet4-28580acdb724|cet4-da4b05da96d3|cet4-8c79c42b50a5|cet4-52d9e6449a9f|cet4-42e534f7b6a7|cet4-924815b01039|cet4-92221909c7b8|cet4-076b5a31edc6|cet4-3bae8ad48d34|cet4-b26e89d6f85a|cet4-d25096def932|cet4-cb6dfc9f25f1|cet4-ad32f65fdec5|cet4-3ccc0e676b29|cet4-80e4819235cb|cet4-216e469515d0|cet4-56e07822d265|cet4-8333c7eb8cd7|cet4-585ec535f635|cet4-92f5992f143d|cet4-5eabeca86715|cet4-16f743b32c02|cet4-f5037680e3e5|cet4-a85e1cd83830|cet4-662a20b7b9ea|cet4-4e350bc51557|cet4-30cd6e7025db|cet4-7082ea6f9379|cet4-d8e56a9ae333|cet4-4e5cde8acb6b|cet4-7eef0c47904d|cet4-ad3b10a103d8,cet4-6c7b04a8aa7a|cet4-aef9efc32d02|cet4-b5034a8cb52a|cet4-eabc8d1a557e|cet4-72c852f299b8|cet4-0de4b0f0cebe|cet4-45ff03b9732d|cet4-4f0453bbc853|cet4-696f170643c4|cet4-121fb1417486|cet4-3894b55087ea|cet4-d987ca028947|cet4-cbf988dd5b92|cet4-5cdb8c350ea8|cet4-3b083530719b|cet4-474c2f49a32f|cet4-d1a33c9e8e91|cet4-facc0f3f4c69,44,18,planned,380,3,10,137
