source_file,source_sha256,source_row,raw_record_json,raw_lemma,raw_part_of_speech,raw_chinese_meaning,raw_word_family
cet4_endict_2016_expanded.json,50143a67069cd69c0ce1221a6f7bb554b992b3295322344907bf784afb5ff9c0,1,"{""lemma"": ""a""}",a,,,
cet4_endict_2016_expanded.json,50143a67069cd69c0ce1221a6f7bb554b992b3295322344907bf784afb5ff9c0,2,"{""lemma"": ""abandon""}",abandon,,,
cet4_endict_2016_expanded.json,50143a67069cd69c0ce1221a6f7bb554b992b3295322344907bf784afb5ff9c0,3,"{""lemma"": ""ability""}",ability,,,
cet4_endict_2016_expanded.json,50143a67069cd69c0ce1221a6f7bb554b992b3295322344907bf784afb5ff9c0,4,"{""lemma"": ""able""}",able,,,
cet4_endict_2016_expanded.json,50143a67069cd69c0ce1221a6f7bb554b992b3295322344907bf784afb5ff9c0,5,"{""lemma"": ""aboard""}",aboard,,,
cet4_endict_2016_expanded.json,50143a67069cd69c0ce1221a6f7bb554b992b3295322344907bf784afb5ff9c0,6,"{""lemma"": ""abolish""}",abolish,,,
cet4_endict_2016_expanded.json,50143a67069cd69c0ce1221a6f7bb554b992b3295322344907bf784afb5ff9c0,7,"{""lemma"": ""abolition""}",abolition,,,
cet4_endict_2016_expanded.json,50143a67069cd69c0ce1221a6f7bb554b992b3295322344907bf784afb5ff9c0,8,"{""lemma"": ""about""}",about,,,
cet4_endict_2016_expanded.json,50143a67069cd69c0ce1221a6f7bb554b992b3295322344907bf784afb5ff9c0,9,"{""lemma"": ""above""}",above,,,
cet4_endict_2016_expanded.json,50143a67069cd69c0ce1221a6f7bb554b992b3295322344907bf784afb5ff9c0,10,"{""lemma"": ""abroad""}",abroad,,,
cet4_endict_2016_expanded.json,50143a67069cd69c0ce1221a6f7bb554b992b3295322344907bf784afb5ff9c0,11,"{""lemma"": ""absence""}",absence,,,
cet4_endict_2016_expanded.json,50143a67069cd69c0ce1221a6f7bb554b992b3295322344907bf784afb5ff9c0,12,"{""lemma"": ""absent""}",absent,,,
cet4_endict_2016_expanded.json,50143a67069cd69c0ce1221a6f7bb554b992b3295322344907bf784afb5ff9c0,13,"{""lemma"": ""absolute""}",absolute,,,
cet4_endict_2016_expanded.json,50143a67069cd69c0ce1221a6f7bb554b992b3295322344907bf784afb5ff9c0,14,"{""lemma"": ""absorb""}",absorb,,,
cet4_endict_2016_expanded.json,50143a67069cd69c0ce1221a6f7bb554b992b3295322344907bf784afb5ff9c0,15,"{""lemma"": ""absorption""}",absorption,,,
cet4_endict_2016_expanded.json,50143a67069cd69c0ce1221a6f7bb554b992b3295322344907bf784afb5ff9c0,16,"{""lemma"": ""abstract""}",abstract,,,
cet4_endict_2016_expanded.json,50143a67069cd69c0ce1221a6f7bb554b992b3295322344907bf784afb5ff9c0,17,"{""lemma"": ""abundance""}",abundance,,,
cet4_endict_2016_expanded.json,50143a67069cd69c0ce1221a6f7bb554b992b3295322344907bf784afb5ff9c0,18,"{""lemma"": ""abundant""}",abundant,,,
cet4_endict_2016_expanded.json,50143a67069cd69c0ce1221a6f7bb554b992b3295322344907bf784afb5ff9c0,19,"{""lemma"": ""abuse""}",abuse,,,
cet4_endict_2016_expanded.json,50143a67069cd69c0ce1221a6f7bb554b992b3295322344907bf784afb5ff9c0,20,"{""lemma"": ""abusive""}",abusive,,,
cet4_endict_2016_expanded.json,50143a67069cd69c0ce1221a6f7bb554b992b3295322344907bf784afb5ff9c0,21,"{""lemma"": ""academic""}",academic,,,
cet4_endict_2016_expanded.json,50143a67069cd69c0ce1221a6f7bb554b992b3295322344907bf784afb5ff9c0,22,"{""lemma"": ""academician""}",academician,,,
cet4_endict_2016_expanded.json,50143a67069cd69c0ce1221a6f7bb554b992b3295322344907bf784afb5ff9c0,23,"{""lemma"": ""academy""}",academy,,,
cet4_endict_2016_expanded.json,50143a67069cd69c0ce1221a6f7bb554b992b3295322344907bf784afb5ff9c0,24,"{""lemma"": ""accelerate""}",accelerate,,,
cet4_endict_2016_expanded.json,50143a67069cd69c0ce1221a6f7bb554b992b3295322344907bf784afb5ff9c0,25,"{""lemma"": ""acceleration""}",acceleration,,,
cet4_endict_2016_expanded.json,50143a67069cd69c0ce1221a6f7bb554b992b3295322344907bf784afb5ff9c0,26,"{""lemma"": ""accent""}",accent,,,
cet4_endict_2016_expanded.json,50143a67069cd69c0ce1221a6f7bb554b992b3295322344907bf784afb5ff9c0,27,"{""lemma"": ""accept""}",accept,,,
cet4_endict_2016_expanded.json,50143a67069cd69c0ce1221a6f7bb554b992b3295322344907bf784afb5ff9c0,28,"{""lemma"": ""acceptable""}",acceptable,,,
cet4_endict_2016_expanded.json,50143a67069cd69c0ce1221a6f7bb554b992b3295322344907bf784afb5ff9c0,29,"{""lemma"": ""acceptance""}",acceptance,,,
cet4_endict_2016_expanded.json,50143a67069cd69c0ce1221a6f7bb554b992b3295322344907bf784afb5ff9c0,30,"{""lemma"": ""access""}",access,,,
cet4_endict_2016_expanded.json,50143a67069cd69c0ce1221a6f7bb554b992b3295322344907bf784afb5ff9c0,31,"{""lemma"": ""accessible""}",accessible,,,
cet4_endict_2016_expanded.json,50143a67069cd69c0ce1221a6f7bb554b992b3295322344907bf784afb5ff9c0,32,"{""lemma"": ""accident""}",accident,,,
cet4_endict_2016_expanded.json,50143a67069cd69c0ce1221a6f7bb554b992b3295322344907bf784afb5ff9c0,33,"{""lemma"": ""accidental""}",accidental,,,
cet4_endict_2016_expanded.json,50143a67069cd69c0ce1221a6f7bb554b992b3295322344907bf784afb5ff9c0,34,"{""lemma"": ""accommodate""}",accommodate,,,
cet4_endict_2016_expanded.json,50143a67069cd69c0ce1221a6f7bb554b992b3295322344907bf784afb5ff9c0,35,"{""lemma"": ""accommodation""}",accommodation,,,
cet4_endict_2016_expanded.json,50143a67069cd69c0ce1221a6f7bb554b992b3295322344907bf784afb5ff9c0,36,"{""lemma"": ""accompany""}",accompany,,,
cet4_endict_2016_expanded.json,50143a67069cd69c0ce1221a6f7bb554b992b3295322344907bf784afb5ff9c0,37,"{""lemma"": ""accomplish""}",accomplish,,,
cet4_endict_2016_expanded.json,50143a67069cd69c0ce1221a6f7bb554b992b3295322344907bf784afb5ff9c0,38,"{""lemma"": ""accomplishment""}",accomplishment,,,
cet4_endict_2016_expanded.json,50143a67069cd69c0ce1221a6f7bb554b992b3295322344907bf784afb5ff9c0,39,"{""lemma"": ""accord""}",accord,,,
cet4_endict_2016_expanded.json,50143a67069cd69c0ce1221a6f7bb554b992b3295322344907bf784afb5ff9c0,40,"{""lemma"": ""accordance""}",accordance,,,
cet4_endict_2016_expanded.json,50143a67069cd69c0ce1221a6f7bb554b992b3295322344907bf784afb5ff9c0,41,"{""lemma"": ""according to""}",according to,,,
cet4_endict_2016_expanded.json,50143a67069cd69c0ce1221a6f7bb554b992b3295322344907bf784afb5ff9c0,42,"{""lemma"": ""accordingly""}",accordingly,,,
cet4_endict_2016_expanded.json,50143a67069cd69c0ce1221a6f7bb554b992b3295322344907bf784afb5ff9c0,43,"{""lemma"": ""account""}",account,,,
cet4_endict_2016_expanded.json,50143a67069cd69c0ce1221a6f7bb554b992b3295322344907bf784afb5ff9c0,44,"{""lemma"": ""accountability""}",accountability,,,
cet4_endict_2016_expanded.json,50143a67069cd69c0ce1221a6f7bb554b992b3295322344907bf784afb5ff9c0,45,"{""lemma"": ""accountable""}",accountable,,,
cet4_endict_2016_expanded.json,50143a67069cd69c0ce1221a6f7bb554b992b3295322344907bf784afb5ff9c0,46,"{""lemma"": ""accountancy""}",accountancy,,,
cet4_endict_2016_expanded.json,50143a67069cd69c0ce1221a6f7bb554b992b3295322344907bf784afb5ff9c0,47,"{""lemma"": ""accountant""}",accountant,,,
cet4_endict_2016_expanded.json,50143a67069cd69c0ce1221a6f7bb554b992b3295322344907bf784afb5ff9c0,48,"{""lemma"": ""accounting""}",accounting,,,
cet4_endict_2016_expanded.json,50143a67069cd69c0ce1221a6f7bb554b992b3295322344907bf784afb5ff9c0,49,"{""lemma"": ""accumulate""}",accumulate,,,
cet4_endict_2016_expanded.json,50143a67069cd69c0ce1221a6f7bb554b992b3295322344907bf784afb5ff9c0,50,"{""lemma"": ""accumulation""}",accumulation,,,
cet4_endict_2016_expanded.json,50143a67069cd69c0ce1221a6f7bb554b992b3295322344907bf784afb5ff9c0,51,"{""lemma"": ""accumulative""}",accumulative,,,
cet4_endict_2016_expanded.json,50143a67069cd69c0ce1221a6f7bb554b992b3295322344907bf784afb5ff9c0,52,"{""lemma"": ""accuracy""}",accuracy,,,
cet4_endict_2016_expanded.json,50143a67069cd69c0ce1221a6f7bb554b992b3295322344907bf784afb5ff9c0,53,"{""lemma"": ""accurate""}",accurate,,,
cet4_endict_2016_expanded.json,50143a67069cd69c0ce1221a6f7bb554b992b3295322344907bf784afb5ff9c0,54,"{""lemma"": ""accusation""}",accusation,,,
cet4_endict_2016_expanded.json,50143a67069cd69c0ce1221a6f7bb554b992b3295322344907bf784afb5ff9c0,55,"{""lemma"": ""accuse""}",accuse,,,
cet4_endict_2016_expanded.json,50143a67069cd69c0ce1221a6f7bb554b992b3295322344907bf784afb5ff9c0,56,"{""lemma"": ""accustom""}",accustom,,,
cet4_endict_2016_expanded.json,50143a67069cd69c0ce1221a6f7bb554b992b3295322344907bf784afb5ff9c0,57,"{""lemma"": ""accustomed""}",accustomed,,,
cet4_endict_2016_expanded.json,50143a67069cd69c0ce1221a6f7bb554b992b3295322344907bf784afb5ff9c0,58,"{""lemma"": ""ace""}",ace,,,
cet4_endict_2016_expanded.json,50143a67069cd69c0ce1221a6f7bb554b992b3295322344907bf784afb5ff9c0,59,"{""lemma"": ""ache""}",ache,,,
cet4_endict_2016_expanded.json,50143a67069cd69c0ce1221a6f7bb554b992b3295322344907bf784afb5ff9c0,60,"{""lemma"": ""achieve""}",achieve,,,
cet4_endict_2016_expanded.json,50143a67069cd69c0ce1221a6f7bb554b992b3295322344907bf784afb5ff9c0,61,"{""lemma"": ""achievement""}",achievement,,,
cet4_endict_2016_expanded.json,50143a67069cd69c0ce1221a6f7bb554b992b3295322344907bf784afb5ff9c0,62,"{""lemma"": ""acid""}",acid,,,
cet4_endict_2016_expanded.json,50143a67069cd69c0ce1221a6f7bb554b992b3295322344907bf784afb5ff9c0,63,"{""lemma"": ""acidity""}",acidity,,,
cet4_endict_2016_expanded.json,50143a67069cd69c0ce1221a6f7bb554b992b3295322344907bf784afb5ff9c0,64,"{""lemma"": ""acknowledge""}",acknowledge,,,
cet4_endict_2016_expanded.json,50143a67069cd69c0ce1221a6f7bb554b992b3295322344907bf784afb5ff9c0,65,"{""lemma"": ""acknowledgement""}",acknowledgement,,,
cet4_endict_2016_expanded.json,50143a67069cd69c0ce1221a6f7bb554b992b3295322344907bf784afb5ff9c0,66,"{""lemma"": ""acquaint""}",acquaint,,,
cet4_endict_2016_expanded.json,50143a67069cd69c0ce1221a6f7bb554b992b3295322344907bf784afb5ff9c0,67,"{""lemma"": ""acquaintance""}",acquaintance,,,
cet4_endict_2016_expanded.json,50143a67069cd69c0ce1221a6f7bb554b992b3295322344907bf784afb5ff9c0,68,"{""lemma"": ""acquire""}",acquire,,,
cet4_endict_2016_expanded.json,50143a67069cd69c0ce1221a6f7bb554b992b3295322344907bf784afb5ff9c0,69,"{""lemma"": ""acquisition""}",acquisition,,,
cet4_endict_2016_expanded.json,50143a67069cd69c0ce1221a6f7bb554b992b3295322344907bf784afb5ff9c0,70,"{""lemma"": ""acre""}",acre,,,
cet4_endict_2016_expanded.json,50143a67069cd69c0ce1221a6f7bb554b992b3295322344907bf784afb5ff9c0,71,"{""lemma"": ""across""}",across,,,
cet4_endict_2016_expanded.json,50143a67069cd69c0ce1221a6f7bb554b992b3295322344907bf784afb5ff9c0,72,"{""lemma"": ""act""}",act,,,
cet4_endict_2016_expanded.json,50143a67069cd69c0ce1221a6f7bb554b992b3295322344907bf784afb5ff9c0,73,"{""lemma"": ""acting""}",acting,,,
cet4_endict_2016_expanded.json,50143a67069cd69c0ce1221a6f7bb554b992b3295322344907bf784afb5ff9c0,74,"{""lemma"": ""action""}",action,,,
cet4_endict_2016_expanded.json,50143a67069cd69c0ce1221a6f7bb554b992b3295322344907bf784afb5ff9c0,75,"{""lemma"": ""active""}",active,,,
cet4_endict_2016_expanded.json,50143a67069cd69c0ce1221a6f7bb554b992b3295322344907bf784afb5ff9c0,76,"{""lemma"": ""activist""}",activist,,,
cet4_endict_2016_expanded.json,50143a67069cd69c0ce1221a6f7bb554b992b3295322344907bf784afb5ff9c0,77,"{""lemma"": ""activity""}",activity,,,
cet4_endict_2016_expanded.json,50143a67069cd69c0ce1221a6f7bb554b992b3295322344907bf784afb5ff9c0,78,"{""lemma"": ""actor""}",actor,,,
cet4_endict_2016_expanded.json,50143a67069cd69c0ce1221a6f7bb554b992b3295322344907bf784afb5ff9c0,79,"{""lemma"": ""actress""}",actress,,,
cet4_endict_2016_expanded.json,50143a67069cd69c0ce1221a6f7bb554b992b3295322344907bf784afb5ff9c0,80,"{""lemma"": ""actual""}",actual,,,
cet4_endict_2016_expanded.json,50143a67069cd69c0ce1221a6f7bb554b992b3295322344907bf784afb5ff9c0,81,"{""lemma"": ""actually""}",actually,,,
cet4_endict_2016_expanded.json,50143a67069cd69c0ce1221a6f7bb554b992b3295322344907bf784afb5ff9c0,82,"{""lemma"": ""acute""}",acute,,,
cet4_endict_2016_expanded.json,50143a67069cd69c0ce1221a6f7bb554b992b3295322344907bf784afb5ff9c0,83,"{""lemma"": ""ad""}",ad,,,
cet4_endict_2016_expanded.json,50143a67069cd69c0ce1221a6f7bb554b992b3295322344907bf784afb5ff9c0,84,"{""lemma"": ""adapt""}",adapt,,,
cet4_endict_2016_expanded.json,50143a67069cd69c0ce1221a6f7bb554b992b3295322344907bf784afb5ff9c0,85,"{""lemma"": ""adaptation""}",adaptation,,,
cet4_endict_2016_expanded.json,50143a67069cd69c0ce1221a6f7bb554b992b3295322344907bf784afb5ff9c0,86,"{""lemma"": ""adaptive""}",adaptive,,,
cet4_endict_2016_expanded.json,50143a67069cd69c0ce1221a6f7bb554b992b3295322344907bf784afb5ff9c0,87,"{""lemma"": ""add""}",add,,,
cet4_endict_2016_expanded.json,50143a67069cd69c0ce1221a6f7bb554b992b3295322344907bf784afb5ff9c0,88,"{""lemma"": ""addict""}",addict,,,
cet4_endict_2016_expanded.json,50143a67069cd69c0ce1221a6f7bb554b992b3295322344907bf784afb5ff9c0,89,"{""lemma"": ""addiction""}",addiction,,,
cet4_endict_2016_expanded.json,50143a67069cd69c0ce1221a6f7bb554b992b3295322344907bf784afb5ff9c0,90,"{""lemma"": ""addictive""}",addictive,,,
cet4_endict_2016_expanded.json,50143a67069cd69c0ce1221a6f7bb554b992b3295322344907bf784afb5ff9c0,91,"{""lemma"": ""addition""}",addition,,,
cet4_endict_2016_expanded.json,50143a67069cd69c0ce1221a6f7bb554b992b3295322344907bf784afb5ff9c0,92,"{""lemma"": ""additional""}",additional,,,
cet4_endict_2016_expanded.json,50143a67069cd69c0ce1221a6f7bb554b992b3295322344907bf784afb5ff9c0,93,"{""lemma"": ""address""}",address,,,
cet4_endict_2016_expanded.json,50143a67069cd69c0ce1221a6f7bb554b992b3295322344907bf784afb5ff9c0,94,"{""lemma"": ""adequacy""}",adequacy,,,
cet4_endict_2016_expanded.json,50143a67069cd69c0ce1221a6f7bb554b992b3295322344907bf784afb5ff9c0,95,"{""lemma"": ""adequate""}",adequate,,,
cet4_endict_2016_expanded.json,50143a67069cd69c0ce1221a6f7bb554b992b3295322344907bf784afb5ff9c0,96,"{""lemma"": ""adjective""}",adjective,,,
cet4_endict_2016_expanded.json,50143a67069cd69c0ce1221a6f7bb554b992b3295322344907bf784afb5ff9c0,97,"{""lemma"": ""adjust""}",adjust,,,
cet4_endict_2016_expanded.json,50143a67069cd69c0ce1221a6f7bb554b992b3295322344907bf784afb5ff9c0,98,"{""lemma"": ""adjustment""}",adjustment,,,
cet4_endict_2016_expanded.json,50143a67069cd69c0ce1221a6f7bb554b992b3295322344907bf784afb5ff9c0,99,"{""lemma"": ""administer""}",administer,,,
cet4_endict_2016_expanded.json,50143a67069cd69c0ce1221a6f7bb554b992b3295322344907bf784afb5ff9c0,100,"{""lemma"": ""administrate""}",administrate,,,
cet4_endict_2016_expanded.json,50143a67069cd69c0ce1221a6f7bb554b992b3295322344907bf784afb5ff9c0,101,"{""lemma"": ""administration""}",administration,,,
cet4_endict_2016_expanded.json,50143a67069cd69c0ce1221a6f7bb554b992b3295322344907bf784afb5ff9c0,102,"{""lemma"": ""administrative""}",administrative,,,
cet4_endict_2016_expanded.json,50143a67069cd69c0ce1221a6f7bb554b992b3295322344907bf784afb5ff9c0,103,"{""lemma"": ""admirable""}",admirable,,,
cet4_endict_2016_expanded.json,50143a67069cd69c0ce1221a6f7bb554b992b3295322344907bf784afb5ff9c0,104,"{""lemma"": ""admiration""}",admiration,,,
cet4_endict_2016_expanded.json,50143a67069cd69c0ce1221a6f7bb554b992b3295322344907bf784afb5ff9c0,105,"{""lemma"": ""admire""}",admire,,,
cet4_endict_2016_expanded.json,50143a67069cd69c0ce1221a6f7bb554b992b3295322344907bf784afb5ff9c0,106,"{""lemma"": ""admission""}",admission,,,
cet4_endict_2016_expanded.json,50143a67069cd69c0ce1221a6f7bb554b992b3295322344907bf784afb5ff9c0,107,"{""lemma"": ""admit""}",admit,,,
cet4_endict_2016_expanded.json,50143a67069cd69c0ce1221a6f7bb554b992b3295322344907bf784afb5ff9c0,108,"{""lemma"": ""admittance""}",admittance,,,
cet4_endict_2016_expanded.json,50143a67069cd69c0ce1221a6f7bb554b992b3295322344907bf784afb5ff9c0,109,"{""lemma"": ""admittedly""}",admittedly,,,
cet4_endict_2016_expanded.json,50143a67069cd69c0ce1221a6f7bb554b992b3295322344907bf784afb5ff9c0,110,"{""lemma"": ""adopt""}",adopt,,,
cet4_endict_2016_expanded.json,50143a67069cd69c0ce1221a6f7bb554b992b3295322344907bf784afb5ff9c0,111,"{""lemma"": ""adoption""}",adoption,,,
cet4_endict_2016_expanded.json,50143a67069cd69c0ce1221a6f7bb554b992b3295322344907bf784afb5ff9c0,112,"{""lemma"": ""adult""}",adult,,,
cet4_endict_2016_expanded.json,50143a67069cd69c0ce1221a6f7bb554b992b3295322344907bf784afb5ff9c0,113,"{""lemma"": ""adulthood""}",adulthood,,,
cet4_endict_2016_expanded.json,50143a67069cd69c0ce1221a6f7bb554b992b3295322344907bf784afb5ff9c0,114,"{""lemma"": ""advance""}",advance,,,
cet4_endict_2016_expanded.json,50143a67069cd69c0ce1221a6f7bb554b992b3295322344907bf784afb5ff9c0,115,"{""lemma"": ""advanced""}",advanced,,,
cet4_endict_2016_expanded.json,50143a67069cd69c0ce1221a6f7bb554b992b3295322344907bf784afb5ff9c0,116,"{""lemma"": ""advancement""}",advancement,,,
cet4_endict_2016_expanded.json,50143a67069cd69c0ce1221a6f7bb554b992b3295322344907bf784afb5ff9c0,117,"{""lemma"": ""advantage""}",advantage,,,
cet4_endict_2016_expanded.json,50143a67069cd69c0ce1221a6f7bb554b992b3295322344907bf784afb5ff9c0,118,"{""lemma"": ""advantageous""}",advantageous,,,
cet4_endict_2016_expanded.json,50143a67069cd69c0ce1221a6f7bb554b992b3295322344907bf784afb5ff9c0,119,"{""lemma"": ""adventure""}",adventure,,,
cet4_endict_2016_expanded.json,50143a67069cd69c0ce1221a6f7bb554b992b3295322344907bf784afb5ff9c0,120,"{""lemma"": ""adventurer""}",adventurer,,,
cet4_endict_2016_expanded.json,50143a67069cd69c0ce1221a6f7bb554b992b3295322344907bf784afb5ff9c0,121,"{""lemma"": ""adventurous""}",adventurous,,,
cet4_endict_2016_expanded.json,50143a67069cd69c0ce1221a6f7bb554b992b3295322344907bf784afb5ff9c0,122,"{""lemma"": ""adverb""}",adverb,,,
cet4_endict_2016_expanded.json,50143a67069cd69c0ce1221a6f7bb554b992b3295322344907bf784afb5ff9c0,123,"{""lemma"": ""advertise""}",advertise,,,
cet4_endict_2016_expanded.json,50143a67069cd69c0ce1221a6f7bb554b992b3295322344907bf784afb5ff9c0,124,"{""lemma"": ""advertisement""}",advertisement,,,
cet4_endict_2016_expanded.json,50143a67069cd69c0ce1221a6f7bb554b992b3295322344907bf784afb5ff9c0,125,"{""lemma"": ""advertising""}",advertising,,,
cet4_endict_2016_expanded.json,50143a67069cd69c0ce1221a6f7bb554b992b3295322344907bf784afb5ff9c0,126,"{""lemma"": ""advice""}",advice,,,
cet4_endict_2016_expanded.json,50143a67069cd69c0ce1221a6f7bb554b992b3295322344907bf784afb5ff9c0,127,"{""lemma"": ""advisable""}",advisable,,,
cet4_endict_2016_expanded.json,50143a67069cd69c0ce1221a6f7bb554b992b3295322344907bf784afb5ff9c0,128,"{""lemma"": ""advise""}",advise,,,
cet4_endict_2016_expanded.json,50143a67069cd69c0ce1221a6f7bb554b992b3295322344907bf784afb5ff9c0,129,"{""lemma"": ""adviser""}",adviser,,,
cet4_endict_2016_expanded.json,50143a67069cd69c0ce1221a6f7bb554b992b3295322344907bf784afb5ff9c0,130,"{""lemma"": ""advisor""}",advisor,,,
cet4_endict_2016_expanded.json,50143a67069cd69c0ce1221a6f7bb554b992b3295322344907bf784afb5ff9c0,131,"{""lemma"": ""advisory""}",advisory,,,
cet4_endict_2016_expanded.json,50143a67069cd69c0ce1221a6f7bb554b992b3295322344907bf784afb5ff9c0,132,"{""lemma"": ""advocacy""}",advocacy,,,
cet4_endict_2016_expanded.json,50143a67069cd69c0ce1221a6f7bb554b992b3295322344907bf784afb5ff9c0,133,"{""lemma"": ""advocate""}",advocate,,,
cet4_endict_2016_expanded.json,50143a67069cd69c0ce1221a6f7bb554b992b3295322344907bf784afb5ff9c0,134,"{""lemma"": ""aerial""}",aerial,,,
cet4_endict_2016_expanded.json,50143a67069cd69c0ce1221a6f7bb554b992b3295322344907bf784afb5ff9c0,135,"{""lemma"": ""affair""}",affair,,,
cet4_endict_2016_expanded.json,50143a67069cd69c0ce1221a6f7bb554b992b3295322344907bf784afb5ff9c0,136,"{""lemma"": ""affect""}",affect,,,
cet4_endict_2016_expanded.json,50143a67069cd69c0ce1221a6f7bb554b992b3295322344907bf784afb5ff9c0,137,"{""lemma"": ""affection""}",affection,,,
cet4_endict_2016_expanded.json,50143a67069cd69c0ce1221a6f7bb554b992b3295322344907bf784afb5ff9c0,138,"{""lemma"": ""affectionate""}",affectionate,,,
cet4_endict_2016_expanded.json,50143a67069cd69c0ce1221a6f7bb554b992b3295322344907bf784afb5ff9c0,139,"{""lemma"": ""affluence""}",affluence,,,
cet4_endict_2016_expanded.json,50143a67069cd69c0ce1221a6f7bb554b992b3295322344907bf784afb5ff9c0,140,"{""lemma"": ""affluent""}",affluent,,,
cet4_endict_2016_expanded.json,50143a67069cd69c0ce1221a6f7bb554b992b3295322344907bf784afb5ff9c0,141,"{""lemma"": ""afford""}",afford,,,
cet4_endict_2016_expanded.json,50143a67069cd69c0ce1221a6f7bb554b992b3295322344907bf784afb5ff9c0,142,"{""lemma"": ""affordable""}",affordable,,,
cet4_endict_2016_expanded.json,50143a67069cd69c0ce1221a6f7bb554b992b3295322344907bf784afb5ff9c0,143,"{""lemma"": ""afraid""}",afraid,,,
cet4_endict_2016_expanded.json,50143a67069cd69c0ce1221a6f7bb554b992b3295322344907bf784afb5ff9c0,144,"{""lemma"": ""after""}",after,,,
cet4_endict_2016_expanded.json,50143a67069cd69c0ce1221a6f7bb554b992b3295322344907bf784afb5ff9c0,145,"{""lemma"": ""afternoon""}",afternoon,,,
cet4_endict_2016_expanded.json,50143a67069cd69c0ce1221a6f7bb554b992b3295322344907bf784afb5ff9c0,146,"{""lemma"": ""afterward""}",afterward,,,
cet4_endict_2016_expanded.json,50143a67069cd69c0ce1221a6f7bb554b992b3295322344907bf784afb5ff9c0,147,"{""lemma"": ""again""}",again,,,
cet4_endict_2016_expanded.json,50143a67069cd69c0ce1221a6f7bb554b992b3295322344907bf784afb5ff9c0,148,"{""lemma"": ""against""}",against,,,
cet4_endict_2016_expanded.json,50143a67069cd69c0ce1221a6f7bb554b992b3295322344907bf784afb5ff9c0,149,"{""lemma"": ""age""}",age,,,
cet4_endict_2016_expanded.json,50143a67069cd69c0ce1221a6f7bb554b992b3295322344907bf784afb5ff9c0,150,"{""lemma"": ""aged""}",aged,,,
cet4_endict_2016_expanded.json,50143a67069cd69c0ce1221a6f7bb554b992b3295322344907bf784afb5ff9c0,151,"{""lemma"": ""agency""}",agency,,,
cet4_endict_2016_expanded.json,50143a67069cd69c0ce1221a6f7bb554b992b3295322344907bf784afb5ff9c0,152,"{""lemma"": ""agenda""}",agenda,,,
cet4_endict_2016_expanded.json,50143a67069cd69c0ce1221a6f7bb554b992b3295322344907bf784afb5ff9c0,153,"{""lemma"": ""agent""}",agent,,,
cet4_endict_2016_expanded.json,50143a67069cd69c0ce1221a6f7bb554b992b3295322344907bf784afb5ff9c0,154,"{""lemma"": ""aggression""}",aggression,,,
cet4_endict_2016_expanded.json,50143a67069cd69c0ce1221a6f7bb554b992b3295322344907bf784afb5ff9c0,155,"{""lemma"": ""aggressive""}",aggressive,,,
cet4_endict_2016_expanded.json,50143a67069cd69c0ce1221a6f7bb554b992b3295322344907bf784afb5ff9c0,156,"{""lemma"": ""aging""}",aging,,,
cet4_endict_2016_expanded.json,50143a67069cd69c0ce1221a6f7bb554b992b3295322344907bf784afb5ff9c0,157,"{""lemma"": ""ago""}",ago,,,
cet4_endict_2016_expanded.json,50143a67069cd69c0ce1221a6f7bb554b992b3295322344907bf784afb5ff9c0,158,"{""lemma"": ""agree""}",agree,,,
cet4_endict_2016_expanded.json,50143a67069cd69c0ce1221a6f7bb554b992b3295322344907bf784afb5ff9c0,159,"{""lemma"": ""agreeable""}",agreeable,,,
cet4_endict_2016_expanded.json,50143a67069cd69c0ce1221a6f7bb554b992b3295322344907bf784afb5ff9c0,160,"{""lemma"": ""agreement""}",agreement,,,
cet4_endict_2016_expanded.json,50143a67069cd69c0ce1221a6f7bb554b992b3295322344907bf784afb5ff9c0,161,"{""lemma"": ""agricultural""}",agricultural,,,
cet4_endict_2016_expanded.json,50143a67069cd69c0ce1221a6f7bb554b992b3295322344907bf784afb5ff9c0,162,"{""lemma"": ""agriculture""}",agriculture,,,
cet4_endict_2016_expanded.json,50143a67069cd69c0ce1221a6f7bb554b992b3295322344907bf784afb5ff9c0,163,"{""lemma"": ""ahead""}",ahead,,,
cet4_endict_2016_expanded.json,50143a67069cd69c0ce1221a6f7bb554b992b3295322344907bf784afb5ff9c0,164,"{""lemma"": ""aid""}",aid,,,
cet4_endict_2016_expanded.json,50143a67069cd69c0ce1221a6f7bb554b992b3295322344907bf784afb5ff9c0,165,"{""lemma"": ""AIDS""}",AIDS,,,
cet4_endict_2016_expanded.json,50143a67069cd69c0ce1221a6f7bb554b992b3295322344907bf784afb5ff9c0,166,"{""lemma"": ""aim""}",aim,,,
cet4_endict_2016_expanded.json,50143a67069cd69c0ce1221a6f7bb554b992b3295322344907bf784afb5ff9c0,167,"{""lemma"": ""air""}",air,,,
cet4_endict_2016_expanded.json,50143a67069cd69c0ce1221a6f7bb554b992b3295322344907bf784afb5ff9c0,168,"{""lemma"": ""air conditioner""}",air conditioner,,,
cet4_endict_2016_expanded.json,50143a67069cd69c0ce1221a6f7bb554b992b3295322344907bf784afb5ff9c0,169,"{""lemma"": ""air conditioning""}",air conditioning,,,
cet4_endict_2016_expanded.json,50143a67069cd69c0ce1221a6f7bb554b992b3295322344907bf784afb5ff9c0,170,"{""lemma"": ""aircraft""}",aircraft,,,
cet4_endict_2016_expanded.json,50143a67069cd69c0ce1221a6f7bb554b992b3295322344907bf784afb5ff9c0,171,"{""lemma"": ""airline""}",airline,,,
cet4_endict_2016_expanded.json,50143a67069cd69c0ce1221a6f7bb554b992b3295322344907bf784afb5ff9c0,172,"{""lemma"": ""airplane""}",airplane,,,
cet4_endict_2016_expanded.json,50143a67069cd69c0ce1221a6f7bb554b992b3295322344907bf784afb5ff9c0,173,"{""lemma"": ""airport""}",airport,,,
cet4_endict_2016_expanded.json,50143a67069cd69c0ce1221a6f7bb554b992b3295322344907bf784afb5ff9c0,174,"{""lemma"": ""aisle""}",aisle,,,
cet4_endict_2016_expanded.json,50143a67069cd69c0ce1221a6f7bb554b992b3295322344907bf784afb5ff9c0,175,"{""lemma"": ""alarm""}",alarm,,,
cet4_endict_2016_expanded.json,50143a67069cd69c0ce1221a6f7bb554b992b3295322344907bf784afb5ff9c0,176,"{""lemma"": ""album""}",album,,,
cet4_endict_2016_expanded.json,50143a67069cd69c0ce1221a6f7bb554b992b3295322344907bf784afb5ff9c0,177,"{""lemma"": ""alcohol""}",alcohol,,,
cet4_endict_2016_expanded.json,50143a67069cd69c0ce1221a6f7bb554b992b3295322344907bf784afb5ff9c0,178,"{""lemma"": ""alcoholic""}",alcoholic,,,
cet4_endict_2016_expanded.json,50143a67069cd69c0ce1221a6f7bb554b992b3295322344907bf784afb5ff9c0,179,"{""lemma"": ""alert""}",alert,,,
cet4_endict_2016_expanded.json,50143a67069cd69c0ce1221a6f7bb554b992b3295322344907bf784afb5ff9c0,180,"{""lemma"": ""algebra""}",algebra,,,
cet4_endict_2016_expanded.json,50143a67069cd69c0ce1221a6f7bb554b992b3295322344907bf784afb5ff9c0,181,"{""lemma"": ""alike""}",alike,,,
cet4_endict_2016_expanded.json,50143a67069cd69c0ce1221a6f7bb554b992b3295322344907bf784afb5ff9c0,182,"{""lemma"": ""alive""}",alive,,,
cet4_endict_2016_expanded.json,50143a67069cd69c0ce1221a6f7bb554b992b3295322344907bf784afb5ff9c0,183,"{""lemma"": ""all""}",all,,,
cet4_endict_2016_expanded.json,50143a67069cd69c0ce1221a6f7bb554b992b3295322344907bf784afb5ff9c0,184,"{""lemma"": ""allegation""}",allegation,,,
cet4_endict_2016_expanded.json,50143a67069cd69c0ce1221a6f7bb554b992b3295322344907bf784afb5ff9c0,185,"{""lemma"": ""allege""}",allege,,,
cet4_endict_2016_expanded.json,50143a67069cd69c0ce1221a6f7bb554b992b3295322344907bf784afb5ff9c0,186,"{""lemma"": ""alleged""}",alleged,,,
cet4_endict_2016_expanded.json,50143a67069cd69c0ce1221a6f7bb554b992b3295322344907bf784afb5ff9c0,187,"{""lemma"": ""allegedly""}",allegedly,,,
cet4_endict_2016_expanded.json,50143a67069cd69c0ce1221a6f7bb554b992b3295322344907bf784afb5ff9c0,188,"{""lemma"": ""alley""}",alley,,,
cet4_endict_2016_expanded.json,50143a67069cd69c0ce1221a6f7bb554b992b3295322344907bf784afb5ff9c0,189,"{""lemma"": ""alliance""}",alliance,,,
cet4_endict_2016_expanded.json,50143a67069cd69c0ce1221a6f7bb554b992b3295322344907bf784afb5ff9c0,190,"{""lemma"": ""allow""}",allow,,,
cet4_endict_2016_expanded.json,50143a67069cd69c0ce1221a6f7bb554b992b3295322344907bf784afb5ff9c0,191,"{""lemma"": ""allowance""}",allowance,,,
cet4_endict_2016_expanded.json,50143a67069cd69c0ce1221a6f7bb554b992b3295322344907bf784afb5ff9c0,192,"{""lemma"": ""ally""}",ally,,,
cet4_endict_2016_expanded.json,50143a67069cd69c0ce1221a6f7bb554b992b3295322344907bf784afb5ff9c0,193,"{""lemma"": ""almost""}",almost,,,
cet4_endict_2016_expanded.json,50143a67069cd69c0ce1221a6f7bb554b992b3295322344907bf784afb5ff9c0,194,"{""lemma"": ""alone""}",alone,,,
cet4_endict_2016_expanded.json,50143a67069cd69c0ce1221a6f7bb554b992b3295322344907bf784afb5ff9c0,195,"{""lemma"": ""along""}",along,,,
cet4_endict_2016_expanded.json,50143a67069cd69c0ce1221a6f7bb554b992b3295322344907bf784afb5ff9c0,196,"{""lemma"": ""alongside""}",alongside,,,
cet4_endict_2016_expanded.json,50143a67069cd69c0ce1221a6f7bb554b992b3295322344907bf784afb5ff9c0,197,"{""lemma"": ""aloud""}",aloud,,,
cet4_endict_2016_expanded.json,50143a67069cd69c0ce1221a6f7bb554b992b3295322344907bf784afb5ff9c0,198,"{""lemma"": ""alphabet""}",alphabet,,,
cet4_endict_2016_expanded.json,50143a67069cd69c0ce1221a6f7bb554b992b3295322344907bf784afb5ff9c0,199,"{""lemma"": ""alphabetic""}",alphabetic,,,
cet4_endict_2016_expanded.json,50143a67069cd69c0ce1221a6f7bb554b992b3295322344907bf784afb5ff9c0,200,"{""lemma"": ""already""}",already,,,
cet4_endict_2016_expanded.json,50143a67069cd69c0ce1221a6f7bb554b992b3295322344907bf784afb5ff9c0,201,"{""lemma"": ""also""}",also,,,
cet4_endict_2016_expanded.json,50143a67069cd69c0ce1221a6f7bb554b992b3295322344907bf784afb5ff9c0,202,"{""lemma"": ""alter""}",alter,,,
cet4_endict_2016_expanded.json,50143a67069cd69c0ce1221a6f7bb554b992b3295322344907bf784afb5ff9c0,203,"{""lemma"": ""alteration""}",alteration,,,
cet4_endict_2016_expanded.json,50143a67069cd69c0ce1221a6f7bb554b992b3295322344907bf784afb5ff9c0,204,"{""lemma"": ""alternative""}",alternative,,,
cet4_endict_2016_expanded.json,50143a67069cd69c0ce1221a6f7bb554b992b3295322344907bf784afb5ff9c0,205,"{""lemma"": ""although""}",although,,,
cet4_endict_2016_expanded.json,50143a67069cd69c0ce1221a6f7bb554b992b3295322344907bf784afb5ff9c0,206,"{""lemma"": ""altitude""}",altitude,,,
cet4_endict_2016_expanded.json,50143a67069cd69c0ce1221a6f7bb554b992b3295322344907bf784afb5ff9c0,207,"{""lemma"": ""altogether""}",altogether,,,
cet4_endict_2016_expanded.json,50143a67069cd69c0ce1221a6f7bb554b992b3295322344907bf784afb5ff9c0,208,"{""lemma"": ""aluminum""}",aluminum,,,
cet4_endict_2016_expanded.json,50143a67069cd69c0ce1221a6f7bb554b992b3295322344907bf784afb5ff9c0,209,"{""lemma"": ""always""}",always,,,
cet4_endict_2016_expanded.json,50143a67069cd69c0ce1221a6f7bb554b992b3295322344907bf784afb5ff9c0,210,"{""lemma"": ""am""}",am,,,
cet4_endict_2016_expanded.json,50143a67069cd69c0ce1221a6f7bb554b992b3295322344907bf784afb5ff9c0,211,"{""lemma"": ""amateur""}",amateur,,,
cet4_endict_2016_expanded.json,50143a67069cd69c0ce1221a6f7bb554b992b3295322344907bf784afb5ff9c0,212,"{""lemma"": ""amaze""}",amaze,,,
cet4_endict_2016_expanded.json,50143a67069cd69c0ce1221a6f7bb554b992b3295322344907bf784afb5ff9c0,213,"{""lemma"": ""amazement""}",amazement,,,
cet4_endict_2016_expanded.json,50143a67069cd69c0ce1221a6f7bb554b992b3295322344907bf784afb5ff9c0,214,"{""lemma"": ""amazing""}",amazing,,,
cet4_endict_2016_expanded.json,50143a67069cd69c0ce1221a6f7bb554b992b3295322344907bf784afb5ff9c0,215,"{""lemma"": ""ambassador""}",ambassador,,,
cet4_endict_2016_expanded.json,50143a67069cd69c0ce1221a6f7bb554b992b3295322344907bf784afb5ff9c0,216,"{""lemma"": ""ambition""}",ambition,,,
cet4_endict_2016_expanded.json,50143a67069cd69c0ce1221a6f7bb554b992b3295322344907bf784afb5ff9c0,217,"{""lemma"": ""ambitious""}",ambitious,,,
cet4_endict_2016_expanded.json,50143a67069cd69c0ce1221a6f7bb554b992b3295322344907bf784afb5ff9c0,218,"{""lemma"": ""ambulance""}",ambulance,,,
cet4_endict_2016_expanded.json,50143a67069cd69c0ce1221a6f7bb554b992b3295322344907bf784afb5ff9c0,219,"{""lemma"": ""amid""}",amid,,,
cet4_endict_2016_expanded.json,50143a67069cd69c0ce1221a6f7bb554b992b3295322344907bf784afb5ff9c0,220,"{""lemma"": ""amidst""}",amidst,,,
cet4_endict_2016_expanded.json,50143a67069cd69c0ce1221a6f7bb554b992b3295322344907bf784afb5ff9c0,221,"{""lemma"": ""among""}",among,,,
cet4_endict_2016_expanded.json,50143a67069cd69c0ce1221a6f7bb554b992b3295322344907bf784afb5ff9c0,222,"{""lemma"": ""amongst""}",amongst,,,
cet4_endict_2016_expanded.json,50143a67069cd69c0ce1221a6f7bb554b992b3295322344907bf784afb5ff9c0,223,"{""lemma"": ""amount""}",amount,,,
cet4_endict_2016_expanded.json,50143a67069cd69c0ce1221a6f7bb554b992b3295322344907bf784afb5ff9c0,224,"{""lemma"": ""ample""}",ample,,,
cet4_endict_2016_expanded.json,50143a67069cd69c0ce1221a6f7bb554b992b3295322344907bf784afb5ff9c0,225,"{""lemma"": ""amuse""}",amuse,,,
cet4_endict_2016_expanded.json,50143a67069cd69c0ce1221a6f7bb554b992b3295322344907bf784afb5ff9c0,226,"{""lemma"": ""amusement""}",amusement,,,
cet4_endict_2016_expanded.json,50143a67069cd69c0ce1221a6f7bb554b992b3295322344907bf784afb5ff9c0,227,"{""lemma"": ""amusing""}",amusing,,,
cet4_endict_2016_expanded.json,50143a67069cd69c0ce1221a6f7bb554b992b3295322344907bf784afb5ff9c0,228,"{""lemma"": ""an""}",an,,,
cet4_endict_2016_expanded.json,50143a67069cd69c0ce1221a6f7bb554b992b3295322344907bf784afb5ff9c0,229,"{""lemma"": ""analysis""}",analysis,,,
cet4_endict_2016_expanded.json,50143a67069cd69c0ce1221a6f7bb554b992b3295322344907bf784afb5ff9c0,230,"{""lemma"": ""analyst""}",analyst,,,
cet4_endict_2016_expanded.json,50143a67069cd69c0ce1221a6f7bb554b992b3295322344907bf784afb5ff9c0,231,"{""lemma"": ""analytic""}",analytic,,,
cet4_endict_2016_expanded.json,50143a67069cd69c0ce1221a6f7bb554b992b3295322344907bf784afb5ff9c0,232,"{""lemma"": ""analyze""}",analyze,,,
cet4_endict_2016_expanded.json,50143a67069cd69c0ce1221a6f7bb554b992b3295322344907bf784afb5ff9c0,233,"{""lemma"": ""ancestor""}",ancestor,,,
cet4_endict_2016_expanded.json,50143a67069cd69c0ce1221a6f7bb554b992b3295322344907bf784afb5ff9c0,234,"{""lemma"": ""ancestry""}",ancestry,,,
cet4_endict_2016_expanded.json,50143a67069cd69c0ce1221a6f7bb554b992b3295322344907bf784afb5ff9c0,235,"{""lemma"": ""anchor""}",anchor,,,
cet4_endict_2016_expanded.json,50143a67069cd69c0ce1221a6f7bb554b992b3295322344907bf784afb5ff9c0,236,"{""lemma"": ""anchorage""}",anchorage,,,
cet4_endict_2016_expanded.json,50143a67069cd69c0ce1221a6f7bb554b992b3295322344907bf784afb5ff9c0,237,"{""lemma"": ""ancient""}",ancient,,,
cet4_endict_2016_expanded.json,50143a67069cd69c0ce1221a6f7bb554b992b3295322344907bf784afb5ff9c0,238,"{""lemma"": ""and""}",and,,,
cet4_endict_2016_expanded.json,50143a67069cd69c0ce1221a6f7bb554b992b3295322344907bf784afb5ff9c0,239,"{""lemma"": ""anew""}",anew,,,
cet4_endict_2016_expanded.json,50143a67069cd69c0ce1221a6f7bb554b992b3295322344907bf784afb5ff9c0,240,"{""lemma"": ""angel""}",angel,,,
cet4_endict_2016_expanded.json,50143a67069cd69c0ce1221a6f7bb554b992b3295322344907bf784afb5ff9c0,241,"{""lemma"": ""anger""}",anger,,,
cet4_endict_2016_expanded.json,50143a67069cd69c0ce1221a6f7bb554b992b3295322344907bf784afb5ff9c0,242,"{""lemma"": ""angle""}",angle,,,
cet4_endict_2016_expanded.json,50143a67069cd69c0ce1221a6f7bb554b992b3295322344907bf784afb5ff9c0,243,"{""lemma"": ""angry""}",angry,,,
cet4_endict_2016_expanded.json,50143a67069cd69c0ce1221a6f7bb554b992b3295322344907bf784afb5ff9c0,244,"{""lemma"": ""animal""}",animal,,,
cet4_endict_2016_expanded.json,50143a67069cd69c0ce1221a6f7bb554b992b3295322344907bf784afb5ff9c0,245,"{""lemma"": ""ankle""}",ankle,,,
cet4_endict_2016_expanded.json,50143a67069cd69c0ce1221a6f7bb554b992b3295322344907bf784afb5ff9c0,246,"{""lemma"": ""anniversary""}",anniversary,,,
cet4_endict_2016_expanded.json,50143a67069cd69c0ce1221a6f7bb554b992b3295322344907bf784afb5ff9c0,247,"{""lemma"": ""announce""}",announce,,,
cet4_endict_2016_expanded.json,50143a67069cd69c0ce1221a6f7bb554b992b3295322344907bf784afb5ff9c0,248,"{""lemma"": ""announcement""}",announcement,,,
cet4_endict_2016_expanded.json,50143a67069cd69c0ce1221a6f7bb554b992b3295322344907bf784afb5ff9c0,249,"{""lemma"": ""annoy""}",annoy,,,
cet4_endict_2016_expanded.json,50143a67069cd69c0ce1221a6f7bb554b992b3295322344907bf784afb5ff9c0,250,"{""lemma"": ""annoyance""}",annoyance,,,
cet4_endict_2016_expanded.json,50143a67069cd69c0ce1221a6f7bb554b992b3295322344907bf784afb5ff9c0,251,"{""lemma"": ""annual""}",annual,,,
cet4_endict_2016_expanded.json,50143a67069cd69c0ce1221a6f7bb554b992b3295322344907bf784afb5ff9c0,252,"{""lemma"": ""another""}",another,,,
cet4_endict_2016_expanded.json,50143a67069cd69c0ce1221a6f7bb554b992b3295322344907bf784afb5ff9c0,253,"{""lemma"": ""answer""}",answer,,,
cet4_endict_2016_expanded.json,50143a67069cd69c0ce1221a6f7bb554b992b3295322344907bf784afb5ff9c0,254,"{""lemma"": ""ant""}",ant,,,
cet4_endict_2016_expanded.json,50143a67069cd69c0ce1221a6f7bb554b992b3295322344907bf784afb5ff9c0,255,"{""lemma"": ""anticipate""}",anticipate,,,
cet4_endict_2016_expanded.json,50143a67069cd69c0ce1221a6f7bb554b992b3295322344907bf784afb5ff9c0,256,"{""lemma"": ""anticipation""}",anticipation,,,
cet4_endict_2016_expanded.json,50143a67069cd69c0ce1221a6f7bb554b992b3295322344907bf784afb5ff9c0,257,"{""lemma"": ""antique""}",antique,,,
cet4_endict_2016_expanded.json,50143a67069cd69c0ce1221a6f7bb554b992b3295322344907bf784afb5ff9c0,258,"{""lemma"": ""anxiety""}",anxiety,,,
cet4_endict_2016_expanded.json,50143a67069cd69c0ce1221a6f7bb554b992b3295322344907bf784afb5ff9c0,259,"{""lemma"": ""anxious""}",anxious,,,
cet4_endict_2016_expanded.json,50143a67069cd69c0ce1221a6f7bb554b992b3295322344907bf784afb5ff9c0,260,"{""lemma"": ""any""}",any,,,
cet4_endict_2016_expanded.json,50143a67069cd69c0ce1221a6f7bb554b992b3295322344907bf784afb5ff9c0,261,"{""lemma"": ""anybody""}",anybody,,,
cet4_endict_2016_expanded.json,50143a67069cd69c0ce1221a6f7bb554b992b3295322344907bf784afb5ff9c0,262,"{""lemma"": ""anyhow""}",anyhow,,,
cet4_endict_2016_expanded.json,50143a67069cd69c0ce1221a6f7bb554b992b3295322344907bf784afb5ff9c0,263,"{""lemma"": ""anyone""}",anyone,,,
cet4_endict_2016_expanded.json,50143a67069cd69c0ce1221a6f7bb554b992b3295322344907bf784afb5ff9c0,264,"{""lemma"": ""anything""}",anything,,,
cet4_endict_2016_expanded.json,50143a67069cd69c0ce1221a6f7bb554b992b3295322344907bf784afb5ff9c0,265,"{""lemma"": ""anyway""}",anyway,,,
cet4_endict_2016_expanded.json,50143a67069cd69c0ce1221a6f7bb554b992b3295322344907bf784afb5ff9c0,266,"{""lemma"": ""anywhere""}",anywhere,,,
cet4_endict_2016_expanded.json,50143a67069cd69c0ce1221a6f7bb554b992b3295322344907bf784afb5ff9c0,267,"{""lemma"": ""apart""}",apart,,,
cet4_endict_2016_expanded.json,50143a67069cd69c0ce1221a6f7bb554b992b3295322344907bf784afb5ff9c0,268,"{""lemma"": ""apartment""}",apartment,,,
cet4_endict_2016_expanded.json,50143a67069cd69c0ce1221a6f7bb554b992b3295322344907bf784afb5ff9c0,269,"{""lemma"": ""apologetic""}",apologetic,,,
cet4_endict_2016_expanded.json,50143a67069cd69c0ce1221a6f7bb554b992b3295322344907bf784afb5ff9c0,270,"{""lemma"": ""apologise""}",apologise,,,
cet4_endict_2016_expanded.json,50143a67069cd69c0ce1221a6f7bb554b992b3295322344907bf784afb5ff9c0,271,"{""lemma"": ""apologize""}",apologize,,,
cet4_endict_2016_expanded.json,50143a67069cd69c0ce1221a6f7bb554b992b3295322344907bf784afb5ff9c0,272,"{""lemma"": ""apology""}",apology,,,
cet4_endict_2016_expanded.json,50143a67069cd69c0ce1221a6f7bb554b992b3295322344907bf784afb5ff9c0,273,"{""lemma"": ""app""}",app,,,
cet4_endict_2016_expanded.json,50143a67069cd69c0ce1221a6f7bb554b992b3295322344907bf784afb5ff9c0,274,"{""lemma"": ""apparatus""}",apparatus,,,
cet4_endict_2016_expanded.json,50143a67069cd69c0ce1221a6f7bb554b992b3295322344907bf784afb5ff9c0,275,"{""lemma"": ""apparent""}",apparent,,,
cet4_endict_2016_expanded.json,50143a67069cd69c0ce1221a6f7bb554b992b3295322344907bf784afb5ff9c0,276,"{""lemma"": ""apparently""}",apparently,,,
cet4_endict_2016_expanded.json,50143a67069cd69c0ce1221a6f7bb554b992b3295322344907bf784afb5ff9c0,277,"{""lemma"": ""appeal""}",appeal,,,
cet4_endict_2016_expanded.json,50143a67069cd69c0ce1221a6f7bb554b992b3295322344907bf784afb5ff9c0,278,"{""lemma"": ""appealing""}",appealing,,,
cet4_endict_2016_expanded.json,50143a67069cd69c0ce1221a6f7bb554b992b3295322344907bf784afb5ff9c0,279,"{""lemma"": ""appear""}",appear,,,
cet4_endict_2016_expanded.json,50143a67069cd69c0ce1221a6f7bb554b992b3295322344907bf784afb5ff9c0,280,"{""lemma"": ""appearance""}",appearance,,,
cet4_endict_2016_expanded.json,50143a67069cd69c0ce1221a6f7bb554b992b3295322344907bf784afb5ff9c0,281,"{""lemma"": ""appetite""}",appetite,,,
cet4_endict_2016_expanded.json,50143a67069cd69c0ce1221a6f7bb554b992b3295322344907bf784afb5ff9c0,282,"{""lemma"": ""applaud""}",applaud,,,
cet4_endict_2016_expanded.json,50143a67069cd69c0ce1221a6f7bb554b992b3295322344907bf784afb5ff9c0,283,"{""lemma"": ""applause""}",applause,,,
cet4_endict_2016_expanded.json,50143a67069cd69c0ce1221a6f7bb554b992b3295322344907bf784afb5ff9c0,284,"{""lemma"": ""apple""}",apple,,,
cet4_endict_2016_expanded.json,50143a67069cd69c0ce1221a6f7bb554b992b3295322344907bf784afb5ff9c0,285,"{""lemma"": ""appliance""}",appliance,,,
cet4_endict_2016_expanded.json,50143a67069cd69c0ce1221a6f7bb554b992b3295322344907bf784afb5ff9c0,286,"{""lemma"": ""applicable""}",applicable,,,
cet4_endict_2016_expanded.json,50143a67069cd69c0ce1221a6f7bb554b992b3295322344907bf784afb5ff9c0,287,"{""lemma"": ""applicant""}",applicant,,,
cet4_endict_2016_expanded.json,50143a67069cd69c0ce1221a6f7bb554b992b3295322344907bf784afb5ff9c0,288,"{""lemma"": ""application""}",application,,,
cet4_endict_2016_expanded.json,50143a67069cd69c0ce1221a6f7bb554b992b3295322344907bf784afb5ff9c0,289,"{""lemma"": ""apply""}",apply,,,
cet4_endict_2016_expanded.json,50143a67069cd69c0ce1221a6f7bb554b992b3295322344907bf784afb5ff9c0,290,"{""lemma"": ""appoint""}",appoint,,,
cet4_endict_2016_expanded.json,50143a67069cd69c0ce1221a6f7bb554b992b3295322344907bf784afb5ff9c0,291,"{""lemma"": ""appointment""}",appointment,,,
cet4_endict_2016_expanded.json,50143a67069cd69c0ce1221a6f7bb554b992b3295322344907bf784afb5ff9c0,292,"{""lemma"": ""appreciate""}",appreciate,,,
cet4_endict_2016_expanded.json,50143a67069cd69c0ce1221a6f7bb554b992b3295322344907bf784afb5ff9c0,293,"{""lemma"": ""appreciation""}",appreciation,,,
cet4_endict_2016_expanded.json,50143a67069cd69c0ce1221a6f7bb554b992b3295322344907bf784afb5ff9c0,294,"{""lemma"": ""appreciative""}",appreciative,,,
cet4_endict_2016_expanded.json,50143a67069cd69c0ce1221a6f7bb554b992b3295322344907bf784afb5ff9c0,295,"{""lemma"": ""approach""}",approach,,,
cet4_endict_2016_expanded.json,50143a67069cd69c0ce1221a6f7bb554b992b3295322344907bf784afb5ff9c0,296,"{""lemma"": ""appropriate""}",appropriate,,,
cet4_endict_2016_expanded.json,50143a67069cd69c0ce1221a6f7bb554b992b3295322344907bf784afb5ff9c0,297,"{""lemma"": ""approval""}",approval,,,
cet4_endict_2016_expanded.json,50143a67069cd69c0ce1221a6f7bb554b992b3295322344907bf784afb5ff9c0,298,"{""lemma"": ""approve""}",approve,,,
cet4_endict_2016_expanded.json,50143a67069cd69c0ce1221a6f7bb554b992b3295322344907bf784afb5ff9c0,299,"{""lemma"": ""approximate""}",approximate,,,
cet4_endict_2016_expanded.json,50143a67069cd69c0ce1221a6f7bb554b992b3295322344907bf784afb5ff9c0,300,"{""lemma"": ""approximately""}",approximately,,,
cet4_endict_2016_expanded.json,50143a67069cd69c0ce1221a6f7bb554b992b3295322344907bf784afb5ff9c0,301,"{""lemma"": ""approximation""}",approximation,,,
cet4_endict_2016_expanded.json,50143a67069cd69c0ce1221a6f7bb554b992b3295322344907bf784afb5ff9c0,302,"{""lemma"": ""April""}",April,,,
cet4_endict_2016_expanded.json,50143a67069cd69c0ce1221a6f7bb554b992b3295322344907bf784afb5ff9c0,303,"{""lemma"": ""aptitude""}",aptitude,,,
cet4_endict_2016_expanded.json,50143a67069cd69c0ce1221a6f7bb554b992b3295322344907bf784afb5ff9c0,304,"{""lemma"": ""arbitrary""}",arbitrary,,,
cet4_endict_2016_expanded.json,50143a67069cd69c0ce1221a6f7bb554b992b3295322344907bf784afb5ff9c0,305,"{""lemma"": ""architect""}",architect,,,
cet4_endict_2016_expanded.json,50143a67069cd69c0ce1221a6f7bb554b992b3295322344907bf784afb5ff9c0,306,"{""lemma"": ""architecture""}",architecture,,,
cet4_endict_2016_expanded.json,50143a67069cd69c0ce1221a6f7bb554b992b3295322344907bf784afb5ff9c0,307,"{""lemma"": ""area""}",area,,,
cet4_endict_2016_expanded.json,50143a67069cd69c0ce1221a6f7bb554b992b3295322344907bf784afb5ff9c0,308,"{""lemma"": ""arguable""}",arguable,,,
cet4_endict_2016_expanded.json,50143a67069cd69c0ce1221a6f7bb554b992b3295322344907bf784afb5ff9c0,309,"{""lemma"": ""argue""}",argue,,,
cet4_endict_2016_expanded.json,50143a67069cd69c0ce1221a6f7bb554b992b3295322344907bf784afb5ff9c0,310,"{""lemma"": ""argument""}",argument,,,
cet4_endict_2016_expanded.json,50143a67069cd69c0ce1221a6f7bb554b992b3295322344907bf784afb5ff9c0,311,"{""lemma"": ""argumentation""}",argumentation,,,
cet4_endict_2016_expanded.json,50143a67069cd69c0ce1221a6f7bb554b992b3295322344907bf784afb5ff9c0,312,"{""lemma"": ""argumentative""}",argumentative,,,
cet4_endict_2016_expanded.json,50143a67069cd69c0ce1221a6f7bb554b992b3295322344907bf784afb5ff9c0,313,"{""lemma"": ""arise""}",arise,,,
cet4_endict_2016_expanded.json,50143a67069cd69c0ce1221a6f7bb554b992b3295322344907bf784afb5ff9c0,314,"{""lemma"": ""arithmetic""}",arithmetic,,,
cet4_endict_2016_expanded.json,50143a67069cd69c0ce1221a6f7bb554b992b3295322344907bf784afb5ff9c0,315,"{""lemma"": ""arm""}",arm,,,
cet4_endict_2016_expanded.json,50143a67069cd69c0ce1221a6f7bb554b992b3295322344907bf784afb5ff9c0,316,"{""lemma"": ""armament""}",armament,,,
cet4_endict_2016_expanded.json,50143a67069cd69c0ce1221a6f7bb554b992b3295322344907bf784afb5ff9c0,317,"{""lemma"": ""army""}",army,,,
cet4_endict_2016_expanded.json,50143a67069cd69c0ce1221a6f7bb554b992b3295322344907bf784afb5ff9c0,318,"{""lemma"": ""around""}",around,,,
cet4_endict_2016_expanded.json,50143a67069cd69c0ce1221a6f7bb554b992b3295322344907bf784afb5ff9c0,319,"{""lemma"": ""arousal""}",arousal,,,
cet4_endict_2016_expanded.json,50143a67069cd69c0ce1221a6f7bb554b992b3295322344907bf784afb5ff9c0,320,"{""lemma"": ""arouse""}",arouse,,,
cet4_endict_2016_expanded.json,50143a67069cd69c0ce1221a6f7bb554b992b3295322344907bf784afb5ff9c0,321,"{""lemma"": ""arrange""}",arrange,,,
cet4_endict_2016_expanded.json,50143a67069cd69c0ce1221a6f7bb554b992b3295322344907bf784afb5ff9c0,322,"{""lemma"": ""arrangement""}",arrangement,,,
cet4_endict_2016_expanded.json,50143a67069cd69c0ce1221a6f7bb554b992b3295322344907bf784afb5ff9c0,323,"{""lemma"": ""arrest""}",arrest,,,
cet4_endict_2016_expanded.json,50143a67069cd69c0ce1221a6f7bb554b992b3295322344907bf784afb5ff9c0,324,"{""lemma"": ""arrival""}",arrival,,,
cet4_endict_2016_expanded.json,50143a67069cd69c0ce1221a6f7bb554b992b3295322344907bf784afb5ff9c0,325,"{""lemma"": ""arrive""}",arrive,,,
cet4_endict_2016_expanded.json,50143a67069cd69c0ce1221a6f7bb554b992b3295322344907bf784afb5ff9c0,326,"{""lemma"": ""arrow""}",arrow,,,
cet4_endict_2016_expanded.json,50143a67069cd69c0ce1221a6f7bb554b992b3295322344907bf784afb5ff9c0,327,"{""lemma"": ""art""}",art,,,
cet4_endict_2016_expanded.json,50143a67069cd69c0ce1221a6f7bb554b992b3295322344907bf784afb5ff9c0,328,"{""lemma"": ""article""}",article,,,
cet4_endict_2016_expanded.json,50143a67069cd69c0ce1221a6f7bb554b992b3295322344907bf784afb5ff9c0,329,"{""lemma"": ""artificial""}",artificial,,,
cet4_endict_2016_expanded.json,50143a67069cd69c0ce1221a6f7bb554b992b3295322344907bf784afb5ff9c0,330,"{""lemma"": ""artist""}",artist,,,
cet4_endict_2016_expanded.json,50143a67069cd69c0ce1221a6f7bb554b992b3295322344907bf784afb5ff9c0,331,"{""lemma"": ""artistic""}",artistic,,,
cet4_endict_2016_expanded.json,50143a67069cd69c0ce1221a6f7bb554b992b3295322344907bf784afb5ff9c0,332,"{""lemma"": ""as""}",as,,,
cet4_endict_2016_expanded.json,50143a67069cd69c0ce1221a6f7bb554b992b3295322344907bf784afb5ff9c0,333,"{""lemma"": ""ash""}",ash,,,
cet4_endict_2016_expanded.json,50143a67069cd69c0ce1221a6f7bb554b992b3295322344907bf784afb5ff9c0,334,"{""lemma"": ""ashamed""}",ashamed,,,
cet4_endict_2016_expanded.json,50143a67069cd69c0ce1221a6f7bb554b992b3295322344907bf784afb5ff9c0,335,"{""lemma"": ""ashore""}",ashore,,,
cet4_endict_2016_expanded.json,50143a67069cd69c0ce1221a6f7bb554b992b3295322344907bf784afb5ff9c0,336,"{""lemma"": ""aside""}",aside,,,
cet4_endict_2016_expanded.json,50143a67069cd69c0ce1221a6f7bb554b992b3295322344907bf784afb5ff9c0,337,"{""lemma"": ""ask""}",ask,,,
cet4_endict_2016_expanded.json,50143a67069cd69c0ce1221a6f7bb554b992b3295322344907bf784afb5ff9c0,338,"{""lemma"": ""asleep""}",asleep,,,
cet4_endict_2016_expanded.json,50143a67069cd69c0ce1221a6f7bb554b992b3295322344907bf784afb5ff9c0,339,"{""lemma"": ""aspect""}",aspect,,,
cet4_endict_2016_expanded.json,50143a67069cd69c0ce1221a6f7bb554b992b3295322344907bf784afb5ff9c0,340,"{""lemma"": ""ass""}",ass,,,
cet4_endict_2016_expanded.json,50143a67069cd69c0ce1221a6f7bb554b992b3295322344907bf784afb5ff9c0,341,"{""lemma"": ""assemble""}",assemble,,,
cet4_endict_2016_expanded.json,50143a67069cd69c0ce1221a6f7bb554b992b3295322344907bf784afb5ff9c0,342,"{""lemma"": ""assembly""}",assembly,,,
cet4_endict_2016_expanded.json,50143a67069cd69c0ce1221a6f7bb554b992b3295322344907bf784afb5ff9c0,343,"{""lemma"": ""assess""}",assess,,,
cet4_endict_2016_expanded.json,50143a67069cd69c0ce1221a6f7bb554b992b3295322344907bf784afb5ff9c0,344,"{""lemma"": ""assessment""}",assessment,,,
cet4_endict_2016_expanded.json,50143a67069cd69c0ce1221a6f7bb554b992b3295322344907bf784afb5ff9c0,345,"{""lemma"": ""asset""}",asset,,,
cet4_endict_2016_expanded.json,50143a67069cd69c0ce1221a6f7bb554b992b3295322344907bf784afb5ff9c0,346,"{""lemma"": ""assign""}",assign,,,
cet4_endict_2016_expanded.json,50143a67069cd69c0ce1221a6f7bb554b992b3295322344907bf784afb5ff9c0,347,"{""lemma"": ""assignment""}",assignment,,,
cet4_endict_2016_expanded.json,50143a67069cd69c0ce1221a6f7bb554b992b3295322344907bf784afb5ff9c0,348,"{""lemma"": ""assist""}",assist,,,
cet4_endict_2016_expanded.json,50143a67069cd69c0ce1221a6f7bb554b992b3295322344907bf784afb5ff9c0,349,"{""lemma"": ""assistance""}",assistance,,,
cet4_endict_2016_expanded.json,50143a67069cd69c0ce1221a6f7bb554b992b3295322344907bf784afb5ff9c0,350,"{""lemma"": ""assistant""}",assistant,,,
cet4_endict_2016_expanded.json,50143a67069cd69c0ce1221a6f7bb554b992b3295322344907bf784afb5ff9c0,351,"{""lemma"": ""associate""}",associate,,,
cet4_endict_2016_expanded.json,50143a67069cd69c0ce1221a6f7bb554b992b3295322344907bf784afb5ff9c0,352,"{""lemma"": ""association""}",association,,,
cet4_endict_2016_expanded.json,50143a67069cd69c0ce1221a6f7bb554b992b3295322344907bf784afb5ff9c0,353,"{""lemma"": ""assume""}",assume,,,
cet4_endict_2016_expanded.json,50143a67069cd69c0ce1221a6f7bb554b992b3295322344907bf784afb5ff9c0,354,"{""lemma"": ""assumption""}",assumption,,,
cet4_endict_2016_expanded.json,50143a67069cd69c0ce1221a6f7bb554b992b3295322344907bf784afb5ff9c0,355,"{""lemma"": ""assurance""}",assurance,,,
cet4_endict_2016_expanded.json,50143a67069cd69c0ce1221a6f7bb554b992b3295322344907bf784afb5ff9c0,356,"{""lemma"": ""assure""}",assure,,,
cet4_endict_2016_expanded.json,50143a67069cd69c0ce1221a6f7bb554b992b3295322344907bf784afb5ff9c0,357,"{""lemma"": ""astonish""}",astonish,,,
cet4_endict_2016_expanded.json,50143a67069cd69c0ce1221a6f7bb554b992b3295322344907bf784afb5ff9c0,358,"{""lemma"": ""astonishment""}",astonishment,,,
cet4_endict_2016_expanded.json,50143a67069cd69c0ce1221a6f7bb554b992b3295322344907bf784afb5ff9c0,359,"{""lemma"": ""astronaut""}",astronaut,,,
cet4_endict_2016_expanded.json,50143a67069cd69c0ce1221a6f7bb554b992b3295322344907bf784afb5ff9c0,360,"{""lemma"": ""astronomer""}",astronomer,,,
cet4_endict_2016_expanded.json,50143a67069cd69c0ce1221a6f7bb554b992b3295322344907bf784afb5ff9c0,361,"{""lemma"": ""astronomical""}",astronomical,,,
cet4_endict_2016_expanded.json,50143a67069cd69c0ce1221a6f7bb554b992b3295322344907bf784afb5ff9c0,362,"{""lemma"": ""astronomy""}",astronomy,,,
cet4_endict_2016_expanded.json,50143a67069cd69c0ce1221a6f7bb554b992b3295322344907bf784afb5ff9c0,363,"{""lemma"": ""at""}",at,,,
cet4_endict_2016_expanded.json,50143a67069cd69c0ce1221a6f7bb554b992b3295322344907bf784afb5ff9c0,364,"{""lemma"": ""athlete""}",athlete,,,
cet4_endict_2016_expanded.json,50143a67069cd69c0ce1221a6f7bb554b992b3295322344907bf784afb5ff9c0,365,"{""lemma"": ""athletic""}",athletic,,,
cet4_endict_2016_expanded.json,50143a67069cd69c0ce1221a6f7bb554b992b3295322344907bf784afb5ff9c0,366,"{""lemma"": ""atmosphere""}",atmosphere,,,
cet4_endict_2016_expanded.json,50143a67069cd69c0ce1221a6f7bb554b992b3295322344907bf784afb5ff9c0,367,"{""lemma"": ""atmospheric""}",atmospheric,,,
cet4_endict_2016_expanded.json,50143a67069cd69c0ce1221a6f7bb554b992b3295322344907bf784afb5ff9c0,368,"{""lemma"": ""atom""}",atom,,,
cet4_endict_2016_expanded.json,50143a67069cd69c0ce1221a6f7bb554b992b3295322344907bf784afb5ff9c0,369,"{""lemma"": ""atomic""}",atomic,,,
cet4_endict_2016_expanded.json,50143a67069cd69c0ce1221a6f7bb554b992b3295322344907bf784afb5ff9c0,370,"{""lemma"": ""atop""}",atop,,,
cet4_endict_2016_expanded.json,50143a67069cd69c0ce1221a6f7bb554b992b3295322344907bf784afb5ff9c0,371,"{""lemma"": ""attach""}",attach,,,
cet4_endict_2016_expanded.json,50143a67069cd69c0ce1221a6f7bb554b992b3295322344907bf784afb5ff9c0,372,"{""lemma"": ""attachment""}",attachment,,,
cet4_endict_2016_expanded.json,50143a67069cd69c0ce1221a6f7bb554b992b3295322344907bf784afb5ff9c0,373,"{""lemma"": ""attack""}",attack,,,
cet4_endict_2016_expanded.json,50143a67069cd69c0ce1221a6f7bb554b992b3295322344907bf784afb5ff9c0,374,"{""lemma"": ""attain""}",attain,,,
cet4_endict_2016_expanded.json,50143a67069cd69c0ce1221a6f7bb554b992b3295322344907bf784afb5ff9c0,375,"{""lemma"": ""attainment""}",attainment,,,
cet4_endict_2016_expanded.json,50143a67069cd69c0ce1221a6f7bb554b992b3295322344907bf784afb5ff9c0,376,"{""lemma"": ""attempt""}",attempt,,,
cet4_endict_2016_expanded.json,50143a67069cd69c0ce1221a6f7bb554b992b3295322344907bf784afb5ff9c0,377,"{""lemma"": ""attend""}",attend,,,
cet4_endict_2016_expanded.json,50143a67069cd69c0ce1221a6f7bb554b992b3295322344907bf784afb5ff9c0,378,"{""lemma"": ""attendance""}",attendance,,,
cet4_endict_2016_expanded.json,50143a67069cd69c0ce1221a6f7bb554b992b3295322344907bf784afb5ff9c0,379,"{""lemma"": ""attendant""}",attendant,,,
cet4_endict_2016_expanded.json,50143a67069cd69c0ce1221a6f7bb554b992b3295322344907bf784afb5ff9c0,380,"{""lemma"": ""attention""}",attention,,,
cet4_endict_2016_expanded.json,50143a67069cd69c0ce1221a6f7bb554b992b3295322344907bf784afb5ff9c0,381,"{""lemma"": ""attentive""}",attentive,,,
cet4_endict_2016_expanded.json,50143a67069cd69c0ce1221a6f7bb554b992b3295322344907bf784afb5ff9c0,382,"{""lemma"": ""attic""}",attic,,,
cet4_endict_2016_expanded.json,50143a67069cd69c0ce1221a6f7bb554b992b3295322344907bf784afb5ff9c0,383,"{""lemma"": ""attitude""}",attitude,,,
cet4_endict_2016_expanded.json,50143a67069cd69c0ce1221a6f7bb554b992b3295322344907bf784afb5ff9c0,384,"{""lemma"": ""attorney""}",attorney,,,
cet4_endict_2016_expanded.json,50143a67069cd69c0ce1221a6f7bb554b992b3295322344907bf784afb5ff9c0,385,"{""lemma"": ""attract""}",attract,,,
cet4_endict_2016_expanded.json,50143a67069cd69c0ce1221a6f7bb554b992b3295322344907bf784afb5ff9c0,386,"{""lemma"": ""attraction""}",attraction,,,
cet4_endict_2016_expanded.json,50143a67069cd69c0ce1221a6f7bb554b992b3295322344907bf784afb5ff9c0,387,"{""lemma"": ""attractive""}",attractive,,,
cet4_endict_2016_expanded.json,50143a67069cd69c0ce1221a6f7bb554b992b3295322344907bf784afb5ff9c0,388,"{""lemma"": ""attributable""}",attributable,,,
cet4_endict_2016_expanded.json,50143a67069cd69c0ce1221a6f7bb554b992b3295322344907bf784afb5ff9c0,389,"{""lemma"": ""attribute""}",attribute,,,
cet4_endict_2016_expanded.json,50143a67069cd69c0ce1221a6f7bb554b992b3295322344907bf784afb5ff9c0,390,"{""lemma"": ""attributive""}",attributive,,,
cet4_endict_2016_expanded.json,50143a67069cd69c0ce1221a6f7bb554b992b3295322344907bf784afb5ff9c0,391,"{""lemma"": ""audience""}",audience,,,
cet4_endict_2016_expanded.json,50143a67069cd69c0ce1221a6f7bb554b992b3295322344907bf784afb5ff9c0,392,"{""lemma"": ""audio""}",audio,,,
cet4_endict_2016_expanded.json,50143a67069cd69c0ce1221a6f7bb554b992b3295322344907bf784afb5ff9c0,393,"{""lemma"": ""auditorium""}",auditorium,,,
cet4_endict_2016_expanded.json,50143a67069cd69c0ce1221a6f7bb554b992b3295322344907bf784afb5ff9c0,394,"{""lemma"": ""August""}",August,,,
cet4_endict_2016_expanded.json,50143a67069cd69c0ce1221a6f7bb554b992b3295322344907bf784afb5ff9c0,395,"{""lemma"": ""aunt""}",aunt,,,
cet4_endict_2016_expanded.json,50143a67069cd69c0ce1221a6f7bb554b992b3295322344907bf784afb5ff9c0,396,"{""lemma"": ""auntie""}",auntie,,,
cet4_endict_2016_expanded.json,50143a67069cd69c0ce1221a6f7bb554b992b3295322344907bf784afb5ff9c0,397,"{""lemma"": ""authentic""}",authentic,,,
cet4_endict_2016_expanded.json,50143a67069cd69c0ce1221a6f7bb554b992b3295322344907bf784afb5ff9c0,398,"{""lemma"": ""authenticity""}",authenticity,,,
cet4_endict_2016_expanded.json,50143a67069cd69c0ce1221a6f7bb554b992b3295322344907bf784afb5ff9c0,399,"{""lemma"": ""author""}",author,,,
cet4_endict_2016_expanded.json,50143a67069cd69c0ce1221a6f7bb554b992b3295322344907bf784afb5ff9c0,400,"{""lemma"": ""authoritative""}",authoritative,,,
cet4_endict_2016_expanded.json,50143a67069cd69c0ce1221a6f7bb554b992b3295322344907bf784afb5ff9c0,401,"{""lemma"": ""authority""}",authority,,,
cet4_endict_2016_expanded.json,50143a67069cd69c0ce1221a6f7bb554b992b3295322344907bf784afb5ff9c0,402,"{""lemma"": ""authorization""}",authorization,,,
cet4_endict_2016_expanded.json,50143a67069cd69c0ce1221a6f7bb554b992b3295322344907bf784afb5ff9c0,403,"{""lemma"": ""authorize""}",authorize,,,
cet4_endict_2016_expanded.json,50143a67069cd69c0ce1221a6f7bb554b992b3295322344907bf784afb5ff9c0,404,"{""lemma"": ""auto""}",auto,,,
cet4_endict_2016_expanded.json,50143a67069cd69c0ce1221a6f7bb554b992b3295322344907bf784afb5ff9c0,405,"{""lemma"": ""automate""}",automate,,,
cet4_endict_2016_expanded.json,50143a67069cd69c0ce1221a6f7bb554b992b3295322344907bf784afb5ff9c0,406,"{""lemma"": ""automatic""}",automatic,,,
cet4_endict_2016_expanded.json,50143a67069cd69c0ce1221a6f7bb554b992b3295322344907bf784afb5ff9c0,407,"{""lemma"": ""automatically""}",automatically,,,
cet4_endict_2016_expanded.json,50143a67069cd69c0ce1221a6f7bb554b992b3295322344907bf784afb5ff9c0,408,"{""lemma"": ""automation""}",automation,,,
cet4_endict_2016_expanded.json,50143a67069cd69c0ce1221a6f7bb554b992b3295322344907bf784afb5ff9c0,409,"{""lemma"": ""automobile""}",automobile,,,
cet4_endict_2016_expanded.json,50143a67069cd69c0ce1221a6f7bb554b992b3295322344907bf784afb5ff9c0,410,"{""lemma"": ""autumn""}",autumn,,,
cet4_endict_2016_expanded.json,50143a67069cd69c0ce1221a6f7bb554b992b3295322344907bf784afb5ff9c0,411,"{""lemma"": ""availability""}",availability,,,
cet4_endict_2016_expanded.json,50143a67069cd69c0ce1221a6f7bb554b992b3295322344907bf784afb5ff9c0,412,"{""lemma"": ""available""}",available,,,
cet4_endict_2016_expanded.json,50143a67069cd69c0ce1221a6f7bb554b992b3295322344907bf784afb5ff9c0,413,"{""lemma"": ""avenue""}",avenue,,,
cet4_endict_2016_expanded.json,50143a67069cd69c0ce1221a6f7bb554b992b3295322344907bf784afb5ff9c0,414,"{""lemma"": ""average""}",average,,,
cet4_endict_2016_expanded.json,50143a67069cd69c0ce1221a6f7bb554b992b3295322344907bf784afb5ff9c0,415,"{""lemma"": ""aviation""}",aviation,,,
cet4_endict_2016_expanded.json,50143a67069cd69c0ce1221a6f7bb554b992b3295322344907bf784afb5ff9c0,416,"{""lemma"": ""avoid""}",avoid,,,
cet4_endict_2016_expanded.json,50143a67069cd69c0ce1221a6f7bb554b992b3295322344907bf784afb5ff9c0,417,"{""lemma"": ""avoidance""}",avoidance,,,
cet4_endict_2016_expanded.json,50143a67069cd69c0ce1221a6f7bb554b992b3295322344907bf784afb5ff9c0,418,"{""lemma"": ""await""}",await,,,
cet4_endict_2016_expanded.json,50143a67069cd69c0ce1221a6f7bb554b992b3295322344907bf784afb5ff9c0,419,"{""lemma"": ""awake""}",awake,,,
cet4_endict_2016_expanded.json,50143a67069cd69c0ce1221a6f7bb554b992b3295322344907bf784afb5ff9c0,420,"{""lemma"": ""award""}",award,,,
cet4_endict_2016_expanded.json,50143a67069cd69c0ce1221a6f7bb554b992b3295322344907bf784afb5ff9c0,421,"{""lemma"": ""aware""}",aware,,,
cet4_endict_2016_expanded.json,50143a67069cd69c0ce1221a6f7bb554b992b3295322344907bf784afb5ff9c0,422,"{""lemma"": ""awareness""}",awareness,,,
cet4_endict_2016_expanded.json,50143a67069cd69c0ce1221a6f7bb554b992b3295322344907bf784afb5ff9c0,423,"{""lemma"": ""away""}",away,,,
cet4_endict_2016_expanded.json,50143a67069cd69c0ce1221a6f7bb554b992b3295322344907bf784afb5ff9c0,424,"{""lemma"": ""awe""}",awe,,,
cet4_endict_2016_expanded.json,50143a67069cd69c0ce1221a6f7bb554b992b3295322344907bf784afb5ff9c0,425,"{""lemma"": ""awesome""}",awesome,,,
cet4_endict_2016_expanded.json,50143a67069cd69c0ce1221a6f7bb554b992b3295322344907bf784afb5ff9c0,426,"{""lemma"": ""awful""}",awful,,,
cet4_endict_2016_expanded.json,50143a67069cd69c0ce1221a6f7bb554b992b3295322344907bf784afb5ff9c0,427,"{""lemma"": ""awkward""}",awkward,,,
cet4_endict_2016_expanded.json,50143a67069cd69c0ce1221a6f7bb554b992b3295322344907bf784afb5ff9c0,428,"{""lemma"": ""ax""}",ax,,,
cet4_endict_2016_expanded.json,50143a67069cd69c0ce1221a6f7bb554b992b3295322344907bf784afb5ff9c0,429,"{""lemma"": ""axis""}",axis,,,
cet4_endict_2016_expanded.json,50143a67069cd69c0ce1221a6f7bb554b992b3295322344907bf784afb5ff9c0,430,"{""lemma"": ""baby""}",baby,,,
cet4_endict_2016_expanded.json,50143a67069cd69c0ce1221a6f7bb554b992b3295322344907bf784afb5ff9c0,431,"{""lemma"": ""baby boom""}",baby boom,,,
cet4_endict_2016_expanded.json,50143a67069cd69c0ce1221a6f7bb554b992b3295322344907bf784afb5ff9c0,432,"{""lemma"": ""baby boomer""}",baby boomer,,,
cet4_endict_2016_expanded.json,50143a67069cd69c0ce1221a6f7bb554b992b3295322344907bf784afb5ff9c0,433,"{""lemma"": ""bachelor""}",bachelor,,,
cet4_endict_2016_expanded.json,50143a67069cd69c0ce1221a6f7bb554b992b3295322344907bf784afb5ff9c0,434,"{""lemma"": ""back""}",back,,,
cet4_endict_2016_expanded.json,50143a67069cd69c0ce1221a6f7bb554b992b3295322344907bf784afb5ff9c0,435,"{""lemma"": ""background""}",background,,,
cet4_endict_2016_expanded.json,50143a67069cd69c0ce1221a6f7bb554b992b3295322344907bf784afb5ff9c0,436,"{""lemma"": ""backup""}",backup,,,
cet4_endict_2016_expanded.json,50143a67069cd69c0ce1221a6f7bb554b992b3295322344907bf784afb5ff9c0,437,"{""lemma"": ""backward""}",backward,,,
cet4_endict_2016_expanded.json,50143a67069cd69c0ce1221a6f7bb554b992b3295322344907bf784afb5ff9c0,438,"{""lemma"": ""backwards""}",backwards,,,
cet4_endict_2016_expanded.json,50143a67069cd69c0ce1221a6f7bb554b992b3295322344907bf784afb5ff9c0,439,"{""lemma"": ""backyard""}",backyard,,,
cet4_endict_2016_expanded.json,50143a67069cd69c0ce1221a6f7bb554b992b3295322344907bf784afb5ff9c0,440,"{""lemma"": ""bacon""}",bacon,,,
cet4_endict_2016_expanded.json,50143a67069cd69c0ce1221a6f7bb554b992b3295322344907bf784afb5ff9c0,441,"{""lemma"": ""bacteria""}",bacteria,,,
cet4_endict_2016_expanded.json,50143a67069cd69c0ce1221a6f7bb554b992b3295322344907bf784afb5ff9c0,442,"{""lemma"": ""bad""}",bad,,,
cet4_endict_2016_expanded.json,50143a67069cd69c0ce1221a6f7bb554b992b3295322344907bf784afb5ff9c0,443,"{""lemma"": ""badge""}",badge,,,
cet4_endict_2016_expanded.json,50143a67069cd69c0ce1221a6f7bb554b992b3295322344907bf784afb5ff9c0,444,"{""lemma"": ""badly""}",badly,,,
cet4_endict_2016_expanded.json,50143a67069cd69c0ce1221a6f7bb554b992b3295322344907bf784afb5ff9c0,445,"{""lemma"": ""badminton""}",badminton,,,
cet4_endict_2016_expanded.json,50143a67069cd69c0ce1221a6f7bb554b992b3295322344907bf784afb5ff9c0,446,"{""lemma"": ""bag""}",bag,,,
cet4_endict_2016_expanded.json,50143a67069cd69c0ce1221a6f7bb554b992b3295322344907bf784afb5ff9c0,447,"{""lemma"": ""baggage""}",baggage,,,
cet4_endict_2016_expanded.json,50143a67069cd69c0ce1221a6f7bb554b992b3295322344907bf784afb5ff9c0,448,"{""lemma"": ""bail""}",bail,,,
cet4_endict_2016_expanded.json,50143a67069cd69c0ce1221a6f7bb554b992b3295322344907bf784afb5ff9c0,449,"{""lemma"": ""bait""}",bait,,,
cet4_endict_2016_expanded.json,50143a67069cd69c0ce1221a6f7bb554b992b3295322344907bf784afb5ff9c0,450,"{""lemma"": ""bake""}",bake,,,
cet4_endict_2016_expanded.json,50143a67069cd69c0ce1221a6f7bb554b992b3295322344907bf784afb5ff9c0,451,"{""lemma"": ""bakery""}",bakery,,,
cet4_endict_2016_expanded.json,50143a67069cd69c0ce1221a6f7bb554b992b3295322344907bf784afb5ff9c0,452,"{""lemma"": ""balance""}",balance,,,
cet4_endict_2016_expanded.json,50143a67069cd69c0ce1221a6f7bb554b992b3295322344907bf784afb5ff9c0,453,"{""lemma"": ""balcony""}",balcony,,,
cet4_endict_2016_expanded.json,50143a67069cd69c0ce1221a6f7bb554b992b3295322344907bf784afb5ff9c0,454,"{""lemma"": ""ball""}",ball,,,
cet4_endict_2016_expanded.json,50143a67069cd69c0ce1221a6f7bb554b992b3295322344907bf784afb5ff9c0,455,"{""lemma"": ""ballet""}",ballet,,,
cet4_endict_2016_expanded.json,50143a67069cd69c0ce1221a6f7bb554b992b3295322344907bf784afb5ff9c0,456,"{""lemma"": ""balloon""}",balloon,,,
cet4_endict_2016_expanded.json,50143a67069cd69c0ce1221a6f7bb554b992b3295322344907bf784afb5ff9c0,457,"{""lemma"": ""ballot""}",ballot,,,
cet4_endict_2016_expanded.json,50143a67069cd69c0ce1221a6f7bb554b992b3295322344907bf784afb5ff9c0,458,"{""lemma"": ""bamboo""}",bamboo,,,
cet4_endict_2016_expanded.json,50143a67069cd69c0ce1221a6f7bb554b992b3295322344907bf784afb5ff9c0,459,"{""lemma"": ""ban""}",ban,,,
cet4_endict_2016_expanded.json,50143a67069cd69c0ce1221a6f7bb554b992b3295322344907bf784afb5ff9c0,460,"{""lemma"": ""banana""}",banana,,,
cet4_endict_2016_expanded.json,50143a67069cd69c0ce1221a6f7bb554b992b3295322344907bf784afb5ff9c0,461,"{""lemma"": ""band""}",band,,,
cet4_endict_2016_expanded.json,50143a67069cd69c0ce1221a6f7bb554b992b3295322344907bf784afb5ff9c0,462,"{""lemma"": ""bandage""}",bandage,,,
cet4_endict_2016_expanded.json,50143a67069cd69c0ce1221a6f7bb554b992b3295322344907bf784afb5ff9c0,463,"{""lemma"": ""bang""}",bang,,,
cet4_endict_2016_expanded.json,50143a67069cd69c0ce1221a6f7bb554b992b3295322344907bf784afb5ff9c0,464,"{""lemma"": ""bank""}",bank,,,
cet4_endict_2016_expanded.json,50143a67069cd69c0ce1221a6f7bb554b992b3295322344907bf784afb5ff9c0,465,"{""lemma"": ""banker""}",banker,,,
cet4_endict_2016_expanded.json,50143a67069cd69c0ce1221a6f7bb554b992b3295322344907bf784afb5ff9c0,466,"{""lemma"": ""banking""}",banking,,,
cet4_endict_2016_expanded.json,50143a67069cd69c0ce1221a6f7bb554b992b3295322344907bf784afb5ff9c0,467,"{""lemma"": ""banknote""}",banknote,,,
cet4_endict_2016_expanded.json,50143a67069cd69c0ce1221a6f7bb554b992b3295322344907bf784afb5ff9c0,468,"{""lemma"": ""bankrupt""}",bankrupt,,,
cet4_endict_2016_expanded.json,50143a67069cd69c0ce1221a6f7bb554b992b3295322344907bf784afb5ff9c0,469,"{""lemma"": ""bankruptcy""}",bankruptcy,,,
cet4_endict_2016_expanded.json,50143a67069cd69c0ce1221a6f7bb554b992b3295322344907bf784afb5ff9c0,470,"{""lemma"": ""banner""}",banner,,,
cet4_endict_2016_expanded.json,50143a67069cd69c0ce1221a6f7bb554b992b3295322344907bf784afb5ff9c0,471,"{""lemma"": ""banquet""}",banquet,,,
cet4_endict_2016_expanded.json,50143a67069cd69c0ce1221a6f7bb554b992b3295322344907bf784afb5ff9c0,472,"{""lemma"": ""bar""}",bar,,,
cet4_endict_2016_expanded.json,50143a67069cd69c0ce1221a6f7bb554b992b3295322344907bf784afb5ff9c0,473,"{""lemma"": ""barbecue""}",barbecue,,,
cet4_endict_2016_expanded.json,50143a67069cd69c0ce1221a6f7bb554b992b3295322344907bf784afb5ff9c0,474,"{""lemma"": ""barber""}",barber,,,
cet4_endict_2016_expanded.json,50143a67069cd69c0ce1221a6f7bb554b992b3295322344907bf784afb5ff9c0,475,"{""lemma"": ""bare""}",bare,,,
cet4_endict_2016_expanded.json,50143a67069cd69c0ce1221a6f7bb554b992b3295322344907bf784afb5ff9c0,476,"{""lemma"": ""barely""}",barely,,,
cet4_endict_2016_expanded.json,50143a67069cd69c0ce1221a6f7bb554b992b3295322344907bf784afb5ff9c0,477,"{""lemma"": ""bargain""}",bargain,,,
cet4_endict_2016_expanded.json,50143a67069cd69c0ce1221a6f7bb554b992b3295322344907bf784afb5ff9c0,478,"{""lemma"": ""bark""}",bark,,,
cet4_endict_2016_expanded.json,50143a67069cd69c0ce1221a6f7bb554b992b3295322344907bf784afb5ff9c0,479,"{""lemma"": ""barrel""}",barrel,,,
cet4_endict_2016_expanded.json,50143a67069cd69c0ce1221a6f7bb554b992b3295322344907bf784afb5ff9c0,480,"{""lemma"": ""barrier""}",barrier,,,
cet4_endict_2016_expanded.json,50143a67069cd69c0ce1221a6f7bb554b992b3295322344907bf784afb5ff9c0,481,"{""lemma"": ""base""}",base,,,
cet4_endict_2016_expanded.json,50143a67069cd69c0ce1221a6f7bb554b992b3295322344907bf784afb5ff9c0,482,"{""lemma"": ""baseball""}",baseball,,,
cet4_endict_2016_expanded.json,50143a67069cd69c0ce1221a6f7bb554b992b3295322344907bf784afb5ff9c0,483,"{""lemma"": ""basement""}",basement,,,
cet4_endict_2016_expanded.json,50143a67069cd69c0ce1221a6f7bb554b992b3295322344907bf784afb5ff9c0,484,"{""lemma"": ""basic""}",basic,,,
cet4_endict_2016_expanded.json,50143a67069cd69c0ce1221a6f7bb554b992b3295322344907bf784afb5ff9c0,485,"{""lemma"": ""basically""}",basically,,,
cet4_endict_2016_expanded.json,50143a67069cd69c0ce1221a6f7bb554b992b3295322344907bf784afb5ff9c0,486,"{""lemma"": ""basin""}",basin,,,
cet4_endict_2016_expanded.json,50143a67069cd69c0ce1221a6f7bb554b992b3295322344907bf784afb5ff9c0,487,"{""lemma"": ""basis""}",basis,,,
cet4_endict_2016_expanded.json,50143a67069cd69c0ce1221a6f7bb554b992b3295322344907bf784afb5ff9c0,488,"{""lemma"": ""basket""}",basket,,,
cet4_endict_2016_expanded.json,50143a67069cd69c0ce1221a6f7bb554b992b3295322344907bf784afb5ff9c0,489,"{""lemma"": ""basketball""}",basketball,,,
cet4_endict_2016_expanded.json,50143a67069cd69c0ce1221a6f7bb554b992b3295322344907bf784afb5ff9c0,490,"{""lemma"": ""bat""}",bat,,,
cet4_endict_2016_expanded.json,50143a67069cd69c0ce1221a6f7bb554b992b3295322344907bf784afb5ff9c0,491,"{""lemma"": ""batch""}",batch,,,
cet4_endict_2016_expanded.json,50143a67069cd69c0ce1221a6f7bb554b992b3295322344907bf784afb5ff9c0,492,"{""lemma"": ""bath""}",bath,,,
cet4_endict_2016_expanded.json,50143a67069cd69c0ce1221a6f7bb554b992b3295322344907bf784afb5ff9c0,493,"{""lemma"": ""bathe""}",bathe,,,
cet4_endict_2016_expanded.json,50143a67069cd69c0ce1221a6f7bb554b992b3295322344907bf784afb5ff9c0,494,"{""lemma"": ""bathroom""}",bathroom,,,
cet4_endict_2016_expanded.json,50143a67069cd69c0ce1221a6f7bb554b992b3295322344907bf784afb5ff9c0,495,"{""lemma"": ""battalion""}",battalion,,,
cet4_endict_2016_expanded.json,50143a67069cd69c0ce1221a6f7bb554b992b3295322344907bf784afb5ff9c0,496,"{""lemma"": ""battery""}",battery,,,
cet4_endict_2016_expanded.json,50143a67069cd69c0ce1221a6f7bb554b992b3295322344907bf784afb5ff9c0,497,"{""lemma"": ""battle""}",battle,,,
cet4_endict_2016_expanded.json,50143a67069cd69c0ce1221a6f7bb554b992b3295322344907bf784afb5ff9c0,498,"{""lemma"": ""bay""}",bay,,,
cet4_endict_2016_expanded.json,50143a67069cd69c0ce1221a6f7bb554b992b3295322344907bf784afb5ff9c0,499,"{""lemma"": ""BBQ""}",BBQ,,,
cet4_endict_2016_expanded.json,50143a67069cd69c0ce1221a6f7bb554b992b3295322344907bf784afb5ff9c0,500,"{""lemma"": ""be""}",be,,,
cet4_endict_2016_expanded.json,50143a67069cd69c0ce1221a6f7bb554b992b3295322344907bf784afb5ff9c0,501,"{""lemma"": ""beach""}",beach,,,
cet4_endict_2016_expanded.json,50143a67069cd69c0ce1221a6f7bb554b992b3295322344907bf784afb5ff9c0,502,"{""lemma"": ""beam""}",beam,,,
cet4_endict_2016_expanded.json,50143a67069cd69c0ce1221a6f7bb554b992b3295322344907bf784afb5ff9c0,503,"{""lemma"": ""bean""}",bean,,,
cet4_endict_2016_expanded.json,50143a67069cd69c0ce1221a6f7bb554b992b3295322344907bf784afb5ff9c0,504,"{""lemma"": ""bear""}",bear,,,
cet4_endict_2016_expanded.json,50143a67069cd69c0ce1221a6f7bb554b992b3295322344907bf784afb5ff9c0,505,"{""lemma"": ""beard""}",beard,,,
cet4_endict_2016_expanded.json,50143a67069cd69c0ce1221a6f7bb554b992b3295322344907bf784afb5ff9c0,506,"{""lemma"": ""bearing""}",bearing,,,
cet4_endict_2016_expanded.json,50143a67069cd69c0ce1221a6f7bb554b992b3295322344907bf784afb5ff9c0,507,"{""lemma"": ""beast""}",beast,,,
cet4_endict_2016_expanded.json,50143a67069cd69c0ce1221a6f7bb554b992b3295322344907bf784afb5ff9c0,508,"{""lemma"": ""beat""}",beat,,,
cet4_endict_2016_expanded.json,50143a67069cd69c0ce1221a6f7bb554b992b3295322344907bf784afb5ff9c0,509,"{""lemma"": ""beautiful""}",beautiful,,,
cet4_endict_2016_expanded.json,50143a67069cd69c0ce1221a6f7bb554b992b3295322344907bf784afb5ff9c0,510,"{""lemma"": ""beautify""}",beautify,,,
cet4_endict_2016_expanded.json,50143a67069cd69c0ce1221a6f7bb554b992b3295322344907bf784afb5ff9c0,511,"{""lemma"": ""beauty""}",beauty,,,
cet4_endict_2016_expanded.json,50143a67069cd69c0ce1221a6f7bb554b992b3295322344907bf784afb5ff9c0,512,"{""lemma"": ""because""}",because,,,
cet4_endict_2016_expanded.json,50143a67069cd69c0ce1221a6f7bb554b992b3295322344907bf784afb5ff9c0,513,"{""lemma"": ""become""}",become,,,
cet4_endict_2016_expanded.json,50143a67069cd69c0ce1221a6f7bb554b992b3295322344907bf784afb5ff9c0,514,"{""lemma"": ""bed""}",bed,,,
cet4_endict_2016_expanded.json,50143a67069cd69c0ce1221a6f7bb554b992b3295322344907bf784afb5ff9c0,515,"{""lemma"": ""bedding""}",bedding,,,
cet4_endict_2016_expanded.json,50143a67069cd69c0ce1221a6f7bb554b992b3295322344907bf784afb5ff9c0,516,"{""lemma"": ""bee""}",bee,,,
cet4_endict_2016_expanded.json,50143a67069cd69c0ce1221a6f7bb554b992b3295322344907bf784afb5ff9c0,517,"{""lemma"": ""beef""}",beef,,,
cet4_endict_2016_expanded.json,50143a67069cd69c0ce1221a6f7bb554b992b3295322344907bf784afb5ff9c0,518,"{""lemma"": ""beer""}",beer,,,
cet4_endict_2016_expanded.json,50143a67069cd69c0ce1221a6f7bb554b992b3295322344907bf784afb5ff9c0,519,"{""lemma"": ""before""}",before,,,
cet4_endict_2016_expanded.json,50143a67069cd69c0ce1221a6f7bb554b992b3295322344907bf784afb5ff9c0,520,"{""lemma"": ""beforehand""}",beforehand,,,
cet4_endict_2016_expanded.json,50143a67069cd69c0ce1221a6f7bb554b992b3295322344907bf784afb5ff9c0,521,"{""lemma"": ""beg""}",beg,,,
cet4_endict_2016_expanded.json,50143a67069cd69c0ce1221a6f7bb554b992b3295322344907bf784afb5ff9c0,522,"{""lemma"": ""beggar""}",beggar,,,
cet4_endict_2016_expanded.json,50143a67069cd69c0ce1221a6f7bb554b992b3295322344907bf784afb5ff9c0,523,"{""lemma"": ""begin""}",begin,,,
cet4_endict_2016_expanded.json,50143a67069cd69c0ce1221a6f7bb554b992b3295322344907bf784afb5ff9c0,524,"{""lemma"": ""beginning""}",beginning,,,
cet4_endict_2016_expanded.json,50143a67069cd69c0ce1221a6f7bb554b992b3295322344907bf784afb5ff9c0,525,"{""lemma"": ""behalf""}",behalf,,,
cet4_endict_2016_expanded.json,50143a67069cd69c0ce1221a6f7bb554b992b3295322344907bf784afb5ff9c0,526,"{""lemma"": ""behave""}",behave,,,
cet4_endict_2016_expanded.json,50143a67069cd69c0ce1221a6f7bb554b992b3295322344907bf784afb5ff9c0,527,"{""lemma"": ""behavior""}",behavior,,,
cet4_endict_2016_expanded.json,50143a67069cd69c0ce1221a6f7bb554b992b3295322344907bf784afb5ff9c0,528,"{""lemma"": ""behavioral""}",behavioral,,,
cet4_endict_2016_expanded.json,50143a67069cd69c0ce1221a6f7bb554b992b3295322344907bf784afb5ff9c0,529,"{""lemma"": ""behind""}",behind,,,
cet4_endict_2016_expanded.json,50143a67069cd69c0ce1221a6f7bb554b992b3295322344907bf784afb5ff9c0,530,"{""lemma"": ""being""}",being,,,
cet4_endict_2016_expanded.json,50143a67069cd69c0ce1221a6f7bb554b992b3295322344907bf784afb5ff9c0,531,"{""lemma"": ""belief""}",belief,,,
cet4_endict_2016_expanded.json,50143a67069cd69c0ce1221a6f7bb554b992b3295322344907bf784afb5ff9c0,532,"{""lemma"": ""believe""}",believe,,,
cet4_endict_2016_expanded.json,50143a67069cd69c0ce1221a6f7bb554b992b3295322344907bf784afb5ff9c0,533,"{""lemma"": ""bell""}",bell,,,
cet4_endict_2016_expanded.json,50143a67069cd69c0ce1221a6f7bb554b992b3295322344907bf784afb5ff9c0,534,"{""lemma"": ""belly""}",belly,,,
cet4_endict_2016_expanded.json,50143a67069cd69c0ce1221a6f7bb554b992b3295322344907bf784afb5ff9c0,535,"{""lemma"": ""belong""}",belong,,,
cet4_endict_2016_expanded.json,50143a67069cd69c0ce1221a6f7bb554b992b3295322344907bf784afb5ff9c0,536,"{""lemma"": ""belongings""}",belongings,,,
cet4_endict_2016_expanded.json,50143a67069cd69c0ce1221a6f7bb554b992b3295322344907bf784afb5ff9c0,537,"{""lemma"": ""beloved""}",beloved,,,
cet4_endict_2016_expanded.json,50143a67069cd69c0ce1221a6f7bb554b992b3295322344907bf784afb5ff9c0,538,"{""lemma"": ""below""}",below,,,
cet4_endict_2016_expanded.json,50143a67069cd69c0ce1221a6f7bb554b992b3295322344907bf784afb5ff9c0,539,"{""lemma"": ""belt""}",belt,,,
cet4_endict_2016_expanded.json,50143a67069cd69c0ce1221a6f7bb554b992b3295322344907bf784afb5ff9c0,540,"{""lemma"": ""bench""}",bench,,,
cet4_endict_2016_expanded.json,50143a67069cd69c0ce1221a6f7bb554b992b3295322344907bf784afb5ff9c0,541,"{""lemma"": ""bend""}",bend,,,
cet4_endict_2016_expanded.json,50143a67069cd69c0ce1221a6f7bb554b992b3295322344907bf784afb5ff9c0,542,"{""lemma"": ""beneath""}",beneath,,,
cet4_endict_2016_expanded.json,50143a67069cd69c0ce1221a6f7bb554b992b3295322344907bf784afb5ff9c0,543,"{""lemma"": ""beneficial""}",beneficial,,,
cet4_endict_2016_expanded.json,50143a67069cd69c0ce1221a6f7bb554b992b3295322344907bf784afb5ff9c0,544,"{""lemma"": ""beneficiary""}",beneficiary,,,
cet4_endict_2016_expanded.json,50143a67069cd69c0ce1221a6f7bb554b992b3295322344907bf784afb5ff9c0,545,"{""lemma"": ""benefit""}",benefit,,,
cet4_endict_2016_expanded.json,50143a67069cd69c0ce1221a6f7bb554b992b3295322344907bf784afb5ff9c0,546,"{""lemma"": ""berry""}",berry,,,
cet4_endict_2016_expanded.json,50143a67069cd69c0ce1221a6f7bb554b992b3295322344907bf784afb5ff9c0,547,"{""lemma"": ""beside""}",beside,,,
cet4_endict_2016_expanded.json,50143a67069cd69c0ce1221a6f7bb554b992b3295322344907bf784afb5ff9c0,548,"{""lemma"": ""besides""}",besides,,,
cet4_endict_2016_expanded.json,50143a67069cd69c0ce1221a6f7bb554b992b3295322344907bf784afb5ff9c0,549,"{""lemma"": ""best""}",best,,,
cet4_endict_2016_expanded.json,50143a67069cd69c0ce1221a6f7bb554b992b3295322344907bf784afb5ff9c0,550,"{""lemma"": ""bestseller""}",bestseller,,,
cet4_endict_2016_expanded.json,50143a67069cd69c0ce1221a6f7bb554b992b3295322344907bf784afb5ff9c0,551,"{""lemma"": ""bet""}",bet,,,
cet4_endict_2016_expanded.json,50143a67069cd69c0ce1221a6f7bb554b992b3295322344907bf784afb5ff9c0,552,"{""lemma"": ""betray""}",betray,,,
cet4_endict_2016_expanded.json,50143a67069cd69c0ce1221a6f7bb554b992b3295322344907bf784afb5ff9c0,553,"{""lemma"": ""betrayal""}",betrayal,,,
cet4_endict_2016_expanded.json,50143a67069cd69c0ce1221a6f7bb554b992b3295322344907bf784afb5ff9c0,554,"{""lemma"": ""better""}",better,,,
cet4_endict_2016_expanded.json,50143a67069cd69c0ce1221a6f7bb554b992b3295322344907bf784afb5ff9c0,555,"{""lemma"": ""between""}",between,,,
cet4_endict_2016_expanded.json,50143a67069cd69c0ce1221a6f7bb554b992b3295322344907bf784afb5ff9c0,556,"{""lemma"": ""beverage""}",beverage,,,
cet4_endict_2016_expanded.json,50143a67069cd69c0ce1221a6f7bb554b992b3295322344907bf784afb5ff9c0,557,"{""lemma"": ""beyond""}",beyond,,,
cet4_endict_2016_expanded.json,50143a67069cd69c0ce1221a6f7bb554b992b3295322344907bf784afb5ff9c0,558,"{""lemma"": ""bias""}",bias,,,
cet4_endict_2016_expanded.json,50143a67069cd69c0ce1221a6f7bb554b992b3295322344907bf784afb5ff9c0,559,"{""lemma"": ""bible""}",bible,,,
cet4_endict_2016_expanded.json,50143a67069cd69c0ce1221a6f7bb554b992b3295322344907bf784afb5ff9c0,560,"{""lemma"": ""biblical""}",biblical,,,
cet4_endict_2016_expanded.json,50143a67069cd69c0ce1221a6f7bb554b992b3295322344907bf784afb5ff9c0,561,"{""lemma"": ""bicycle""}",bicycle,,,
cet4_endict_2016_expanded.json,50143a67069cd69c0ce1221a6f7bb554b992b3295322344907bf784afb5ff9c0,562,"{""lemma"": ""bid""}",bid,,,
cet4_endict_2016_expanded.json,50143a67069cd69c0ce1221a6f7bb554b992b3295322344907bf784afb5ff9c0,563,"{""lemma"": ""big""}",big,,,
cet4_endict_2016_expanded.json,50143a67069cd69c0ce1221a6f7bb554b992b3295322344907bf784afb5ff9c0,564,"{""lemma"": ""bike""}",bike,,,
cet4_endict_2016_expanded.json,50143a67069cd69c0ce1221a6f7bb554b992b3295322344907bf784afb5ff9c0,565,"{""lemma"": ""bill""}",bill,,,
cet4_endict_2016_expanded.json,50143a67069cd69c0ce1221a6f7bb554b992b3295322344907bf784afb5ff9c0,566,"{""lemma"": ""billion""}",billion,,,
cet4_endict_2016_expanded.json,50143a67069cd69c0ce1221a6f7bb554b992b3295322344907bf784afb5ff9c0,567,"{""lemma"": ""billionaire""}",billionaire,,,
cet4_endict_2016_expanded.json,50143a67069cd69c0ce1221a6f7bb554b992b3295322344907bf784afb5ff9c0,568,"{""lemma"": ""bin""}",bin,,,
cet4_endict_2016_expanded.json,50143a67069cd69c0ce1221a6f7bb554b992b3295322344907bf784afb5ff9c0,569,"{""lemma"": ""bind""}",bind,,,
cet4_endict_2016_expanded.json,50143a67069cd69c0ce1221a6f7bb554b992b3295322344907bf784afb5ff9c0,570,"{""lemma"": ""biochemical""}",biochemical,,,
cet4_endict_2016_expanded.json,50143a67069cd69c0ce1221a6f7bb554b992b3295322344907bf784afb5ff9c0,571,"{""lemma"": ""biochemist""}",biochemist,,,
cet4_endict_2016_expanded.json,50143a67069cd69c0ce1221a6f7bb554b992b3295322344907bf784afb5ff9c0,572,"{""lemma"": ""biochemistry""}",biochemistry,,,
cet4_endict_2016_expanded.json,50143a67069cd69c0ce1221a6f7bb554b992b3295322344907bf784afb5ff9c0,573,"{""lemma"": ""biographer""}",biographer,,,
cet4_endict_2016_expanded.json,50143a67069cd69c0ce1221a6f7bb554b992b3295322344907bf784afb5ff9c0,574,"{""lemma"": ""biographical""}",biographical,,,
cet4_endict_2016_expanded.json,50143a67069cd69c0ce1221a6f7bb554b992b3295322344907bf784afb5ff9c0,575,"{""lemma"": ""biography""}",biography,,,
cet4_endict_2016_expanded.json,50143a67069cd69c0ce1221a6f7bb554b992b3295322344907bf784afb5ff9c0,576,"{""lemma"": ""biological""}",biological,,,
cet4_endict_2016_expanded.json,50143a67069cd69c0ce1221a6f7bb554b992b3295322344907bf784afb5ff9c0,577,"{""lemma"": ""biologist""}",biologist,,,
cet4_endict_2016_expanded.json,50143a67069cd69c0ce1221a6f7bb554b992b3295322344907bf784afb5ff9c0,578,"{""lemma"": ""biology""}",biology,,,
cet4_endict_2016_expanded.json,50143a67069cd69c0ce1221a6f7bb554b992b3295322344907bf784afb5ff9c0,579,"{""lemma"": ""biotechnology""}",biotechnology,,,
cet4_endict_2016_expanded.json,50143a67069cd69c0ce1221a6f7bb554b992b3295322344907bf784afb5ff9c0,580,"{""lemma"": ""bird""}",bird,,,
cet4_endict_2016_expanded.json,50143a67069cd69c0ce1221a6f7bb554b992b3295322344907bf784afb5ff9c0,581,"{""lemma"": ""birth""}",birth,,,
cet4_endict_2016_expanded.json,50143a67069cd69c0ce1221a6f7bb554b992b3295322344907bf784afb5ff9c0,582,"{""lemma"": ""birthday""}",birthday,,,
cet4_endict_2016_expanded.json,50143a67069cd69c0ce1221a6f7bb554b992b3295322344907bf784afb5ff9c0,583,"{""lemma"": ""biscuit""}",biscuit,,,
cet4_endict_2016_expanded.json,50143a67069cd69c0ce1221a6f7bb554b992b3295322344907bf784afb5ff9c0,584,"{""lemma"": ""bit""}",bit,,,
cet4_endict_2016_expanded.json,50143a67069cd69c0ce1221a6f7bb554b992b3295322344907bf784afb5ff9c0,585,"{""lemma"": ""bitch""}",bitch,,,
cet4_endict_2016_expanded.json,50143a67069cd69c0ce1221a6f7bb554b992b3295322344907bf784afb5ff9c0,586,"{""lemma"": ""bite""}",bite,,,
cet4_endict_2016_expanded.json,50143a67069cd69c0ce1221a6f7bb554b992b3295322344907bf784afb5ff9c0,587,"{""lemma"": ""bitter""}",bitter,,,
cet4_endict_2016_expanded.json,50143a67069cd69c0ce1221a6f7bb554b992b3295322344907bf784afb5ff9c0,588,"{""lemma"": ""black""}",black,,,
cet4_endict_2016_expanded.json,50143a67069cd69c0ce1221a6f7bb554b992b3295322344907bf784afb5ff9c0,589,"{""lemma"": ""blackboard""}",blackboard,,,
cet4_endict_2016_expanded.json,50143a67069cd69c0ce1221a6f7bb554b992b3295322344907bf784afb5ff9c0,590,"{""lemma"": ""blade""}",blade,,,
cet4_endict_2016_expanded.json,50143a67069cd69c0ce1221a6f7bb554b992b3295322344907bf784afb5ff9c0,591,"{""lemma"": ""blame""}",blame,,,
cet4_endict_2016_expanded.json,50143a67069cd69c0ce1221a6f7bb554b992b3295322344907bf784afb5ff9c0,592,"{""lemma"": ""blank""}",blank,,,
cet4_endict_2016_expanded.json,50143a67069cd69c0ce1221a6f7bb554b992b3295322344907bf784afb5ff9c0,593,"{""lemma"": ""blanket""}",blanket,,,
cet4_endict_2016_expanded.json,50143a67069cd69c0ce1221a6f7bb554b992b3295322344907bf784afb5ff9c0,594,"{""lemma"": ""blast""}",blast,,,
cet4_endict_2016_expanded.json,50143a67069cd69c0ce1221a6f7bb554b992b3295322344907bf784afb5ff9c0,595,"{""lemma"": ""bleed""}",bleed,,,
cet4_endict_2016_expanded.json,50143a67069cd69c0ce1221a6f7bb554b992b3295322344907bf784afb5ff9c0,596,"{""lemma"": ""blend""}",blend,,,
cet4_endict_2016_expanded.json,50143a67069cd69c0ce1221a6f7bb554b992b3295322344907bf784afb5ff9c0,597,"{""lemma"": ""bless""}",bless,,,
cet4_endict_2016_expanded.json,50143a67069cd69c0ce1221a6f7bb554b992b3295322344907bf784afb5ff9c0,598,"{""lemma"": ""blessing""}",blessing,,,
cet4_endict_2016_expanded.json,50143a67069cd69c0ce1221a6f7bb554b992b3295322344907bf784afb5ff9c0,599,"{""lemma"": ""blind""}",blind,,,
cet4_endict_2016_expanded.json,50143a67069cd69c0ce1221a6f7bb554b992b3295322344907bf784afb5ff9c0,600,"{""lemma"": ""block""}",block,,,
cet4_endict_2016_expanded.json,50143a67069cd69c0ce1221a6f7bb554b992b3295322344907bf784afb5ff9c0,601,"{""lemma"": ""blog""}",blog,,,
cet4_endict_2016_expanded.json,50143a67069cd69c0ce1221a6f7bb554b992b3295322344907bf784afb5ff9c0,602,"{""lemma"": ""blond""}",blond,,,
cet4_endict_2016_expanded.json,50143a67069cd69c0ce1221a6f7bb554b992b3295322344907bf784afb5ff9c0,603,"{""lemma"": ""blood""}",blood,,,
cet4_endict_2016_expanded.json,50143a67069cd69c0ce1221a6f7bb554b992b3295322344907bf784afb5ff9c0,604,"{""lemma"": ""bloody""}",bloody,,,
cet4_endict_2016_expanded.json,50143a67069cd69c0ce1221a6f7bb554b992b3295322344907bf784afb5ff9c0,605,"{""lemma"": ""bloom""}",bloom,,,
cet4_endict_2016_expanded.json,50143a67069cd69c0ce1221a6f7bb554b992b3295322344907bf784afb5ff9c0,606,"{""lemma"": ""blossom""}",blossom,,,
cet4_endict_2016_expanded.json,50143a67069cd69c0ce1221a6f7bb554b992b3295322344907bf784afb5ff9c0,607,"{""lemma"": ""blouse""}",blouse,,,
cet4_endict_2016_expanded.json,50143a67069cd69c0ce1221a6f7bb554b992b3295322344907bf784afb5ff9c0,608,"{""lemma"": ""blow""}",blow,,,
cet4_endict_2016_expanded.json,50143a67069cd69c0ce1221a6f7bb554b992b3295322344907bf784afb5ff9c0,609,"{""lemma"": ""blue""}",blue,,,
cet4_endict_2016_expanded.json,50143a67069cd69c0ce1221a6f7bb554b992b3295322344907bf784afb5ff9c0,610,"{""lemma"": ""blueprint""}",blueprint,,,
cet4_endict_2016_expanded.json,50143a67069cd69c0ce1221a6f7bb554b992b3295322344907bf784afb5ff9c0,611,"{""lemma"": ""blur""}",blur,,,
cet4_endict_2016_expanded.json,50143a67069cd69c0ce1221a6f7bb554b992b3295322344907bf784afb5ff9c0,612,"{""lemma"": ""board""}",board,,,
cet4_endict_2016_expanded.json,50143a67069cd69c0ce1221a6f7bb554b992b3295322344907bf784afb5ff9c0,613,"{""lemma"": ""boast""}",boast,,,
cet4_endict_2016_expanded.json,50143a67069cd69c0ce1221a6f7bb554b992b3295322344907bf784afb5ff9c0,614,"{""lemma"": ""boastful""}",boastful,,,
cet4_endict_2016_expanded.json,50143a67069cd69c0ce1221a6f7bb554b992b3295322344907bf784afb5ff9c0,615,"{""lemma"": ""boat""}",boat,,,
cet4_endict_2016_expanded.json,50143a67069cd69c0ce1221a6f7bb554b992b3295322344907bf784afb5ff9c0,616,"{""lemma"": ""bodily""}",bodily,,,
cet4_endict_2016_expanded.json,50143a67069cd69c0ce1221a6f7bb554b992b3295322344907bf784afb5ff9c0,617,"{""lemma"": ""body""}",body,,,
cet4_endict_2016_expanded.json,50143a67069cd69c0ce1221a6f7bb554b992b3295322344907bf784afb5ff9c0,618,"{""lemma"": ""boil""}",boil,,,
cet4_endict_2016_expanded.json,50143a67069cd69c0ce1221a6f7bb554b992b3295322344907bf784afb5ff9c0,619,"{""lemma"": ""boiler""}",boiler,,,
cet4_endict_2016_expanded.json,50143a67069cd69c0ce1221a6f7bb554b992b3295322344907bf784afb5ff9c0,620,"{""lemma"": ""bold""}",bold,,,
cet4_endict_2016_expanded.json,50143a67069cd69c0ce1221a6f7bb554b992b3295322344907bf784afb5ff9c0,621,"{""lemma"": ""bolt""}",bolt,,,
cet4_endict_2016_expanded.json,50143a67069cd69c0ce1221a6f7bb554b992b3295322344907bf784afb5ff9c0,622,"{""lemma"": ""bomb""}",bomb,,,
cet4_endict_2016_expanded.json,50143a67069cd69c0ce1221a6f7bb554b992b3295322344907bf784afb5ff9c0,623,"{""lemma"": ""bond""}",bond,,,
cet4_endict_2016_expanded.json,50143a67069cd69c0ce1221a6f7bb554b992b3295322344907bf784afb5ff9c0,624,"{""lemma"": ""bondage""}",bondage,,,
cet4_endict_2016_expanded.json,50143a67069cd69c0ce1221a6f7bb554b992b3295322344907bf784afb5ff9c0,625,"{""lemma"": ""bone""}",bone,,,
cet4_endict_2016_expanded.json,50143a67069cd69c0ce1221a6f7bb554b992b3295322344907bf784afb5ff9c0,626,"{""lemma"": ""bonus""}",bonus,,,
cet4_endict_2016_expanded.json,50143a67069cd69c0ce1221a6f7bb554b992b3295322344907bf784afb5ff9c0,627,"{""lemma"": ""bony""}",bony,,,
cet4_endict_2016_expanded.json,50143a67069cd69c0ce1221a6f7bb554b992b3295322344907bf784afb5ff9c0,628,"{""lemma"": ""book""}",book,,,
cet4_endict_2016_expanded.json,50143a67069cd69c0ce1221a6f7bb554b992b3295322344907bf784afb5ff9c0,629,"{""lemma"": ""boom""}",boom,,,
cet4_endict_2016_expanded.json,50143a67069cd69c0ce1221a6f7bb554b992b3295322344907bf784afb5ff9c0,630,"{""lemma"": ""boost""}",boost,,,
cet4_endict_2016_expanded.json,50143a67069cd69c0ce1221a6f7bb554b992b3295322344907bf784afb5ff9c0,631,"{""lemma"": ""boot""}",boot,,,
cet4_endict_2016_expanded.json,50143a67069cd69c0ce1221a6f7bb554b992b3295322344907bf784afb5ff9c0,632,"{""lemma"": ""booth""}",booth,,,
cet4_endict_2016_expanded.json,50143a67069cd69c0ce1221a6f7bb554b992b3295322344907bf784afb5ff9c0,633,"{""lemma"": ""border""}",border,,,
cet4_endict_2016_expanded.json,50143a67069cd69c0ce1221a6f7bb554b992b3295322344907bf784afb5ff9c0,634,"{""lemma"": ""bore""}",bore,,,
cet4_endict_2016_expanded.json,50143a67069cd69c0ce1221a6f7bb554b992b3295322344907bf784afb5ff9c0,635,"{""lemma"": ""boring""}",boring,,,
cet4_endict_2016_expanded.json,50143a67069cd69c0ce1221a6f7bb554b992b3295322344907bf784afb5ff9c0,636,"{""lemma"": ""born""}",born,,,
cet4_endict_2016_expanded.json,50143a67069cd69c0ce1221a6f7bb554b992b3295322344907bf784afb5ff9c0,637,"{""lemma"": ""borrow""}",borrow,,,
cet4_endict_2016_expanded.json,50143a67069cd69c0ce1221a6f7bb554b992b3295322344907bf784afb5ff9c0,638,"{""lemma"": ""boss""}",boss,,,
cet4_endict_2016_expanded.json,50143a67069cd69c0ce1221a6f7bb554b992b3295322344907bf784afb5ff9c0,639,"{""lemma"": ""both""}",both,,,
cet4_endict_2016_expanded.json,50143a67069cd69c0ce1221a6f7bb554b992b3295322344907bf784afb5ff9c0,640,"{""lemma"": ""bother""}",bother,,,
cet4_endict_2016_expanded.json,50143a67069cd69c0ce1221a6f7bb554b992b3295322344907bf784afb5ff9c0,641,"{""lemma"": ""bottle""}",bottle,,,
cet4_endict_2016_expanded.json,50143a67069cd69c0ce1221a6f7bb554b992b3295322344907bf784afb5ff9c0,642,"{""lemma"": ""bottom""}",bottom,,,
cet4_endict_2016_expanded.json,50143a67069cd69c0ce1221a6f7bb554b992b3295322344907bf784afb5ff9c0,643,"{""lemma"": ""bounce""}",bounce,,,
cet4_endict_2016_expanded.json,50143a67069cd69c0ce1221a6f7bb554b992b3295322344907bf784afb5ff9c0,644,"{""lemma"": ""bound""}",bound,,,
cet4_endict_2016_expanded.json,50143a67069cd69c0ce1221a6f7bb554b992b3295322344907bf784afb5ff9c0,645,"{""lemma"": ""boundary""}",boundary,,,
cet4_endict_2016_expanded.json,50143a67069cd69c0ce1221a6f7bb554b992b3295322344907bf784afb5ff9c0,646,"{""lemma"": ""bow""}",bow,,,
cet4_endict_2016_expanded.json,50143a67069cd69c0ce1221a6f7bb554b992b3295322344907bf784afb5ff9c0,647,"{""lemma"": ""bowel""}",bowel,,,
cet4_endict_2016_expanded.json,50143a67069cd69c0ce1221a6f7bb554b992b3295322344907bf784afb5ff9c0,648,"{""lemma"": ""bowl""}",bowl,,,
cet4_endict_2016_expanded.json,50143a67069cd69c0ce1221a6f7bb554b992b3295322344907bf784afb5ff9c0,649,"{""lemma"": ""box""}",box,,,
cet4_endict_2016_expanded.json,50143a67069cd69c0ce1221a6f7bb554b992b3295322344907bf784afb5ff9c0,650,"{""lemma"": ""boxing""}",boxing,,,
cet4_endict_2016_expanded.json,50143a67069cd69c0ce1221a6f7bb554b992b3295322344907bf784afb5ff9c0,651,"{""lemma"": ""boy""}",boy,,,
cet4_endict_2016_expanded.json,50143a67069cd69c0ce1221a6f7bb554b992b3295322344907bf784afb5ff9c0,652,"{""lemma"": ""bracket""}",bracket,,,
cet4_endict_2016_expanded.json,50143a67069cd69c0ce1221a6f7bb554b992b3295322344907bf784afb5ff9c0,653,"{""lemma"": ""brag""}",brag,,,
cet4_endict_2016_expanded.json,50143a67069cd69c0ce1221a6f7bb554b992b3295322344907bf784afb5ff9c0,654,"{""lemma"": ""brain""}",brain,,,
cet4_endict_2016_expanded.json,50143a67069cd69c0ce1221a6f7bb554b992b3295322344907bf784afb5ff9c0,655,"{""lemma"": ""brake""}",brake,,,
cet4_endict_2016_expanded.json,50143a67069cd69c0ce1221a6f7bb554b992b3295322344907bf784afb5ff9c0,656,"{""lemma"": ""branch""}",branch,,,
cet4_endict_2016_expanded.json,50143a67069cd69c0ce1221a6f7bb554b992b3295322344907bf784afb5ff9c0,657,"{""lemma"": ""brand""}",brand,,,
cet4_endict_2016_expanded.json,50143a67069cd69c0ce1221a6f7bb554b992b3295322344907bf784afb5ff9c0,658,"{""lemma"": ""brand new""}",brand new,,,
cet4_endict_2016_expanded.json,50143a67069cd69c0ce1221a6f7bb554b992b3295322344907bf784afb5ff9c0,659,"{""lemma"": ""brandy""}",brandy,,,
cet4_endict_2016_expanded.json,50143a67069cd69c0ce1221a6f7bb554b992b3295322344907bf784afb5ff9c0,660,"{""lemma"": ""brass""}",brass,,,
cet4_endict_2016_expanded.json,50143a67069cd69c0ce1221a6f7bb554b992b3295322344907bf784afb5ff9c0,661,"{""lemma"": ""brave""}",brave,,,
cet4_endict_2016_expanded.json,50143a67069cd69c0ce1221a6f7bb554b992b3295322344907bf784afb5ff9c0,662,"{""lemma"": ""bravery""}",bravery,,,
cet4_endict_2016_expanded.json,50143a67069cd69c0ce1221a6f7bb554b992b3295322344907bf784afb5ff9c0,663,"{""lemma"": ""bread""}",bread,,,
cet4_endict_2016_expanded.json,50143a67069cd69c0ce1221a6f7bb554b992b3295322344907bf784afb5ff9c0,664,"{""lemma"": ""breadth""}",breadth,,,
cet4_endict_2016_expanded.json,50143a67069cd69c0ce1221a6f7bb554b992b3295322344907bf784afb5ff9c0,665,"{""lemma"": ""break""}",break,,,
cet4_endict_2016_expanded.json,50143a67069cd69c0ce1221a6f7bb554b992b3295322344907bf784afb5ff9c0,666,"{""lemma"": ""breakdown""}",breakdown,,,
cet4_endict_2016_expanded.json,50143a67069cd69c0ce1221a6f7bb554b992b3295322344907bf784afb5ff9c0,667,"{""lemma"": ""breakfast""}",breakfast,,,
cet4_endict_2016_expanded.json,50143a67069cd69c0ce1221a6f7bb554b992b3295322344907bf784afb5ff9c0,668,"{""lemma"": ""breakthrough""}",breakthrough,,,
cet4_endict_2016_expanded.json,50143a67069cd69c0ce1221a6f7bb554b992b3295322344907bf784afb5ff9c0,669,"{""lemma"": ""breast""}",breast,,,
cet4_endict_2016_expanded.json,50143a67069cd69c0ce1221a6f7bb554b992b3295322344907bf784afb5ff9c0,670,"{""lemma"": ""breath""}",breath,,,
cet4_endict_2016_expanded.json,50143a67069cd69c0ce1221a6f7bb554b992b3295322344907bf784afb5ff9c0,671,"{""lemma"": ""breathe""}",breathe,,,
cet4_endict_2016_expanded.json,50143a67069cd69c0ce1221a6f7bb554b992b3295322344907bf784afb5ff9c0,672,"{""lemma"": ""breed""}",breed,,,
cet4_endict_2016_expanded.json,50143a67069cd69c0ce1221a6f7bb554b992b3295322344907bf784afb5ff9c0,673,"{""lemma"": ""breeze""}",breeze,,,
cet4_endict_2016_expanded.json,50143a67069cd69c0ce1221a6f7bb554b992b3295322344907bf784afb5ff9c0,674,"{""lemma"": ""bribe""}",bribe,,,
cet4_endict_2016_expanded.json,50143a67069cd69c0ce1221a6f7bb554b992b3295322344907bf784afb5ff9c0,675,"{""lemma"": ""bribery""}",bribery,,,
cet4_endict_2016_expanded.json,50143a67069cd69c0ce1221a6f7bb554b992b3295322344907bf784afb5ff9c0,676,"{""lemma"": ""brick""}",brick,,,
cet4_endict_2016_expanded.json,50143a67069cd69c0ce1221a6f7bb554b992b3295322344907bf784afb5ff9c0,677,"{""lemma"": ""bride""}",bride,,,
cet4_endict_2016_expanded.json,50143a67069cd69c0ce1221a6f7bb554b992b3295322344907bf784afb5ff9c0,678,"{""lemma"": ""bridegroom""}",bridegroom,,,
cet4_endict_2016_expanded.json,50143a67069cd69c0ce1221a6f7bb554b992b3295322344907bf784afb5ff9c0,679,"{""lemma"": ""bridge""}",bridge,,,
cet4_endict_2016_expanded.json,50143a67069cd69c0ce1221a6f7bb554b992b3295322344907bf784afb5ff9c0,680,"{""lemma"": ""brief""}",brief,,,
cet4_endict_2016_expanded.json,50143a67069cd69c0ce1221a6f7bb554b992b3295322344907bf784afb5ff9c0,681,"{""lemma"": ""briefcase""}",briefcase,,,
cet4_endict_2016_expanded.json,50143a67069cd69c0ce1221a6f7bb554b992b3295322344907bf784afb5ff9c0,682,"{""lemma"": ""briefing""}",briefing,,,
cet4_endict_2016_expanded.json,50143a67069cd69c0ce1221a6f7bb554b992b3295322344907bf784afb5ff9c0,683,"{""lemma"": ""bright""}",bright,,,
cet4_endict_2016_expanded.json,50143a67069cd69c0ce1221a6f7bb554b992b3295322344907bf784afb5ff9c0,684,"{""lemma"": ""brighten""}",brighten,,,
cet4_endict_2016_expanded.json,50143a67069cd69c0ce1221a6f7bb554b992b3295322344907bf784afb5ff9c0,685,"{""lemma"": ""brilliance""}",brilliance,,,
cet4_endict_2016_expanded.json,50143a67069cd69c0ce1221a6f7bb554b992b3295322344907bf784afb5ff9c0,686,"{""lemma"": ""brilliant""}",brilliant,,,
cet4_endict_2016_expanded.json,50143a67069cd69c0ce1221a6f7bb554b992b3295322344907bf784afb5ff9c0,687,"{""lemma"": ""bring""}",bring,,,
cet4_endict_2016_expanded.json,50143a67069cd69c0ce1221a6f7bb554b992b3295322344907bf784afb5ff9c0,688,"{""lemma"": ""broad""}",broad,,,
cet4_endict_2016_expanded.json,50143a67069cd69c0ce1221a6f7bb554b992b3295322344907bf784afb5ff9c0,689,"{""lemma"": ""broadcast""}",broadcast,,,
cet4_endict_2016_expanded.json,50143a67069cd69c0ce1221a6f7bb554b992b3295322344907bf784afb5ff9c0,690,"{""lemma"": ""broaden""}",broaden,,,
cet4_endict_2016_expanded.json,50143a67069cd69c0ce1221a6f7bb554b992b3295322344907bf784afb5ff9c0,691,"{""lemma"": ""brochure""}",brochure,,,
cet4_endict_2016_expanded.json,50143a67069cd69c0ce1221a6f7bb554b992b3295322344907bf784afb5ff9c0,692,"{""lemma"": ""broke""}",broke,,,
cet4_endict_2016_expanded.json,50143a67069cd69c0ce1221a6f7bb554b992b3295322344907bf784afb5ff9c0,693,"{""lemma"": ""broker""}",broker,,,
cet4_endict_2016_expanded.json,50143a67069cd69c0ce1221a6f7bb554b992b3295322344907bf784afb5ff9c0,694,"{""lemma"": ""broom""}",broom,,,
cet4_endict_2016_expanded.json,50143a67069cd69c0ce1221a6f7bb554b992b3295322344907bf784afb5ff9c0,695,"{""lemma"": ""brother""}",brother,,,
cet4_endict_2016_expanded.json,50143a67069cd69c0ce1221a6f7bb554b992b3295322344907bf784afb5ff9c0,696,"{""lemma"": ""brow""}",brow,,,
cet4_endict_2016_expanded.json,50143a67069cd69c0ce1221a6f7bb554b992b3295322344907bf784afb5ff9c0,697,"{""lemma"": ""brown""}",brown,,,
cet4_endict_2016_expanded.json,50143a67069cd69c0ce1221a6f7bb554b992b3295322344907bf784afb5ff9c0,698,"{""lemma"": ""browse""}",browse,,,
cet4_endict_2016_expanded.json,50143a67069cd69c0ce1221a6f7bb554b992b3295322344907bf784afb5ff9c0,699,"{""lemma"": ""browser""}",browser,,,
cet4_endict_2016_expanded.json,50143a67069cd69c0ce1221a6f7bb554b992b3295322344907bf784afb5ff9c0,700,"{""lemma"": ""brunch""}",brunch,,,
cet4_endict_2016_expanded.json,50143a67069cd69c0ce1221a6f7bb554b992b3295322344907bf784afb5ff9c0,701,"{""lemma"": ""brush""}",brush,,,
cet4_endict_2016_expanded.json,50143a67069cd69c0ce1221a6f7bb554b992b3295322344907bf784afb5ff9c0,702,"{""lemma"": ""brutal""}",brutal,,,
cet4_endict_2016_expanded.json,50143a67069cd69c0ce1221a6f7bb554b992b3295322344907bf784afb5ff9c0,703,"{""lemma"": ""brutality""}",brutality,,,
cet4_endict_2016_expanded.json,50143a67069cd69c0ce1221a6f7bb554b992b3295322344907bf784afb5ff9c0,704,"{""lemma"": ""bubble""}",bubble,,,
cet4_endict_2016_expanded.json,50143a67069cd69c0ce1221a6f7bb554b992b3295322344907bf784afb5ff9c0,705,"{""lemma"": ""buck""}",buck,,,
cet4_endict_2016_expanded.json,50143a67069cd69c0ce1221a6f7bb554b992b3295322344907bf784afb5ff9c0,706,"{""lemma"": ""bucket""}",bucket,,,
cet4_endict_2016_expanded.json,50143a67069cd69c0ce1221a6f7bb554b992b3295322344907bf784afb5ff9c0,707,"{""lemma"": ""buckle""}",buckle,,,
cet4_endict_2016_expanded.json,50143a67069cd69c0ce1221a6f7bb554b992b3295322344907bf784afb5ff9c0,708,"{""lemma"": ""bud""}",bud,,,
cet4_endict_2016_expanded.json,50143a67069cd69c0ce1221a6f7bb554b992b3295322344907bf784afb5ff9c0,709,"{""lemma"": ""buddy""}",buddy,,,
cet4_endict_2016_expanded.json,50143a67069cd69c0ce1221a6f7bb554b992b3295322344907bf784afb5ff9c0,710,"{""lemma"": ""budget""}",budget,,,
cet4_endict_2016_expanded.json,50143a67069cd69c0ce1221a6f7bb554b992b3295322344907bf784afb5ff9c0,711,"{""lemma"": ""budgetary""}",budgetary,,,
cet4_endict_2016_expanded.json,50143a67069cd69c0ce1221a6f7bb554b992b3295322344907bf784afb5ff9c0,712,"{""lemma"": ""buffet""}",buffet,,,
cet4_endict_2016_expanded.json,50143a67069cd69c0ce1221a6f7bb554b992b3295322344907bf784afb5ff9c0,713,"{""lemma"": ""bug""}",bug,,,
cet4_endict_2016_expanded.json,50143a67069cd69c0ce1221a6f7bb554b992b3295322344907bf784afb5ff9c0,714,"{""lemma"": ""build""}",build,,,
cet4_endict_2016_expanded.json,50143a67069cd69c0ce1221a6f7bb554b992b3295322344907bf784afb5ff9c0,715,"{""lemma"": ""building""}",building,,,
cet4_endict_2016_expanded.json,50143a67069cd69c0ce1221a6f7bb554b992b3295322344907bf784afb5ff9c0,716,"{""lemma"": ""bulb""}",bulb,,,
cet4_endict_2016_expanded.json,50143a67069cd69c0ce1221a6f7bb554b992b3295322344907bf784afb5ff9c0,717,"{""lemma"": ""bulk""}",bulk,,,
cet4_endict_2016_expanded.json,50143a67069cd69c0ce1221a6f7bb554b992b3295322344907bf784afb5ff9c0,718,"{""lemma"": ""bulky""}",bulky,,,
cet4_endict_2016_expanded.json,50143a67069cd69c0ce1221a6f7bb554b992b3295322344907bf784afb5ff9c0,719,"{""lemma"": ""bull""}",bull,,,
cet4_endict_2016_expanded.json,50143a67069cd69c0ce1221a6f7bb554b992b3295322344907bf784afb5ff9c0,720,"{""lemma"": ""bullet""}",bullet,,,
cet4_endict_2016_expanded.json,50143a67069cd69c0ce1221a6f7bb554b992b3295322344907bf784afb5ff9c0,721,"{""lemma"": ""bulletin""}",bulletin,,,
cet4_endict_2016_expanded.json,50143a67069cd69c0ce1221a6f7bb554b992b3295322344907bf784afb5ff9c0,722,"{""lemma"": ""bully""}",bully,,,
cet4_endict_2016_expanded.json,50143a67069cd69c0ce1221a6f7bb554b992b3295322344907bf784afb5ff9c0,723,"{""lemma"": ""bump""}",bump,,,
cet4_endict_2016_expanded.json,50143a67069cd69c0ce1221a6f7bb554b992b3295322344907bf784afb5ff9c0,724,"{""lemma"": ""bumper""}",bumper,,,
cet4_endict_2016_expanded.json,50143a67069cd69c0ce1221a6f7bb554b992b3295322344907bf784afb5ff9c0,725,"{""lemma"": ""bunch""}",bunch,,,
cet4_endict_2016_expanded.json,50143a67069cd69c0ce1221a6f7bb554b992b3295322344907bf784afb5ff9c0,726,"{""lemma"": ""bundle""}",bundle,,,
cet4_endict_2016_expanded.json,50143a67069cd69c0ce1221a6f7bb554b992b3295322344907bf784afb5ff9c0,727,"{""lemma"": ""burden""}",burden,,,
cet4_endict_2016_expanded.json,50143a67069cd69c0ce1221a6f7bb554b992b3295322344907bf784afb5ff9c0,728,"{""lemma"": ""bureau""}",bureau,,,
cet4_endict_2016_expanded.json,50143a67069cd69c0ce1221a6f7bb554b992b3295322344907bf784afb5ff9c0,729,"{""lemma"": ""burger""}",burger,,,
cet4_endict_2016_expanded.json,50143a67069cd69c0ce1221a6f7bb554b992b3295322344907bf784afb5ff9c0,730,"{""lemma"": ""burial""}",burial,,,
cet4_endict_2016_expanded.json,50143a67069cd69c0ce1221a6f7bb554b992b3295322344907bf784afb5ff9c0,731,"{""lemma"": ""burn""}",burn,,,
cet4_endict_2016_expanded.json,50143a67069cd69c0ce1221a6f7bb554b992b3295322344907bf784afb5ff9c0,732,"{""lemma"": ""burst""}",burst,,,
cet4_endict_2016_expanded.json,50143a67069cd69c0ce1221a6f7bb554b992b3295322344907bf784afb5ff9c0,733,"{""lemma"": ""bury""}",bury,,,
cet4_endict_2016_expanded.json,50143a67069cd69c0ce1221a6f7bb554b992b3295322344907bf784afb5ff9c0,734,"{""lemma"": ""bus""}",bus,,,
cet4_endict_2016_expanded.json,50143a67069cd69c0ce1221a6f7bb554b992b3295322344907bf784afb5ff9c0,735,"{""lemma"": ""bush""}",bush,,,
cet4_endict_2016_expanded.json,50143a67069cd69c0ce1221a6f7bb554b992b3295322344907bf784afb5ff9c0,736,"{""lemma"": ""bushy""}",bushy,,,
cet4_endict_2016_expanded.json,50143a67069cd69c0ce1221a6f7bb554b992b3295322344907bf784afb5ff9c0,737,"{""lemma"": ""business""}",business,,,
cet4_endict_2016_expanded.json,50143a67069cd69c0ce1221a6f7bb554b992b3295322344907bf784afb5ff9c0,738,"{""lemma"": ""businessman""}",businessman,,,
cet4_endict_2016_expanded.json,50143a67069cd69c0ce1221a6f7bb554b992b3295322344907bf784afb5ff9c0,739,"{""lemma"": ""busy""}",busy,,,
cet4_endict_2016_expanded.json,50143a67069cd69c0ce1221a6f7bb554b992b3295322344907bf784afb5ff9c0,740,"{""lemma"": ""but""}",but,,,
cet4_endict_2016_expanded.json,50143a67069cd69c0ce1221a6f7bb554b992b3295322344907bf784afb5ff9c0,741,"{""lemma"": ""butcher""}",butcher,,,
cet4_endict_2016_expanded.json,50143a67069cd69c0ce1221a6f7bb554b992b3295322344907bf784afb5ff9c0,742,"{""lemma"": ""butter""}",butter,,,
cet4_endict_2016_expanded.json,50143a67069cd69c0ce1221a6f7bb554b992b3295322344907bf784afb5ff9c0,743,"{""lemma"": ""butterfly""}",butterfly,,,
cet4_endict_2016_expanded.json,50143a67069cd69c0ce1221a6f7bb554b992b3295322344907bf784afb5ff9c0,744,"{""lemma"": ""button""}",button,,,
cet4_endict_2016_expanded.json,50143a67069cd69c0ce1221a6f7bb554b992b3295322344907bf784afb5ff9c0,745,"{""lemma"": ""buy""}",buy,,,
cet4_endict_2016_expanded.json,50143a67069cd69c0ce1221a6f7bb554b992b3295322344907bf784afb5ff9c0,746,"{""lemma"": ""buyer""}",buyer,,,
cet4_endict_2016_expanded.json,50143a67069cd69c0ce1221a6f7bb554b992b3295322344907bf784afb5ff9c0,747,"{""lemma"": ""by""}",by,,,
cet4_endict_2016_expanded.json,50143a67069cd69c0ce1221a6f7bb554b992b3295322344907bf784afb5ff9c0,748,"{""lemma"": ""bypass""}",bypass,,,
cet4_endict_2016_expanded.json,50143a67069cd69c0ce1221a6f7bb554b992b3295322344907bf784afb5ff9c0,749,"{""lemma"": ""bystander""}",bystander,,,
cet4_endict_2016_expanded.json,50143a67069cd69c0ce1221a6f7bb554b992b3295322344907bf784afb5ff9c0,750,"{""lemma"": ""cab""}",cab,,,
cet4_endict_2016_expanded.json,50143a67069cd69c0ce1221a6f7bb554b992b3295322344907bf784afb5ff9c0,751,"{""lemma"": ""cabbage""}",cabbage,,,
cet4_endict_2016_expanded.json,50143a67069cd69c0ce1221a6f7bb554b992b3295322344907bf784afb5ff9c0,752,"{""lemma"": ""cabin""}",cabin,,,
cet4_endict_2016_expanded.json,50143a67069cd69c0ce1221a6f7bb554b992b3295322344907bf784afb5ff9c0,753,"{""lemma"": ""cabinet""}",cabinet,,,
cet4_endict_2016_expanded.json,50143a67069cd69c0ce1221a6f7bb554b992b3295322344907bf784afb5ff9c0,754,"{""lemma"": ""cable""}",cable,,,
cet4_endict_2016_expanded.json,50143a67069cd69c0ce1221a6f7bb554b992b3295322344907bf784afb5ff9c0,755,"{""lemma"": ""cafe""}",cafe,,,
cet4_endict_2016_expanded.json,50143a67069cd69c0ce1221a6f7bb554b992b3295322344907bf784afb5ff9c0,756,"{""lemma"": ""cafeteria""}",cafeteria,,,
cet4_endict_2016_expanded.json,50143a67069cd69c0ce1221a6f7bb554b992b3295322344907bf784afb5ff9c0,757,"{""lemma"": ""cage""}",cage,,,
cet4_endict_2016_expanded.json,50143a67069cd69c0ce1221a6f7bb554b992b3295322344907bf784afb5ff9c0,758,"{""lemma"": ""cake""}",cake,,,
cet4_endict_2016_expanded.json,50143a67069cd69c0ce1221a6f7bb554b992b3295322344907bf784afb5ff9c0,759,"{""lemma"": ""calculate""}",calculate,,,
cet4_endict_2016_expanded.json,50143a67069cd69c0ce1221a6f7bb554b992b3295322344907bf784afb5ff9c0,760,"{""lemma"": ""calculating""}",calculating,,,
cet4_endict_2016_expanded.json,50143a67069cd69c0ce1221a6f7bb554b992b3295322344907bf784afb5ff9c0,761,"{""lemma"": ""calculation""}",calculation,,,
cet4_endict_2016_expanded.json,50143a67069cd69c0ce1221a6f7bb554b992b3295322344907bf784afb5ff9c0,762,"{""lemma"": ""calculator""}",calculator,,,
cet4_endict_2016_expanded.json,50143a67069cd69c0ce1221a6f7bb554b992b3295322344907bf784afb5ff9c0,763,"{""lemma"": ""calendar""}",calendar,,,
cet4_endict_2016_expanded.json,50143a67069cd69c0ce1221a6f7bb554b992b3295322344907bf784afb5ff9c0,764,"{""lemma"": ""calf""}",calf,,,
cet4_endict_2016_expanded.json,50143a67069cd69c0ce1221a6f7bb554b992b3295322344907bf784afb5ff9c0,765,"{""lemma"": ""call""}",call,,,
cet4_endict_2016_expanded.json,50143a67069cd69c0ce1221a6f7bb554b992b3295322344907bf784afb5ff9c0,766,"{""lemma"": ""calling""}",calling,,,
cet4_endict_2016_expanded.json,50143a67069cd69c0ce1221a6f7bb554b992b3295322344907bf784afb5ff9c0,767,"{""lemma"": ""calm""}",calm,,,
cet4_endict_2016_expanded.json,50143a67069cd69c0ce1221a6f7bb554b992b3295322344907bf784afb5ff9c0,768,"{""lemma"": ""calorie""}",calorie,,,
cet4_endict_2016_expanded.json,50143a67069cd69c0ce1221a6f7bb554b992b3295322344907bf784afb5ff9c0,769,"{""lemma"": ""camel""}",camel,,,
cet4_endict_2016_expanded.json,50143a67069cd69c0ce1221a6f7bb554b992b3295322344907bf784afb5ff9c0,770,"{""lemma"": ""camera""}",camera,,,
cet4_endict_2016_expanded.json,50143a67069cd69c0ce1221a6f7bb554b992b3295322344907bf784afb5ff9c0,771,"{""lemma"": ""camp""}",camp,,,
cet4_endict_2016_expanded.json,50143a67069cd69c0ce1221a6f7bb554b992b3295322344907bf784afb5ff9c0,772,"{""lemma"": ""campaign""}",campaign,,,
cet4_endict_2016_expanded.json,50143a67069cd69c0ce1221a6f7bb554b992b3295322344907bf784afb5ff9c0,773,"{""lemma"": ""campus""}",campus,,,
cet4_endict_2016_expanded.json,50143a67069cd69c0ce1221a6f7bb554b992b3295322344907bf784afb5ff9c0,774,"{""lemma"": ""can""}",can,,,
cet4_endict_2016_expanded.json,50143a67069cd69c0ce1221a6f7bb554b992b3295322344907bf784afb5ff9c0,775,"{""lemma"": ""canal""}",canal,,,
cet4_endict_2016_expanded.json,50143a67069cd69c0ce1221a6f7bb554b992b3295322344907bf784afb5ff9c0,776,"{""lemma"": ""cancel""}",cancel,,,
cet4_endict_2016_expanded.json,50143a67069cd69c0ce1221a6f7bb554b992b3295322344907bf784afb5ff9c0,777,"{""lemma"": ""cancellation""}",cancellation,,,
cet4_endict_2016_expanded.json,50143a67069cd69c0ce1221a6f7bb554b992b3295322344907bf784afb5ff9c0,778,"{""lemma"": ""cancer""}",cancer,,,
cet4_endict_2016_expanded.json,50143a67069cd69c0ce1221a6f7bb554b992b3295322344907bf784afb5ff9c0,779,"{""lemma"": ""candidacy""}",candidacy,,,
cet4_endict_2016_expanded.json,50143a67069cd69c0ce1221a6f7bb554b992b3295322344907bf784afb5ff9c0,780,"{""lemma"": ""candidate""}",candidate,,,
cet4_endict_2016_expanded.json,50143a67069cd69c0ce1221a6f7bb554b992b3295322344907bf784afb5ff9c0,781,"{""lemma"": ""candle""}",candle,,,
cet4_endict_2016_expanded.json,50143a67069cd69c0ce1221a6f7bb554b992b3295322344907bf784afb5ff9c0,782,"{""lemma"": ""candy""}",candy,,,
cet4_endict_2016_expanded.json,50143a67069cd69c0ce1221a6f7bb554b992b3295322344907bf784afb5ff9c0,783,"{""lemma"": ""cane""}",cane,,,
cet4_endict_2016_expanded.json,50143a67069cd69c0ce1221a6f7bb554b992b3295322344907bf784afb5ff9c0,784,"{""lemma"": ""canteen""}",canteen,,,
cet4_endict_2016_expanded.json,50143a67069cd69c0ce1221a6f7bb554b992b3295322344907bf784afb5ff9c0,785,"{""lemma"": ""cap""}",cap,,,
cet4_endict_2016_expanded.json,50143a67069cd69c0ce1221a6f7bb554b992b3295322344907bf784afb5ff9c0,786,"{""lemma"": ""capability""}",capability,,,
cet4_endict_2016_expanded.json,50143a67069cd69c0ce1221a6f7bb554b992b3295322344907bf784afb5ff9c0,787,"{""lemma"": ""capable""}",capable,,,
cet4_endict_2016_expanded.json,50143a67069cd69c0ce1221a6f7bb554b992b3295322344907bf784afb5ff9c0,788,"{""lemma"": ""capacity""}",capacity,,,
cet4_endict_2016_expanded.json,50143a67069cd69c0ce1221a6f7bb554b992b3295322344907bf784afb5ff9c0,789,"{""lemma"": ""capital""}",capital,,,
cet4_endict_2016_expanded.json,50143a67069cd69c0ce1221a6f7bb554b992b3295322344907bf784afb5ff9c0,790,"{""lemma"": ""capitalism""}",capitalism,,,
cet4_endict_2016_expanded.json,50143a67069cd69c0ce1221a6f7bb554b992b3295322344907bf784afb5ff9c0,791,"{""lemma"": ""capitalist""}",capitalist,,,
cet4_endict_2016_expanded.json,50143a67069cd69c0ce1221a6f7bb554b992b3295322344907bf784afb5ff9c0,792,"{""lemma"": ""captain""}",captain,,,
cet4_endict_2016_expanded.json,50143a67069cd69c0ce1221a6f7bb554b992b3295322344907bf784afb5ff9c0,793,"{""lemma"": ""capture""}",capture,,,
cet4_endict_2016_expanded.json,50143a67069cd69c0ce1221a6f7bb554b992b3295322344907bf784afb5ff9c0,794,"{""lemma"": ""car""}",car,,,
cet4_endict_2016_expanded.json,50143a67069cd69c0ce1221a6f7bb554b992b3295322344907bf784afb5ff9c0,795,"{""lemma"": ""carbon""}",carbon,,,
cet4_endict_2016_expanded.json,50143a67069cd69c0ce1221a6f7bb554b992b3295322344907bf784afb5ff9c0,796,"{""lemma"": ""card""}",card,,,
cet4_endict_2016_expanded.json,50143a67069cd69c0ce1221a6f7bb554b992b3295322344907bf784afb5ff9c0,797,"{""lemma"": ""cardboard""}",cardboard,,,
cet4_endict_2016_expanded.json,50143a67069cd69c0ce1221a6f7bb554b992b3295322344907bf784afb5ff9c0,798,"{""lemma"": ""care""}",care,,,
cet4_endict_2016_expanded.json,50143a67069cd69c0ce1221a6f7bb554b992b3295322344907bf784afb5ff9c0,799,"{""lemma"": ""career""}",career,,,
cet4_endict_2016_expanded.json,50143a67069cd69c0ce1221a6f7bb554b992b3295322344907bf784afb5ff9c0,800,"{""lemma"": ""careful""}",careful,,,
cet4_endict_2016_expanded.json,50143a67069cd69c0ce1221a6f7bb554b992b3295322344907bf784afb5ff9c0,801,"{""lemma"": ""careless""}",careless,,,
cet4_endict_2016_expanded.json,50143a67069cd69c0ce1221a6f7bb554b992b3295322344907bf784afb5ff9c0,802,"{""lemma"": ""cargo""}",cargo,,,
cet4_endict_2016_expanded.json,50143a67069cd69c0ce1221a6f7bb554b992b3295322344907bf784afb5ff9c0,803,"{""lemma"": ""carpenter""}",carpenter,,,
cet4_endict_2016_expanded.json,50143a67069cd69c0ce1221a6f7bb554b992b3295322344907bf784afb5ff9c0,804,"{""lemma"": ""carpet""}",carpet,,,
cet4_endict_2016_expanded.json,50143a67069cd69c0ce1221a6f7bb554b992b3295322344907bf784afb5ff9c0,805,"{""lemma"": ""carriage""}",carriage,,,
cet4_endict_2016_expanded.json,50143a67069cd69c0ce1221a6f7bb554b992b3295322344907bf784afb5ff9c0,806,"{""lemma"": ""carrier""}",carrier,,,
cet4_endict_2016_expanded.json,50143a67069cd69c0ce1221a6f7bb554b992b3295322344907bf784afb5ff9c0,807,"{""lemma"": ""carrot""}",carrot,,,
cet4_endict_2016_expanded.json,50143a67069cd69c0ce1221a6f7bb554b992b3295322344907bf784afb5ff9c0,808,"{""lemma"": ""carry""}",carry,,,
cet4_endict_2016_expanded.json,50143a67069cd69c0ce1221a6f7bb554b992b3295322344907bf784afb5ff9c0,809,"{""lemma"": ""cart""}",cart,,,
cet4_endict_2016_expanded.json,50143a67069cd69c0ce1221a6f7bb554b992b3295322344907bf784afb5ff9c0,810,"{""lemma"": ""cartoon""}",cartoon,,,
cet4_endict_2016_expanded.json,50143a67069cd69c0ce1221a6f7bb554b992b3295322344907bf784afb5ff9c0,811,"{""lemma"": ""cartoonist""}",cartoonist,,,
cet4_endict_2016_expanded.json,50143a67069cd69c0ce1221a6f7bb554b992b3295322344907bf784afb5ff9c0,812,"{""lemma"": ""case""}",case,,,
cet4_endict_2016_expanded.json,50143a67069cd69c0ce1221a6f7bb554b992b3295322344907bf784afb5ff9c0,813,"{""lemma"": ""cash""}",cash,,,
cet4_endict_2016_expanded.json,50143a67069cd69c0ce1221a6f7bb554b992b3295322344907bf784afb5ff9c0,814,"{""lemma"": ""cashier""}",cashier,,,
cet4_endict_2016_expanded.json,50143a67069cd69c0ce1221a6f7bb554b992b3295322344907bf784afb5ff9c0,815,"{""lemma"": ""cast""}",cast,,,
cet4_endict_2016_expanded.json,50143a67069cd69c0ce1221a6f7bb554b992b3295322344907bf784afb5ff9c0,816,"{""lemma"": ""castle""}",castle,,,
cet4_endict_2016_expanded.json,50143a67069cd69c0ce1221a6f7bb554b992b3295322344907bf784afb5ff9c0,817,"{""lemma"": ""casual""}",casual,,,
cet4_endict_2016_expanded.json,50143a67069cd69c0ce1221a6f7bb554b992b3295322344907bf784afb5ff9c0,818,"{""lemma"": ""cat""}",cat,,,
cet4_endict_2016_expanded.json,50143a67069cd69c0ce1221a6f7bb554b992b3295322344907bf784afb5ff9c0,819,"{""lemma"": ""catalog""}",catalog,,,
cet4_endict_2016_expanded.json,50143a67069cd69c0ce1221a6f7bb554b992b3295322344907bf784afb5ff9c0,820,"{""lemma"": ""catch""}",catch,,,
cet4_endict_2016_expanded.json,50143a67069cd69c0ce1221a6f7bb554b992b3295322344907bf784afb5ff9c0,821,"{""lemma"": ""category""}",category,,,
cet4_endict_2016_expanded.json,50143a67069cd69c0ce1221a6f7bb554b992b3295322344907bf784afb5ff9c0,822,"{""lemma"": ""cater""}",cater,,,
cet4_endict_2016_expanded.json,50143a67069cd69c0ce1221a6f7bb554b992b3295322344907bf784afb5ff9c0,823,"{""lemma"": ""cattle""}",cattle,,,
cet4_endict_2016_expanded.json,50143a67069cd69c0ce1221a6f7bb554b992b3295322344907bf784afb5ff9c0,824,"{""lemma"": ""cause""}",cause,,,
cet4_endict_2016_expanded.json,50143a67069cd69c0ce1221a6f7bb554b992b3295322344907bf784afb5ff9c0,825,"{""lemma"": ""caution""}",caution,,,
cet4_endict_2016_expanded.json,50143a67069cd69c0ce1221a6f7bb554b992b3295322344907bf784afb5ff9c0,826,"{""lemma"": ""cautious""}",cautious,,,
cet4_endict_2016_expanded.json,50143a67069cd69c0ce1221a6f7bb554b992b3295322344907bf784afb5ff9c0,827,"{""lemma"": ""cave""}",cave,,,
cet4_endict_2016_expanded.json,50143a67069cd69c0ce1221a6f7bb554b992b3295322344907bf784afb5ff9c0,828,"{""lemma"": ""cease""}",cease,,,
cet4_endict_2016_expanded.json,50143a67069cd69c0ce1221a6f7bb554b992b3295322344907bf784afb5ff9c0,829,"{""lemma"": ""ceiling""}",ceiling,,,
cet4_endict_2016_expanded.json,50143a67069cd69c0ce1221a6f7bb554b992b3295322344907bf784afb5ff9c0,830,"{""lemma"": ""celebrate""}",celebrate,,,
cet4_endict_2016_expanded.json,50143a67069cd69c0ce1221a6f7bb554b992b3295322344907bf784afb5ff9c0,831,"{""lemma"": ""celebration""}",celebration,,,
cet4_endict_2016_expanded.json,50143a67069cd69c0ce1221a6f7bb554b992b3295322344907bf784afb5ff9c0,832,"{""lemma"": ""cell""}",cell,,,
cet4_endict_2016_expanded.json,50143a67069cd69c0ce1221a6f7bb554b992b3295322344907bf784afb5ff9c0,833,"{""lemma"": ""cell phone""}",cell phone,,,
cet4_endict_2016_expanded.json,50143a67069cd69c0ce1221a6f7bb554b992b3295322344907bf784afb5ff9c0,834,"{""lemma"": ""cellar""}",cellar,,,
cet4_endict_2016_expanded.json,50143a67069cd69c0ce1221a6f7bb554b992b3295322344907bf784afb5ff9c0,835,"{""lemma"": ""Celsius""}",Celsius,,,
cet4_endict_2016_expanded.json,50143a67069cd69c0ce1221a6f7bb554b992b3295322344907bf784afb5ff9c0,836,"{""lemma"": ""cement""}",cement,,,
cet4_endict_2016_expanded.json,50143a67069cd69c0ce1221a6f7bb554b992b3295322344907bf784afb5ff9c0,837,"{""lemma"": ""cent""}",cent,,,
cet4_endict_2016_expanded.json,50143a67069cd69c0ce1221a6f7bb554b992b3295322344907bf784afb5ff9c0,838,"{""lemma"": ""center""}",center,,,
cet4_endict_2016_expanded.json,50143a67069cd69c0ce1221a6f7bb554b992b3295322344907bf784afb5ff9c0,839,"{""lemma"": ""centigrade""}",centigrade,,,
cet4_endict_2016_expanded.json,50143a67069cd69c0ce1221a6f7bb554b992b3295322344907bf784afb5ff9c0,840,"{""lemma"": ""centimeter""}",centimeter,,,
cet4_endict_2016_expanded.json,50143a67069cd69c0ce1221a6f7bb554b992b3295322344907bf784afb5ff9c0,841,"{""lemma"": ""central""}",central,,,
cet4_endict_2016_expanded.json,50143a67069cd69c0ce1221a6f7bb554b992b3295322344907bf784afb5ff9c0,842,"{""lemma"": ""centralize""}",centralize,,,
cet4_endict_2016_expanded.json,50143a67069cd69c0ce1221a6f7bb554b992b3295322344907bf784afb5ff9c0,843,"{""lemma"": ""century""}",century,,,
cet4_endict_2016_expanded.json,50143a67069cd69c0ce1221a6f7bb554b992b3295322344907bf784afb5ff9c0,844,"{""lemma"": ""cereal""}",cereal,,,
cet4_endict_2016_expanded.json,50143a67069cd69c0ce1221a6f7bb554b992b3295322344907bf784afb5ff9c0,845,"{""lemma"": ""ceremonial""}",ceremonial,,,
cet4_endict_2016_expanded.json,50143a67069cd69c0ce1221a6f7bb554b992b3295322344907bf784afb5ff9c0,846,"{""lemma"": ""ceremony""}",ceremony,,,
cet4_endict_2016_expanded.json,50143a67069cd69c0ce1221a6f7bb554b992b3295322344907bf784afb5ff9c0,847,"{""lemma"": ""certain""}",certain,,,
cet4_endict_2016_expanded.json,50143a67069cd69c0ce1221a6f7bb554b992b3295322344907bf784afb5ff9c0,848,"{""lemma"": ""certainly""}",certainly,,,
cet4_endict_2016_expanded.json,50143a67069cd69c0ce1221a6f7bb554b992b3295322344907bf784afb5ff9c0,849,"{""lemma"": ""certainty""}",certainty,,,
cet4_endict_2016_expanded.json,50143a67069cd69c0ce1221a6f7bb554b992b3295322344907bf784afb5ff9c0,850,"{""lemma"": ""certificate""}",certificate,,,
cet4_endict_2016_expanded.json,50143a67069cd69c0ce1221a6f7bb554b992b3295322344907bf784afb5ff9c0,851,"{""lemma"": ""chain""}",chain,,,
cet4_endict_2016_expanded.json,50143a67069cd69c0ce1221a6f7bb554b992b3295322344907bf784afb5ff9c0,852,"{""lemma"": ""chair""}",chair,,,
cet4_endict_2016_expanded.json,50143a67069cd69c0ce1221a6f7bb554b992b3295322344907bf784afb5ff9c0,853,"{""lemma"": ""chairman""}",chairman,,,
cet4_endict_2016_expanded.json,50143a67069cd69c0ce1221a6f7bb554b992b3295322344907bf784afb5ff9c0,854,"{""lemma"": ""chairperson""}",chairperson,,,
cet4_endict_2016_expanded.json,50143a67069cd69c0ce1221a6f7bb554b992b3295322344907bf784afb5ff9c0,855,"{""lemma"": ""chalk""}",chalk,,,
cet4_endict_2016_expanded.json,50143a67069cd69c0ce1221a6f7bb554b992b3295322344907bf784afb5ff9c0,856,"{""lemma"": ""challenge""}",challenge,,,
cet4_endict_2016_expanded.json,50143a67069cd69c0ce1221a6f7bb554b992b3295322344907bf784afb5ff9c0,857,"{""lemma"": ""challenging""}",challenging,,,
cet4_endict_2016_expanded.json,50143a67069cd69c0ce1221a6f7bb554b992b3295322344907bf784afb5ff9c0,858,"{""lemma"": ""champagne""}",champagne,,,
cet4_endict_2016_expanded.json,50143a67069cd69c0ce1221a6f7bb554b992b3295322344907bf784afb5ff9c0,859,"{""lemma"": ""champion""}",champion,,,
cet4_endict_2016_expanded.json,50143a67069cd69c0ce1221a6f7bb554b992b3295322344907bf784afb5ff9c0,860,"{""lemma"": ""championship""}",championship,,,
cet4_endict_2016_expanded.json,50143a67069cd69c0ce1221a6f7bb554b992b3295322344907bf784afb5ff9c0,861,"{""lemma"": ""chance""}",chance,,,
cet4_endict_2016_expanded.json,50143a67069cd69c0ce1221a6f7bb554b992b3295322344907bf784afb5ff9c0,862,"{""lemma"": ""change""}",change,,,
cet4_endict_2016_expanded.json,50143a67069cd69c0ce1221a6f7bb554b992b3295322344907bf784afb5ff9c0,863,"{""lemma"": ""channel""}",channel,,,
cet4_endict_2016_expanded.json,50143a67069cd69c0ce1221a6f7bb554b992b3295322344907bf784afb5ff9c0,864,"{""lemma"": ""chaos""}",chaos,,,
cet4_endict_2016_expanded.json,50143a67069cd69c0ce1221a6f7bb554b992b3295322344907bf784afb5ff9c0,865,"{""lemma"": ""chaotic""}",chaotic,,,
cet4_endict_2016_expanded.json,50143a67069cd69c0ce1221a6f7bb554b992b3295322344907bf784afb5ff9c0,866,"{""lemma"": ""chapter""}",chapter,,,
cet4_endict_2016_expanded.json,50143a67069cd69c0ce1221a6f7bb554b992b3295322344907bf784afb5ff9c0,867,"{""lemma"": ""character""}",character,,,
cet4_endict_2016_expanded.json,50143a67069cd69c0ce1221a6f7bb554b992b3295322344907bf784afb5ff9c0,868,"{""lemma"": ""characteristic""}",characteristic,,,
cet4_endict_2016_expanded.json,50143a67069cd69c0ce1221a6f7bb554b992b3295322344907bf784afb5ff9c0,869,"{""lemma"": ""characterize""}",characterize,,,
cet4_endict_2016_expanded.json,50143a67069cd69c0ce1221a6f7bb554b992b3295322344907bf784afb5ff9c0,870,"{""lemma"": ""charge""}",charge,,,
cet4_endict_2016_expanded.json,50143a67069cd69c0ce1221a6f7bb554b992b3295322344907bf784afb5ff9c0,871,"{""lemma"": ""charitable""}",charitable,,,
cet4_endict_2016_expanded.json,50143a67069cd69c0ce1221a6f7bb554b992b3295322344907bf784afb5ff9c0,872,"{""lemma"": ""charity""}",charity,,,
cet4_endict_2016_expanded.json,50143a67069cd69c0ce1221a6f7bb554b992b3295322344907bf784afb5ff9c0,873,"{""lemma"": ""charm""}",charm,,,
cet4_endict_2016_expanded.json,50143a67069cd69c0ce1221a6f7bb554b992b3295322344907bf784afb5ff9c0,874,"{""lemma"": ""charming""}",charming,,,
cet4_endict_2016_expanded.json,50143a67069cd69c0ce1221a6f7bb554b992b3295322344907bf784afb5ff9c0,875,"{""lemma"": ""chart""}",chart,,,
cet4_endict_2016_expanded.json,50143a67069cd69c0ce1221a6f7bb554b992b3295322344907bf784afb5ff9c0,876,"{""lemma"": ""charter""}",charter,,,
cet4_endict_2016_expanded.json,50143a67069cd69c0ce1221a6f7bb554b992b3295322344907bf784afb5ff9c0,877,"{""lemma"": ""chase""}",chase,,,
cet4_endict_2016_expanded.json,50143a67069cd69c0ce1221a6f7bb554b992b3295322344907bf784afb5ff9c0,878,"{""lemma"": ""chat""}",chat,,,
cet4_endict_2016_expanded.json,50143a67069cd69c0ce1221a6f7bb554b992b3295322344907bf784afb5ff9c0,879,"{""lemma"": ""cheap""}",cheap,,,
cet4_endict_2016_expanded.json,50143a67069cd69c0ce1221a6f7bb554b992b3295322344907bf784afb5ff9c0,880,"{""lemma"": ""cheat""}",cheat,,,
cet4_endict_2016_expanded.json,50143a67069cd69c0ce1221a6f7bb554b992b3295322344907bf784afb5ff9c0,881,"{""lemma"": ""check""}",check,,,
cet4_endict_2016_expanded.json,50143a67069cd69c0ce1221a6f7bb554b992b3295322344907bf784afb5ff9c0,882,"{""lemma"": ""cheek""}",cheek,,,
cet4_endict_2016_expanded.json,50143a67069cd69c0ce1221a6f7bb554b992b3295322344907bf784afb5ff9c0,883,"{""lemma"": ""cheer""}",cheer,,,
cet4_endict_2016_expanded.json,50143a67069cd69c0ce1221a6f7bb554b992b3295322344907bf784afb5ff9c0,884,"{""lemma"": ""cheerful""}",cheerful,,,
cet4_endict_2016_expanded.json,50143a67069cd69c0ce1221a6f7bb554b992b3295322344907bf784afb5ff9c0,885,"{""lemma"": ""cheese""}",cheese,,,
cet4_endict_2016_expanded.json,50143a67069cd69c0ce1221a6f7bb554b992b3295322344907bf784afb5ff9c0,886,"{""lemma"": ""chef""}",chef,,,
cet4_endict_2016_expanded.json,50143a67069cd69c0ce1221a6f7bb554b992b3295322344907bf784afb5ff9c0,887,"{""lemma"": ""chemical""}",chemical,,,
cet4_endict_2016_expanded.json,50143a67069cd69c0ce1221a6f7bb554b992b3295322344907bf784afb5ff9c0,888,"{""lemma"": ""chemist""}",chemist,,,
cet4_endict_2016_expanded.json,50143a67069cd69c0ce1221a6f7bb554b992b3295322344907bf784afb5ff9c0,889,"{""lemma"": ""chemistry""}",chemistry,,,
cet4_endict_2016_expanded.json,50143a67069cd69c0ce1221a6f7bb554b992b3295322344907bf784afb5ff9c0,890,"{""lemma"": ""cheque""}",cheque,,,
cet4_endict_2016_expanded.json,50143a67069cd69c0ce1221a6f7bb554b992b3295322344907bf784afb5ff9c0,891,"{""lemma"": ""cherish""}",cherish,,,
cet4_endict_2016_expanded.json,50143a67069cd69c0ce1221a6f7bb554b992b3295322344907bf784afb5ff9c0,892,"{""lemma"": ""chess""}",chess,,,
cet4_endict_2016_expanded.json,50143a67069cd69c0ce1221a6f7bb554b992b3295322344907bf784afb5ff9c0,893,"{""lemma"": ""chest""}",chest,,,
cet4_endict_2016_expanded.json,50143a67069cd69c0ce1221a6f7bb554b992b3295322344907bf784afb5ff9c0,894,"{""lemma"": ""chew""}",chew,,,
cet4_endict_2016_expanded.json,50143a67069cd69c0ce1221a6f7bb554b992b3295322344907bf784afb5ff9c0,895,"{""lemma"": ""chicken""}",chicken,,,
cet4_endict_2016_expanded.json,50143a67069cd69c0ce1221a6f7bb554b992b3295322344907bf784afb5ff9c0,896,"{""lemma"": ""chief""}",chief,,,
cet4_endict_2016_expanded.json,50143a67069cd69c0ce1221a6f7bb554b992b3295322344907bf784afb5ff9c0,897,"{""lemma"": ""child""}",child,,,
cet4_endict_2016_expanded.json,50143a67069cd69c0ce1221a6f7bb554b992b3295322344907bf784afb5ff9c0,898,"{""lemma"": ""childish""}",childish,,,
cet4_endict_2016_expanded.json,50143a67069cd69c0ce1221a6f7bb554b992b3295322344907bf784afb5ff9c0,899,"{""lemma"": ""chill""}",chill,,,
cet4_endict_2016_expanded.json,50143a67069cd69c0ce1221a6f7bb554b992b3295322344907bf784afb5ff9c0,900,"{""lemma"": ""chilly""}",chilly,,,
cet4_endict_2016_expanded.json,50143a67069cd69c0ce1221a6f7bb554b992b3295322344907bf784afb5ff9c0,901,"{""lemma"": ""chimney""}",chimney,,,
cet4_endict_2016_expanded.json,50143a67069cd69c0ce1221a6f7bb554b992b3295322344907bf784afb5ff9c0,902,"{""lemma"": ""chin""}",chin,,,
cet4_endict_2016_expanded.json,50143a67069cd69c0ce1221a6f7bb554b992b3295322344907bf784afb5ff9c0,903,"{""lemma"": ""china""}",china,,,
cet4_endict_2016_expanded.json,50143a67069cd69c0ce1221a6f7bb554b992b3295322344907bf784afb5ff9c0,904,"{""lemma"": ""chip""}",chip,,,
cet4_endict_2016_expanded.json,50143a67069cd69c0ce1221a6f7bb554b992b3295322344907bf784afb5ff9c0,905,"{""lemma"": ""chocolate""}",chocolate,,,
cet4_endict_2016_expanded.json,50143a67069cd69c0ce1221a6f7bb554b992b3295322344907bf784afb5ff9c0,906,"{""lemma"": ""choice""}",choice,,,
cet4_endict_2016_expanded.json,50143a67069cd69c0ce1221a6f7bb554b992b3295322344907bf784afb5ff9c0,907,"{""lemma"": ""choke""}",choke,,,
cet4_endict_2016_expanded.json,50143a67069cd69c0ce1221a6f7bb554b992b3295322344907bf784afb5ff9c0,908,"{""lemma"": ""cholesterol""}",cholesterol,,,
cet4_endict_2016_expanded.json,50143a67069cd69c0ce1221a6f7bb554b992b3295322344907bf784afb5ff9c0,909,"{""lemma"": ""choose""}",choose,,,
cet4_endict_2016_expanded.json,50143a67069cd69c0ce1221a6f7bb554b992b3295322344907bf784afb5ff9c0,910,"{""lemma"": ""choosy""}",choosy,,,
cet4_endict_2016_expanded.json,50143a67069cd69c0ce1221a6f7bb554b992b3295322344907bf784afb5ff9c0,911,"{""lemma"": ""chop""}",chop,,,
cet4_endict_2016_expanded.json,50143a67069cd69c0ce1221a6f7bb554b992b3295322344907bf784afb5ff9c0,912,"{""lemma"": ""chopstick""}",chopstick,,,
cet4_endict_2016_expanded.json,50143a67069cd69c0ce1221a6f7bb554b992b3295322344907bf784afb5ff9c0,913,"{""lemma"": ""chore""}",chore,,,
cet4_endict_2016_expanded.json,50143a67069cd69c0ce1221a6f7bb554b992b3295322344907bf784afb5ff9c0,914,"{""lemma"": ""chorus""}",chorus,,,
cet4_endict_2016_expanded.json,50143a67069cd69c0ce1221a6f7bb554b992b3295322344907bf784afb5ff9c0,915,"{""lemma"": ""Christ""}",Christ,,,
cet4_endict_2016_expanded.json,50143a67069cd69c0ce1221a6f7bb554b992b3295322344907bf784afb5ff9c0,916,"{""lemma"": ""Christian""}",Christian,,,
cet4_endict_2016_expanded.json,50143a67069cd69c0ce1221a6f7bb554b992b3295322344907bf784afb5ff9c0,917,"{""lemma"": ""Christianity""}",Christianity,,,
cet4_endict_2016_expanded.json,50143a67069cd69c0ce1221a6f7bb554b992b3295322344907bf784afb5ff9c0,918,"{""lemma"": ""Christmas""}",Christmas,,,
cet4_endict_2016_expanded.json,50143a67069cd69c0ce1221a6f7bb554b992b3295322344907bf784afb5ff9c0,919,"{""lemma"": ""church""}",church,,,
cet4_endict_2016_expanded.json,50143a67069cd69c0ce1221a6f7bb554b992b3295322344907bf784afb5ff9c0,920,"{""lemma"": ""cigar""}",cigar,,,
cet4_endict_2016_expanded.json,50143a67069cd69c0ce1221a6f7bb554b992b3295322344907bf784afb5ff9c0,921,"{""lemma"": ""cigaret""}",cigaret,,,
cet4_endict_2016_expanded.json,50143a67069cd69c0ce1221a6f7bb554b992b3295322344907bf784afb5ff9c0,922,"{""lemma"": ""cinema""}",cinema,,,
cet4_endict_2016_expanded.json,50143a67069cd69c0ce1221a6f7bb554b992b3295322344907bf784afb5ff9c0,923,"{""lemma"": ""circle""}",circle,,,
cet4_endict_2016_expanded.json,50143a67069cd69c0ce1221a6f7bb554b992b3295322344907bf784afb5ff9c0,924,"{""lemma"": ""circuit""}",circuit,,,
cet4_endict_2016_expanded.json,50143a67069cd69c0ce1221a6f7bb554b992b3295322344907bf784afb5ff9c0,925,"{""lemma"": ""circular""}",circular,,,
cet4_endict_2016_expanded.json,50143a67069cd69c0ce1221a6f7bb554b992b3295322344907bf784afb5ff9c0,926,"{""lemma"": ""circulate""}",circulate,,,
cet4_endict_2016_expanded.json,50143a67069cd69c0ce1221a6f7bb554b992b3295322344907bf784afb5ff9c0,927,"{""lemma"": ""circulation""}",circulation,,,
cet4_endict_2016_expanded.json,50143a67069cd69c0ce1221a6f7bb554b992b3295322344907bf784afb5ff9c0,928,"{""lemma"": ""circumstance""}",circumstance,,,
cet4_endict_2016_expanded.json,50143a67069cd69c0ce1221a6f7bb554b992b3295322344907bf784afb5ff9c0,929,"{""lemma"": ""circus""}",circus,,,
cet4_endict_2016_expanded.json,50143a67069cd69c0ce1221a6f7bb554b992b3295322344907bf784afb5ff9c0,930,"{""lemma"": ""citation""}",citation,,,
cet4_endict_2016_expanded.json,50143a67069cd69c0ce1221a6f7bb554b992b3295322344907bf784afb5ff9c0,931,"{""lemma"": ""cite""}",cite,,,
cet4_endict_2016_expanded.json,50143a67069cd69c0ce1221a6f7bb554b992b3295322344907bf784afb5ff9c0,932,"{""lemma"": ""citizen""}",citizen,,,
cet4_endict_2016_expanded.json,50143a67069cd69c0ce1221a6f7bb554b992b3295322344907bf784afb5ff9c0,933,"{""lemma"": ""citizenship""}",citizenship,,,
cet4_endict_2016_expanded.json,50143a67069cd69c0ce1221a6f7bb554b992b3295322344907bf784afb5ff9c0,934,"{""lemma"": ""city""}",city,,,
cet4_endict_2016_expanded.json,50143a67069cd69c0ce1221a6f7bb554b992b3295322344907bf784afb5ff9c0,935,"{""lemma"": ""civil""}",civil,,,
cet4_endict_2016_expanded.json,50143a67069cd69c0ce1221a6f7bb554b992b3295322344907bf784afb5ff9c0,936,"{""lemma"": ""civilian""}",civilian,,,
cet4_endict_2016_expanded.json,50143a67069cd69c0ce1221a6f7bb554b992b3295322344907bf784afb5ff9c0,937,"{""lemma"": ""civilisation""}",civilisation,,,
cet4_endict_2016_expanded.json,50143a67069cd69c0ce1221a6f7bb554b992b3295322344907bf784afb5ff9c0,938,"{""lemma"": ""civilize""}",civilize,,,
cet4_endict_2016_expanded.json,50143a67069cd69c0ce1221a6f7bb554b992b3295322344907bf784afb5ff9c0,939,"{""lemma"": ""claim""}",claim,,,
cet4_endict_2016_expanded.json,50143a67069cd69c0ce1221a6f7bb554b992b3295322344907bf784afb5ff9c0,940,"{""lemma"": ""clap""}",clap,,,
cet4_endict_2016_expanded.json,50143a67069cd69c0ce1221a6f7bb554b992b3295322344907bf784afb5ff9c0,941,"{""lemma"": ""clarification""}",clarification,,,
cet4_endict_2016_expanded.json,50143a67069cd69c0ce1221a6f7bb554b992b3295322344907bf784afb5ff9c0,942,"{""lemma"": ""clarify""}",clarify,,,
cet4_endict_2016_expanded.json,50143a67069cd69c0ce1221a6f7bb554b992b3295322344907bf784afb5ff9c0,943,"{""lemma"": ""clarity""}",clarity,,,
cet4_endict_2016_expanded.json,50143a67069cd69c0ce1221a6f7bb554b992b3295322344907bf784afb5ff9c0,944,"{""lemma"": ""clash""}",clash,,,
cet4_endict_2016_expanded.json,50143a67069cd69c0ce1221a6f7bb554b992b3295322344907bf784afb5ff9c0,945,"{""lemma"": ""class""}",class,,,
cet4_endict_2016_expanded.json,50143a67069cd69c0ce1221a6f7bb554b992b3295322344907bf784afb5ff9c0,946,"{""lemma"": ""classic""}",classic,,,
cet4_endict_2016_expanded.json,50143a67069cd69c0ce1221a6f7bb554b992b3295322344907bf784afb5ff9c0,947,"{""lemma"": ""classical""}",classical,,,
cet4_endict_2016_expanded.json,50143a67069cd69c0ce1221a6f7bb554b992b3295322344907bf784afb5ff9c0,948,"{""lemma"": ""classification""}",classification,,,
cet4_endict_2016_expanded.json,50143a67069cd69c0ce1221a6f7bb554b992b3295322344907bf784afb5ff9c0,949,"{""lemma"": ""classified""}",classified,,,
cet4_endict_2016_expanded.json,50143a67069cd69c0ce1221a6f7bb554b992b3295322344907bf784afb5ff9c0,950,"{""lemma"": ""classify""}",classify,,,
cet4_endict_2016_expanded.json,50143a67069cd69c0ce1221a6f7bb554b992b3295322344907bf784afb5ff9c0,951,"{""lemma"": ""classmate""}",classmate,,,
cet4_endict_2016_expanded.json,50143a67069cd69c0ce1221a6f7bb554b992b3295322344907bf784afb5ff9c0,952,"{""lemma"": ""classroom""}",classroom,,,
cet4_endict_2016_expanded.json,50143a67069cd69c0ce1221a6f7bb554b992b3295322344907bf784afb5ff9c0,953,"{""lemma"": ""clause""}",clause,,,
cet4_endict_2016_expanded.json,50143a67069cd69c0ce1221a6f7bb554b992b3295322344907bf784afb5ff9c0,954,"{""lemma"": ""claw""}",claw,,,
cet4_endict_2016_expanded.json,50143a67069cd69c0ce1221a6f7bb554b992b3295322344907bf784afb5ff9c0,955,"{""lemma"": ""clay""}",clay,,,
cet4_endict_2016_expanded.json,50143a67069cd69c0ce1221a6f7bb554b992b3295322344907bf784afb5ff9c0,956,"{""lemma"": ""clean""}",clean,,,
cet4_endict_2016_expanded.json,50143a67069cd69c0ce1221a6f7bb554b992b3295322344907bf784afb5ff9c0,957,"{""lemma"": ""clear""}",clear,,,
cet4_endict_2016_expanded.json,50143a67069cd69c0ce1221a6f7bb554b992b3295322344907bf784afb5ff9c0,958,"{""lemma"": ""clear-cut""}",clear-cut,,,
cet4_endict_2016_expanded.json,50143a67069cd69c0ce1221a6f7bb554b992b3295322344907bf784afb5ff9c0,959,"{""lemma"": ""clearly""}",clearly,,,
cet4_endict_2016_expanded.json,50143a67069cd69c0ce1221a6f7bb554b992b3295322344907bf784afb5ff9c0,960,"{""lemma"": ""clerical""}",clerical,,,
cet4_endict_2016_expanded.json,50143a67069cd69c0ce1221a6f7bb554b992b3295322344907bf784afb5ff9c0,961,"{""lemma"": ""clerk""}",clerk,,,
cet4_endict_2016_expanded.json,50143a67069cd69c0ce1221a6f7bb554b992b3295322344907bf784afb5ff9c0,962,"{""lemma"": ""clever""}",clever,,,
cet4_endict_2016_expanded.json,50143a67069cd69c0ce1221a6f7bb554b992b3295322344907bf784afb5ff9c0,963,"{""lemma"": ""click""}",click,,,
cet4_endict_2016_expanded.json,50143a67069cd69c0ce1221a6f7bb554b992b3295322344907bf784afb5ff9c0,964,"{""lemma"": ""client""}",client,,,
cet4_endict_2016_expanded.json,50143a67069cd69c0ce1221a6f7bb554b992b3295322344907bf784afb5ff9c0,965,"{""lemma"": ""cliff""}",cliff,,,
cet4_endict_2016_expanded.json,50143a67069cd69c0ce1221a6f7bb554b992b3295322344907bf784afb5ff9c0,966,"{""lemma"": ""climate""}",climate,,,
cet4_endict_2016_expanded.json,50143a67069cd69c0ce1221a6f7bb554b992b3295322344907bf784afb5ff9c0,967,"{""lemma"": ""climatic""}",climatic,,,
cet4_endict_2016_expanded.json,50143a67069cd69c0ce1221a6f7bb554b992b3295322344907bf784afb5ff9c0,968,"{""lemma"": ""climax""}",climax,,,
cet4_endict_2016_expanded.json,50143a67069cd69c0ce1221a6f7bb554b992b3295322344907bf784afb5ff9c0,969,"{""lemma"": ""climb""}",climb,,,
cet4_endict_2016_expanded.json,50143a67069cd69c0ce1221a6f7bb554b992b3295322344907bf784afb5ff9c0,970,"{""lemma"": ""cling""}",cling,,,
cet4_endict_2016_expanded.json,50143a67069cd69c0ce1221a6f7bb554b992b3295322344907bf784afb5ff9c0,971,"{""lemma"": ""clinic""}",clinic,,,
cet4_endict_2016_expanded.json,50143a67069cd69c0ce1221a6f7bb554b992b3295322344907bf784afb5ff9c0,972,"{""lemma"": ""clinical""}",clinical,,,
cet4_endict_2016_expanded.json,50143a67069cd69c0ce1221a6f7bb554b992b3295322344907bf784afb5ff9c0,973,"{""lemma"": ""clip""}",clip,,,
cet4_endict_2016_expanded.json,50143a67069cd69c0ce1221a6f7bb554b992b3295322344907bf784afb5ff9c0,974,"{""lemma"": ""clock""}",clock,,,
cet4_endict_2016_expanded.json,50143a67069cd69c0ce1221a6f7bb554b992b3295322344907bf784afb5ff9c0,975,"{""lemma"": ""clockwise""}",clockwise,,,
cet4_endict_2016_expanded.json,50143a67069cd69c0ce1221a6f7bb554b992b3295322344907bf784afb5ff9c0,976,"{""lemma"": ""clone""}",clone,,,
cet4_endict_2016_expanded.json,50143a67069cd69c0ce1221a6f7bb554b992b3295322344907bf784afb5ff9c0,977,"{""lemma"": ""close""}",close,,,
cet4_endict_2016_expanded.json,50143a67069cd69c0ce1221a6f7bb554b992b3295322344907bf784afb5ff9c0,978,"{""lemma"": ""cloth""}",cloth,,,
cet4_endict_2016_expanded.json,50143a67069cd69c0ce1221a6f7bb554b992b3295322344907bf784afb5ff9c0,979,"{""lemma"": ""clothe""}",clothe,,,
cet4_endict_2016_expanded.json,50143a67069cd69c0ce1221a6f7bb554b992b3295322344907bf784afb5ff9c0,980,"{""lemma"": ""clothes""}",clothes,,,
cet4_endict_2016_expanded.json,50143a67069cd69c0ce1221a6f7bb554b992b3295322344907bf784afb5ff9c0,981,"{""lemma"": ""clothing""}",clothing,,,
cet4_endict_2016_expanded.json,50143a67069cd69c0ce1221a6f7bb554b992b3295322344907bf784afb5ff9c0,982,"{""lemma"": ""cloud""}",cloud,,,
cet4_endict_2016_expanded.json,50143a67069cd69c0ce1221a6f7bb554b992b3295322344907bf784afb5ff9c0,983,"{""lemma"": ""cloudy""}",cloudy,,,
cet4_endict_2016_expanded.json,50143a67069cd69c0ce1221a6f7bb554b992b3295322344907bf784afb5ff9c0,984,"{""lemma"": ""clown""}",clown,,,
cet4_endict_2016_expanded.json,50143a67069cd69c0ce1221a6f7bb554b992b3295322344907bf784afb5ff9c0,985,"{""lemma"": ""club""}",club,,,
cet4_endict_2016_expanded.json,50143a67069cd69c0ce1221a6f7bb554b992b3295322344907bf784afb5ff9c0,986,"{""lemma"": ""clue""}",clue,,,
cet4_endict_2016_expanded.json,50143a67069cd69c0ce1221a6f7bb554b992b3295322344907bf784afb5ff9c0,987,"{""lemma"": ""clumsy""}",clumsy,,,
cet4_endict_2016_expanded.json,50143a67069cd69c0ce1221a6f7bb554b992b3295322344907bf784afb5ff9c0,988,"{""lemma"": ""coach""}",coach,,,
cet4_endict_2016_expanded.json,50143a67069cd69c0ce1221a6f7bb554b992b3295322344907bf784afb5ff9c0,989,"{""lemma"": ""coal""}",coal,,,
cet4_endict_2016_expanded.json,50143a67069cd69c0ce1221a6f7bb554b992b3295322344907bf784afb5ff9c0,990,"{""lemma"": ""coarse""}",coarse,,,
cet4_endict_2016_expanded.json,50143a67069cd69c0ce1221a6f7bb554b992b3295322344907bf784afb5ff9c0,991,"{""lemma"": ""coast""}",coast,,,
cet4_endict_2016_expanded.json,50143a67069cd69c0ce1221a6f7bb554b992b3295322344907bf784afb5ff9c0,992,"{""lemma"": ""coastal""}",coastal,,,
cet4_endict_2016_expanded.json,50143a67069cd69c0ce1221a6f7bb554b992b3295322344907bf784afb5ff9c0,993,"{""lemma"": ""coat""}",coat,,,
cet4_endict_2016_expanded.json,50143a67069cd69c0ce1221a6f7bb554b992b3295322344907bf784afb5ff9c0,994,"{""lemma"": ""cock""}",cock,,,
cet4_endict_2016_expanded.json,50143a67069cd69c0ce1221a6f7bb554b992b3295322344907bf784afb5ff9c0,995,"{""lemma"": ""code""}",code,,,
cet4_endict_2016_expanded.json,50143a67069cd69c0ce1221a6f7bb554b992b3295322344907bf784afb5ff9c0,996,"{""lemma"": ""coffee""}",coffee,,,
cet4_endict_2016_expanded.json,50143a67069cd69c0ce1221a6f7bb554b992b3295322344907bf784afb5ff9c0,997,"{""lemma"": ""coherence""}",coherence,,,
cet4_endict_2016_expanded.json,50143a67069cd69c0ce1221a6f7bb554b992b3295322344907bf784afb5ff9c0,998,"{""lemma"": ""coherent""}",coherent,,,
cet4_endict_2016_expanded.json,50143a67069cd69c0ce1221a6f7bb554b992b3295322344907bf784afb5ff9c0,999,"{""lemma"": ""cohesion""}",cohesion,,,
cet4_endict_2016_expanded.json,50143a67069cd69c0ce1221a6f7bb554b992b3295322344907bf784afb5ff9c0,1000,"{""lemma"": ""cohesive""}",cohesive,,,
cet4_endict_2016_expanded.json,50143a67069cd69c0ce1221a6f7bb554b992b3295322344907bf784afb5ff9c0,1001,"{""lemma"": ""coil""}",coil,,,
cet4_endict_2016_expanded.json,50143a67069cd69c0ce1221a6f7bb554b992b3295322344907bf784afb5ff9c0,1002,"{""lemma"": ""coin""}",coin,,,
cet4_endict_2016_expanded.json,50143a67069cd69c0ce1221a6f7bb554b992b3295322344907bf784afb5ff9c0,1003,"{""lemma"": ""coinage""}",coinage,,,
cet4_endict_2016_expanded.json,50143a67069cd69c0ce1221a6f7bb554b992b3295322344907bf784afb5ff9c0,1004,"{""lemma"": ""cold""}",cold,,,
cet4_endict_2016_expanded.json,50143a67069cd69c0ce1221a6f7bb554b992b3295322344907bf784afb5ff9c0,1005,"{""lemma"": ""collaborate""}",collaborate,,,
cet4_endict_2016_expanded.json,50143a67069cd69c0ce1221a6f7bb554b992b3295322344907bf784afb5ff9c0,1006,"{""lemma"": ""collaboration""}",collaboration,,,
cet4_endict_2016_expanded.json,50143a67069cd69c0ce1221a6f7bb554b992b3295322344907bf784afb5ff9c0,1007,"{""lemma"": ""collaborative""}",collaborative,,,
cet4_endict_2016_expanded.json,50143a67069cd69c0ce1221a6f7bb554b992b3295322344907bf784afb5ff9c0,1008,"{""lemma"": ""collapse""}",collapse,,,
cet4_endict_2016_expanded.json,50143a67069cd69c0ce1221a6f7bb554b992b3295322344907bf784afb5ff9c0,1009,"{""lemma"": ""collar""}",collar,,,
cet4_endict_2016_expanded.json,50143a67069cd69c0ce1221a6f7bb554b992b3295322344907bf784afb5ff9c0,1010,"{""lemma"": ""colleague""}",colleague,,,
cet4_endict_2016_expanded.json,50143a67069cd69c0ce1221a6f7bb554b992b3295322344907bf784afb5ff9c0,1011,"{""lemma"": ""collect""}",collect,,,
cet4_endict_2016_expanded.json,50143a67069cd69c0ce1221a6f7bb554b992b3295322344907bf784afb5ff9c0,1012,"{""lemma"": ""collection""}",collection,,,
cet4_endict_2016_expanded.json,50143a67069cd69c0ce1221a6f7bb554b992b3295322344907bf784afb5ff9c0,1013,"{""lemma"": ""collective""}",collective,,,
cet4_endict_2016_expanded.json,50143a67069cd69c0ce1221a6f7bb554b992b3295322344907bf784afb5ff9c0,1014,"{""lemma"": ""college""}",college,,,
cet4_endict_2016_expanded.json,50143a67069cd69c0ce1221a6f7bb554b992b3295322344907bf784afb5ff9c0,1015,"{""lemma"": ""colon""}",colon,,,
cet4_endict_2016_expanded.json,50143a67069cd69c0ce1221a6f7bb554b992b3295322344907bf784afb5ff9c0,1016,"{""lemma"": ""colonial""}",colonial,,,
cet4_endict_2016_expanded.json,50143a67069cd69c0ce1221a6f7bb554b992b3295322344907bf784afb5ff9c0,1017,"{""lemma"": ""colonialism""}",colonialism,,,
cet4_endict_2016_expanded.json,50143a67069cd69c0ce1221a6f7bb554b992b3295322344907bf784afb5ff9c0,1018,"{""lemma"": ""colonize""}",colonize,,,
cet4_endict_2016_expanded.json,50143a67069cd69c0ce1221a6f7bb554b992b3295322344907bf784afb5ff9c0,1019,"{""lemma"": ""colony""}",colony,,,
cet4_endict_2016_expanded.json,50143a67069cd69c0ce1221a6f7bb554b992b3295322344907bf784afb5ff9c0,1020,"{""lemma"": ""color""}",color,,,
cet4_endict_2016_expanded.json,50143a67069cd69c0ce1221a6f7bb554b992b3295322344907bf784afb5ff9c0,1021,"{""lemma"": ""colorful""}",colorful,,,
cet4_endict_2016_expanded.json,50143a67069cd69c0ce1221a6f7bb554b992b3295322344907bf784afb5ff9c0,1022,"{""lemma"": ""column""}",column,,,
cet4_endict_2016_expanded.json,50143a67069cd69c0ce1221a6f7bb554b992b3295322344907bf784afb5ff9c0,1023,"{""lemma"": ""columnist""}",columnist,,,
cet4_endict_2016_expanded.json,50143a67069cd69c0ce1221a6f7bb554b992b3295322344907bf784afb5ff9c0,1024,"{""lemma"": ""comb""}",comb,,,
cet4_endict_2016_expanded.json,50143a67069cd69c0ce1221a6f7bb554b992b3295322344907bf784afb5ff9c0,1025,"{""lemma"": ""combat""}",combat,,,
cet4_endict_2016_expanded.json,50143a67069cd69c0ce1221a6f7bb554b992b3295322344907bf784afb5ff9c0,1026,"{""lemma"": ""combative""}",combative,,,
cet4_endict_2016_expanded.json,50143a67069cd69c0ce1221a6f7bb554b992b3295322344907bf784afb5ff9c0,1027,"{""lemma"": ""combination""}",combination,,,
cet4_endict_2016_expanded.json,50143a67069cd69c0ce1221a6f7bb554b992b3295322344907bf784afb5ff9c0,1028,"{""lemma"": ""combine""}",combine,,,
cet4_endict_2016_expanded.json,50143a67069cd69c0ce1221a6f7bb554b992b3295322344907bf784afb5ff9c0,1029,"{""lemma"": ""come""}",come,,,
cet4_endict_2016_expanded.json,50143a67069cd69c0ce1221a6f7bb554b992b3295322344907bf784afb5ff9c0,1030,"{""lemma"": ""comedy""}",comedy,,,
cet4_endict_2016_expanded.json,50143a67069cd69c0ce1221a6f7bb554b992b3295322344907bf784afb5ff9c0,1031,"{""lemma"": ""comfort""}",comfort,,,
cet4_endict_2016_expanded.json,50143a67069cd69c0ce1221a6f7bb554b992b3295322344907bf784afb5ff9c0,1032,"{""lemma"": ""comfortable""}",comfortable,,,
cet4_endict_2016_expanded.json,50143a67069cd69c0ce1221a6f7bb554b992b3295322344907bf784afb5ff9c0,1033,"{""lemma"": ""comma""}",comma,,,
cet4_endict_2016_expanded.json,50143a67069cd69c0ce1221a6f7bb554b992b3295322344907bf784afb5ff9c0,1034,"{""lemma"": ""command""}",command,,,
cet4_endict_2016_expanded.json,50143a67069cd69c0ce1221a6f7bb554b992b3295322344907bf784afb5ff9c0,1035,"{""lemma"": ""commander""}",commander,,,
cet4_endict_2016_expanded.json,50143a67069cd69c0ce1221a6f7bb554b992b3295322344907bf784afb5ff9c0,1036,"{""lemma"": ""commence""}",commence,,,
cet4_endict_2016_expanded.json,50143a67069cd69c0ce1221a6f7bb554b992b3295322344907bf784afb5ff9c0,1037,"{""lemma"": ""commencement""}",commencement,,,
cet4_endict_2016_expanded.json,50143a67069cd69c0ce1221a6f7bb554b992b3295322344907bf784afb5ff9c0,1038,"{""lemma"": ""comment""}",comment,,,
cet4_endict_2016_expanded.json,50143a67069cd69c0ce1221a6f7bb554b992b3295322344907bf784afb5ff9c0,1039,"{""lemma"": ""commentary""}",commentary,,,
cet4_endict_2016_expanded.json,50143a67069cd69c0ce1221a6f7bb554b992b3295322344907bf784afb5ff9c0,1040,"{""lemma"": ""commentator""}",commentator,,,
cet4_endict_2016_expanded.json,50143a67069cd69c0ce1221a6f7bb554b992b3295322344907bf784afb5ff9c0,1041,"{""lemma"": ""commerce""}",commerce,,,
cet4_endict_2016_expanded.json,50143a67069cd69c0ce1221a6f7bb554b992b3295322344907bf784afb5ff9c0,1042,"{""lemma"": ""commercial""}",commercial,,,
cet4_endict_2016_expanded.json,50143a67069cd69c0ce1221a6f7bb554b992b3295322344907bf784afb5ff9c0,1043,"{""lemma"": ""commercialize""}",commercialize,,,
cet4_endict_2016_expanded.json,50143a67069cd69c0ce1221a6f7bb554b992b3295322344907bf784afb5ff9c0,1044,"{""lemma"": ""commission""}",commission,,,
cet4_endict_2016_expanded.json,50143a67069cd69c0ce1221a6f7bb554b992b3295322344907bf784afb5ff9c0,1045,"{""lemma"": ""commit""}",commit,,,
cet4_endict_2016_expanded.json,50143a67069cd69c0ce1221a6f7bb554b992b3295322344907bf784afb5ff9c0,1046,"{""lemma"": ""commitment""}",commitment,,,
cet4_endict_2016_expanded.json,50143a67069cd69c0ce1221a6f7bb554b992b3295322344907bf784afb5ff9c0,1047,"{""lemma"": ""committee""}",committee,,,
cet4_endict_2016_expanded.json,50143a67069cd69c0ce1221a6f7bb554b992b3295322344907bf784afb5ff9c0,1048,"{""lemma"": ""commodity""}",commodity,,,
cet4_endict_2016_expanded.json,50143a67069cd69c0ce1221a6f7bb554b992b3295322344907bf784afb5ff9c0,1049,"{""lemma"": ""common""}",common,,,
cet4_endict_2016_expanded.json,50143a67069cd69c0ce1221a6f7bb554b992b3295322344907bf784afb5ff9c0,1050,"{""lemma"": ""commonplace""}",commonplace,,,
cet4_endict_2016_expanded.json,50143a67069cd69c0ce1221a6f7bb554b992b3295322344907bf784afb5ff9c0,1051,"{""lemma"": ""commune""}",commune,,,
cet4_endict_2016_expanded.json,50143a67069cd69c0ce1221a6f7bb554b992b3295322344907bf784afb5ff9c0,1052,"{""lemma"": ""communicate""}",communicate,,,
cet4_endict_2016_expanded.json,50143a67069cd69c0ce1221a6f7bb554b992b3295322344907bf784afb5ff9c0,1053,"{""lemma"": ""communication""}",communication,,,
cet4_endict_2016_expanded.json,50143a67069cd69c0ce1221a6f7bb554b992b3295322344907bf784afb5ff9c0,1054,"{""lemma"": ""communicative""}",communicative,,,
cet4_endict_2016_expanded.json,50143a67069cd69c0ce1221a6f7bb554b992b3295322344907bf784afb5ff9c0,1055,"{""lemma"": ""communism""}",communism,,,
cet4_endict_2016_expanded.json,50143a67069cd69c0ce1221a6f7bb554b992b3295322344907bf784afb5ff9c0,1056,"{""lemma"": ""communist""}",communist,,,
cet4_endict_2016_expanded.json,50143a67069cd69c0ce1221a6f7bb554b992b3295322344907bf784afb5ff9c0,1057,"{""lemma"": ""community""}",community,,,
cet4_endict_2016_expanded.json,50143a67069cd69c0ce1221a6f7bb554b992b3295322344907bf784afb5ff9c0,1058,"{""lemma"": ""commute""}",commute,,,
cet4_endict_2016_expanded.json,50143a67069cd69c0ce1221a6f7bb554b992b3295322344907bf784afb5ff9c0,1059,"{""lemma"": ""commuter""}",commuter,,,
cet4_endict_2016_expanded.json,50143a67069cd69c0ce1221a6f7bb554b992b3295322344907bf784afb5ff9c0,1060,"{""lemma"": ""compact""}",compact,,,
cet4_endict_2016_expanded.json,50143a67069cd69c0ce1221a6f7bb554b992b3295322344907bf784afb5ff9c0,1061,"{""lemma"": ""companion""}",companion,,,
cet4_endict_2016_expanded.json,50143a67069cd69c0ce1221a6f7bb554b992b3295322344907bf784afb5ff9c0,1062,"{""lemma"": ""companionship""}",companionship,,,
cet4_endict_2016_expanded.json,50143a67069cd69c0ce1221a6f7bb554b992b3295322344907bf784afb5ff9c0,1063,"{""lemma"": ""company""}",company,,,
cet4_endict_2016_expanded.json,50143a67069cd69c0ce1221a6f7bb554b992b3295322344907bf784afb5ff9c0,1064,"{""lemma"": ""comparable""}",comparable,,,
cet4_endict_2016_expanded.json,50143a67069cd69c0ce1221a6f7bb554b992b3295322344907bf784afb5ff9c0,1065,"{""lemma"": ""comparative""}",comparative,,,
cet4_endict_2016_expanded.json,50143a67069cd69c0ce1221a6f7bb554b992b3295322344907bf784afb5ff9c0,1066,"{""lemma"": ""compare""}",compare,,,
cet4_endict_2016_expanded.json,50143a67069cd69c0ce1221a6f7bb554b992b3295322344907bf784afb5ff9c0,1067,"{""lemma"": ""comparison""}",comparison,,,
cet4_endict_2016_expanded.json,50143a67069cd69c0ce1221a6f7bb554b992b3295322344907bf784afb5ff9c0,1068,"{""lemma"": ""compass""}",compass,,,
cet4_endict_2016_expanded.json,50143a67069cd69c0ce1221a6f7bb554b992b3295322344907bf784afb5ff9c0,1069,"{""lemma"": ""compatibility""}",compatibility,,,
cet4_endict_2016_expanded.json,50143a67069cd69c0ce1221a6f7bb554b992b3295322344907bf784afb5ff9c0,1070,"{""lemma"": ""compatible""}",compatible,,,
cet4_endict_2016_expanded.json,50143a67069cd69c0ce1221a6f7bb554b992b3295322344907bf784afb5ff9c0,1071,"{""lemma"": ""compel""}",compel,,,
cet4_endict_2016_expanded.json,50143a67069cd69c0ce1221a6f7bb554b992b3295322344907bf784afb5ff9c0,1072,"{""lemma"": ""compelling""}",compelling,,,
cet4_endict_2016_expanded.json,50143a67069cd69c0ce1221a6f7bb554b992b3295322344907bf784afb5ff9c0,1073,"{""lemma"": ""compensate""}",compensate,,,
cet4_endict_2016_expanded.json,50143a67069cd69c0ce1221a6f7bb554b992b3295322344907bf784afb5ff9c0,1074,"{""lemma"": ""compensation""}",compensation,,,
cet4_endict_2016_expanded.json,50143a67069cd69c0ce1221a6f7bb554b992b3295322344907bf784afb5ff9c0,1075,"{""lemma"": ""compensatory""}",compensatory,,,
cet4_endict_2016_expanded.json,50143a67069cd69c0ce1221a6f7bb554b992b3295322344907bf784afb5ff9c0,1076,"{""lemma"": ""compete""}",compete,,,
cet4_endict_2016_expanded.json,50143a67069cd69c0ce1221a6f7bb554b992b3295322344907bf784afb5ff9c0,1077,"{""lemma"": ""competence""}",competence,,,
cet4_endict_2016_expanded.json,50143a67069cd69c0ce1221a6f7bb554b992b3295322344907bf784afb5ff9c0,1078,"{""lemma"": ""competent""}",competent,,,
cet4_endict_2016_expanded.json,50143a67069cd69c0ce1221a6f7bb554b992b3295322344907bf784afb5ff9c0,1079,"{""lemma"": ""competition""}",competition,,,
cet4_endict_2016_expanded.json,50143a67069cd69c0ce1221a6f7bb554b992b3295322344907bf784afb5ff9c0,1080,"{""lemma"": ""competitive""}",competitive,,,
cet4_endict_2016_expanded.json,50143a67069cd69c0ce1221a6f7bb554b992b3295322344907bf784afb5ff9c0,1081,"{""lemma"": ""competitor""}",competitor,,,
cet4_endict_2016_expanded.json,50143a67069cd69c0ce1221a6f7bb554b992b3295322344907bf784afb5ff9c0,1082,"{""lemma"": ""complain""}",complain,,,
cet4_endict_2016_expanded.json,50143a67069cd69c0ce1221a6f7bb554b992b3295322344907bf784afb5ff9c0,1083,"{""lemma"": ""complaint""}",complaint,,,
cet4_endict_2016_expanded.json,50143a67069cd69c0ce1221a6f7bb554b992b3295322344907bf784afb5ff9c0,1084,"{""lemma"": ""complete""}",complete,,,
cet4_endict_2016_expanded.json,50143a67069cd69c0ce1221a6f7bb554b992b3295322344907bf784afb5ff9c0,1085,"{""lemma"": ""completion""}",completion,,,
cet4_endict_2016_expanded.json,50143a67069cd69c0ce1221a6f7bb554b992b3295322344907bf784afb5ff9c0,1086,"{""lemma"": ""complex""}",complex,,,
cet4_endict_2016_expanded.json,50143a67069cd69c0ce1221a6f7bb554b992b3295322344907bf784afb5ff9c0,1087,"{""lemma"": ""complexity""}",complexity,,,
cet4_endict_2016_expanded.json,50143a67069cd69c0ce1221a6f7bb554b992b3295322344907bf784afb5ff9c0,1088,"{""lemma"": ""compliance""}",compliance,,,
cet4_endict_2016_expanded.json,50143a67069cd69c0ce1221a6f7bb554b992b3295322344907bf784afb5ff9c0,1089,"{""lemma"": ""complicate""}",complicate,,,
cet4_endict_2016_expanded.json,50143a67069cd69c0ce1221a6f7bb554b992b3295322344907bf784afb5ff9c0,1090,"{""lemma"": ""complicated""}",complicated,,,
cet4_endict_2016_expanded.json,50143a67069cd69c0ce1221a6f7bb554b992b3295322344907bf784afb5ff9c0,1091,"{""lemma"": ""complication""}",complication,,,
cet4_endict_2016_expanded.json,50143a67069cd69c0ce1221a6f7bb554b992b3295322344907bf784afb5ff9c0,1092,"{""lemma"": ""comply""}",comply,,,
cet4_endict_2016_expanded.json,50143a67069cd69c0ce1221a6f7bb554b992b3295322344907bf784afb5ff9c0,1093,"{""lemma"": ""component""}",component,,,
cet4_endict_2016_expanded.json,50143a67069cd69c0ce1221a6f7bb554b992b3295322344907bf784afb5ff9c0,1094,"{""lemma"": ""compose""}",compose,,,
cet4_endict_2016_expanded.json,50143a67069cd69c0ce1221a6f7bb554b992b3295322344907bf784afb5ff9c0,1095,"{""lemma"": ""composer""}",composer,,,
cet4_endict_2016_expanded.json,50143a67069cd69c0ce1221a6f7bb554b992b3295322344907bf784afb5ff9c0,1096,"{""lemma"": ""composition""}",composition,,,
cet4_endict_2016_expanded.json,50143a67069cd69c0ce1221a6f7bb554b992b3295322344907bf784afb5ff9c0,1097,"{""lemma"": ""compound""}",compound,,,
cet4_endict_2016_expanded.json,50143a67069cd69c0ce1221a6f7bb554b992b3295322344907bf784afb5ff9c0,1098,"{""lemma"": ""comprehend""}",comprehend,,,
cet4_endict_2016_expanded.json,50143a67069cd69c0ce1221a6f7bb554b992b3295322344907bf784afb5ff9c0,1099,"{""lemma"": ""comprehension""}",comprehension,,,
cet4_endict_2016_expanded.json,50143a67069cd69c0ce1221a6f7bb554b992b3295322344907bf784afb5ff9c0,1100,"{""lemma"": ""comprehensive""}",comprehensive,,,
cet4_endict_2016_expanded.json,50143a67069cd69c0ce1221a6f7bb554b992b3295322344907bf784afb5ff9c0,1101,"{""lemma"": ""comprise""}",comprise,,,
cet4_endict_2016_expanded.json,50143a67069cd69c0ce1221a6f7bb554b992b3295322344907bf784afb5ff9c0,1102,"{""lemma"": ""compromise""}",compromise,,,
cet4_endict_2016_expanded.json,50143a67069cd69c0ce1221a6f7bb554b992b3295322344907bf784afb5ff9c0,1103,"{""lemma"": ""compulsory""}",compulsory,,,
cet4_endict_2016_expanded.json,50143a67069cd69c0ce1221a6f7bb554b992b3295322344907bf784afb5ff9c0,1104,"{""lemma"": ""computation""}",computation,,,
cet4_endict_2016_expanded.json,50143a67069cd69c0ce1221a6f7bb554b992b3295322344907bf784afb5ff9c0,1105,"{""lemma"": ""compute""}",compute,,,
cet4_endict_2016_expanded.json,50143a67069cd69c0ce1221a6f7bb554b992b3295322344907bf784afb5ff9c0,1106,"{""lemma"": ""computer""}",computer,,,
cet4_endict_2016_expanded.json,50143a67069cd69c0ce1221a6f7bb554b992b3295322344907bf784afb5ff9c0,1107,"{""lemma"": ""computerize""}",computerize,,,
cet4_endict_2016_expanded.json,50143a67069cd69c0ce1221a6f7bb554b992b3295322344907bf784afb5ff9c0,1108,"{""lemma"": ""comrade""}",comrade,,,
cet4_endict_2016_expanded.json,50143a67069cd69c0ce1221a6f7bb554b992b3295322344907bf784afb5ff9c0,1109,"{""lemma"": ""conceal""}",conceal,,,
cet4_endict_2016_expanded.json,50143a67069cd69c0ce1221a6f7bb554b992b3295322344907bf784afb5ff9c0,1110,"{""lemma"": ""concealment""}",concealment,,,
cet4_endict_2016_expanded.json,50143a67069cd69c0ce1221a6f7bb554b992b3295322344907bf784afb5ff9c0,1111,"{""lemma"": ""concentrate""}",concentrate,,,
cet4_endict_2016_expanded.json,50143a67069cd69c0ce1221a6f7bb554b992b3295322344907bf784afb5ff9c0,1112,"{""lemma"": ""concentration""}",concentration,,,
cet4_endict_2016_expanded.json,50143a67069cd69c0ce1221a6f7bb554b992b3295322344907bf784afb5ff9c0,1113,"{""lemma"": ""concept""}",concept,,,
cet4_endict_2016_expanded.json,50143a67069cd69c0ce1221a6f7bb554b992b3295322344907bf784afb5ff9c0,1114,"{""lemma"": ""conceptual""}",conceptual,,,
cet4_endict_2016_expanded.json,50143a67069cd69c0ce1221a6f7bb554b992b3295322344907bf784afb5ff9c0,1115,"{""lemma"": ""concern""}",concern,,,
cet4_endict_2016_expanded.json,50143a67069cd69c0ce1221a6f7bb554b992b3295322344907bf784afb5ff9c0,1116,"{""lemma"": ""concerned""}",concerned,,,
cet4_endict_2016_expanded.json,50143a67069cd69c0ce1221a6f7bb554b992b3295322344907bf784afb5ff9c0,1117,"{""lemma"": ""concerning""}",concerning,,,
cet4_endict_2016_expanded.json,50143a67069cd69c0ce1221a6f7bb554b992b3295322344907bf784afb5ff9c0,1118,"{""lemma"": ""concert""}",concert,,,
cet4_endict_2016_expanded.json,50143a67069cd69c0ce1221a6f7bb554b992b3295322344907bf784afb5ff9c0,1119,"{""lemma"": ""concerted""}",concerted,,,
cet4_endict_2016_expanded.json,50143a67069cd69c0ce1221a6f7bb554b992b3295322344907bf784afb5ff9c0,1120,"{""lemma"": ""conclude""}",conclude,,,
cet4_endict_2016_expanded.json,50143a67069cd69c0ce1221a6f7bb554b992b3295322344907bf784afb5ff9c0,1121,"{""lemma"": ""conclusion""}",conclusion,,,
cet4_endict_2016_expanded.json,50143a67069cd69c0ce1221a6f7bb554b992b3295322344907bf784afb5ff9c0,1122,"{""lemma"": ""conclusive""}",conclusive,,,
cet4_endict_2016_expanded.json,50143a67069cd69c0ce1221a6f7bb554b992b3295322344907bf784afb5ff9c0,1123,"{""lemma"": ""concrete""}",concrete,,,
cet4_endict_2016_expanded.json,50143a67069cd69c0ce1221a6f7bb554b992b3295322344907bf784afb5ff9c0,1124,"{""lemma"": ""condemn""}",condemn,,,
cet4_endict_2016_expanded.json,50143a67069cd69c0ce1221a6f7bb554b992b3295322344907bf784afb5ff9c0,1125,"{""lemma"": ""condemnation""}",condemnation,,,
cet4_endict_2016_expanded.json,50143a67069cd69c0ce1221a6f7bb554b992b3295322344907bf784afb5ff9c0,1126,"{""lemma"": ""condensation""}",condensation,,,
cet4_endict_2016_expanded.json,50143a67069cd69c0ce1221a6f7bb554b992b3295322344907bf784afb5ff9c0,1127,"{""lemma"": ""condense""}",condense,,,
cet4_endict_2016_expanded.json,50143a67069cd69c0ce1221a6f7bb554b992b3295322344907bf784afb5ff9c0,1128,"{""lemma"": ""condition""}",condition,,,
cet4_endict_2016_expanded.json,50143a67069cd69c0ce1221a6f7bb554b992b3295322344907bf784afb5ff9c0,1129,"{""lemma"": ""conditional""}",conditional,,,
cet4_endict_2016_expanded.json,50143a67069cd69c0ce1221a6f7bb554b992b3295322344907bf784afb5ff9c0,1130,"{""lemma"": ""conditioner""}",conditioner,,,
cet4_endict_2016_expanded.json,50143a67069cd69c0ce1221a6f7bb554b992b3295322344907bf784afb5ff9c0,1131,"{""lemma"": ""conduct""}",conduct,,,
cet4_endict_2016_expanded.json,50143a67069cd69c0ce1221a6f7bb554b992b3295322344907bf784afb5ff9c0,1132,"{""lemma"": ""conductor""}",conductor,,,
cet4_endict_2016_expanded.json,50143a67069cd69c0ce1221a6f7bb554b992b3295322344907bf784afb5ff9c0,1133,"{""lemma"": ""conference""}",conference,,,
cet4_endict_2016_expanded.json,50143a67069cd69c0ce1221a6f7bb554b992b3295322344907bf784afb5ff9c0,1134,"{""lemma"": ""confess""}",confess,,,
cet4_endict_2016_expanded.json,50143a67069cd69c0ce1221a6f7bb554b992b3295322344907bf784afb5ff9c0,1135,"{""lemma"": ""confession""}",confession,,,
cet4_endict_2016_expanded.json,50143a67069cd69c0ce1221a6f7bb554b992b3295322344907bf784afb5ff9c0,1136,"{""lemma"": ""confidence""}",confidence,,,
cet4_endict_2016_expanded.json,50143a67069cd69c0ce1221a6f7bb554b992b3295322344907bf784afb5ff9c0,1137,"{""lemma"": ""confident""}",confident,,,
cet4_endict_2016_expanded.json,50143a67069cd69c0ce1221a6f7bb554b992b3295322344907bf784afb5ff9c0,1138,"{""lemma"": ""confidential""}",confidential,,,
cet4_endict_2016_expanded.json,50143a67069cd69c0ce1221a6f7bb554b992b3295322344907bf784afb5ff9c0,1139,"{""lemma"": ""confine""}",confine,,,
cet4_endict_2016_expanded.json,50143a67069cd69c0ce1221a6f7bb554b992b3295322344907bf784afb5ff9c0,1140,"{""lemma"": ""confinement""}",confinement,,,
cet4_endict_2016_expanded.json,50143a67069cd69c0ce1221a6f7bb554b992b3295322344907bf784afb5ff9c0,1141,"{""lemma"": ""confirm""}",confirm,,,
cet4_endict_2016_expanded.json,50143a67069cd69c0ce1221a6f7bb554b992b3295322344907bf784afb5ff9c0,1142,"{""lemma"": ""confirmation""}",confirmation,,,
cet4_endict_2016_expanded.json,50143a67069cd69c0ce1221a6f7bb554b992b3295322344907bf784afb5ff9c0,1143,"{""lemma"": ""conflict""}",conflict,,,
cet4_endict_2016_expanded.json,50143a67069cd69c0ce1221a6f7bb554b992b3295322344907bf784afb5ff9c0,1144,"{""lemma"": ""conform""}",conform,,,
cet4_endict_2016_expanded.json,50143a67069cd69c0ce1221a6f7bb554b992b3295322344907bf784afb5ff9c0,1145,"{""lemma"": ""conformity""}",conformity,,,
cet4_endict_2016_expanded.json,50143a67069cd69c0ce1221a6f7bb554b992b3295322344907bf784afb5ff9c0,1146,"{""lemma"": ""confront""}",confront,,,
cet4_endict_2016_expanded.json,50143a67069cd69c0ce1221a6f7bb554b992b3295322344907bf784afb5ff9c0,1147,"{""lemma"": ""confrontation""}",confrontation,,,
cet4_endict_2016_expanded.json,50143a67069cd69c0ce1221a6f7bb554b992b3295322344907bf784afb5ff9c0,1148,"{""lemma"": ""Confucian""}",Confucian,,,
cet4_endict_2016_expanded.json,50143a67069cd69c0ce1221a6f7bb554b992b3295322344907bf784afb5ff9c0,1149,"{""lemma"": ""confucianism""}",confucianism,,,
cet4_endict_2016_expanded.json,50143a67069cd69c0ce1221a6f7bb554b992b3295322344907bf784afb5ff9c0,1150,"{""lemma"": ""confuse""}",confuse,,,
cet4_endict_2016_expanded.json,50143a67069cd69c0ce1221a6f7bb554b992b3295322344907bf784afb5ff9c0,1151,"{""lemma"": ""confusion""}",confusion,,,
cet4_endict_2016_expanded.json,50143a67069cd69c0ce1221a6f7bb554b992b3295322344907bf784afb5ff9c0,1152,"{""lemma"": ""congratulate""}",congratulate,,,
cet4_endict_2016_expanded.json,50143a67069cd69c0ce1221a6f7bb554b992b3295322344907bf784afb5ff9c0,1153,"{""lemma"": ""congratulation""}",congratulation,,,
cet4_endict_2016_expanded.json,50143a67069cd69c0ce1221a6f7bb554b992b3295322344907bf784afb5ff9c0,1154,"{""lemma"": ""congratulatory""}",congratulatory,,,
cet4_endict_2016_expanded.json,50143a67069cd69c0ce1221a6f7bb554b992b3295322344907bf784afb5ff9c0,1155,"{""lemma"": ""congress""}",congress,,,
cet4_endict_2016_expanded.json,50143a67069cd69c0ce1221a6f7bb554b992b3295322344907bf784afb5ff9c0,1156,"{""lemma"": ""congressional""}",congressional,,,
cet4_endict_2016_expanded.json,50143a67069cd69c0ce1221a6f7bb554b992b3295322344907bf784afb5ff9c0,1157,"{""lemma"": ""conjunction""}",conjunction,,,
cet4_endict_2016_expanded.json,50143a67069cd69c0ce1221a6f7bb554b992b3295322344907bf784afb5ff9c0,1158,"{""lemma"": ""connect""}",connect,,,
cet4_endict_2016_expanded.json,50143a67069cd69c0ce1221a6f7bb554b992b3295322344907bf784afb5ff9c0,1159,"{""lemma"": ""connection""}",connection,,,
cet4_endict_2016_expanded.json,50143a67069cd69c0ce1221a6f7bb554b992b3295322344907bf784afb5ff9c0,1160,"{""lemma"": ""connexion""}",connexion,,,
cet4_endict_2016_expanded.json,50143a67069cd69c0ce1221a6f7bb554b992b3295322344907bf784afb5ff9c0,1161,"{""lemma"": ""conquer""}",conquer,,,
cet4_endict_2016_expanded.json,50143a67069cd69c0ce1221a6f7bb554b992b3295322344907bf784afb5ff9c0,1162,"{""lemma"": ""conqueror""}",conqueror,,,
cet4_endict_2016_expanded.json,50143a67069cd69c0ce1221a6f7bb554b992b3295322344907bf784afb5ff9c0,1163,"{""lemma"": ""conquest""}",conquest,,,
cet4_endict_2016_expanded.json,50143a67069cd69c0ce1221a6f7bb554b992b3295322344907bf784afb5ff9c0,1164,"{""lemma"": ""conscience""}",conscience,,,
cet4_endict_2016_expanded.json,50143a67069cd69c0ce1221a6f7bb554b992b3295322344907bf784afb5ff9c0,1165,"{""lemma"": ""conscientious""}",conscientious,,,
cet4_endict_2016_expanded.json,50143a67069cd69c0ce1221a6f7bb554b992b3295322344907bf784afb5ff9c0,1166,"{""lemma"": ""conscious""}",conscious,,,
cet4_endict_2016_expanded.json,50143a67069cd69c0ce1221a6f7bb554b992b3295322344907bf784afb5ff9c0,1167,"{""lemma"": ""consciousness""}",consciousness,,,
cet4_endict_2016_expanded.json,50143a67069cd69c0ce1221a6f7bb554b992b3295322344907bf784afb5ff9c0,1168,"{""lemma"": ""consensus""}",consensus,,,
cet4_endict_2016_expanded.json,50143a67069cd69c0ce1221a6f7bb554b992b3295322344907bf784afb5ff9c0,1169,"{""lemma"": ""consent""}",consent,,,
cet4_endict_2016_expanded.json,50143a67069cd69c0ce1221a6f7bb554b992b3295322344907bf784afb5ff9c0,1170,"{""lemma"": ""consequence""}",consequence,,,
cet4_endict_2016_expanded.json,50143a67069cd69c0ce1221a6f7bb554b992b3295322344907bf784afb5ff9c0,1171,"{""lemma"": ""consequent""}",consequent,,,
cet4_endict_2016_expanded.json,50143a67069cd69c0ce1221a6f7bb554b992b3295322344907bf784afb5ff9c0,1172,"{""lemma"": ""consequently""}",consequently,,,
cet4_endict_2016_expanded.json,50143a67069cd69c0ce1221a6f7bb554b992b3295322344907bf784afb5ff9c0,1173,"{""lemma"": ""conservative""}",conservative,,,
cet4_endict_2016_expanded.json,50143a67069cd69c0ce1221a6f7bb554b992b3295322344907bf784afb5ff9c0,1174,"{""lemma"": ""consider""}",consider,,,
cet4_endict_2016_expanded.json,50143a67069cd69c0ce1221a6f7bb554b992b3295322344907bf784afb5ff9c0,1175,"{""lemma"": ""considerable""}",considerable,,,
cet4_endict_2016_expanded.json,50143a67069cd69c0ce1221a6f7bb554b992b3295322344907bf784afb5ff9c0,1176,"{""lemma"": ""considerate""}",considerate,,,
cet4_endict_2016_expanded.json,50143a67069cd69c0ce1221a6f7bb554b992b3295322344907bf784afb5ff9c0,1177,"{""lemma"": ""consideration""}",consideration,,,
cet4_endict_2016_expanded.json,50143a67069cd69c0ce1221a6f7bb554b992b3295322344907bf784afb5ff9c0,1178,"{""lemma"": ""considering""}",considering,,,
cet4_endict_2016_expanded.json,50143a67069cd69c0ce1221a6f7bb554b992b3295322344907bf784afb5ff9c0,1179,"{""lemma"": ""consist""}",consist,,,
cet4_endict_2016_expanded.json,50143a67069cd69c0ce1221a6f7bb554b992b3295322344907bf784afb5ff9c0,1180,"{""lemma"": ""consistency""}",consistency,,,
cet4_endict_2016_expanded.json,50143a67069cd69c0ce1221a6f7bb554b992b3295322344907bf784afb5ff9c0,1181,"{""lemma"": ""consistent""}",consistent,,,
cet4_endict_2016_expanded.json,50143a67069cd69c0ce1221a6f7bb554b992b3295322344907bf784afb5ff9c0,1182,"{""lemma"": ""consolidate""}",consolidate,,,
cet4_endict_2016_expanded.json,50143a67069cd69c0ce1221a6f7bb554b992b3295322344907bf784afb5ff9c0,1183,"{""lemma"": ""consolidation""}",consolidation,,,
cet4_endict_2016_expanded.json,50143a67069cd69c0ce1221a6f7bb554b992b3295322344907bf784afb5ff9c0,1184,"{""lemma"": ""constant""}",constant,,,
cet4_endict_2016_expanded.json,50143a67069cd69c0ce1221a6f7bb554b992b3295322344907bf784afb5ff9c0,1185,"{""lemma"": ""constitute""}",constitute,,,
cet4_endict_2016_expanded.json,50143a67069cd69c0ce1221a6f7bb554b992b3295322344907bf784afb5ff9c0,1186,"{""lemma"": ""constitution""}",constitution,,,
cet4_endict_2016_expanded.json,50143a67069cd69c0ce1221a6f7bb554b992b3295322344907bf784afb5ff9c0,1187,"{""lemma"": ""constitutional""}",constitutional,,,
cet4_endict_2016_expanded.json,50143a67069cd69c0ce1221a6f7bb554b992b3295322344907bf784afb5ff9c0,1188,"{""lemma"": ""construct""}",construct,,,
cet4_endict_2016_expanded.json,50143a67069cd69c0ce1221a6f7bb554b992b3295322344907bf784afb5ff9c0,1189,"{""lemma"": ""construction""}",construction,,,
cet4_endict_2016_expanded.json,50143a67069cd69c0ce1221a6f7bb554b992b3295322344907bf784afb5ff9c0,1190,"{""lemma"": ""consult""}",consult,,,
cet4_endict_2016_expanded.json,50143a67069cd69c0ce1221a6f7bb554b992b3295322344907bf784afb5ff9c0,1191,"{""lemma"": ""consultant""}",consultant,,,
cet4_endict_2016_expanded.json,50143a67069cd69c0ce1221a6f7bb554b992b3295322344907bf784afb5ff9c0,1192,"{""lemma"": ""consultation""}",consultation,,,
cet4_endict_2016_expanded.json,50143a67069cd69c0ce1221a6f7bb554b992b3295322344907bf784afb5ff9c0,1193,"{""lemma"": ""consultative""}",consultative,,,
cet4_endict_2016_expanded.json,50143a67069cd69c0ce1221a6f7bb554b992b3295322344907bf784afb5ff9c0,1194,"{""lemma"": ""consume""}",consume,,,
cet4_endict_2016_expanded.json,50143a67069cd69c0ce1221a6f7bb554b992b3295322344907bf784afb5ff9c0,1195,"{""lemma"": ""consumer""}",consumer,,,
cet4_endict_2016_expanded.json,50143a67069cd69c0ce1221a6f7bb554b992b3295322344907bf784afb5ff9c0,1196,"{""lemma"": ""consumption""}",consumption,,,
cet4_endict_2016_expanded.json,50143a67069cd69c0ce1221a6f7bb554b992b3295322344907bf784afb5ff9c0,1197,"{""lemma"": ""contact""}",contact,,,
cet4_endict_2016_expanded.json,50143a67069cd69c0ce1221a6f7bb554b992b3295322344907bf784afb5ff9c0,1198,"{""lemma"": ""contain""}",contain,,,
cet4_endict_2016_expanded.json,50143a67069cd69c0ce1221a6f7bb554b992b3295322344907bf784afb5ff9c0,1199,"{""lemma"": ""container""}",container,,,
cet4_endict_2016_expanded.json,50143a67069cd69c0ce1221a6f7bb554b992b3295322344907bf784afb5ff9c0,1200,"{""lemma"": ""containment""}",containment,,,
cet4_endict_2016_expanded.json,50143a67069cd69c0ce1221a6f7bb554b992b3295322344907bf784afb5ff9c0,1201,"{""lemma"": ""contaminate""}",contaminate,,,
cet4_endict_2016_expanded.json,50143a67069cd69c0ce1221a6f7bb554b992b3295322344907bf784afb5ff9c0,1202,"{""lemma"": ""contamination""}",contamination,,,
cet4_endict_2016_expanded.json,50143a67069cd69c0ce1221a6f7bb554b992b3295322344907bf784afb5ff9c0,1203,"{""lemma"": ""contemporary""}",contemporary,,,
cet4_endict_2016_expanded.json,50143a67069cd69c0ce1221a6f7bb554b992b3295322344907bf784afb5ff9c0,1204,"{""lemma"": ""contempt""}",contempt,,,
cet4_endict_2016_expanded.json,50143a67069cd69c0ce1221a6f7bb554b992b3295322344907bf784afb5ff9c0,1205,"{""lemma"": ""contemptible""}",contemptible,,,
cet4_endict_2016_expanded.json,50143a67069cd69c0ce1221a6f7bb554b992b3295322344907bf784afb5ff9c0,1206,"{""lemma"": ""contend""}",contend,,,
cet4_endict_2016_expanded.json,50143a67069cd69c0ce1221a6f7bb554b992b3295322344907bf784afb5ff9c0,1207,"{""lemma"": ""content""}",content,,,
cet4_endict_2016_expanded.json,50143a67069cd69c0ce1221a6f7bb554b992b3295322344907bf784afb5ff9c0,1208,"{""lemma"": ""contented""}",contented,,,
cet4_endict_2016_expanded.json,50143a67069cd69c0ce1221a6f7bb554b992b3295322344907bf784afb5ff9c0,1209,"{""lemma"": ""contention""}",contention,,,
cet4_endict_2016_expanded.json,50143a67069cd69c0ce1221a6f7bb554b992b3295322344907bf784afb5ff9c0,1210,"{""lemma"": ""contentious""}",contentious,,,
cet4_endict_2016_expanded.json,50143a67069cd69c0ce1221a6f7bb554b992b3295322344907bf784afb5ff9c0,1211,"{""lemma"": ""contest""}",contest,,,
cet4_endict_2016_expanded.json,50143a67069cd69c0ce1221a6f7bb554b992b3295322344907bf784afb5ff9c0,1212,"{""lemma"": ""contestant""}",contestant,,,
cet4_endict_2016_expanded.json,50143a67069cd69c0ce1221a6f7bb554b992b3295322344907bf784afb5ff9c0,1213,"{""lemma"": ""context""}",context,,,
cet4_endict_2016_expanded.json,50143a67069cd69c0ce1221a6f7bb554b992b3295322344907bf784afb5ff9c0,1214,"{""lemma"": ""contextual""}",contextual,,,
cet4_endict_2016_expanded.json,50143a67069cd69c0ce1221a6f7bb554b992b3295322344907bf784afb5ff9c0,1215,"{""lemma"": ""continent""}",continent,,,
cet4_endict_2016_expanded.json,50143a67069cd69c0ce1221a6f7bb554b992b3295322344907bf784afb5ff9c0,1216,"{""lemma"": ""continental""}",continental,,,
cet4_endict_2016_expanded.json,50143a67069cd69c0ce1221a6f7bb554b992b3295322344907bf784afb5ff9c0,1217,"{""lemma"": ""continual""}",continual,,,
cet4_endict_2016_expanded.json,50143a67069cd69c0ce1221a6f7bb554b992b3295322344907bf784afb5ff9c0,1218,"{""lemma"": ""continuation""}",continuation,,,
cet4_endict_2016_expanded.json,50143a67069cd69c0ce1221a6f7bb554b992b3295322344907bf784afb5ff9c0,1219,"{""lemma"": ""continue""}",continue,,,
cet4_endict_2016_expanded.json,50143a67069cd69c0ce1221a6f7bb554b992b3295322344907bf784afb5ff9c0,1220,"{""lemma"": ""continuity""}",continuity,,,
cet4_endict_2016_expanded.json,50143a67069cd69c0ce1221a6f7bb554b992b3295322344907bf784afb5ff9c0,1221,"{""lemma"": ""continuous""}",continuous,,,
cet4_endict_2016_expanded.json,50143a67069cd69c0ce1221a6f7bb554b992b3295322344907bf784afb5ff9c0,1222,"{""lemma"": ""contract""}",contract,,,
cet4_endict_2016_expanded.json,50143a67069cd69c0ce1221a6f7bb554b992b3295322344907bf784afb5ff9c0,1223,"{""lemma"": ""contraction""}",contraction,,,
cet4_endict_2016_expanded.json,50143a67069cd69c0ce1221a6f7bb554b992b3295322344907bf784afb5ff9c0,1224,"{""lemma"": ""contractor""}",contractor,,,
cet4_endict_2016_expanded.json,50143a67069cd69c0ce1221a6f7bb554b992b3295322344907bf784afb5ff9c0,1225,"{""lemma"": ""contradict""}",contradict,,,
cet4_endict_2016_expanded.json,50143a67069cd69c0ce1221a6f7bb554b992b3295322344907bf784afb5ff9c0,1226,"{""lemma"": ""contradiction""}",contradiction,,,
cet4_endict_2016_expanded.json,50143a67069cd69c0ce1221a6f7bb554b992b3295322344907bf784afb5ff9c0,1227,"{""lemma"": ""contradictory""}",contradictory,,,
cet4_endict_2016_expanded.json,50143a67069cd69c0ce1221a6f7bb554b992b3295322344907bf784afb5ff9c0,1228,"{""lemma"": ""contrary""}",contrary,,,
cet4_endict_2016_expanded.json,50143a67069cd69c0ce1221a6f7bb554b992b3295322344907bf784afb5ff9c0,1229,"{""lemma"": ""contrast""}",contrast,,,
cet4_endict_2016_expanded.json,50143a67069cd69c0ce1221a6f7bb554b992b3295322344907bf784afb5ff9c0,1230,"{""lemma"": ""contribute""}",contribute,,,
cet4_endict_2016_expanded.json,50143a67069cd69c0ce1221a6f7bb554b992b3295322344907bf784afb5ff9c0,1231,"{""lemma"": ""contribution""}",contribution,,,
cet4_endict_2016_expanded.json,50143a67069cd69c0ce1221a6f7bb554b992b3295322344907bf784afb5ff9c0,1232,"{""lemma"": ""contributor""}",contributor,,,
cet4_endict_2016_expanded.json,50143a67069cd69c0ce1221a6f7bb554b992b3295322344907bf784afb5ff9c0,1233,"{""lemma"": ""control""}",control,,,
cet4_endict_2016_expanded.json,50143a67069cd69c0ce1221a6f7bb554b992b3295322344907bf784afb5ff9c0,1234,"{""lemma"": ""controversial""}",controversial,,,
cet4_endict_2016_expanded.json,50143a67069cd69c0ce1221a6f7bb554b992b3295322344907bf784afb5ff9c0,1235,"{""lemma"": ""controversy""}",controversy,,,
cet4_endict_2016_expanded.json,50143a67069cd69c0ce1221a6f7bb554b992b3295322344907bf784afb5ff9c0,1236,"{""lemma"": ""convenience""}",convenience,,,
cet4_endict_2016_expanded.json,50143a67069cd69c0ce1221a6f7bb554b992b3295322344907bf784afb5ff9c0,1237,"{""lemma"": ""convenient""}",convenient,,,
cet4_endict_2016_expanded.json,50143a67069cd69c0ce1221a6f7bb554b992b3295322344907bf784afb5ff9c0,1238,"{""lemma"": ""convention""}",convention,,,
cet4_endict_2016_expanded.json,50143a67069cd69c0ce1221a6f7bb554b992b3295322344907bf784afb5ff9c0,1239,"{""lemma"": ""conventional""}",conventional,,,
cet4_endict_2016_expanded.json,50143a67069cd69c0ce1221a6f7bb554b992b3295322344907bf784afb5ff9c0,1240,"{""lemma"": ""conversation""}",conversation,,,
cet4_endict_2016_expanded.json,50143a67069cd69c0ce1221a6f7bb554b992b3295322344907bf784afb5ff9c0,1241,"{""lemma"": ""converse""}",converse,,,
cet4_endict_2016_expanded.json,50143a67069cd69c0ce1221a6f7bb554b992b3295322344907bf784afb5ff9c0,1242,"{""lemma"": ""conversion""}",conversion,,,
cet4_endict_2016_expanded.json,50143a67069cd69c0ce1221a6f7bb554b992b3295322344907bf784afb5ff9c0,1243,"{""lemma"": ""convert""}",convert,,,
cet4_endict_2016_expanded.json,50143a67069cd69c0ce1221a6f7bb554b992b3295322344907bf784afb5ff9c0,1244,"{""lemma"": ""convertible""}",convertible,,,
cet4_endict_2016_expanded.json,50143a67069cd69c0ce1221a6f7bb554b992b3295322344907bf784afb5ff9c0,1245,"{""lemma"": ""convey""}",convey,,,
cet4_endict_2016_expanded.json,50143a67069cd69c0ce1221a6f7bb554b992b3295322344907bf784afb5ff9c0,1246,"{""lemma"": ""conveyance""}",conveyance,,,
cet4_endict_2016_expanded.json,50143a67069cd69c0ce1221a6f7bb554b992b3295322344907bf784afb5ff9c0,1247,"{""lemma"": ""convince""}",convince,,,
cet4_endict_2016_expanded.json,50143a67069cd69c0ce1221a6f7bb554b992b3295322344907bf784afb5ff9c0,1248,"{""lemma"": ""convincing""}",convincing,,,
cet4_endict_2016_expanded.json,50143a67069cd69c0ce1221a6f7bb554b992b3295322344907bf784afb5ff9c0,1249,"{""lemma"": ""cook""}",cook,,,
cet4_endict_2016_expanded.json,50143a67069cd69c0ce1221a6f7bb554b992b3295322344907bf784afb5ff9c0,1250,"{""lemma"": ""cooker""}",cooker,,,
cet4_endict_2016_expanded.json,50143a67069cd69c0ce1221a6f7bb554b992b3295322344907bf784afb5ff9c0,1251,"{""lemma"": ""cookie""}",cookie,,,
cet4_endict_2016_expanded.json,50143a67069cd69c0ce1221a6f7bb554b992b3295322344907bf784afb5ff9c0,1252,"{""lemma"": ""cool""}",cool,,,
cet4_endict_2016_expanded.json,50143a67069cd69c0ce1221a6f7bb554b992b3295322344907bf784afb5ff9c0,1253,"{""lemma"": ""cooperate""}",cooperate,,,
cet4_endict_2016_expanded.json,50143a67069cd69c0ce1221a6f7bb554b992b3295322344907bf784afb5ff9c0,1254,"{""lemma"": ""cooperation""}",cooperation,,,
cet4_endict_2016_expanded.json,50143a67069cd69c0ce1221a6f7bb554b992b3295322344907bf784afb5ff9c0,1255,"{""lemma"": ""cooperative""}",cooperative,,,
cet4_endict_2016_expanded.json,50143a67069cd69c0ce1221a6f7bb554b992b3295322344907bf784afb5ff9c0,1256,"{""lemma"": ""coordinate""}",coordinate,,,
cet4_endict_2016_expanded.json,50143a67069cd69c0ce1221a6f7bb554b992b3295322344907bf784afb5ff9c0,1257,"{""lemma"": ""coordination""}",coordination,,,
cet4_endict_2016_expanded.json,50143a67069cd69c0ce1221a6f7bb554b992b3295322344907bf784afb5ff9c0,1258,"{""lemma"": ""coordinator""}",coordinator,,,
cet4_endict_2016_expanded.json,50143a67069cd69c0ce1221a6f7bb554b992b3295322344907bf784afb5ff9c0,1259,"{""lemma"": ""cop""}",cop,,,
cet4_endict_2016_expanded.json,50143a67069cd69c0ce1221a6f7bb554b992b3295322344907bf784afb5ff9c0,1260,"{""lemma"": ""cope""}",cope,,,
cet4_endict_2016_expanded.json,50143a67069cd69c0ce1221a6f7bb554b992b3295322344907bf784afb5ff9c0,1261,"{""lemma"": ""copper""}",copper,,,
cet4_endict_2016_expanded.json,50143a67069cd69c0ce1221a6f7bb554b992b3295322344907bf784afb5ff9c0,1262,"{""lemma"": ""copy""}",copy,,,
cet4_endict_2016_expanded.json,50143a67069cd69c0ce1221a6f7bb554b992b3295322344907bf784afb5ff9c0,1263,"{""lemma"": ""copyright""}",copyright,,,
cet4_endict_2016_expanded.json,50143a67069cd69c0ce1221a6f7bb554b992b3295322344907bf784afb5ff9c0,1264,"{""lemma"": ""cord""}",cord,,,
cet4_endict_2016_expanded.json,50143a67069cd69c0ce1221a6f7bb554b992b3295322344907bf784afb5ff9c0,1265,"{""lemma"": ""core""}",core,,,
cet4_endict_2016_expanded.json,50143a67069cd69c0ce1221a6f7bb554b992b3295322344907bf784afb5ff9c0,1266,"{""lemma"": ""corn""}",corn,,,
cet4_endict_2016_expanded.json,50143a67069cd69c0ce1221a6f7bb554b992b3295322344907bf784afb5ff9c0,1267,"{""lemma"": ""corner""}",corner,,,
cet4_endict_2016_expanded.json,50143a67069cd69c0ce1221a6f7bb554b992b3295322344907bf784afb5ff9c0,1268,"{""lemma"": ""cornerstone""}",cornerstone,,,
cet4_endict_2016_expanded.json,50143a67069cd69c0ce1221a6f7bb554b992b3295322344907bf784afb5ff9c0,1269,"{""lemma"": ""corporate""}",corporate,,,
cet4_endict_2016_expanded.json,50143a67069cd69c0ce1221a6f7bb554b992b3295322344907bf784afb5ff9c0,1270,"{""lemma"": ""corporation""}",corporation,,,
cet4_endict_2016_expanded.json,50143a67069cd69c0ce1221a6f7bb554b992b3295322344907bf784afb5ff9c0,1271,"{""lemma"": ""corps""}",corps,,,
cet4_endict_2016_expanded.json,50143a67069cd69c0ce1221a6f7bb554b992b3295322344907bf784afb5ff9c0,1272,"{""lemma"": ""correct""}",correct,,,
cet4_endict_2016_expanded.json,50143a67069cd69c0ce1221a6f7bb554b992b3295322344907bf784afb5ff9c0,1273,"{""lemma"": ""correction""}",correction,,,
cet4_endict_2016_expanded.json,50143a67069cd69c0ce1221a6f7bb554b992b3295322344907bf784afb5ff9c0,1274,"{""lemma"": ""corrective""}",corrective,,,
cet4_endict_2016_expanded.json,50143a67069cd69c0ce1221a6f7bb554b992b3295322344907bf784afb5ff9c0,1275,"{""lemma"": ""correspond""}",correspond,,,
cet4_endict_2016_expanded.json,50143a67069cd69c0ce1221a6f7bb554b992b3295322344907bf784afb5ff9c0,1276,"{""lemma"": ""correspondence""}",correspondence,,,
cet4_endict_2016_expanded.json,50143a67069cd69c0ce1221a6f7bb554b992b3295322344907bf784afb5ff9c0,1277,"{""lemma"": ""correspondent""}",correspondent,,,
cet4_endict_2016_expanded.json,50143a67069cd69c0ce1221a6f7bb554b992b3295322344907bf784afb5ff9c0,1278,"{""lemma"": ""corresponding""}",corresponding,,,
cet4_endict_2016_expanded.json,50143a67069cd69c0ce1221a6f7bb554b992b3295322344907bf784afb5ff9c0,1279,"{""lemma"": ""corridor""}",corridor,,,
cet4_endict_2016_expanded.json,50143a67069cd69c0ce1221a6f7bb554b992b3295322344907bf784afb5ff9c0,1280,"{""lemma"": ""corrupt""}",corrupt,,,
cet4_endict_2016_expanded.json,50143a67069cd69c0ce1221a6f7bb554b992b3295322344907bf784afb5ff9c0,1281,"{""lemma"": ""corruption""}",corruption,,,
cet4_endict_2016_expanded.json,50143a67069cd69c0ce1221a6f7bb554b992b3295322344907bf784afb5ff9c0,1282,"{""lemma"": ""cosmic""}",cosmic,,,
cet4_endict_2016_expanded.json,50143a67069cd69c0ce1221a6f7bb554b992b3295322344907bf784afb5ff9c0,1283,"{""lemma"": ""cosmos""}",cosmos,,,
cet4_endict_2016_expanded.json,50143a67069cd69c0ce1221a6f7bb554b992b3295322344907bf784afb5ff9c0,1284,"{""lemma"": ""cost""}",cost,,,
cet4_endict_2016_expanded.json,50143a67069cd69c0ce1221a6f7bb554b992b3295322344907bf784afb5ff9c0,1285,"{""lemma"": ""costly""}",costly,,,
cet4_endict_2016_expanded.json,50143a67069cd69c0ce1221a6f7bb554b992b3295322344907bf784afb5ff9c0,1286,"{""lemma"": ""costume""}",costume,,,
cet4_endict_2016_expanded.json,50143a67069cd69c0ce1221a6f7bb554b992b3295322344907bf784afb5ff9c0,1287,"{""lemma"": ""cottage""}",cottage,,,
cet4_endict_2016_expanded.json,50143a67069cd69c0ce1221a6f7bb554b992b3295322344907bf784afb5ff9c0,1288,"{""lemma"": ""cotton""}",cotton,,,
cet4_endict_2016_expanded.json,50143a67069cd69c0ce1221a6f7bb554b992b3295322344907bf784afb5ff9c0,1289,"{""lemma"": ""couch""}",couch,,,
cet4_endict_2016_expanded.json,50143a67069cd69c0ce1221a6f7bb554b992b3295322344907bf784afb5ff9c0,1290,"{""lemma"": ""cough""}",cough,,,
cet4_endict_2016_expanded.json,50143a67069cd69c0ce1221a6f7bb554b992b3295322344907bf784afb5ff9c0,1291,"{""lemma"": ""could""}",could,,,
cet4_endict_2016_expanded.json,50143a67069cd69c0ce1221a6f7bb554b992b3295322344907bf784afb5ff9c0,1292,"{""lemma"": ""council""}",council,,,
cet4_endict_2016_expanded.json,50143a67069cd69c0ce1221a6f7bb554b992b3295322344907bf784afb5ff9c0,1293,"{""lemma"": ""councilor""}",councilor,,,
cet4_endict_2016_expanded.json,50143a67069cd69c0ce1221a6f7bb554b992b3295322344907bf784afb5ff9c0,1294,"{""lemma"": ""counsel""}",counsel,,,
cet4_endict_2016_expanded.json,50143a67069cd69c0ce1221a6f7bb554b992b3295322344907bf784afb5ff9c0,1295,"{""lemma"": ""counselor""}",counselor,,,
cet4_endict_2016_expanded.json,50143a67069cd69c0ce1221a6f7bb554b992b3295322344907bf784afb5ff9c0,1296,"{""lemma"": ""count""}",count,,,
cet4_endict_2016_expanded.json,50143a67069cd69c0ce1221a6f7bb554b992b3295322344907bf784afb5ff9c0,1297,"{""lemma"": ""countdown""}",countdown,,,
cet4_endict_2016_expanded.json,50143a67069cd69c0ce1221a6f7bb554b992b3295322344907bf784afb5ff9c0,1298,"{""lemma"": ""counter""}",counter,,,
cet4_endict_2016_expanded.json,50143a67069cd69c0ce1221a6f7bb554b992b3295322344907bf784afb5ff9c0,1299,"{""lemma"": ""counterpart""}",counterpart,,,
cet4_endict_2016_expanded.json,50143a67069cd69c0ce1221a6f7bb554b992b3295322344907bf784afb5ff9c0,1300,"{""lemma"": ""country""}",country,,,
cet4_endict_2016_expanded.json,50143a67069cd69c0ce1221a6f7bb554b992b3295322344907bf784afb5ff9c0,1301,"{""lemma"": ""countryside""}",countryside,,,
cet4_endict_2016_expanded.json,50143a67069cd69c0ce1221a6f7bb554b992b3295322344907bf784afb5ff9c0,1302,"{""lemma"": ""county""}",county,,,
cet4_endict_2016_expanded.json,50143a67069cd69c0ce1221a6f7bb554b992b3295322344907bf784afb5ff9c0,1303,"{""lemma"": ""couple""}",couple,,,
cet4_endict_2016_expanded.json,50143a67069cd69c0ce1221a6f7bb554b992b3295322344907bf784afb5ff9c0,1304,"{""lemma"": ""coupon""}",coupon,,,
cet4_endict_2016_expanded.json,50143a67069cd69c0ce1221a6f7bb554b992b3295322344907bf784afb5ff9c0,1305,"{""lemma"": ""courage""}",courage,,,
cet4_endict_2016_expanded.json,50143a67069cd69c0ce1221a6f7bb554b992b3295322344907bf784afb5ff9c0,1306,"{""lemma"": ""courageous""}",courageous,,,
cet4_endict_2016_expanded.json,50143a67069cd69c0ce1221a6f7bb554b992b3295322344907bf784afb5ff9c0,1307,"{""lemma"": ""course""}",course,,,
cet4_endict_2016_expanded.json,50143a67069cd69c0ce1221a6f7bb554b992b3295322344907bf784afb5ff9c0,1308,"{""lemma"": ""court""}",court,,,
cet4_endict_2016_expanded.json,50143a67069cd69c0ce1221a6f7bb554b992b3295322344907bf784afb5ff9c0,1309,"{""lemma"": ""courtyard""}",courtyard,,,
cet4_endict_2016_expanded.json,50143a67069cd69c0ce1221a6f7bb554b992b3295322344907bf784afb5ff9c0,1310,"{""lemma"": ""cousin""}",cousin,,,
cet4_endict_2016_expanded.json,50143a67069cd69c0ce1221a6f7bb554b992b3295322344907bf784afb5ff9c0,1311,"{""lemma"": ""cover""}",cover,,,
cet4_endict_2016_expanded.json,50143a67069cd69c0ce1221a6f7bb554b992b3295322344907bf784afb5ff9c0,1312,"{""lemma"": ""coverage""}",coverage,,,
cet4_endict_2016_expanded.json,50143a67069cd69c0ce1221a6f7bb554b992b3295322344907bf784afb5ff9c0,1313,"{""lemma"": ""cow""}",cow,,,
cet4_endict_2016_expanded.json,50143a67069cd69c0ce1221a6f7bb554b992b3295322344907bf784afb5ff9c0,1314,"{""lemma"": ""coward""}",coward,,,
cet4_endict_2016_expanded.json,50143a67069cd69c0ce1221a6f7bb554b992b3295322344907bf784afb5ff9c0,1315,"{""lemma"": ""cowardice""}",cowardice,,,
cet4_endict_2016_expanded.json,50143a67069cd69c0ce1221a6f7bb554b992b3295322344907bf784afb5ff9c0,1316,"{""lemma"": ""cowardly""}",cowardly,,,
cet4_endict_2016_expanded.json,50143a67069cd69c0ce1221a6f7bb554b992b3295322344907bf784afb5ff9c0,1317,"{""lemma"": ""cowboy""}",cowboy,,,
cet4_endict_2016_expanded.json,50143a67069cd69c0ce1221a6f7bb554b992b3295322344907bf784afb5ff9c0,1318,"{""lemma"": ""crab""}",crab,,,
cet4_endict_2016_expanded.json,50143a67069cd69c0ce1221a6f7bb554b992b3295322344907bf784afb5ff9c0,1319,"{""lemma"": ""crack""}",crack,,,
cet4_endict_2016_expanded.json,50143a67069cd69c0ce1221a6f7bb554b992b3295322344907bf784afb5ff9c0,1320,"{""lemma"": ""cracker""}",cracker,,,
cet4_endict_2016_expanded.json,50143a67069cd69c0ce1221a6f7bb554b992b3295322344907bf784afb5ff9c0,1321,"{""lemma"": ""craft""}",craft,,,
cet4_endict_2016_expanded.json,50143a67069cd69c0ce1221a6f7bb554b992b3295322344907bf784afb5ff9c0,1322,"{""lemma"": ""crane""}",crane,,,
cet4_endict_2016_expanded.json,50143a67069cd69c0ce1221a6f7bb554b992b3295322344907bf784afb5ff9c0,1323,"{""lemma"": ""crash""}",crash,,,
cet4_endict_2016_expanded.json,50143a67069cd69c0ce1221a6f7bb554b992b3295322344907bf784afb5ff9c0,1324,"{""lemma"": ""crawl""}",crawl,,,
cet4_endict_2016_expanded.json,50143a67069cd69c0ce1221a6f7bb554b992b3295322344907bf784afb5ff9c0,1325,"{""lemma"": ""craze""}",craze,,,
cet4_endict_2016_expanded.json,50143a67069cd69c0ce1221a6f7bb554b992b3295322344907bf784afb5ff9c0,1326,"{""lemma"": ""crazy""}",crazy,,,
cet4_endict_2016_expanded.json,50143a67069cd69c0ce1221a6f7bb554b992b3295322344907bf784afb5ff9c0,1327,"{""lemma"": ""cream""}",cream,,,
cet4_endict_2016_expanded.json,50143a67069cd69c0ce1221a6f7bb554b992b3295322344907bf784afb5ff9c0,1328,"{""lemma"": ""creamy""}",creamy,,,
cet4_endict_2016_expanded.json,50143a67069cd69c0ce1221a6f7bb554b992b3295322344907bf784afb5ff9c0,1329,"{""lemma"": ""create""}",create,,,
cet4_endict_2016_expanded.json,50143a67069cd69c0ce1221a6f7bb554b992b3295322344907bf784afb5ff9c0,1330,"{""lemma"": ""creation""}",creation,,,
cet4_endict_2016_expanded.json,50143a67069cd69c0ce1221a6f7bb554b992b3295322344907bf784afb5ff9c0,1331,"{""lemma"": ""creative""}",creative,,,
cet4_endict_2016_expanded.json,50143a67069cd69c0ce1221a6f7bb554b992b3295322344907bf784afb5ff9c0,1332,"{""lemma"": ""creator""}",creator,,,
cet4_endict_2016_expanded.json,50143a67069cd69c0ce1221a6f7bb554b992b3295322344907bf784afb5ff9c0,1333,"{""lemma"": ""creature""}",creature,,,
cet4_endict_2016_expanded.json,50143a67069cd69c0ce1221a6f7bb554b992b3295322344907bf784afb5ff9c0,1334,"{""lemma"": ""credit""}",credit,,,
cet4_endict_2016_expanded.json,50143a67069cd69c0ce1221a6f7bb554b992b3295322344907bf784afb5ff9c0,1335,"{""lemma"": ""creditable""}",creditable,,,
cet4_endict_2016_expanded.json,50143a67069cd69c0ce1221a6f7bb554b992b3295322344907bf784afb5ff9c0,1336,"{""lemma"": ""creep""}",creep,,,
cet4_endict_2016_expanded.json,50143a67069cd69c0ce1221a6f7bb554b992b3295322344907bf784afb5ff9c0,1337,"{""lemma"": ""crew""}",crew,,,
cet4_endict_2016_expanded.json,50143a67069cd69c0ce1221a6f7bb554b992b3295322344907bf784afb5ff9c0,1338,"{""lemma"": ""crime""}",crime,,,
cet4_endict_2016_expanded.json,50143a67069cd69c0ce1221a6f7bb554b992b3295322344907bf784afb5ff9c0,1339,"{""lemma"": ""criminal""}",criminal,,,
cet4_endict_2016_expanded.json,50143a67069cd69c0ce1221a6f7bb554b992b3295322344907bf784afb5ff9c0,1340,"{""lemma"": ""crisis""}",crisis,,,
cet4_endict_2016_expanded.json,50143a67069cd69c0ce1221a6f7bb554b992b3295322344907bf784afb5ff9c0,1341,"{""lemma"": ""criterion""}",criterion,,,
cet4_endict_2016_expanded.json,50143a67069cd69c0ce1221a6f7bb554b992b3295322344907bf784afb5ff9c0,1342,"{""lemma"": ""critic""}",critic,,,
cet4_endict_2016_expanded.json,50143a67069cd69c0ce1221a6f7bb554b992b3295322344907bf784afb5ff9c0,1343,"{""lemma"": ""critical""}",critical,,,
cet4_endict_2016_expanded.json,50143a67069cd69c0ce1221a6f7bb554b992b3295322344907bf784afb5ff9c0,1344,"{""lemma"": ""criticism""}",criticism,,,
cet4_endict_2016_expanded.json,50143a67069cd69c0ce1221a6f7bb554b992b3295322344907bf784afb5ff9c0,1345,"{""lemma"": ""criticize""}",criticize,,,
cet4_endict_2016_expanded.json,50143a67069cd69c0ce1221a6f7bb554b992b3295322344907bf784afb5ff9c0,1346,"{""lemma"": ""crocodile""}",crocodile,,,
cet4_endict_2016_expanded.json,50143a67069cd69c0ce1221a6f7bb554b992b3295322344907bf784afb5ff9c0,1347,"{""lemma"": ""crop""}",crop,,,
cet4_endict_2016_expanded.json,50143a67069cd69c0ce1221a6f7bb554b992b3295322344907bf784afb5ff9c0,1348,"{""lemma"": ""cross""}",cross,,,
cet4_endict_2016_expanded.json,50143a67069cd69c0ce1221a6f7bb554b992b3295322344907bf784afb5ff9c0,1349,"{""lemma"": ""crossing""}",crossing,,,
cet4_endict_2016_expanded.json,50143a67069cd69c0ce1221a6f7bb554b992b3295322344907bf784afb5ff9c0,1350,"{""lemma"": ""crowd""}",crowd,,,
cet4_endict_2016_expanded.json,50143a67069cd69c0ce1221a6f7bb554b992b3295322344907bf784afb5ff9c0,1351,"{""lemma"": ""crowded""}",crowded,,,
cet4_endict_2016_expanded.json,50143a67069cd69c0ce1221a6f7bb554b992b3295322344907bf784afb5ff9c0,1352,"{""lemma"": ""crown""}",crown,,,
cet4_endict_2016_expanded.json,50143a67069cd69c0ce1221a6f7bb554b992b3295322344907bf784afb5ff9c0,1353,"{""lemma"": ""crucial""}",crucial,,,
cet4_endict_2016_expanded.json,50143a67069cd69c0ce1221a6f7bb554b992b3295322344907bf784afb5ff9c0,1354,"{""lemma"": ""cruel""}",cruel,,,
cet4_endict_2016_expanded.json,50143a67069cd69c0ce1221a6f7bb554b992b3295322344907bf784afb5ff9c0,1355,"{""lemma"": ""cruelty""}",cruelty,,,
cet4_endict_2016_expanded.json,50143a67069cd69c0ce1221a6f7bb554b992b3295322344907bf784afb5ff9c0,1356,"{""lemma"": ""cruise""}",cruise,,,
cet4_endict_2016_expanded.json,50143a67069cd69c0ce1221a6f7bb554b992b3295322344907bf784afb5ff9c0,1357,"{""lemma"": ""cruiser""}",cruiser,,,
cet4_endict_2016_expanded.json,50143a67069cd69c0ce1221a6f7bb554b992b3295322344907bf784afb5ff9c0,1358,"{""lemma"": ""crush""}",crush,,,
cet4_endict_2016_expanded.json,50143a67069cd69c0ce1221a6f7bb554b992b3295322344907bf784afb5ff9c0,1359,"{""lemma"": ""cry""}",cry,,,
cet4_endict_2016_expanded.json,50143a67069cd69c0ce1221a6f7bb554b992b3295322344907bf784afb5ff9c0,1360,"{""lemma"": ""crystal""}",crystal,,,
cet4_endict_2016_expanded.json,50143a67069cd69c0ce1221a6f7bb554b992b3295322344907bf784afb5ff9c0,1361,"{""lemma"": ""cube""}",cube,,,
cet4_endict_2016_expanded.json,50143a67069cd69c0ce1221a6f7bb554b992b3295322344907bf784afb5ff9c0,1362,"{""lemma"": ""cubic""}",cubic,,,
cet4_endict_2016_expanded.json,50143a67069cd69c0ce1221a6f7bb554b992b3295322344907bf784afb5ff9c0,1363,"{""lemma"": ""cucumber""}",cucumber,,,
cet4_endict_2016_expanded.json,50143a67069cd69c0ce1221a6f7bb554b992b3295322344907bf784afb5ff9c0,1364,"{""lemma"": ""cue""}",cue,,,
cet4_endict_2016_expanded.json,50143a67069cd69c0ce1221a6f7bb554b992b3295322344907bf784afb5ff9c0,1365,"{""lemma"": ""cultivate""}",cultivate,,,
cet4_endict_2016_expanded.json,50143a67069cd69c0ce1221a6f7bb554b992b3295322344907bf784afb5ff9c0,1366,"{""lemma"": ""cultivation""}",cultivation,,,
cet4_endict_2016_expanded.json,50143a67069cd69c0ce1221a6f7bb554b992b3295322344907bf784afb5ff9c0,1367,"{""lemma"": ""cultural""}",cultural,,,
cet4_endict_2016_expanded.json,50143a67069cd69c0ce1221a6f7bb554b992b3295322344907bf784afb5ff9c0,1368,"{""lemma"": ""culture""}",culture,,,
cet4_endict_2016_expanded.json,50143a67069cd69c0ce1221a6f7bb554b992b3295322344907bf784afb5ff9c0,1369,"{""lemma"": ""cup""}",cup,,,
cet4_endict_2016_expanded.json,50143a67069cd69c0ce1221a6f7bb554b992b3295322344907bf784afb5ff9c0,1370,"{""lemma"": ""cupboard""}",cupboard,,,
cet4_endict_2016_expanded.json,50143a67069cd69c0ce1221a6f7bb554b992b3295322344907bf784afb5ff9c0,1371,"{""lemma"": ""curable""}",curable,,,
cet4_endict_2016_expanded.json,50143a67069cd69c0ce1221a6f7bb554b992b3295322344907bf784afb5ff9c0,1372,"{""lemma"": ""curb""}",curb,,,
cet4_endict_2016_expanded.json,50143a67069cd69c0ce1221a6f7bb554b992b3295322344907bf784afb5ff9c0,1373,"{""lemma"": ""cure""}",cure,,,
cet4_endict_2016_expanded.json,50143a67069cd69c0ce1221a6f7bb554b992b3295322344907bf784afb5ff9c0,1374,"{""lemma"": ""curiosity""}",curiosity,,,
cet4_endict_2016_expanded.json,50143a67069cd69c0ce1221a6f7bb554b992b3295322344907bf784afb5ff9c0,1375,"{""lemma"": ""curious""}",curious,,,
cet4_endict_2016_expanded.json,50143a67069cd69c0ce1221a6f7bb554b992b3295322344907bf784afb5ff9c0,1376,"{""lemma"": ""curl""}",curl,,,
cet4_endict_2016_expanded.json,50143a67069cd69c0ce1221a6f7bb554b992b3295322344907bf784afb5ff9c0,1377,"{""lemma"": ""currency""}",currency,,,
cet4_endict_2016_expanded.json,50143a67069cd69c0ce1221a6f7bb554b992b3295322344907bf784afb5ff9c0,1378,"{""lemma"": ""current""}",current,,,
cet4_endict_2016_expanded.json,50143a67069cd69c0ce1221a6f7bb554b992b3295322344907bf784afb5ff9c0,1379,"{""lemma"": ""currently""}",currently,,,
cet4_endict_2016_expanded.json,50143a67069cd69c0ce1221a6f7bb554b992b3295322344907bf784afb5ff9c0,1380,"{""lemma"": ""curriculum""}",curriculum,,,
cet4_endict_2016_expanded.json,50143a67069cd69c0ce1221a6f7bb554b992b3295322344907bf784afb5ff9c0,1381,"{""lemma"": ""curse""}",curse,,,
cet4_endict_2016_expanded.json,50143a67069cd69c0ce1221a6f7bb554b992b3295322344907bf784afb5ff9c0,1382,"{""lemma"": ""curtain""}",curtain,,,
cet4_endict_2016_expanded.json,50143a67069cd69c0ce1221a6f7bb554b992b3295322344907bf784afb5ff9c0,1383,"{""lemma"": ""curve""}",curve,,,
cet4_endict_2016_expanded.json,50143a67069cd69c0ce1221a6f7bb554b992b3295322344907bf784afb5ff9c0,1384,"{""lemma"": ""cushion""}",cushion,,,
cet4_endict_2016_expanded.json,50143a67069cd69c0ce1221a6f7bb554b992b3295322344907bf784afb5ff9c0,1385,"{""lemma"": ""custom""}",custom,,,
cet4_endict_2016_expanded.json,50143a67069cd69c0ce1221a6f7bb554b992b3295322344907bf784afb5ff9c0,1386,"{""lemma"": ""customary""}",customary,,,
cet4_endict_2016_expanded.json,50143a67069cd69c0ce1221a6f7bb554b992b3295322344907bf784afb5ff9c0,1387,"{""lemma"": ""customer""}",customer,,,
cet4_endict_2016_expanded.json,50143a67069cd69c0ce1221a6f7bb554b992b3295322344907bf784afb5ff9c0,1388,"{""lemma"": ""customs""}",customs,,,
cet4_endict_2016_expanded.json,50143a67069cd69c0ce1221a6f7bb554b992b3295322344907bf784afb5ff9c0,1389,"{""lemma"": ""cut""}",cut,,,
cet4_endict_2016_expanded.json,50143a67069cd69c0ce1221a6f7bb554b992b3295322344907bf784afb5ff9c0,1390,"{""lemma"": ""cute""}",cute,,,
cet4_endict_2016_expanded.json,50143a67069cd69c0ce1221a6f7bb554b992b3295322344907bf784afb5ff9c0,1391,"{""lemma"": ""cyberspace""}",cyberspace,,,
cet4_endict_2016_expanded.json,50143a67069cd69c0ce1221a6f7bb554b992b3295322344907bf784afb5ff9c0,1392,"{""lemma"": ""cycle""}",cycle,,,
cet4_endict_2016_expanded.json,50143a67069cd69c0ce1221a6f7bb554b992b3295322344907bf784afb5ff9c0,1393,"{""lemma"": ""cycling""}",cycling,,,
cet4_endict_2016_expanded.json,50143a67069cd69c0ce1221a6f7bb554b992b3295322344907bf784afb5ff9c0,1394,"{""lemma"": ""cyclist""}",cyclist,,,
cet4_endict_2016_expanded.json,50143a67069cd69c0ce1221a6f7bb554b992b3295322344907bf784afb5ff9c0,1395,"{""lemma"": ""dad""}",dad,,,
cet4_endict_2016_expanded.json,50143a67069cd69c0ce1221a6f7bb554b992b3295322344907bf784afb5ff9c0,1396,"{""lemma"": ""daily""}",daily,,,
cet4_endict_2016_expanded.json,50143a67069cd69c0ce1221a6f7bb554b992b3295322344907bf784afb5ff9c0,1397,"{""lemma"": ""dairy""}",dairy,,,
cet4_endict_2016_expanded.json,50143a67069cd69c0ce1221a6f7bb554b992b3295322344907bf784afb5ff9c0,1398,"{""lemma"": ""dam""}",dam,,,
cet4_endict_2016_expanded.json,50143a67069cd69c0ce1221a6f7bb554b992b3295322344907bf784afb5ff9c0,1399,"{""lemma"": ""damage""}",damage,,,
cet4_endict_2016_expanded.json,50143a67069cd69c0ce1221a6f7bb554b992b3295322344907bf784afb5ff9c0,1400,"{""lemma"": ""damn""}",damn,,,
cet4_endict_2016_expanded.json,50143a67069cd69c0ce1221a6f7bb554b992b3295322344907bf784afb5ff9c0,1401,"{""lemma"": ""damp""}",damp,,,
cet4_endict_2016_expanded.json,50143a67069cd69c0ce1221a6f7bb554b992b3295322344907bf784afb5ff9c0,1402,"{""lemma"": ""dampen""}",dampen,,,
cet4_endict_2016_expanded.json,50143a67069cd69c0ce1221a6f7bb554b992b3295322344907bf784afb5ff9c0,1403,"{""lemma"": ""dance""}",dance,,,
cet4_endict_2016_expanded.json,50143a67069cd69c0ce1221a6f7bb554b992b3295322344907bf784afb5ff9c0,1404,"{""lemma"": ""danger""}",danger,,,
cet4_endict_2016_expanded.json,50143a67069cd69c0ce1221a6f7bb554b992b3295322344907bf784afb5ff9c0,1405,"{""lemma"": ""dangerous""}",dangerous,,,
cet4_endict_2016_expanded.json,50143a67069cd69c0ce1221a6f7bb554b992b3295322344907bf784afb5ff9c0,1406,"{""lemma"": ""dare""}",dare,,,
cet4_endict_2016_expanded.json,50143a67069cd69c0ce1221a6f7bb554b992b3295322344907bf784afb5ff9c0,1407,"{""lemma"": ""daring""}",daring,,,
cet4_endict_2016_expanded.json,50143a67069cd69c0ce1221a6f7bb554b992b3295322344907bf784afb5ff9c0,1408,"{""lemma"": ""dark""}",dark,,,
cet4_endict_2016_expanded.json,50143a67069cd69c0ce1221a6f7bb554b992b3295322344907bf784afb5ff9c0,1409,"{""lemma"": ""darken""}",darken,,,
cet4_endict_2016_expanded.json,50143a67069cd69c0ce1221a6f7bb554b992b3295322344907bf784afb5ff9c0,1410,"{""lemma"": ""darkness""}",darkness,,,
cet4_endict_2016_expanded.json,50143a67069cd69c0ce1221a6f7bb554b992b3295322344907bf784afb5ff9c0,1411,"{""lemma"": ""darling""}",darling,,,
cet4_endict_2016_expanded.json,50143a67069cd69c0ce1221a6f7bb554b992b3295322344907bf784afb5ff9c0,1412,"{""lemma"": ""dash""}",dash,,,
cet4_endict_2016_expanded.json,50143a67069cd69c0ce1221a6f7bb554b992b3295322344907bf784afb5ff9c0,1413,"{""lemma"": ""data""}",data,,,
cet4_endict_2016_expanded.json,50143a67069cd69c0ce1221a6f7bb554b992b3295322344907bf784afb5ff9c0,1414,"{""lemma"": ""database""}",database,,,
cet4_endict_2016_expanded.json,50143a67069cd69c0ce1221a6f7bb554b992b3295322344907bf784afb5ff9c0,1415,"{""lemma"": ""date""}",date,,,
cet4_endict_2016_expanded.json,50143a67069cd69c0ce1221a6f7bb554b992b3295322344907bf784afb5ff9c0,1416,"{""lemma"": ""dating""}",dating,,,
cet4_endict_2016_expanded.json,50143a67069cd69c0ce1221a6f7bb554b992b3295322344907bf784afb5ff9c0,1417,"{""lemma"": ""datum""}",datum,,,
cet4_endict_2016_expanded.json,50143a67069cd69c0ce1221a6f7bb554b992b3295322344907bf784afb5ff9c0,1418,"{""lemma"": ""daughter""}",daughter,,,
cet4_endict_2016_expanded.json,50143a67069cd69c0ce1221a6f7bb554b992b3295322344907bf784afb5ff9c0,1419,"{""lemma"": ""dawn""}",dawn,,,
cet4_endict_2016_expanded.json,50143a67069cd69c0ce1221a6f7bb554b992b3295322344907bf784afb5ff9c0,1420,"{""lemma"": ""day""}",day,,,
cet4_endict_2016_expanded.json,50143a67069cd69c0ce1221a6f7bb554b992b3295322344907bf784afb5ff9c0,1421,"{""lemma"": ""daylight""}",daylight,,,
cet4_endict_2016_expanded.json,50143a67069cd69c0ce1221a6f7bb554b992b3295322344907bf784afb5ff9c0,1422,"{""lemma"": ""dead""}",dead,,,
cet4_endict_2016_expanded.json,50143a67069cd69c0ce1221a6f7bb554b992b3295322344907bf784afb5ff9c0,1423,"{""lemma"": ""deadline""}",deadline,,,
cet4_endict_2016_expanded.json,50143a67069cd69c0ce1221a6f7bb554b992b3295322344907bf784afb5ff9c0,1424,"{""lemma"": ""deadly""}",deadly,,,
cet4_endict_2016_expanded.json,50143a67069cd69c0ce1221a6f7bb554b992b3295322344907bf784afb5ff9c0,1425,"{""lemma"": ""deaf""}",deaf,,,
cet4_endict_2016_expanded.json,50143a67069cd69c0ce1221a6f7bb554b992b3295322344907bf784afb5ff9c0,1426,"{""lemma"": ""deal""}",deal,,,
cet4_endict_2016_expanded.json,50143a67069cd69c0ce1221a6f7bb554b992b3295322344907bf784afb5ff9c0,1427,"{""lemma"": ""dealer""}",dealer,,,
cet4_endict_2016_expanded.json,50143a67069cd69c0ce1221a6f7bb554b992b3295322344907bf784afb5ff9c0,1428,"{""lemma"": ""dealing""}",dealing,,,
cet4_endict_2016_expanded.json,50143a67069cd69c0ce1221a6f7bb554b992b3295322344907bf784afb5ff9c0,1429,"{""lemma"": ""dean""}",dean,,,
cet4_endict_2016_expanded.json,50143a67069cd69c0ce1221a6f7bb554b992b3295322344907bf784afb5ff9c0,1430,"{""lemma"": ""dear""}",dear,,,
cet4_endict_2016_expanded.json,50143a67069cd69c0ce1221a6f7bb554b992b3295322344907bf784afb5ff9c0,1431,"{""lemma"": ""death""}",death,,,
cet4_endict_2016_expanded.json,50143a67069cd69c0ce1221a6f7bb554b992b3295322344907bf784afb5ff9c0,1432,"{""lemma"": ""debate""}",debate,,,
cet4_endict_2016_expanded.json,50143a67069cd69c0ce1221a6f7bb554b992b3295322344907bf784afb5ff9c0,1433,"{""lemma"": ""debt""}",debt,,,
cet4_endict_2016_expanded.json,50143a67069cd69c0ce1221a6f7bb554b992b3295322344907bf784afb5ff9c0,1434,"{""lemma"": ""debtor""}",debtor,,,
cet4_endict_2016_expanded.json,50143a67069cd69c0ce1221a6f7bb554b992b3295322344907bf784afb5ff9c0,1435,"{""lemma"": ""decade""}",decade,,,
cet4_endict_2016_expanded.json,50143a67069cd69c0ce1221a6f7bb554b992b3295322344907bf784afb5ff9c0,1436,"{""lemma"": ""decay""}",decay,,,
cet4_endict_2016_expanded.json,50143a67069cd69c0ce1221a6f7bb554b992b3295322344907bf784afb5ff9c0,1437,"{""lemma"": ""deceit""}",deceit,,,
cet4_endict_2016_expanded.json,50143a67069cd69c0ce1221a6f7bb554b992b3295322344907bf784afb5ff9c0,1438,"{""lemma"": ""deceive""}",deceive,,,
cet4_endict_2016_expanded.json,50143a67069cd69c0ce1221a6f7bb554b992b3295322344907bf784afb5ff9c0,1439,"{""lemma"": ""December""}",December,,,
cet4_endict_2016_expanded.json,50143a67069cd69c0ce1221a6f7bb554b992b3295322344907bf784afb5ff9c0,1440,"{""lemma"": ""decent""}",decent,,,
cet4_endict_2016_expanded.json,50143a67069cd69c0ce1221a6f7bb554b992b3295322344907bf784afb5ff9c0,1441,"{""lemma"": ""deception""}",deception,,,
cet4_endict_2016_expanded.json,50143a67069cd69c0ce1221a6f7bb554b992b3295322344907bf784afb5ff9c0,1442,"{""lemma"": ""deceptive""}",deceptive,,,
cet4_endict_2016_expanded.json,50143a67069cd69c0ce1221a6f7bb554b992b3295322344907bf784afb5ff9c0,1443,"{""lemma"": ""decide""}",decide,,,
cet4_endict_2016_expanded.json,50143a67069cd69c0ce1221a6f7bb554b992b3295322344907bf784afb5ff9c0,1444,"{""lemma"": ""decision""}",decision,,,
cet4_endict_2016_expanded.json,50143a67069cd69c0ce1221a6f7bb554b992b3295322344907bf784afb5ff9c0,1445,"{""lemma"": ""decisive""}",decisive,,,
cet4_endict_2016_expanded.json,50143a67069cd69c0ce1221a6f7bb554b992b3295322344907bf784afb5ff9c0,1446,"{""lemma"": ""deck""}",deck,,,
cet4_endict_2016_expanded.json,50143a67069cd69c0ce1221a6f7bb554b992b3295322344907bf784afb5ff9c0,1447,"{""lemma"": ""declaration""}",declaration,,,
cet4_endict_2016_expanded.json,50143a67069cd69c0ce1221a6f7bb554b992b3295322344907bf784afb5ff9c0,1448,"{""lemma"": ""declarative""}",declarative,,,
cet4_endict_2016_expanded.json,50143a67069cd69c0ce1221a6f7bb554b992b3295322344907bf784afb5ff9c0,1449,"{""lemma"": ""declare""}",declare,,,
cet4_endict_2016_expanded.json,50143a67069cd69c0ce1221a6f7bb554b992b3295322344907bf784afb5ff9c0,1450,"{""lemma"": ""decline""}",decline,,,
cet4_endict_2016_expanded.json,50143a67069cd69c0ce1221a6f7bb554b992b3295322344907bf784afb5ff9c0,1451,"{""lemma"": ""decorate""}",decorate,,,
cet4_endict_2016_expanded.json,50143a67069cd69c0ce1221a6f7bb554b992b3295322344907bf784afb5ff9c0,1452,"{""lemma"": ""decoration""}",decoration,,,
cet4_endict_2016_expanded.json,50143a67069cd69c0ce1221a6f7bb554b992b3295322344907bf784afb5ff9c0,1453,"{""lemma"": ""decorative""}",decorative,,,
cet4_endict_2016_expanded.json,50143a67069cd69c0ce1221a6f7bb554b992b3295322344907bf784afb5ff9c0,1454,"{""lemma"": ""decrease""}",decrease,,,
cet4_endict_2016_expanded.json,50143a67069cd69c0ce1221a6f7bb554b992b3295322344907bf784afb5ff9c0,1455,"{""lemma"": ""deed""}",deed,,,
cet4_endict_2016_expanded.json,50143a67069cd69c0ce1221a6f7bb554b992b3295322344907bf784afb5ff9c0,1456,"{""lemma"": ""deem""}",deem,,,
cet4_endict_2016_expanded.json,50143a67069cd69c0ce1221a6f7bb554b992b3295322344907bf784afb5ff9c0,1457,"{""lemma"": ""deep""}",deep,,,
cet4_endict_2016_expanded.json,50143a67069cd69c0ce1221a6f7bb554b992b3295322344907bf784afb5ff9c0,1458,"{""lemma"": ""deeply""}",deeply,,,
cet4_endict_2016_expanded.json,50143a67069cd69c0ce1221a6f7bb554b992b3295322344907bf784afb5ff9c0,1459,"{""lemma"": ""deer""}",deer,,,
cet4_endict_2016_expanded.json,50143a67069cd69c0ce1221a6f7bb554b992b3295322344907bf784afb5ff9c0,1460,"{""lemma"": ""defeat""}",defeat,,,
cet4_endict_2016_expanded.json,50143a67069cd69c0ce1221a6f7bb554b992b3295322344907bf784afb5ff9c0,1461,"{""lemma"": ""defect""}",defect,,,
cet4_endict_2016_expanded.json,50143a67069cd69c0ce1221a6f7bb554b992b3295322344907bf784afb5ff9c0,1462,"{""lemma"": ""defection""}",defection,,,
cet4_endict_2016_expanded.json,50143a67069cd69c0ce1221a6f7bb554b992b3295322344907bf784afb5ff9c0,1463,"{""lemma"": ""defective""}",defective,,,
cet4_endict_2016_expanded.json,50143a67069cd69c0ce1221a6f7bb554b992b3295322344907bf784afb5ff9c0,1464,"{""lemma"": ""defend""}",defend,,,
cet4_endict_2016_expanded.json,50143a67069cd69c0ce1221a6f7bb554b992b3295322344907bf784afb5ff9c0,1465,"{""lemma"": ""defendant""}",defendant,,,
cet4_endict_2016_expanded.json,50143a67069cd69c0ce1221a6f7bb554b992b3295322344907bf784afb5ff9c0,1466,"{""lemma"": ""defense""}",defense,,,
cet4_endict_2016_expanded.json,50143a67069cd69c0ce1221a6f7bb554b992b3295322344907bf784afb5ff9c0,1467,"{""lemma"": ""defensive""}",defensive,,,
cet4_endict_2016_expanded.json,50143a67069cd69c0ce1221a6f7bb554b992b3295322344907bf784afb5ff9c0,1468,"{""lemma"": ""defiance""}",defiance,,,
cet4_endict_2016_expanded.json,50143a67069cd69c0ce1221a6f7bb554b992b3295322344907bf784afb5ff9c0,1469,"{""lemma"": ""defiant""}",defiant,,,
cet4_endict_2016_expanded.json,50143a67069cd69c0ce1221a6f7bb554b992b3295322344907bf784afb5ff9c0,1470,"{""lemma"": ""deficiency""}",deficiency,,,
cet4_endict_2016_expanded.json,50143a67069cd69c0ce1221a6f7bb554b992b3295322344907bf784afb5ff9c0,1471,"{""lemma"": ""deficient""}",deficient,,,
cet4_endict_2016_expanded.json,50143a67069cd69c0ce1221a6f7bb554b992b3295322344907bf784afb5ff9c0,1472,"{""lemma"": ""deficit""}",deficit,,,
cet4_endict_2016_expanded.json,50143a67069cd69c0ce1221a6f7bb554b992b3295322344907bf784afb5ff9c0,1473,"{""lemma"": ""define""}",define,,,
cet4_endict_2016_expanded.json,50143a67069cd69c0ce1221a6f7bb554b992b3295322344907bf784afb5ff9c0,1474,"{""lemma"": ""definite""}",definite,,,
cet4_endict_2016_expanded.json,50143a67069cd69c0ce1221a6f7bb554b992b3295322344907bf784afb5ff9c0,1475,"{""lemma"": ""definitely""}",definitely,,,
cet4_endict_2016_expanded.json,50143a67069cd69c0ce1221a6f7bb554b992b3295322344907bf784afb5ff9c0,1476,"{""lemma"": ""definition""}",definition,,,
cet4_endict_2016_expanded.json,50143a67069cd69c0ce1221a6f7bb554b992b3295322344907bf784afb5ff9c0,1477,"{""lemma"": ""defy""}",defy,,,
cet4_endict_2016_expanded.json,50143a67069cd69c0ce1221a6f7bb554b992b3295322344907bf784afb5ff9c0,1478,"{""lemma"": ""degree""}",degree,,,
cet4_endict_2016_expanded.json,50143a67069cd69c0ce1221a6f7bb554b992b3295322344907bf784afb5ff9c0,1479,"{""lemma"": ""delay""}",delay,,,
cet4_endict_2016_expanded.json,50143a67069cd69c0ce1221a6f7bb554b992b3295322344907bf784afb5ff9c0,1480,"{""lemma"": ""delegate""}",delegate,,,
cet4_endict_2016_expanded.json,50143a67069cd69c0ce1221a6f7bb554b992b3295322344907bf784afb5ff9c0,1481,"{""lemma"": ""delegation""}",delegation,,,
cet4_endict_2016_expanded.json,50143a67069cd69c0ce1221a6f7bb554b992b3295322344907bf784afb5ff9c0,1482,"{""lemma"": ""delete""}",delete,,,
cet4_endict_2016_expanded.json,50143a67069cd69c0ce1221a6f7bb554b992b3295322344907bf784afb5ff9c0,1483,"{""lemma"": ""deletion""}",deletion,,,
cet4_endict_2016_expanded.json,50143a67069cd69c0ce1221a6f7bb554b992b3295322344907bf784afb5ff9c0,1484,"{""lemma"": ""deliberate""}",deliberate,,,
cet4_endict_2016_expanded.json,50143a67069cd69c0ce1221a6f7bb554b992b3295322344907bf784afb5ff9c0,1485,"{""lemma"": ""deliberation""}",deliberation,,,
cet4_endict_2016_expanded.json,50143a67069cd69c0ce1221a6f7bb554b992b3295322344907bf784afb5ff9c0,1486,"{""lemma"": ""delicate""}",delicate,,,
cet4_endict_2016_expanded.json,50143a67069cd69c0ce1221a6f7bb554b992b3295322344907bf784afb5ff9c0,1487,"{""lemma"": ""delicious""}",delicious,,,
cet4_endict_2016_expanded.json,50143a67069cd69c0ce1221a6f7bb554b992b3295322344907bf784afb5ff9c0,1488,"{""lemma"": ""delight""}",delight,,,
cet4_endict_2016_expanded.json,50143a67069cd69c0ce1221a6f7bb554b992b3295322344907bf784afb5ff9c0,1489,"{""lemma"": ""delightful""}",delightful,,,
cet4_endict_2016_expanded.json,50143a67069cd69c0ce1221a6f7bb554b992b3295322344907bf784afb5ff9c0,1490,"{""lemma"": ""deliver""}",deliver,,,
cet4_endict_2016_expanded.json,50143a67069cd69c0ce1221a6f7bb554b992b3295322344907bf784afb5ff9c0,1491,"{""lemma"": ""delivery""}",delivery,,,
cet4_endict_2016_expanded.json,50143a67069cd69c0ce1221a6f7bb554b992b3295322344907bf784afb5ff9c0,1492,"{""lemma"": ""demand""}",demand,,,
cet4_endict_2016_expanded.json,50143a67069cd69c0ce1221a6f7bb554b992b3295322344907bf784afb5ff9c0,1493,"{""lemma"": ""demanding""}",demanding,,,
cet4_endict_2016_expanded.json,50143a67069cd69c0ce1221a6f7bb554b992b3295322344907bf784afb5ff9c0,1494,"{""lemma"": ""demo""}",demo,,,
cet4_endict_2016_expanded.json,50143a67069cd69c0ce1221a6f7bb554b992b3295322344907bf784afb5ff9c0,1495,"{""lemma"": ""democracy""}",democracy,,,
cet4_endict_2016_expanded.json,50143a67069cd69c0ce1221a6f7bb554b992b3295322344907bf784afb5ff9c0,1496,"{""lemma"": ""democrat""}",democrat,,,
cet4_endict_2016_expanded.json,50143a67069cd69c0ce1221a6f7bb554b992b3295322344907bf784afb5ff9c0,1497,"{""lemma"": ""democratic""}",democratic,,,
cet4_endict_2016_expanded.json,50143a67069cd69c0ce1221a6f7bb554b992b3295322344907bf784afb5ff9c0,1498,"{""lemma"": ""demonstrate""}",demonstrate,,,
cet4_endict_2016_expanded.json,50143a67069cd69c0ce1221a6f7bb554b992b3295322344907bf784afb5ff9c0,1499,"{""lemma"": ""demonstration""}",demonstration,,,
cet4_endict_2016_expanded.json,50143a67069cd69c0ce1221a6f7bb554b992b3295322344907bf784afb5ff9c0,1500,"{""lemma"": ""demonstrative""}",demonstrative,,,
cet4_endict_2016_expanded.json,50143a67069cd69c0ce1221a6f7bb554b992b3295322344907bf784afb5ff9c0,1501,"{""lemma"": ""denial""}",denial,,,
cet4_endict_2016_expanded.json,50143a67069cd69c0ce1221a6f7bb554b992b3295322344907bf784afb5ff9c0,1502,"{""lemma"": ""dense""}",dense,,,
cet4_endict_2016_expanded.json,50143a67069cd69c0ce1221a6f7bb554b992b3295322344907bf784afb5ff9c0,1503,"{""lemma"": ""density""}",density,,,
cet4_endict_2016_expanded.json,50143a67069cd69c0ce1221a6f7bb554b992b3295322344907bf784afb5ff9c0,1504,"{""lemma"": ""dent""}",dent,,,
cet4_endict_2016_expanded.json,50143a67069cd69c0ce1221a6f7bb554b992b3295322344907bf784afb5ff9c0,1505,"{""lemma"": ""dental""}",dental,,,
cet4_endict_2016_expanded.json,50143a67069cd69c0ce1221a6f7bb554b992b3295322344907bf784afb5ff9c0,1506,"{""lemma"": ""dentist""}",dentist,,,
cet4_endict_2016_expanded.json,50143a67069cd69c0ce1221a6f7bb554b992b3295322344907bf784afb5ff9c0,1507,"{""lemma"": ""deny""}",deny,,,
cet4_endict_2016_expanded.json,50143a67069cd69c0ce1221a6f7bb554b992b3295322344907bf784afb5ff9c0,1508,"{""lemma"": ""depart""}",depart,,,
cet4_endict_2016_expanded.json,50143a67069cd69c0ce1221a6f7bb554b992b3295322344907bf784afb5ff9c0,1509,"{""lemma"": ""department""}",department,,,
cet4_endict_2016_expanded.json,50143a67069cd69c0ce1221a6f7bb554b992b3295322344907bf784afb5ff9c0,1510,"{""lemma"": ""departure""}",departure,,,
cet4_endict_2016_expanded.json,50143a67069cd69c0ce1221a6f7bb554b992b3295322344907bf784afb5ff9c0,1511,"{""lemma"": ""depend""}",depend,,,
cet4_endict_2016_expanded.json,50143a67069cd69c0ce1221a6f7bb554b992b3295322344907bf784afb5ff9c0,1512,"{""lemma"": ""dependable""}",dependable,,,
cet4_endict_2016_expanded.json,50143a67069cd69c0ce1221a6f7bb554b992b3295322344907bf784afb5ff9c0,1513,"{""lemma"": ""dependence""}",dependence,,,
cet4_endict_2016_expanded.json,50143a67069cd69c0ce1221a6f7bb554b992b3295322344907bf784afb5ff9c0,1514,"{""lemma"": ""dependent""}",dependent,,,
cet4_endict_2016_expanded.json,50143a67069cd69c0ce1221a6f7bb554b992b3295322344907bf784afb5ff9c0,1515,"{""lemma"": ""deposit""}",deposit,,,
cet4_endict_2016_expanded.json,50143a67069cd69c0ce1221a6f7bb554b992b3295322344907bf784afb5ff9c0,1516,"{""lemma"": ""depress""}",depress,,,
cet4_endict_2016_expanded.json,50143a67069cd69c0ce1221a6f7bb554b992b3295322344907bf784afb5ff9c0,1517,"{""lemma"": ""depression""}",depression,,,
cet4_endict_2016_expanded.json,50143a67069cd69c0ce1221a6f7bb554b992b3295322344907bf784afb5ff9c0,1518,"{""lemma"": ""deprivation""}",deprivation,,,
cet4_endict_2016_expanded.json,50143a67069cd69c0ce1221a6f7bb554b992b3295322344907bf784afb5ff9c0,1519,"{""lemma"": ""deprive""}",deprive,,,
cet4_endict_2016_expanded.json,50143a67069cd69c0ce1221a6f7bb554b992b3295322344907bf784afb5ff9c0,1520,"{""lemma"": ""depth""}",depth,,,
cet4_endict_2016_expanded.json,50143a67069cd69c0ce1221a6f7bb554b992b3295322344907bf784afb5ff9c0,1521,"{""lemma"": ""deputy""}",deputy,,,
cet4_endict_2016_expanded.json,50143a67069cd69c0ce1221a6f7bb554b992b3295322344907bf784afb5ff9c0,1522,"{""lemma"": ""derivation""}",derivation,,,
cet4_endict_2016_expanded.json,50143a67069cd69c0ce1221a6f7bb554b992b3295322344907bf784afb5ff9c0,1523,"{""lemma"": ""derivative""}",derivative,,,
cet4_endict_2016_expanded.json,50143a67069cd69c0ce1221a6f7bb554b992b3295322344907bf784afb5ff9c0,1524,"{""lemma"": ""derive""}",derive,,,
cet4_endict_2016_expanded.json,50143a67069cd69c0ce1221a6f7bb554b992b3295322344907bf784afb5ff9c0,1525,"{""lemma"": ""descend""}",descend,,,
cet4_endict_2016_expanded.json,50143a67069cd69c0ce1221a6f7bb554b992b3295322344907bf784afb5ff9c0,1526,"{""lemma"": ""descendant""}",descendant,,,
cet4_endict_2016_expanded.json,50143a67069cd69c0ce1221a6f7bb554b992b3295322344907bf784afb5ff9c0,1527,"{""lemma"": ""descent""}",descent,,,
cet4_endict_2016_expanded.json,50143a67069cd69c0ce1221a6f7bb554b992b3295322344907bf784afb5ff9c0,1528,"{""lemma"": ""describe""}",describe,,,
cet4_endict_2016_expanded.json,50143a67069cd69c0ce1221a6f7bb554b992b3295322344907bf784afb5ff9c0,1529,"{""lemma"": ""description""}",description,,,
cet4_endict_2016_expanded.json,50143a67069cd69c0ce1221a6f7bb554b992b3295322344907bf784afb5ff9c0,1530,"{""lemma"": ""descriptive""}",descriptive,,,
cet4_endict_2016_expanded.json,50143a67069cd69c0ce1221a6f7bb554b992b3295322344907bf784afb5ff9c0,1531,"{""lemma"": ""desert""}",desert,,,
cet4_endict_2016_expanded.json,50143a67069cd69c0ce1221a6f7bb554b992b3295322344907bf784afb5ff9c0,1532,"{""lemma"": ""desertion""}",desertion,,,
cet4_endict_2016_expanded.json,50143a67069cd69c0ce1221a6f7bb554b992b3295322344907bf784afb5ff9c0,1533,"{""lemma"": ""deserve""}",deserve,,,
cet4_endict_2016_expanded.json,50143a67069cd69c0ce1221a6f7bb554b992b3295322344907bf784afb5ff9c0,1534,"{""lemma"": ""design""}",design,,,
cet4_endict_2016_expanded.json,50143a67069cd69c0ce1221a6f7bb554b992b3295322344907bf784afb5ff9c0,1535,"{""lemma"": ""designer""}",designer,,,
cet4_endict_2016_expanded.json,50143a67069cd69c0ce1221a6f7bb554b992b3295322344907bf784afb5ff9c0,1536,"{""lemma"": ""desirability""}",desirability,,,
cet4_endict_2016_expanded.json,50143a67069cd69c0ce1221a6f7bb554b992b3295322344907bf784afb5ff9c0,1537,"{""lemma"": ""desirable""}",desirable,,,
cet4_endict_2016_expanded.json,50143a67069cd69c0ce1221a6f7bb554b992b3295322344907bf784afb5ff9c0,1538,"{""lemma"": ""desire""}",desire,,,
cet4_endict_2016_expanded.json,50143a67069cd69c0ce1221a6f7bb554b992b3295322344907bf784afb5ff9c0,1539,"{""lemma"": ""desirous""}",desirous,,,
cet4_endict_2016_expanded.json,50143a67069cd69c0ce1221a6f7bb554b992b3295322344907bf784afb5ff9c0,1540,"{""lemma"": ""desk""}",desk,,,
cet4_endict_2016_expanded.json,50143a67069cd69c0ce1221a6f7bb554b992b3295322344907bf784afb5ff9c0,1541,"{""lemma"": ""desktop""}",desktop,,,
cet4_endict_2016_expanded.json,50143a67069cd69c0ce1221a6f7bb554b992b3295322344907bf784afb5ff9c0,1542,"{""lemma"": ""despair""}",despair,,,
cet4_endict_2016_expanded.json,50143a67069cd69c0ce1221a6f7bb554b992b3295322344907bf784afb5ff9c0,1543,"{""lemma"": ""desperate""}",desperate,,,
cet4_endict_2016_expanded.json,50143a67069cd69c0ce1221a6f7bb554b992b3295322344907bf784afb5ff9c0,1544,"{""lemma"": ""despite""}",despite,,,
cet4_endict_2016_expanded.json,50143a67069cd69c0ce1221a6f7bb554b992b3295322344907bf784afb5ff9c0,1545,"{""lemma"": ""dessert""}",dessert,,,
cet4_endict_2016_expanded.json,50143a67069cd69c0ce1221a6f7bb554b992b3295322344907bf784afb5ff9c0,1546,"{""lemma"": ""destination""}",destination,,,
cet4_endict_2016_expanded.json,50143a67069cd69c0ce1221a6f7bb554b992b3295322344907bf784afb5ff9c0,1547,"{""lemma"": ""destroy""}",destroy,,,
cet4_endict_2016_expanded.json,50143a67069cd69c0ce1221a6f7bb554b992b3295322344907bf784afb5ff9c0,1548,"{""lemma"": ""destruction""}",destruction,,,
cet4_endict_2016_expanded.json,50143a67069cd69c0ce1221a6f7bb554b992b3295322344907bf784afb5ff9c0,1549,"{""lemma"": ""destructive""}",destructive,,,
cet4_endict_2016_expanded.json,50143a67069cd69c0ce1221a6f7bb554b992b3295322344907bf784afb5ff9c0,1550,"{""lemma"": ""detail""}",detail,,,
cet4_endict_2016_expanded.json,50143a67069cd69c0ce1221a6f7bb554b992b3295322344907bf784afb5ff9c0,1551,"{""lemma"": ""detailed""}",detailed,,,
cet4_endict_2016_expanded.json,50143a67069cd69c0ce1221a6f7bb554b992b3295322344907bf784afb5ff9c0,1552,"{""lemma"": ""detect""}",detect,,,
cet4_endict_2016_expanded.json,50143a67069cd69c0ce1221a6f7bb554b992b3295322344907bf784afb5ff9c0,1553,"{""lemma"": ""detection""}",detection,,,
cet4_endict_2016_expanded.json,50143a67069cd69c0ce1221a6f7bb554b992b3295322344907bf784afb5ff9c0,1554,"{""lemma"": ""detective""}",detective,,,
cet4_endict_2016_expanded.json,50143a67069cd69c0ce1221a6f7bb554b992b3295322344907bf784afb5ff9c0,1555,"{""lemma"": ""deteriorate""}",deteriorate,,,
cet4_endict_2016_expanded.json,50143a67069cd69c0ce1221a6f7bb554b992b3295322344907bf784afb5ff9c0,1556,"{""lemma"": ""deterioration""}",deterioration,,,
cet4_endict_2016_expanded.json,50143a67069cd69c0ce1221a6f7bb554b992b3295322344907bf784afb5ff9c0,1557,"{""lemma"": ""determination""}",determination,,,
cet4_endict_2016_expanded.json,50143a67069cd69c0ce1221a6f7bb554b992b3295322344907bf784afb5ff9c0,1558,"{""lemma"": ""determine""}",determine,,,
cet4_endict_2016_expanded.json,50143a67069cd69c0ce1221a6f7bb554b992b3295322344907bf784afb5ff9c0,1559,"{""lemma"": ""determined""}",determined,,,
cet4_endict_2016_expanded.json,50143a67069cd69c0ce1221a6f7bb554b992b3295322344907bf784afb5ff9c0,1560,"{""lemma"": ""develop""}",develop,,,
cet4_endict_2016_expanded.json,50143a67069cd69c0ce1221a6f7bb554b992b3295322344907bf784afb5ff9c0,1561,"{""lemma"": ""developer""}",developer,,,
cet4_endict_2016_expanded.json,50143a67069cd69c0ce1221a6f7bb554b992b3295322344907bf784afb5ff9c0,1562,"{""lemma"": ""development""}",development,,,
cet4_endict_2016_expanded.json,50143a67069cd69c0ce1221a6f7bb554b992b3295322344907bf784afb5ff9c0,1563,"{""lemma"": ""developmental""}",developmental,,,
cet4_endict_2016_expanded.json,50143a67069cd69c0ce1221a6f7bb554b992b3295322344907bf784afb5ff9c0,1564,"{""lemma"": ""device""}",device,,,
cet4_endict_2016_expanded.json,50143a67069cd69c0ce1221a6f7bb554b992b3295322344907bf784afb5ff9c0,1565,"{""lemma"": ""devil""}",devil,,,
cet4_endict_2016_expanded.json,50143a67069cd69c0ce1221a6f7bb554b992b3295322344907bf784afb5ff9c0,1566,"{""lemma"": ""devise""}",devise,,,
cet4_endict_2016_expanded.json,50143a67069cd69c0ce1221a6f7bb554b992b3295322344907bf784afb5ff9c0,1567,"{""lemma"": ""devote""}",devote,,,
cet4_endict_2016_expanded.json,50143a67069cd69c0ce1221a6f7bb554b992b3295322344907bf784afb5ff9c0,1568,"{""lemma"": ""devotion""}",devotion,,,
cet4_endict_2016_expanded.json,50143a67069cd69c0ce1221a6f7bb554b992b3295322344907bf784afb5ff9c0,1569,"{""lemma"": ""dew""}",dew,,,
cet4_endict_2016_expanded.json,50143a67069cd69c0ce1221a6f7bb554b992b3295322344907bf784afb5ff9c0,1570,"{""lemma"": ""diabetes""}",diabetes,,,
cet4_endict_2016_expanded.json,50143a67069cd69c0ce1221a6f7bb554b992b3295322344907bf784afb5ff9c0,1571,"{""lemma"": ""diagnose""}",diagnose,,,
cet4_endict_2016_expanded.json,50143a67069cd69c0ce1221a6f7bb554b992b3295322344907bf784afb5ff9c0,1572,"{""lemma"": ""diagnosis""}",diagnosis,,,
cet4_endict_2016_expanded.json,50143a67069cd69c0ce1221a6f7bb554b992b3295322344907bf784afb5ff9c0,1573,"{""lemma"": ""diagram""}",diagram,,,
cet4_endict_2016_expanded.json,50143a67069cd69c0ce1221a6f7bb554b992b3295322344907bf784afb5ff9c0,1574,"{""lemma"": ""dial""}",dial,,,
cet4_endict_2016_expanded.json,50143a67069cd69c0ce1221a6f7bb554b992b3295322344907bf784afb5ff9c0,1575,"{""lemma"": ""dialect""}",dialect,,,
cet4_endict_2016_expanded.json,50143a67069cd69c0ce1221a6f7bb554b992b3295322344907bf784afb5ff9c0,1576,"{""lemma"": ""dialog""}",dialog,,,
cet4_endict_2016_expanded.json,50143a67069cd69c0ce1221a6f7bb554b992b3295322344907bf784afb5ff9c0,1577,"{""lemma"": ""diameter""}",diameter,,,
cet4_endict_2016_expanded.json,50143a67069cd69c0ce1221a6f7bb554b992b3295322344907bf784afb5ff9c0,1578,"{""lemma"": ""diamond""}",diamond,,,
cet4_endict_2016_expanded.json,50143a67069cd69c0ce1221a6f7bb554b992b3295322344907bf784afb5ff9c0,1579,"{""lemma"": ""diary""}",diary,,,
cet4_endict_2016_expanded.json,50143a67069cd69c0ce1221a6f7bb554b992b3295322344907bf784afb5ff9c0,1580,"{""lemma"": ""dictate""}",dictate,,,
cet4_endict_2016_expanded.json,50143a67069cd69c0ce1221a6f7bb554b992b3295322344907bf784afb5ff9c0,1581,"{""lemma"": ""dictation""}",dictation,,,
cet4_endict_2016_expanded.json,50143a67069cd69c0ce1221a6f7bb554b992b3295322344907bf784afb5ff9c0,1582,"{""lemma"": ""dictator""}",dictator,,,
cet4_endict_2016_expanded.json,50143a67069cd69c0ce1221a6f7bb554b992b3295322344907bf784afb5ff9c0,1583,"{""lemma"": ""dictionary""}",dictionary,,,
cet4_endict_2016_expanded.json,50143a67069cd69c0ce1221a6f7bb554b992b3295322344907bf784afb5ff9c0,1584,"{""lemma"": ""die""}",die,,,
cet4_endict_2016_expanded.json,50143a67069cd69c0ce1221a6f7bb554b992b3295322344907bf784afb5ff9c0,1585,"{""lemma"": ""diet""}",diet,,,
cet4_endict_2016_expanded.json,50143a67069cd69c0ce1221a6f7bb554b992b3295322344907bf784afb5ff9c0,1586,"{""lemma"": ""dietary""}",dietary,,,
cet4_endict_2016_expanded.json,50143a67069cd69c0ce1221a6f7bb554b992b3295322344907bf784afb5ff9c0,1587,"{""lemma"": ""differ""}",differ,,,
cet4_endict_2016_expanded.json,50143a67069cd69c0ce1221a6f7bb554b992b3295322344907bf784afb5ff9c0,1588,"{""lemma"": ""difference""}",difference,,,
cet4_endict_2016_expanded.json,50143a67069cd69c0ce1221a6f7bb554b992b3295322344907bf784afb5ff9c0,1589,"{""lemma"": ""different""}",different,,,
cet4_endict_2016_expanded.json,50143a67069cd69c0ce1221a6f7bb554b992b3295322344907bf784afb5ff9c0,1590,"{""lemma"": ""difficult""}",difficult,,,
cet4_endict_2016_expanded.json,50143a67069cd69c0ce1221a6f7bb554b992b3295322344907bf784afb5ff9c0,1591,"{""lemma"": ""difficulty""}",difficulty,,,
cet4_endict_2016_expanded.json,50143a67069cd69c0ce1221a6f7bb554b992b3295322344907bf784afb5ff9c0,1592,"{""lemma"": ""dig""}",dig,,,
cet4_endict_2016_expanded.json,50143a67069cd69c0ce1221a6f7bb554b992b3295322344907bf784afb5ff9c0,1593,"{""lemma"": ""digest""}",digest,,,
cet4_endict_2016_expanded.json,50143a67069cd69c0ce1221a6f7bb554b992b3295322344907bf784afb5ff9c0,1594,"{""lemma"": ""digestion""}",digestion,,,
cet4_endict_2016_expanded.json,50143a67069cd69c0ce1221a6f7bb554b992b3295322344907bf784afb5ff9c0,1595,"{""lemma"": ""digestive""}",digestive,,,
cet4_endict_2016_expanded.json,50143a67069cd69c0ce1221a6f7bb554b992b3295322344907bf784afb5ff9c0,1596,"{""lemma"": ""digit""}",digit,,,
cet4_endict_2016_expanded.json,50143a67069cd69c0ce1221a6f7bb554b992b3295322344907bf784afb5ff9c0,1597,"{""lemma"": ""digital""}",digital,,,
cet4_endict_2016_expanded.json,50143a67069cd69c0ce1221a6f7bb554b992b3295322344907bf784afb5ff9c0,1598,"{""lemma"": ""dignify""}",dignify,,,
cet4_endict_2016_expanded.json,50143a67069cd69c0ce1221a6f7bb554b992b3295322344907bf784afb5ff9c0,1599,"{""lemma"": ""dignity""}",dignity,,,
cet4_endict_2016_expanded.json,50143a67069cd69c0ce1221a6f7bb554b992b3295322344907bf784afb5ff9c0,1600,"{""lemma"": ""dilemma""}",dilemma,,,
cet4_endict_2016_expanded.json,50143a67069cd69c0ce1221a6f7bb554b992b3295322344907bf784afb5ff9c0,1601,"{""lemma"": ""diligence""}",diligence,,,
cet4_endict_2016_expanded.json,50143a67069cd69c0ce1221a6f7bb554b992b3295322344907bf784afb5ff9c0,1602,"{""lemma"": ""diligent""}",diligent,,,
cet4_endict_2016_expanded.json,50143a67069cd69c0ce1221a6f7bb554b992b3295322344907bf784afb5ff9c0,1603,"{""lemma"": ""dim""}",dim,,,
cet4_endict_2016_expanded.json,50143a67069cd69c0ce1221a6f7bb554b992b3295322344907bf784afb5ff9c0,1604,"{""lemma"": ""dime""}",dime,,,
cet4_endict_2016_expanded.json,50143a67069cd69c0ce1221a6f7bb554b992b3295322344907bf784afb5ff9c0,1605,"{""lemma"": ""dimension""}",dimension,,,
cet4_endict_2016_expanded.json,50143a67069cd69c0ce1221a6f7bb554b992b3295322344907bf784afb5ff9c0,1606,"{""lemma"": ""dimensional""}",dimensional,,,
cet4_endict_2016_expanded.json,50143a67069cd69c0ce1221a6f7bb554b992b3295322344907bf784afb5ff9c0,1607,"{""lemma"": ""dine""}",dine,,,
cet4_endict_2016_expanded.json,50143a67069cd69c0ce1221a6f7bb554b992b3295322344907bf784afb5ff9c0,1608,"{""lemma"": ""diner""}",diner,,,
cet4_endict_2016_expanded.json,50143a67069cd69c0ce1221a6f7bb554b992b3295322344907bf784afb5ff9c0,1609,"{""lemma"": ""dinner""}",dinner,,,
cet4_endict_2016_expanded.json,50143a67069cd69c0ce1221a6f7bb554b992b3295322344907bf784afb5ff9c0,1610,"{""lemma"": ""dioxide""}",dioxide,,,
cet4_endict_2016_expanded.json,50143a67069cd69c0ce1221a6f7bb554b992b3295322344907bf784afb5ff9c0,1611,"{""lemma"": ""dip""}",dip,,,
cet4_endict_2016_expanded.json,50143a67069cd69c0ce1221a6f7bb554b992b3295322344907bf784afb5ff9c0,1612,"{""lemma"": ""diploma""}",diploma,,,
cet4_endict_2016_expanded.json,50143a67069cd69c0ce1221a6f7bb554b992b3295322344907bf784afb5ff9c0,1613,"{""lemma"": ""diplomacy""}",diplomacy,,,
cet4_endict_2016_expanded.json,50143a67069cd69c0ce1221a6f7bb554b992b3295322344907bf784afb5ff9c0,1614,"{""lemma"": ""diplomat""}",diplomat,,,
cet4_endict_2016_expanded.json,50143a67069cd69c0ce1221a6f7bb554b992b3295322344907bf784afb5ff9c0,1615,"{""lemma"": ""diplomatic""}",diplomatic,,,
cet4_endict_2016_expanded.json,50143a67069cd69c0ce1221a6f7bb554b992b3295322344907bf784afb5ff9c0,1616,"{""lemma"": ""direct""}",direct,,,
cet4_endict_2016_expanded.json,50143a67069cd69c0ce1221a6f7bb554b992b3295322344907bf784afb5ff9c0,1617,"{""lemma"": ""direction""}",direction,,,
cet4_endict_2016_expanded.json,50143a67069cd69c0ce1221a6f7bb554b992b3295322344907bf784afb5ff9c0,1618,"{""lemma"": ""director""}",director,,,
cet4_endict_2016_expanded.json,50143a67069cd69c0ce1221a6f7bb554b992b3295322344907bf784afb5ff9c0,1619,"{""lemma"": ""dirt""}",dirt,,,
cet4_endict_2016_expanded.json,50143a67069cd69c0ce1221a6f7bb554b992b3295322344907bf784afb5ff9c0,1620,"{""lemma"": ""dirty""}",dirty,,,
cet4_endict_2016_expanded.json,50143a67069cd69c0ce1221a6f7bb554b992b3295322344907bf784afb5ff9c0,1621,"{""lemma"": ""disability""}",disability,,,
cet4_endict_2016_expanded.json,50143a67069cd69c0ce1221a6f7bb554b992b3295322344907bf784afb5ff9c0,1622,"{""lemma"": ""disable""}",disable,,,
cet4_endict_2016_expanded.json,50143a67069cd69c0ce1221a6f7bb554b992b3295322344907bf784afb5ff9c0,1623,"{""lemma"": ""disabled""}",disabled,,,
cet4_endict_2016_expanded.json,50143a67069cd69c0ce1221a6f7bb554b992b3295322344907bf784afb5ff9c0,1624,"{""lemma"": ""disagree""}",disagree,,,
cet4_endict_2016_expanded.json,50143a67069cd69c0ce1221a6f7bb554b992b3295322344907bf784afb5ff9c0,1625,"{""lemma"": ""disagreement""}",disagreement,,,
cet4_endict_2016_expanded.json,50143a67069cd69c0ce1221a6f7bb554b992b3295322344907bf784afb5ff9c0,1626,"{""lemma"": ""disappear""}",disappear,,,
cet4_endict_2016_expanded.json,50143a67069cd69c0ce1221a6f7bb554b992b3295322344907bf784afb5ff9c0,1627,"{""lemma"": ""disappearance""}",disappearance,,,
cet4_endict_2016_expanded.json,50143a67069cd69c0ce1221a6f7bb554b992b3295322344907bf784afb5ff9c0,1628,"{""lemma"": ""disappoint""}",disappoint,,,
cet4_endict_2016_expanded.json,50143a67069cd69c0ce1221a6f7bb554b992b3295322344907bf784afb5ff9c0,1629,"{""lemma"": ""disappointing""}",disappointing,,,
cet4_endict_2016_expanded.json,50143a67069cd69c0ce1221a6f7bb554b992b3295322344907bf784afb5ff9c0,1630,"{""lemma"": ""disappointment""}",disappointment,,,
cet4_endict_2016_expanded.json,50143a67069cd69c0ce1221a6f7bb554b992b3295322344907bf784afb5ff9c0,1631,"{""lemma"": ""disapproval""}",disapproval,,,
cet4_endict_2016_expanded.json,50143a67069cd69c0ce1221a6f7bb554b992b3295322344907bf784afb5ff9c0,1632,"{""lemma"": ""disapprove""}",disapprove,,,
cet4_endict_2016_expanded.json,50143a67069cd69c0ce1221a6f7bb554b992b3295322344907bf784afb5ff9c0,1633,"{""lemma"": ""disaster""}",disaster,,,
cet4_endict_2016_expanded.json,50143a67069cd69c0ce1221a6f7bb554b992b3295322344907bf784afb5ff9c0,1634,"{""lemma"": ""disastrous""}",disastrous,,,
cet4_endict_2016_expanded.json,50143a67069cd69c0ce1221a6f7bb554b992b3295322344907bf784afb5ff9c0,1635,"{""lemma"": ""disc""}",disc,,,
cet4_endict_2016_expanded.json,50143a67069cd69c0ce1221a6f7bb554b992b3295322344907bf784afb5ff9c0,1636,"{""lemma"": ""discard""}",discard,,,
cet4_endict_2016_expanded.json,50143a67069cd69c0ce1221a6f7bb554b992b3295322344907bf784afb5ff9c0,1637,"{""lemma"": ""discharge""}",discharge,,,
cet4_endict_2016_expanded.json,50143a67069cd69c0ce1221a6f7bb554b992b3295322344907bf784afb5ff9c0,1638,"{""lemma"": ""disciplinary""}",disciplinary,,,
cet4_endict_2016_expanded.json,50143a67069cd69c0ce1221a6f7bb554b992b3295322344907bf784afb5ff9c0,1639,"{""lemma"": ""discipline""}",discipline,,,
cet4_endict_2016_expanded.json,50143a67069cd69c0ce1221a6f7bb554b992b3295322344907bf784afb5ff9c0,1640,"{""lemma"": ""disciplined""}",disciplined,,,
cet4_endict_2016_expanded.json,50143a67069cd69c0ce1221a6f7bb554b992b3295322344907bf784afb5ff9c0,1641,"{""lemma"": ""disco""}",disco,,,
cet4_endict_2016_expanded.json,50143a67069cd69c0ce1221a6f7bb554b992b3295322344907bf784afb5ff9c0,1642,"{""lemma"": ""discount""}",discount,,,
cet4_endict_2016_expanded.json,50143a67069cd69c0ce1221a6f7bb554b992b3295322344907bf784afb5ff9c0,1643,"{""lemma"": ""discourage""}",discourage,,,
cet4_endict_2016_expanded.json,50143a67069cd69c0ce1221a6f7bb554b992b3295322344907bf784afb5ff9c0,1644,"{""lemma"": ""discover""}",discover,,,
cet4_endict_2016_expanded.json,50143a67069cd69c0ce1221a6f7bb554b992b3295322344907bf784afb5ff9c0,1645,"{""lemma"": ""discovery""}",discovery,,,
cet4_endict_2016_expanded.json,50143a67069cd69c0ce1221a6f7bb554b992b3295322344907bf784afb5ff9c0,1646,"{""lemma"": ""discriminate""}",discriminate,,,
cet4_endict_2016_expanded.json,50143a67069cd69c0ce1221a6f7bb554b992b3295322344907bf784afb5ff9c0,1647,"{""lemma"": ""discrimination""}",discrimination,,,
cet4_endict_2016_expanded.json,50143a67069cd69c0ce1221a6f7bb554b992b3295322344907bf784afb5ff9c0,1648,"{""lemma"": ""discriminatory""}",discriminatory,,,
cet4_endict_2016_expanded.json,50143a67069cd69c0ce1221a6f7bb554b992b3295322344907bf784afb5ff9c0,1649,"{""lemma"": ""discuss""}",discuss,,,
cet4_endict_2016_expanded.json,50143a67069cd69c0ce1221a6f7bb554b992b3295322344907bf784afb5ff9c0,1650,"{""lemma"": ""discussion""}",discussion,,,
cet4_endict_2016_expanded.json,50143a67069cd69c0ce1221a6f7bb554b992b3295322344907bf784afb5ff9c0,1651,"{""lemma"": ""disease""}",disease,,,
cet4_endict_2016_expanded.json,50143a67069cd69c0ce1221a6f7bb554b992b3295322344907bf784afb5ff9c0,1652,"{""lemma"": ""disguise""}",disguise,,,
cet4_endict_2016_expanded.json,50143a67069cd69c0ce1221a6f7bb554b992b3295322344907bf784afb5ff9c0,1653,"{""lemma"": ""disgust""}",disgust,,,
cet4_endict_2016_expanded.json,50143a67069cd69c0ce1221a6f7bb554b992b3295322344907bf784afb5ff9c0,1654,"{""lemma"": ""disgusting""}",disgusting,,,
cet4_endict_2016_expanded.json,50143a67069cd69c0ce1221a6f7bb554b992b3295322344907bf784afb5ff9c0,1655,"{""lemma"": ""dish""}",dish,,,
cet4_endict_2016_expanded.json,50143a67069cd69c0ce1221a6f7bb554b992b3295322344907bf784afb5ff9c0,1656,"{""lemma"": ""disintegrate""}",disintegrate,,,
cet4_endict_2016_expanded.json,50143a67069cd69c0ce1221a6f7bb554b992b3295322344907bf784afb5ff9c0,1657,"{""lemma"": ""disintegration""}",disintegration,,,
cet4_endict_2016_expanded.json,50143a67069cd69c0ce1221a6f7bb554b992b3295322344907bf784afb5ff9c0,1658,"{""lemma"": ""dislike""}",dislike,,,
cet4_endict_2016_expanded.json,50143a67069cd69c0ce1221a6f7bb554b992b3295322344907bf784afb5ff9c0,1659,"{""lemma"": ""dismiss""}",dismiss,,,
cet4_endict_2016_expanded.json,50143a67069cd69c0ce1221a6f7bb554b992b3295322344907bf784afb5ff9c0,1660,"{""lemma"": ""dismissal""}",dismissal,,,
cet4_endict_2016_expanded.json,50143a67069cd69c0ce1221a6f7bb554b992b3295322344907bf784afb5ff9c0,1661,"{""lemma"": ""disorder""}",disorder,,,
cet4_endict_2016_expanded.json,50143a67069cd69c0ce1221a6f7bb554b992b3295322344907bf784afb5ff9c0,1662,"{""lemma"": ""display""}",display,,,
cet4_endict_2016_expanded.json,50143a67069cd69c0ce1221a6f7bb554b992b3295322344907bf784afb5ff9c0,1663,"{""lemma"": ""disposal""}",disposal,,,
cet4_endict_2016_expanded.json,50143a67069cd69c0ce1221a6f7bb554b992b3295322344907bf784afb5ff9c0,1664,"{""lemma"": ""dispose""}",dispose,,,
cet4_endict_2016_expanded.json,50143a67069cd69c0ce1221a6f7bb554b992b3295322344907bf784afb5ff9c0,1665,"{""lemma"": ""disputable""}",disputable,,,
cet4_endict_2016_expanded.json,50143a67069cd69c0ce1221a6f7bb554b992b3295322344907bf784afb5ff9c0,1666,"{""lemma"": ""dispute""}",dispute,,,
cet4_endict_2016_expanded.json,50143a67069cd69c0ce1221a6f7bb554b992b3295322344907bf784afb5ff9c0,1667,"{""lemma"": ""disrupt""}",disrupt,,,
cet4_endict_2016_expanded.json,50143a67069cd69c0ce1221a6f7bb554b992b3295322344907bf784afb5ff9c0,1668,"{""lemma"": ""disruption""}",disruption,,,
cet4_endict_2016_expanded.json,50143a67069cd69c0ce1221a6f7bb554b992b3295322344907bf784afb5ff9c0,1669,"{""lemma"": ""disruptive""}",disruptive,,,
cet4_endict_2016_expanded.json,50143a67069cd69c0ce1221a6f7bb554b992b3295322344907bf784afb5ff9c0,1670,"{""lemma"": ""dissolve""}",dissolve,,,
cet4_endict_2016_expanded.json,50143a67069cd69c0ce1221a6f7bb554b992b3295322344907bf784afb5ff9c0,1671,"{""lemma"": ""distance""}",distance,,,
cet4_endict_2016_expanded.json,50143a67069cd69c0ce1221a6f7bb554b992b3295322344907bf784afb5ff9c0,1672,"{""lemma"": ""distant""}",distant,,,
cet4_endict_2016_expanded.json,50143a67069cd69c0ce1221a6f7bb554b992b3295322344907bf784afb5ff9c0,1673,"{""lemma"": ""distinct""}",distinct,,,
cet4_endict_2016_expanded.json,50143a67069cd69c0ce1221a6f7bb554b992b3295322344907bf784afb5ff9c0,1674,"{""lemma"": ""distinction""}",distinction,,,
cet4_endict_2016_expanded.json,50143a67069cd69c0ce1221a6f7bb554b992b3295322344907bf784afb5ff9c0,1675,"{""lemma"": ""distinctive""}",distinctive,,,
cet4_endict_2016_expanded.json,50143a67069cd69c0ce1221a6f7bb554b992b3295322344907bf784afb5ff9c0,1676,"{""lemma"": ""distinguish""}",distinguish,,,
cet4_endict_2016_expanded.json,50143a67069cd69c0ce1221a6f7bb554b992b3295322344907bf784afb5ff9c0,1677,"{""lemma"": ""distinguishable""}",distinguishable,,,
cet4_endict_2016_expanded.json,50143a67069cd69c0ce1221a6f7bb554b992b3295322344907bf784afb5ff9c0,1678,"{""lemma"": ""distract""}",distract,,,
cet4_endict_2016_expanded.json,50143a67069cd69c0ce1221a6f7bb554b992b3295322344907bf784afb5ff9c0,1679,"{""lemma"": ""distraction""}",distraction,,,
cet4_endict_2016_expanded.json,50143a67069cd69c0ce1221a6f7bb554b992b3295322344907bf784afb5ff9c0,1680,"{""lemma"": ""distress""}",distress,,,
cet4_endict_2016_expanded.json,50143a67069cd69c0ce1221a6f7bb554b992b3295322344907bf784afb5ff9c0,1681,"{""lemma"": ""distressful""}",distressful,,,
cet4_endict_2016_expanded.json,50143a67069cd69c0ce1221a6f7bb554b992b3295322344907bf784afb5ff9c0,1682,"{""lemma"": ""distribute""}",distribute,,,
cet4_endict_2016_expanded.json,50143a67069cd69c0ce1221a6f7bb554b992b3295322344907bf784afb5ff9c0,1683,"{""lemma"": ""distribution""}",distribution,,,
cet4_endict_2016_expanded.json,50143a67069cd69c0ce1221a6f7bb554b992b3295322344907bf784afb5ff9c0,1684,"{""lemma"": ""distributive""}",distributive,,,
cet4_endict_2016_expanded.json,50143a67069cd69c0ce1221a6f7bb554b992b3295322344907bf784afb5ff9c0,1685,"{""lemma"": ""district""}",district,,,
cet4_endict_2016_expanded.json,50143a67069cd69c0ce1221a6f7bb554b992b3295322344907bf784afb5ff9c0,1686,"{""lemma"": ""disturb""}",disturb,,,
cet4_endict_2016_expanded.json,50143a67069cd69c0ce1221a6f7bb554b992b3295322344907bf784afb5ff9c0,1687,"{""lemma"": ""disturbance""}",disturbance,,,
cet4_endict_2016_expanded.json,50143a67069cd69c0ce1221a6f7bb554b992b3295322344907bf784afb5ff9c0,1688,"{""lemma"": ""ditch""}",ditch,,,
cet4_endict_2016_expanded.json,50143a67069cd69c0ce1221a6f7bb554b992b3295322344907bf784afb5ff9c0,1689,"{""lemma"": ""dive""}",dive,,,
cet4_endict_2016_expanded.json,50143a67069cd69c0ce1221a6f7bb554b992b3295322344907bf784afb5ff9c0,1690,"{""lemma"": ""diverse""}",diverse,,,
cet4_endict_2016_expanded.json,50143a67069cd69c0ce1221a6f7bb554b992b3295322344907bf784afb5ff9c0,1691,"{""lemma"": ""diversify""}",diversify,,,
cet4_endict_2016_expanded.json,50143a67069cd69c0ce1221a6f7bb554b992b3295322344907bf784afb5ff9c0,1692,"{""lemma"": ""diversity""}",diversity,,,
cet4_endict_2016_expanded.json,50143a67069cd69c0ce1221a6f7bb554b992b3295322344907bf784afb5ff9c0,1693,"{""lemma"": ""divide""}",divide,,,
cet4_endict_2016_expanded.json,50143a67069cd69c0ce1221a6f7bb554b992b3295322344907bf784afb5ff9c0,1694,"{""lemma"": ""division""}",division,,,
cet4_endict_2016_expanded.json,50143a67069cd69c0ce1221a6f7bb554b992b3295322344907bf784afb5ff9c0,1695,"{""lemma"": ""divisive""}",divisive,,,
cet4_endict_2016_expanded.json,50143a67069cd69c0ce1221a6f7bb554b992b3295322344907bf784afb5ff9c0,1696,"{""lemma"": ""divorce""}",divorce,,,
cet4_endict_2016_expanded.json,50143a67069cd69c0ce1221a6f7bb554b992b3295322344907bf784afb5ff9c0,1697,"{""lemma"": ""dizzy""}",dizzy,,,
cet4_endict_2016_expanded.json,50143a67069cd69c0ce1221a6f7bb554b992b3295322344907bf784afb5ff9c0,1698,"{""lemma"": ""do""}",do,,,
cet4_endict_2016_expanded.json,50143a67069cd69c0ce1221a6f7bb554b992b3295322344907bf784afb5ff9c0,1699,"{""lemma"": ""dock""}",dock,,,
cet4_endict_2016_expanded.json,50143a67069cd69c0ce1221a6f7bb554b992b3295322344907bf784afb5ff9c0,1700,"{""lemma"": ""doctor""}",doctor,,,
cet4_endict_2016_expanded.json,50143a67069cd69c0ce1221a6f7bb554b992b3295322344907bf784afb5ff9c0,1701,"{""lemma"": ""doctoral""}",doctoral,,,
cet4_endict_2016_expanded.json,50143a67069cd69c0ce1221a6f7bb554b992b3295322344907bf784afb5ff9c0,1702,"{""lemma"": ""doctorate""}",doctorate,,,
cet4_endict_2016_expanded.json,50143a67069cd69c0ce1221a6f7bb554b992b3295322344907bf784afb5ff9c0,1703,"{""lemma"": ""document""}",document,,,
cet4_endict_2016_expanded.json,50143a67069cd69c0ce1221a6f7bb554b992b3295322344907bf784afb5ff9c0,1704,"{""lemma"": ""documentary""}",documentary,,,
cet4_endict_2016_expanded.json,50143a67069cd69c0ce1221a6f7bb554b992b3295322344907bf784afb5ff9c0,1705,"{""lemma"": ""dog""}",dog,,,
cet4_endict_2016_expanded.json,50143a67069cd69c0ce1221a6f7bb554b992b3295322344907bf784afb5ff9c0,1706,"{""lemma"": ""doll""}",doll,,,
cet4_endict_2016_expanded.json,50143a67069cd69c0ce1221a6f7bb554b992b3295322344907bf784afb5ff9c0,1707,"{""lemma"": ""dollar""}",dollar,,,
cet4_endict_2016_expanded.json,50143a67069cd69c0ce1221a6f7bb554b992b3295322344907bf784afb5ff9c0,1708,"{""lemma"": ""dolphin""}",dolphin,,,
cet4_endict_2016_expanded.json,50143a67069cd69c0ce1221a6f7bb554b992b3295322344907bf784afb5ff9c0,1709,"{""lemma"": ""domestic""}",domestic,,,
cet4_endict_2016_expanded.json,50143a67069cd69c0ce1221a6f7bb554b992b3295322344907bf784afb5ff9c0,1710,"{""lemma"": ""dominance""}",dominance,,,
cet4_endict_2016_expanded.json,50143a67069cd69c0ce1221a6f7bb554b992b3295322344907bf784afb5ff9c0,1711,"{""lemma"": ""dominant""}",dominant,,,
cet4_endict_2016_expanded.json,50143a67069cd69c0ce1221a6f7bb554b992b3295322344907bf784afb5ff9c0,1712,"{""lemma"": ""dominate""}",dominate,,,
cet4_endict_2016_expanded.json,50143a67069cd69c0ce1221a6f7bb554b992b3295322344907bf784afb5ff9c0,1713,"{""lemma"": ""domination""}",domination,,,
cet4_endict_2016_expanded.json,50143a67069cd69c0ce1221a6f7bb554b992b3295322344907bf784afb5ff9c0,1714,"{""lemma"": ""donate""}",donate,,,
cet4_endict_2016_expanded.json,50143a67069cd69c0ce1221a6f7bb554b992b3295322344907bf784afb5ff9c0,1715,"{""lemma"": ""donation""}",donation,,,
cet4_endict_2016_expanded.json,50143a67069cd69c0ce1221a6f7bb554b992b3295322344907bf784afb5ff9c0,1716,"{""lemma"": ""donkey""}",donkey,,,
cet4_endict_2016_expanded.json,50143a67069cd69c0ce1221a6f7bb554b992b3295322344907bf784afb5ff9c0,1717,"{""lemma"": ""donor""}",donor,,,
cet4_endict_2016_expanded.json,50143a67069cd69c0ce1221a6f7bb554b992b3295322344907bf784afb5ff9c0,1718,"{""lemma"": ""doom""}",doom,,,
cet4_endict_2016_expanded.json,50143a67069cd69c0ce1221a6f7bb554b992b3295322344907bf784afb5ff9c0,1719,"{""lemma"": ""door""}",door,,,
cet4_endict_2016_expanded.json,50143a67069cd69c0ce1221a6f7bb554b992b3295322344907bf784afb5ff9c0,1720,"{""lemma"": ""dorm""}",dorm,,,
cet4_endict_2016_expanded.json,50143a67069cd69c0ce1221a6f7bb554b992b3295322344907bf784afb5ff9c0,1721,"{""lemma"": ""dormitory""}",dormitory,,,
cet4_endict_2016_expanded.json,50143a67069cd69c0ce1221a6f7bb554b992b3295322344907bf784afb5ff9c0,1722,"{""lemma"": ""dosage""}",dosage,,,
cet4_endict_2016_expanded.json,50143a67069cd69c0ce1221a6f7bb554b992b3295322344907bf784afb5ff9c0,1723,"{""lemma"": ""dose""}",dose,,,
cet4_endict_2016_expanded.json,50143a67069cd69c0ce1221a6f7bb554b992b3295322344907bf784afb5ff9c0,1724,"{""lemma"": ""dot""}",dot,,,
cet4_endict_2016_expanded.json,50143a67069cd69c0ce1221a6f7bb554b992b3295322344907bf784afb5ff9c0,1725,"{""lemma"": ""double""}",double,,,
cet4_endict_2016_expanded.json,50143a67069cd69c0ce1221a6f7bb554b992b3295322344907bf784afb5ff9c0,1726,"{""lemma"": ""doubt""}",doubt,,,
cet4_endict_2016_expanded.json,50143a67069cd69c0ce1221a6f7bb554b992b3295322344907bf784afb5ff9c0,1727,"{""lemma"": ""doubtful""}",doubtful,,,
cet4_endict_2016_expanded.json,50143a67069cd69c0ce1221a6f7bb554b992b3295322344907bf784afb5ff9c0,1728,"{""lemma"": ""doubtless""}",doubtless,,,
cet4_endict_2016_expanded.json,50143a67069cd69c0ce1221a6f7bb554b992b3295322344907bf784afb5ff9c0,1729,"{""lemma"": ""dove""}",dove,,,
cet4_endict_2016_expanded.json,50143a67069cd69c0ce1221a6f7bb554b992b3295322344907bf784afb5ff9c0,1730,"{""lemma"": ""down""}",down,,,
cet4_endict_2016_expanded.json,50143a67069cd69c0ce1221a6f7bb554b992b3295322344907bf784afb5ff9c0,1731,"{""lemma"": ""download""}",download,,,
cet4_endict_2016_expanded.json,50143a67069cd69c0ce1221a6f7bb554b992b3295322344907bf784afb5ff9c0,1732,"{""lemma"": ""downstairs""}",downstairs,,,
cet4_endict_2016_expanded.json,50143a67069cd69c0ce1221a6f7bb554b992b3295322344907bf784afb5ff9c0,1733,"{""lemma"": ""downtown""}",downtown,,,
cet4_endict_2016_expanded.json,50143a67069cd69c0ce1221a6f7bb554b992b3295322344907bf784afb5ff9c0,1734,"{""lemma"": ""downward""}",downward,,,
cet4_endict_2016_expanded.json,50143a67069cd69c0ce1221a6f7bb554b992b3295322344907bf784afb5ff9c0,1735,"{""lemma"": ""downwards""}",downwards,,,
cet4_endict_2016_expanded.json,50143a67069cd69c0ce1221a6f7bb554b992b3295322344907bf784afb5ff9c0,1736,"{""lemma"": ""dozen""}",dozen,,,
cet4_endict_2016_expanded.json,50143a67069cd69c0ce1221a6f7bb554b992b3295322344907bf784afb5ff9c0,1737,"{""lemma"": ""draft""}",draft,,,
cet4_endict_2016_expanded.json,50143a67069cd69c0ce1221a6f7bb554b992b3295322344907bf784afb5ff9c0,1738,"{""lemma"": ""drag""}",drag,,,
cet4_endict_2016_expanded.json,50143a67069cd69c0ce1221a6f7bb554b992b3295322344907bf784afb5ff9c0,1739,"{""lemma"": ""dragon""}",dragon,,,
cet4_endict_2016_expanded.json,50143a67069cd69c0ce1221a6f7bb554b992b3295322344907bf784afb5ff9c0,1740,"{""lemma"": ""drain""}",drain,,,
cet4_endict_2016_expanded.json,50143a67069cd69c0ce1221a6f7bb554b992b3295322344907bf784afb5ff9c0,1741,"{""lemma"": ""drainage""}",drainage,,,
cet4_endict_2016_expanded.json,50143a67069cd69c0ce1221a6f7bb554b992b3295322344907bf784afb5ff9c0,1742,"{""lemma"": ""drama""}",drama,,,
cet4_endict_2016_expanded.json,50143a67069cd69c0ce1221a6f7bb554b992b3295322344907bf784afb5ff9c0,1743,"{""lemma"": ""dramatic""}",dramatic,,,
cet4_endict_2016_expanded.json,50143a67069cd69c0ce1221a6f7bb554b992b3295322344907bf784afb5ff9c0,1744,"{""lemma"": ""dramatically""}",dramatically,,,
cet4_endict_2016_expanded.json,50143a67069cd69c0ce1221a6f7bb554b992b3295322344907bf784afb5ff9c0,1745,"{""lemma"": ""drastic""}",drastic,,,
cet4_endict_2016_expanded.json,50143a67069cd69c0ce1221a6f7bb554b992b3295322344907bf784afb5ff9c0,1746,"{""lemma"": ""draw""}",draw,,,
cet4_endict_2016_expanded.json,50143a67069cd69c0ce1221a6f7bb554b992b3295322344907bf784afb5ff9c0,1747,"{""lemma"": ""drawer""}",drawer,,,
cet4_endict_2016_expanded.json,50143a67069cd69c0ce1221a6f7bb554b992b3295322344907bf784afb5ff9c0,1748,"{""lemma"": ""drawing""}",drawing,,,
cet4_endict_2016_expanded.json,50143a67069cd69c0ce1221a6f7bb554b992b3295322344907bf784afb5ff9c0,1749,"{""lemma"": ""dream""}",dream,,,
cet4_endict_2016_expanded.json,50143a67069cd69c0ce1221a6f7bb554b992b3295322344907bf784afb5ff9c0,1750,"{""lemma"": ""dreamy""}",dreamy,,,
cet4_endict_2016_expanded.json,50143a67069cd69c0ce1221a6f7bb554b992b3295322344907bf784afb5ff9c0,1751,"{""lemma"": ""dress""}",dress,,,
cet4_endict_2016_expanded.json,50143a67069cd69c0ce1221a6f7bb554b992b3295322344907bf784afb5ff9c0,1752,"{""lemma"": ""drift""}",drift,,,
cet4_endict_2016_expanded.json,50143a67069cd69c0ce1221a6f7bb554b992b3295322344907bf784afb5ff9c0,1753,"{""lemma"": ""drill""}",drill,,,
cet4_endict_2016_expanded.json,50143a67069cd69c0ce1221a6f7bb554b992b3295322344907bf784afb5ff9c0,1754,"{""lemma"": ""drink""}",drink,,,
cet4_endict_2016_expanded.json,50143a67069cd69c0ce1221a6f7bb554b992b3295322344907bf784afb5ff9c0,1755,"{""lemma"": ""drip""}",drip,,,
cet4_endict_2016_expanded.json,50143a67069cd69c0ce1221a6f7bb554b992b3295322344907bf784afb5ff9c0,1756,"{""lemma"": ""drive""}",drive,,,
cet4_endict_2016_expanded.json,50143a67069cd69c0ce1221a6f7bb554b992b3295322344907bf784afb5ff9c0,1757,"{""lemma"": ""driver""}",driver,,,
cet4_endict_2016_expanded.json,50143a67069cd69c0ce1221a6f7bb554b992b3295322344907bf784afb5ff9c0,1758,"{""lemma"": ""drop""}",drop,,,
cet4_endict_2016_expanded.json,50143a67069cd69c0ce1221a6f7bb554b992b3295322344907bf784afb5ff9c0,1759,"{""lemma"": ""dropout""}",dropout,,,
cet4_endict_2016_expanded.json,50143a67069cd69c0ce1221a6f7bb554b992b3295322344907bf784afb5ff9c0,1760,"{""lemma"": ""drought""}",drought,,,
cet4_endict_2016_expanded.json,50143a67069cd69c0ce1221a6f7bb554b992b3295322344907bf784afb5ff9c0,1761,"{""lemma"": ""drown""}",drown,,,
cet4_endict_2016_expanded.json,50143a67069cd69c0ce1221a6f7bb554b992b3295322344907bf784afb5ff9c0,1762,"{""lemma"": ""drug""}",drug,,,
cet4_endict_2016_expanded.json,50143a67069cd69c0ce1221a6f7bb554b992b3295322344907bf784afb5ff9c0,1763,"{""lemma"": ""drum""}",drum,,,
cet4_endict_2016_expanded.json,50143a67069cd69c0ce1221a6f7bb554b992b3295322344907bf784afb5ff9c0,1764,"{""lemma"": ""drunk""}",drunk,,,
cet4_endict_2016_expanded.json,50143a67069cd69c0ce1221a6f7bb554b992b3295322344907bf784afb5ff9c0,1765,"{""lemma"": ""drunkard""}",drunkard,,,
cet4_endict_2016_expanded.json,50143a67069cd69c0ce1221a6f7bb554b992b3295322344907bf784afb5ff9c0,1766,"{""lemma"": ""drunken""}",drunken,,,
cet4_endict_2016_expanded.json,50143a67069cd69c0ce1221a6f7bb554b992b3295322344907bf784afb5ff9c0,1767,"{""lemma"": ""dry""}",dry,,,
cet4_endict_2016_expanded.json,50143a67069cd69c0ce1221a6f7bb554b992b3295322344907bf784afb5ff9c0,1768,"{""lemma"": ""dryer""}",dryer,,,
cet4_endict_2016_expanded.json,50143a67069cd69c0ce1221a6f7bb554b992b3295322344907bf784afb5ff9c0,1769,"{""lemma"": ""dual""}",dual,,,
cet4_endict_2016_expanded.json,50143a67069cd69c0ce1221a6f7bb554b992b3295322344907bf784afb5ff9c0,1770,"{""lemma"": ""duck""}",duck,,,
cet4_endict_2016_expanded.json,50143a67069cd69c0ce1221a6f7bb554b992b3295322344907bf784afb5ff9c0,1771,"{""lemma"": ""due""}",due,,,
cet4_endict_2016_expanded.json,50143a67069cd69c0ce1221a6f7bb554b992b3295322344907bf784afb5ff9c0,1772,"{""lemma"": ""dull""}",dull,,,
cet4_endict_2016_expanded.json,50143a67069cd69c0ce1221a6f7bb554b992b3295322344907bf784afb5ff9c0,1773,"{""lemma"": ""duly""}",duly,,,
cet4_endict_2016_expanded.json,50143a67069cd69c0ce1221a6f7bb554b992b3295322344907bf784afb5ff9c0,1774,"{""lemma"": ""dumb""}",dumb,,,
cet4_endict_2016_expanded.json,50143a67069cd69c0ce1221a6f7bb554b992b3295322344907bf784afb5ff9c0,1775,"{""lemma"": ""dump""}",dump,,,
cet4_endict_2016_expanded.json,50143a67069cd69c0ce1221a6f7bb554b992b3295322344907bf784afb5ff9c0,1776,"{""lemma"": ""durability""}",durability,,,
cet4_endict_2016_expanded.json,50143a67069cd69c0ce1221a6f7bb554b992b3295322344907bf784afb5ff9c0,1777,"{""lemma"": ""durable""}",durable,,,
cet4_endict_2016_expanded.json,50143a67069cd69c0ce1221a6f7bb554b992b3295322344907bf784afb5ff9c0,1778,"{""lemma"": ""duration""}",duration,,,
cet4_endict_2016_expanded.json,50143a67069cd69c0ce1221a6f7bb554b992b3295322344907bf784afb5ff9c0,1779,"{""lemma"": ""during""}",during,,,
cet4_endict_2016_expanded.json,50143a67069cd69c0ce1221a6f7bb554b992b3295322344907bf784afb5ff9c0,1780,"{""lemma"": ""dusk""}",dusk,,,
cet4_endict_2016_expanded.json,50143a67069cd69c0ce1221a6f7bb554b992b3295322344907bf784afb5ff9c0,1781,"{""lemma"": ""dust""}",dust,,,
cet4_endict_2016_expanded.json,50143a67069cd69c0ce1221a6f7bb554b992b3295322344907bf784afb5ff9c0,1782,"{""lemma"": ""dusty""}",dusty,,,
cet4_endict_2016_expanded.json,50143a67069cd69c0ce1221a6f7bb554b992b3295322344907bf784afb5ff9c0,1783,"{""lemma"": ""duty""}",duty,,,
cet4_endict_2016_expanded.json,50143a67069cd69c0ce1221a6f7bb554b992b3295322344907bf784afb5ff9c0,1784,"{""lemma"": ""dye""}",dye,,,
cet4_endict_2016_expanded.json,50143a67069cd69c0ce1221a6f7bb554b992b3295322344907bf784afb5ff9c0,1785,"{""lemma"": ""dying""}",dying,,,
cet4_endict_2016_expanded.json,50143a67069cd69c0ce1221a6f7bb554b992b3295322344907bf784afb5ff9c0,1786,"{""lemma"": ""dynamic""}",dynamic,,,
cet4_endict_2016_expanded.json,50143a67069cd69c0ce1221a6f7bb554b992b3295322344907bf784afb5ff9c0,1787,"{""lemma"": ""dynamics""}",dynamics,,,
cet4_endict_2016_expanded.json,50143a67069cd69c0ce1221a6f7bb554b992b3295322344907bf784afb5ff9c0,1788,"{""lemma"": ""dynasty""}",dynasty,,,
cet4_endict_2016_expanded.json,50143a67069cd69c0ce1221a6f7bb554b992b3295322344907bf784afb5ff9c0,1789,"{""lemma"": ""each""}",each,,,
cet4_endict_2016_expanded.json,50143a67069cd69c0ce1221a6f7bb554b992b3295322344907bf784afb5ff9c0,1790,"{""lemma"": ""eager""}",eager,,,
cet4_endict_2016_expanded.json,50143a67069cd69c0ce1221a6f7bb554b992b3295322344907bf784afb5ff9c0,1791,"{""lemma"": ""eagle""}",eagle,,,
cet4_endict_2016_expanded.json,50143a67069cd69c0ce1221a6f7bb554b992b3295322344907bf784afb5ff9c0,1792,"{""lemma"": ""ear""}",ear,,,
cet4_endict_2016_expanded.json,50143a67069cd69c0ce1221a6f7bb554b992b3295322344907bf784afb5ff9c0,1793,"{""lemma"": ""early""}",early,,,
cet4_endict_2016_expanded.json,50143a67069cd69c0ce1221a6f7bb554b992b3295322344907bf784afb5ff9c0,1794,"{""lemma"": ""earn""}",earn,,,
cet4_endict_2016_expanded.json,50143a67069cd69c0ce1221a6f7bb554b992b3295322344907bf784afb5ff9c0,1795,"{""lemma"": ""earnest""}",earnest,,,
cet4_endict_2016_expanded.json,50143a67069cd69c0ce1221a6f7bb554b992b3295322344907bf784afb5ff9c0,1796,"{""lemma"": ""earnings""}",earnings,,,
cet4_endict_2016_expanded.json,50143a67069cd69c0ce1221a6f7bb554b992b3295322344907bf784afb5ff9c0,1797,"{""lemma"": ""earth""}",earth,,,
cet4_endict_2016_expanded.json,50143a67069cd69c0ce1221a6f7bb554b992b3295322344907bf784afb5ff9c0,1798,"{""lemma"": ""earthquake""}",earthquake,,,
cet4_endict_2016_expanded.json,50143a67069cd69c0ce1221a6f7bb554b992b3295322344907bf784afb5ff9c0,1799,"{""lemma"": ""ease""}",ease,,,
cet4_endict_2016_expanded.json,50143a67069cd69c0ce1221a6f7bb554b992b3295322344907bf784afb5ff9c0,1800,"{""lemma"": ""easily""}",easily,,,
cet4_endict_2016_expanded.json,50143a67069cd69c0ce1221a6f7bb554b992b3295322344907bf784afb5ff9c0,1801,"{""lemma"": ""east""}",east,,,
cet4_endict_2016_expanded.json,50143a67069cd69c0ce1221a6f7bb554b992b3295322344907bf784afb5ff9c0,1802,"{""lemma"": ""eastern""}",eastern,,,
cet4_endict_2016_expanded.json,50143a67069cd69c0ce1221a6f7bb554b992b3295322344907bf784afb5ff9c0,1803,"{""lemma"": ""easy""}",easy,,,
cet4_endict_2016_expanded.json,50143a67069cd69c0ce1221a6f7bb554b992b3295322344907bf784afb5ff9c0,1804,"{""lemma"": ""easy-going""}",easy-going,,,
cet4_endict_2016_expanded.json,50143a67069cd69c0ce1221a6f7bb554b992b3295322344907bf784afb5ff9c0,1805,"{""lemma"": ""eat""}",eat,,,
cet4_endict_2016_expanded.json,50143a67069cd69c0ce1221a6f7bb554b992b3295322344907bf784afb5ff9c0,1806,"{""lemma"": ""echo""}",echo,,,
cet4_endict_2016_expanded.json,50143a67069cd69c0ce1221a6f7bb554b992b3295322344907bf784afb5ff9c0,1807,"{""lemma"": ""ecological""}",ecological,,,
cet4_endict_2016_expanded.json,50143a67069cd69c0ce1221a6f7bb554b992b3295322344907bf784afb5ff9c0,1808,"{""lemma"": ""ecology""}",ecology,,,
cet4_endict_2016_expanded.json,50143a67069cd69c0ce1221a6f7bb554b992b3295322344907bf784afb5ff9c0,1809,"{""lemma"": ""economic""}",economic,,,
cet4_endict_2016_expanded.json,50143a67069cd69c0ce1221a6f7bb554b992b3295322344907bf784afb5ff9c0,1810,"{""lemma"": ""economical""}",economical,,,
cet4_endict_2016_expanded.json,50143a67069cd69c0ce1221a6f7bb554b992b3295322344907bf784afb5ff9c0,1811,"{""lemma"": ""economics""}",economics,,,
cet4_endict_2016_expanded.json,50143a67069cd69c0ce1221a6f7bb554b992b3295322344907bf784afb5ff9c0,1812,"{""lemma"": ""economist""}",economist,,,
cet4_endict_2016_expanded.json,50143a67069cd69c0ce1221a6f7bb554b992b3295322344907bf784afb5ff9c0,1813,"{""lemma"": ""economy""}",economy,,,
cet4_endict_2016_expanded.json,50143a67069cd69c0ce1221a6f7bb554b992b3295322344907bf784afb5ff9c0,1814,"{""lemma"": ""edge""}",edge,,,
cet4_endict_2016_expanded.json,50143a67069cd69c0ce1221a6f7bb554b992b3295322344907bf784afb5ff9c0,1815,"{""lemma"": ""edit""}",edit,,,
cet4_endict_2016_expanded.json,50143a67069cd69c0ce1221a6f7bb554b992b3295322344907bf784afb5ff9c0,1816,"{""lemma"": ""edition""}",edition,,,
cet4_endict_2016_expanded.json,50143a67069cd69c0ce1221a6f7bb554b992b3295322344907bf784afb5ff9c0,1817,"{""lemma"": ""editor""}",editor,,,
cet4_endict_2016_expanded.json,50143a67069cd69c0ce1221a6f7bb554b992b3295322344907bf784afb5ff9c0,1818,"{""lemma"": ""editorial""}",editorial,,,
cet4_endict_2016_expanded.json,50143a67069cd69c0ce1221a6f7bb554b992b3295322344907bf784afb5ff9c0,1819,"{""lemma"": ""educate""}",educate,,,
cet4_endict_2016_expanded.json,50143a67069cd69c0ce1221a6f7bb554b992b3295322344907bf784afb5ff9c0,1820,"{""lemma"": ""education""}",education,,,
cet4_endict_2016_expanded.json,50143a67069cd69c0ce1221a6f7bb554b992b3295322344907bf784afb5ff9c0,1821,"{""lemma"": ""educational""}",educational,,,
cet4_endict_2016_expanded.json,50143a67069cd69c0ce1221a6f7bb554b992b3295322344907bf784afb5ff9c0,1822,"{""lemma"": ""educator""}",educator,,,
cet4_endict_2016_expanded.json,50143a67069cd69c0ce1221a6f7bb554b992b3295322344907bf784afb5ff9c0,1823,"{""lemma"": ""effect""}",effect,,,
cet4_endict_2016_expanded.json,50143a67069cd69c0ce1221a6f7bb554b992b3295322344907bf784afb5ff9c0,1824,"{""lemma"": ""effective""}",effective,,,
cet4_endict_2016_expanded.json,50143a67069cd69c0ce1221a6f7bb554b992b3295322344907bf784afb5ff9c0,1825,"{""lemma"": ""efficiency""}",efficiency,,,
cet4_endict_2016_expanded.json,50143a67069cd69c0ce1221a6f7bb554b992b3295322344907bf784afb5ff9c0,1826,"{""lemma"": ""efficient""}",efficient,,,
cet4_endict_2016_expanded.json,50143a67069cd69c0ce1221a6f7bb554b992b3295322344907bf784afb5ff9c0,1827,"{""lemma"": ""effort""}",effort,,,
cet4_endict_2016_expanded.json,50143a67069cd69c0ce1221a6f7bb554b992b3295322344907bf784afb5ff9c0,1828,"{""lemma"": ""egg""}",egg,,,
cet4_endict_2016_expanded.json,50143a67069cd69c0ce1221a6f7bb554b992b3295322344907bf784afb5ff9c0,1829,"{""lemma"": ""eggplant""}",eggplant,,,
cet4_endict_2016_expanded.json,50143a67069cd69c0ce1221a6f7bb554b992b3295322344907bf784afb5ff9c0,1830,"{""lemma"": ""eight""}",eight,,,
cet4_endict_2016_expanded.json,50143a67069cd69c0ce1221a6f7bb554b992b3295322344907bf784afb5ff9c0,1831,"{""lemma"": ""eighteen""}",eighteen,,,
cet4_endict_2016_expanded.json,50143a67069cd69c0ce1221a6f7bb554b992b3295322344907bf784afb5ff9c0,1832,"{""lemma"": ""eighth""}",eighth,,,
cet4_endict_2016_expanded.json,50143a67069cd69c0ce1221a6f7bb554b992b3295322344907bf784afb5ff9c0,1833,"{""lemma"": ""eighty""}",eighty,,,
cet4_endict_2016_expanded.json,50143a67069cd69c0ce1221a6f7bb554b992b3295322344907bf784afb5ff9c0,1834,"{""lemma"": ""either""}",either,,,
cet4_endict_2016_expanded.json,50143a67069cd69c0ce1221a6f7bb554b992b3295322344907bf784afb5ff9c0,1835,"{""lemma"": ""elbow""}",elbow,,,
cet4_endict_2016_expanded.json,50143a67069cd69c0ce1221a6f7bb554b992b3295322344907bf784afb5ff9c0,1836,"{""lemma"": ""elder""}",elder,,,
cet4_endict_2016_expanded.json,50143a67069cd69c0ce1221a6f7bb554b992b3295322344907bf784afb5ff9c0,1837,"{""lemma"": ""elderly""}",elderly,,,
cet4_endict_2016_expanded.json,50143a67069cd69c0ce1221a6f7bb554b992b3295322344907bf784afb5ff9c0,1838,"{""lemma"": ""elect""}",elect,,,
cet4_endict_2016_expanded.json,50143a67069cd69c0ce1221a6f7bb554b992b3295322344907bf784afb5ff9c0,1839,"{""lemma"": ""election""}",election,,,
cet4_endict_2016_expanded.json,50143a67069cd69c0ce1221a6f7bb554b992b3295322344907bf784afb5ff9c0,1840,"{""lemma"": ""elective""}",elective,,,
cet4_endict_2016_expanded.json,50143a67069cd69c0ce1221a6f7bb554b992b3295322344907bf784afb5ff9c0,1841,"{""lemma"": ""electric""}",electric,,,
cet4_endict_2016_expanded.json,50143a67069cd69c0ce1221a6f7bb554b992b3295322344907bf784afb5ff9c0,1842,"{""lemma"": ""electrician""}",electrician,,,
cet4_endict_2016_expanded.json,50143a67069cd69c0ce1221a6f7bb554b992b3295322344907bf784afb5ff9c0,1843,"{""lemma"": ""electricity""}",electricity,,,
cet4_endict_2016_expanded.json,50143a67069cd69c0ce1221a6f7bb554b992b3295322344907bf784afb5ff9c0,1844,"{""lemma"": ""electron""}",electron,,,
cet4_endict_2016_expanded.json,50143a67069cd69c0ce1221a6f7bb554b992b3295322344907bf784afb5ff9c0,1845,"{""lemma"": ""electronic""}",electronic,,,
cet4_endict_2016_expanded.json,50143a67069cd69c0ce1221a6f7bb554b992b3295322344907bf784afb5ff9c0,1846,"{""lemma"": ""electronically""}",electronically,,,
cet4_endict_2016_expanded.json,50143a67069cd69c0ce1221a6f7bb554b992b3295322344907bf784afb5ff9c0,1847,"{""lemma"": ""electronics""}",electronics,,,
cet4_endict_2016_expanded.json,50143a67069cd69c0ce1221a6f7bb554b992b3295322344907bf784afb5ff9c0,1848,"{""lemma"": ""elegance""}",elegance,,,
cet4_endict_2016_expanded.json,50143a67069cd69c0ce1221a6f7bb554b992b3295322344907bf784afb5ff9c0,1849,"{""lemma"": ""elegant""}",elegant,,,
cet4_endict_2016_expanded.json,50143a67069cd69c0ce1221a6f7bb554b992b3295322344907bf784afb5ff9c0,1850,"{""lemma"": ""element""}",element,,,
cet4_endict_2016_expanded.json,50143a67069cd69c0ce1221a6f7bb554b992b3295322344907bf784afb5ff9c0,1851,"{""lemma"": ""elementary""}",elementary,,,
cet4_endict_2016_expanded.json,50143a67069cd69c0ce1221a6f7bb554b992b3295322344907bf784afb5ff9c0,1852,"{""lemma"": ""elephant""}",elephant,,,
cet4_endict_2016_expanded.json,50143a67069cd69c0ce1221a6f7bb554b992b3295322344907bf784afb5ff9c0,1853,"{""lemma"": ""elevate""}",elevate,,,
cet4_endict_2016_expanded.json,50143a67069cd69c0ce1221a6f7bb554b992b3295322344907bf784afb5ff9c0,1854,"{""lemma"": ""elevation""}",elevation,,,
cet4_endict_2016_expanded.json,50143a67069cd69c0ce1221a6f7bb554b992b3295322344907bf784afb5ff9c0,1855,"{""lemma"": ""elevator""}",elevator,,,
cet4_endict_2016_expanded.json,50143a67069cd69c0ce1221a6f7bb554b992b3295322344907bf784afb5ff9c0,1856,"{""lemma"": ""eleven""}",eleven,,,
cet4_endict_2016_expanded.json,50143a67069cd69c0ce1221a6f7bb554b992b3295322344907bf784afb5ff9c0,1857,"{""lemma"": ""eliminate""}",eliminate,,,
cet4_endict_2016_expanded.json,50143a67069cd69c0ce1221a6f7bb554b992b3295322344907bf784afb5ff9c0,1858,"{""lemma"": ""elimination""}",elimination,,,
cet4_endict_2016_expanded.json,50143a67069cd69c0ce1221a6f7bb554b992b3295322344907bf784afb5ff9c0,1859,"{""lemma"": ""elite""}",elite,,,
cet4_endict_2016_expanded.json,50143a67069cd69c0ce1221a6f7bb554b992b3295322344907bf784afb5ff9c0,1860,"{""lemma"": ""else""}",else,,,
cet4_endict_2016_expanded.json,50143a67069cd69c0ce1221a6f7bb554b992b3295322344907bf784afb5ff9c0,1861,"{""lemma"": ""elsewhere""}",elsewhere,,,
cet4_endict_2016_expanded.json,50143a67069cd69c0ce1221a6f7bb554b992b3295322344907bf784afb5ff9c0,1862,"{""lemma"": ""email""}",email,,,
cet4_endict_2016_expanded.json,50143a67069cd69c0ce1221a6f7bb554b992b3295322344907bf784afb5ff9c0,1863,"{""lemma"": ""embarrass""}",embarrass,,,
cet4_endict_2016_expanded.json,50143a67069cd69c0ce1221a6f7bb554b992b3295322344907bf784afb5ff9c0,1864,"{""lemma"": ""embarrassment""}",embarrassment,,,
cet4_endict_2016_expanded.json,50143a67069cd69c0ce1221a6f7bb554b992b3295322344907bf784afb5ff9c0,1865,"{""lemma"": ""embassy""}",embassy,,,
cet4_endict_2016_expanded.json,50143a67069cd69c0ce1221a6f7bb554b992b3295322344907bf784afb5ff9c0,1866,"{""lemma"": ""embrace""}",embrace,,,
cet4_endict_2016_expanded.json,50143a67069cd69c0ce1221a6f7bb554b992b3295322344907bf784afb5ff9c0,1867,"{""lemma"": ""emerge""}",emerge,,,
cet4_endict_2016_expanded.json,50143a67069cd69c0ce1221a6f7bb554b992b3295322344907bf784afb5ff9c0,1868,"{""lemma"": ""emergence""}",emergence,,,
cet4_endict_2016_expanded.json,50143a67069cd69c0ce1221a6f7bb554b992b3295322344907bf784afb5ff9c0,1869,"{""lemma"": ""emergency""}",emergency,,,
cet4_endict_2016_expanded.json,50143a67069cd69c0ce1221a6f7bb554b992b3295322344907bf784afb5ff9c0,1870,"{""lemma"": ""emission""}",emission,,,
cet4_endict_2016_expanded.json,50143a67069cd69c0ce1221a6f7bb554b992b3295322344907bf784afb5ff9c0,1871,"{""lemma"": ""emit""}",emit,,,
cet4_endict_2016_expanded.json,50143a67069cd69c0ce1221a6f7bb554b992b3295322344907bf784afb5ff9c0,1872,"{""lemma"": ""emotion""}",emotion,,,
cet4_endict_2016_expanded.json,50143a67069cd69c0ce1221a6f7bb554b992b3295322344907bf784afb5ff9c0,1873,"{""lemma"": ""emotional""}",emotional,,,
cet4_endict_2016_expanded.json,50143a67069cd69c0ce1221a6f7bb554b992b3295322344907bf784afb5ff9c0,1874,"{""lemma"": ""emperor""}",emperor,,,
cet4_endict_2016_expanded.json,50143a67069cd69c0ce1221a6f7bb554b992b3295322344907bf784afb5ff9c0,1875,"{""lemma"": ""emphasis""}",emphasis,,,
cet4_endict_2016_expanded.json,50143a67069cd69c0ce1221a6f7bb554b992b3295322344907bf784afb5ff9c0,1876,"{""lemma"": ""emphasize""}",emphasize,,,
cet4_endict_2016_expanded.json,50143a67069cd69c0ce1221a6f7bb554b992b3295322344907bf784afb5ff9c0,1877,"{""lemma"": ""emphatic""}",emphatic,,,
cet4_endict_2016_expanded.json,50143a67069cd69c0ce1221a6f7bb554b992b3295322344907bf784afb5ff9c0,1878,"{""lemma"": ""empire""}",empire,,,
cet4_endict_2016_expanded.json,50143a67069cd69c0ce1221a6f7bb554b992b3295322344907bf784afb5ff9c0,1879,"{""lemma"": ""employ""}",employ,,,
cet4_endict_2016_expanded.json,50143a67069cd69c0ce1221a6f7bb554b992b3295322344907bf784afb5ff9c0,1880,"{""lemma"": ""employee""}",employee,,,
cet4_endict_2016_expanded.json,50143a67069cd69c0ce1221a6f7bb554b992b3295322344907bf784afb5ff9c0,1881,"{""lemma"": ""employer""}",employer,,,
cet4_endict_2016_expanded.json,50143a67069cd69c0ce1221a6f7bb554b992b3295322344907bf784afb5ff9c0,1882,"{""lemma"": ""employment""}",employment,,,
cet4_endict_2016_expanded.json,50143a67069cd69c0ce1221a6f7bb554b992b3295322344907bf784afb5ff9c0,1883,"{""lemma"": ""empress""}",empress,,,
cet4_endict_2016_expanded.json,50143a67069cd69c0ce1221a6f7bb554b992b3295322344907bf784afb5ff9c0,1884,"{""lemma"": ""emptiness""}",emptiness,,,
cet4_endict_2016_expanded.json,50143a67069cd69c0ce1221a6f7bb554b992b3295322344907bf784afb5ff9c0,1885,"{""lemma"": ""empty""}",empty,,,
cet4_endict_2016_expanded.json,50143a67069cd69c0ce1221a6f7bb554b992b3295322344907bf784afb5ff9c0,1886,"{""lemma"": ""enable""}",enable,,,
cet4_endict_2016_expanded.json,50143a67069cd69c0ce1221a6f7bb554b992b3295322344907bf784afb5ff9c0,1887,"{""lemma"": ""encounter""}",encounter,,,
cet4_endict_2016_expanded.json,50143a67069cd69c0ce1221a6f7bb554b992b3295322344907bf784afb5ff9c0,1888,"{""lemma"": ""encourage""}",encourage,,,
cet4_endict_2016_expanded.json,50143a67069cd69c0ce1221a6f7bb554b992b3295322344907bf784afb5ff9c0,1889,"{""lemma"": ""encouragement""}",encouragement,,,
cet4_endict_2016_expanded.json,50143a67069cd69c0ce1221a6f7bb554b992b3295322344907bf784afb5ff9c0,1890,"{""lemma"": ""encouraging""}",encouraging,,,
cet4_endict_2016_expanded.json,50143a67069cd69c0ce1221a6f7bb554b992b3295322344907bf784afb5ff9c0,1891,"{""lemma"": ""end""}",end,,,
cet4_endict_2016_expanded.json,50143a67069cd69c0ce1221a6f7bb554b992b3295322344907bf784afb5ff9c0,1892,"{""lemma"": ""endanger""}",endanger,,,
cet4_endict_2016_expanded.json,50143a67069cd69c0ce1221a6f7bb554b992b3295322344907bf784afb5ff9c0,1893,"{""lemma"": ""ending""}",ending,,,
cet4_endict_2016_expanded.json,50143a67069cd69c0ce1221a6f7bb554b992b3295322344907bf784afb5ff9c0,1894,"{""lemma"": ""endless""}",endless,,,
cet4_endict_2016_expanded.json,50143a67069cd69c0ce1221a6f7bb554b992b3295322344907bf784afb5ff9c0,1895,"{""lemma"": ""endurance""}",endurance,,,
cet4_endict_2016_expanded.json,50143a67069cd69c0ce1221a6f7bb554b992b3295322344907bf784afb5ff9c0,1896,"{""lemma"": ""endure""}",endure,,,
cet4_endict_2016_expanded.json,50143a67069cd69c0ce1221a6f7bb554b992b3295322344907bf784afb5ff9c0,1897,"{""lemma"": ""enemy""}",enemy,,,
cet4_endict_2016_expanded.json,50143a67069cd69c0ce1221a6f7bb554b992b3295322344907bf784afb5ff9c0,1898,"{""lemma"": ""energetic""}",energetic,,,
cet4_endict_2016_expanded.json,50143a67069cd69c0ce1221a6f7bb554b992b3295322344907bf784afb5ff9c0,1899,"{""lemma"": ""energy""}",energy,,,
cet4_endict_2016_expanded.json,50143a67069cd69c0ce1221a6f7bb554b992b3295322344907bf784afb5ff9c0,1900,"{""lemma"": ""enforce""}",enforce,,,
cet4_endict_2016_expanded.json,50143a67069cd69c0ce1221a6f7bb554b992b3295322344907bf784afb5ff9c0,1901,"{""lemma"": ""enforcement""}",enforcement,,,
cet4_endict_2016_expanded.json,50143a67069cd69c0ce1221a6f7bb554b992b3295322344907bf784afb5ff9c0,1902,"{""lemma"": ""engage""}",engage,,,
cet4_endict_2016_expanded.json,50143a67069cd69c0ce1221a6f7bb554b992b3295322344907bf784afb5ff9c0,1903,"{""lemma"": ""engagement""}",engagement,,,
cet4_endict_2016_expanded.json,50143a67069cd69c0ce1221a6f7bb554b992b3295322344907bf784afb5ff9c0,1904,"{""lemma"": ""engine""}",engine,,,
cet4_endict_2016_expanded.json,50143a67069cd69c0ce1221a6f7bb554b992b3295322344907bf784afb5ff9c0,1905,"{""lemma"": ""engineer""}",engineer,,,
cet4_endict_2016_expanded.json,50143a67069cd69c0ce1221a6f7bb554b992b3295322344907bf784afb5ff9c0,1906,"{""lemma"": ""engineering""}",engineering,,,
cet4_endict_2016_expanded.json,50143a67069cd69c0ce1221a6f7bb554b992b3295322344907bf784afb5ff9c0,1907,"{""lemma"": ""enhance""}",enhance,,,
cet4_endict_2016_expanded.json,50143a67069cd69c0ce1221a6f7bb554b992b3295322344907bf784afb5ff9c0,1908,"{""lemma"": ""enhancement""}",enhancement,,,
cet4_endict_2016_expanded.json,50143a67069cd69c0ce1221a6f7bb554b992b3295322344907bf784afb5ff9c0,1909,"{""lemma"": ""enjoy""}",enjoy,,,
cet4_endict_2016_expanded.json,50143a67069cd69c0ce1221a6f7bb554b992b3295322344907bf784afb5ff9c0,1910,"{""lemma"": ""enjoyable""}",enjoyable,,,
cet4_endict_2016_expanded.json,50143a67069cd69c0ce1221a6f7bb554b992b3295322344907bf784afb5ff9c0,1911,"{""lemma"": ""enjoyment""}",enjoyment,,,
cet4_endict_2016_expanded.json,50143a67069cd69c0ce1221a6f7bb554b992b3295322344907bf784afb5ff9c0,1912,"{""lemma"": ""enlarge""}",enlarge,,,
cet4_endict_2016_expanded.json,50143a67069cd69c0ce1221a6f7bb554b992b3295322344907bf784afb5ff9c0,1913,"{""lemma"": ""enlighten""}",enlighten,,,
cet4_endict_2016_expanded.json,50143a67069cd69c0ce1221a6f7bb554b992b3295322344907bf784afb5ff9c0,1914,"{""lemma"": ""enlightenment""}",enlightenment,,,
cet4_endict_2016_expanded.json,50143a67069cd69c0ce1221a6f7bb554b992b3295322344907bf784afb5ff9c0,1915,"{""lemma"": ""enormous""}",enormous,,,
cet4_endict_2016_expanded.json,50143a67069cd69c0ce1221a6f7bb554b992b3295322344907bf784afb5ff9c0,1916,"{""lemma"": ""enough""}",enough,,,
cet4_endict_2016_expanded.json,50143a67069cd69c0ce1221a6f7bb554b992b3295322344907bf784afb5ff9c0,1917,"{""lemma"": ""enquire""}",enquire,,,
cet4_endict_2016_expanded.json,50143a67069cd69c0ce1221a6f7bb554b992b3295322344907bf784afb5ff9c0,1918,"{""lemma"": ""enquiry""}",enquiry,,,
cet4_endict_2016_expanded.json,50143a67069cd69c0ce1221a6f7bb554b992b3295322344907bf784afb5ff9c0,1919,"{""lemma"": ""enrich""}",enrich,,,
cet4_endict_2016_expanded.json,50143a67069cd69c0ce1221a6f7bb554b992b3295322344907bf784afb5ff9c0,1920,"{""lemma"": ""enrol""}",enrol,,,
cet4_endict_2016_expanded.json,50143a67069cd69c0ce1221a6f7bb554b992b3295322344907bf784afb5ff9c0,1921,"{""lemma"": ""enrolment""}",enrolment,,,
cet4_endict_2016_expanded.json,50143a67069cd69c0ce1221a6f7bb554b992b3295322344907bf784afb5ff9c0,1922,"{""lemma"": ""ensure""}",ensure,,,
cet4_endict_2016_expanded.json,50143a67069cd69c0ce1221a6f7bb554b992b3295322344907bf784afb5ff9c0,1923,"{""lemma"": ""enter""}",enter,,,
cet4_endict_2016_expanded.json,50143a67069cd69c0ce1221a6f7bb554b992b3295322344907bf784afb5ff9c0,1924,"{""lemma"": ""enterprise""}",enterprise,,,
cet4_endict_2016_expanded.json,50143a67069cd69c0ce1221a6f7bb554b992b3295322344907bf784afb5ff9c0,1925,"{""lemma"": ""enterprising""}",enterprising,,,
cet4_endict_2016_expanded.json,50143a67069cd69c0ce1221a6f7bb554b992b3295322344907bf784afb5ff9c0,1926,"{""lemma"": ""entertain""}",entertain,,,
cet4_endict_2016_expanded.json,50143a67069cd69c0ce1221a6f7bb554b992b3295322344907bf784afb5ff9c0,1927,"{""lemma"": ""entertaining""}",entertaining,,,
cet4_endict_2016_expanded.json,50143a67069cd69c0ce1221a6f7bb554b992b3295322344907bf784afb5ff9c0,1928,"{""lemma"": ""entertainment""}",entertainment,,,
cet4_endict_2016_expanded.json,50143a67069cd69c0ce1221a6f7bb554b992b3295322344907bf784afb5ff9c0,1929,"{""lemma"": ""enthusiasm""}",enthusiasm,,,
cet4_endict_2016_expanded.json,50143a67069cd69c0ce1221a6f7bb554b992b3295322344907bf784afb5ff9c0,1930,"{""lemma"": ""enthusiast""}",enthusiast,,,
cet4_endict_2016_expanded.json,50143a67069cd69c0ce1221a6f7bb554b992b3295322344907bf784afb5ff9c0,1931,"{""lemma"": ""enthusiastic""}",enthusiastic,,,
cet4_endict_2016_expanded.json,50143a67069cd69c0ce1221a6f7bb554b992b3295322344907bf784afb5ff9c0,1932,"{""lemma"": ""entire""}",entire,,,
cet4_endict_2016_expanded.json,50143a67069cd69c0ce1221a6f7bb554b992b3295322344907bf784afb5ff9c0,1933,"{""lemma"": ""entirety""}",entirety,,,
cet4_endict_2016_expanded.json,50143a67069cd69c0ce1221a6f7bb554b992b3295322344907bf784afb5ff9c0,1934,"{""lemma"": ""entitle""}",entitle,,,
cet4_endict_2016_expanded.json,50143a67069cd69c0ce1221a6f7bb554b992b3295322344907bf784afb5ff9c0,1935,"{""lemma"": ""entrance""}",entrance,,,
cet4_endict_2016_expanded.json,50143a67069cd69c0ce1221a6f7bb554b992b3295322344907bf784afb5ff9c0,1936,"{""lemma"": ""entrepreneur""}",entrepreneur,,,
cet4_endict_2016_expanded.json,50143a67069cd69c0ce1221a6f7bb554b992b3295322344907bf784afb5ff9c0,1937,"{""lemma"": ""entrepreneurial""}",entrepreneurial,,,
cet4_endict_2016_expanded.json,50143a67069cd69c0ce1221a6f7bb554b992b3295322344907bf784afb5ff9c0,1938,"{""lemma"": ""entry""}",entry,,,
cet4_endict_2016_expanded.json,50143a67069cd69c0ce1221a6f7bb554b992b3295322344907bf784afb5ff9c0,1939,"{""lemma"": ""envelope""}",envelope,,,
cet4_endict_2016_expanded.json,50143a67069cd69c0ce1221a6f7bb554b992b3295322344907bf784afb5ff9c0,1940,"{""lemma"": ""envious""}",envious,,,
cet4_endict_2016_expanded.json,50143a67069cd69c0ce1221a6f7bb554b992b3295322344907bf784afb5ff9c0,1941,"{""lemma"": ""environment""}",environment,,,
cet4_endict_2016_expanded.json,50143a67069cd69c0ce1221a6f7bb554b992b3295322344907bf784afb5ff9c0,1942,"{""lemma"": ""environmental""}",environmental,,,
cet4_endict_2016_expanded.json,50143a67069cd69c0ce1221a6f7bb554b992b3295322344907bf784afb5ff9c0,1943,"{""lemma"": ""environmentalist""}",environmentalist,,,
cet4_endict_2016_expanded.json,50143a67069cd69c0ce1221a6f7bb554b992b3295322344907bf784afb5ff9c0,1944,"{""lemma"": ""envy""}",envy,,,
cet4_endict_2016_expanded.json,50143a67069cd69c0ce1221a6f7bb554b992b3295322344907bf784afb5ff9c0,1945,"{""lemma"": ""episode""}",episode,,,
cet4_endict_2016_expanded.json,50143a67069cd69c0ce1221a6f7bb554b992b3295322344907bf784afb5ff9c0,1946,"{""lemma"": ""equal""}",equal,,,
cet4_endict_2016_expanded.json,50143a67069cd69c0ce1221a6f7bb554b992b3295322344907bf784afb5ff9c0,1947,"{""lemma"": ""equality""}",equality,,,
cet4_endict_2016_expanded.json,50143a67069cd69c0ce1221a6f7bb554b992b3295322344907bf784afb5ff9c0,1948,"{""lemma"": ""equally""}",equally,,,
cet4_endict_2016_expanded.json,50143a67069cd69c0ce1221a6f7bb554b992b3295322344907bf784afb5ff9c0,1949,"{""lemma"": ""equip""}",equip,,,
cet4_endict_2016_expanded.json,50143a67069cd69c0ce1221a6f7bb554b992b3295322344907bf784afb5ff9c0,1950,"{""lemma"": ""equipment""}",equipment,,,
cet4_endict_2016_expanded.json,50143a67069cd69c0ce1221a6f7bb554b992b3295322344907bf784afb5ff9c0,1951,"{""lemma"": ""equivalence""}",equivalence,,,
cet4_endict_2016_expanded.json,50143a67069cd69c0ce1221a6f7bb554b992b3295322344907bf784afb5ff9c0,1952,"{""lemma"": ""equivalent""}",equivalent,,,
cet4_endict_2016_expanded.json,50143a67069cd69c0ce1221a6f7bb554b992b3295322344907bf784afb5ff9c0,1953,"{""lemma"": ""era""}",era,,,
cet4_endict_2016_expanded.json,50143a67069cd69c0ce1221a6f7bb554b992b3295322344907bf784afb5ff9c0,1954,"{""lemma"": ""erase""}",erase,,,
cet4_endict_2016_expanded.json,50143a67069cd69c0ce1221a6f7bb554b992b3295322344907bf784afb5ff9c0,1955,"{""lemma"": ""eraser""}",eraser,,,
cet4_endict_2016_expanded.json,50143a67069cd69c0ce1221a6f7bb554b992b3295322344907bf784afb5ff9c0,1956,"{""lemma"": ""err""}",err,,,
cet4_endict_2016_expanded.json,50143a67069cd69c0ce1221a6f7bb554b992b3295322344907bf784afb5ff9c0,1957,"{""lemma"": ""erroneous""}",erroneous,,,
cet4_endict_2016_expanded.json,50143a67069cd69c0ce1221a6f7bb554b992b3295322344907bf784afb5ff9c0,1958,"{""lemma"": ""error""}",error,,,
cet4_endict_2016_expanded.json,50143a67069cd69c0ce1221a6f7bb554b992b3295322344907bf784afb5ff9c0,1959,"{""lemma"": ""escape""}",escape,,,
cet4_endict_2016_expanded.json,50143a67069cd69c0ce1221a6f7bb554b992b3295322344907bf784afb5ff9c0,1960,"{""lemma"": ""especially""}",especially,,,
cet4_endict_2016_expanded.json,50143a67069cd69c0ce1221a6f7bb554b992b3295322344907bf784afb5ff9c0,1961,"{""lemma"": ""essay""}",essay,,,
cet4_endict_2016_expanded.json,50143a67069cd69c0ce1221a6f7bb554b992b3295322344907bf784afb5ff9c0,1962,"{""lemma"": ""essayist""}",essayist,,,
cet4_endict_2016_expanded.json,50143a67069cd69c0ce1221a6f7bb554b992b3295322344907bf784afb5ff9c0,1963,"{""lemma"": ""essence""}",essence,,,
cet4_endict_2016_expanded.json,50143a67069cd69c0ce1221a6f7bb554b992b3295322344907bf784afb5ff9c0,1964,"{""lemma"": ""essential""}",essential,,,
cet4_endict_2016_expanded.json,50143a67069cd69c0ce1221a6f7bb554b992b3295322344907bf784afb5ff9c0,1965,"{""lemma"": ""establish""}",establish,,,
cet4_endict_2016_expanded.json,50143a67069cd69c0ce1221a6f7bb554b992b3295322344907bf784afb5ff9c0,1966,"{""lemma"": ""establishment""}",establishment,,,
cet4_endict_2016_expanded.json,50143a67069cd69c0ce1221a6f7bb554b992b3295322344907bf784afb5ff9c0,1967,"{""lemma"": ""estate""}",estate,,,
cet4_endict_2016_expanded.json,50143a67069cd69c0ce1221a6f7bb554b992b3295322344907bf784afb5ff9c0,1968,"{""lemma"": ""estimate""}",estimate,,,
cet4_endict_2016_expanded.json,50143a67069cd69c0ce1221a6f7bb554b992b3295322344907bf784afb5ff9c0,1969,"{""lemma"": ""estimation""}",estimation,,,
cet4_endict_2016_expanded.json,50143a67069cd69c0ce1221a6f7bb554b992b3295322344907bf784afb5ff9c0,1970,"{""lemma"": ""eternal""}",eternal,,,
cet4_endict_2016_expanded.json,50143a67069cd69c0ce1221a6f7bb554b992b3295322344907bf784afb5ff9c0,1971,"{""lemma"": ""eternity""}",eternity,,,
cet4_endict_2016_expanded.json,50143a67069cd69c0ce1221a6f7bb554b992b3295322344907bf784afb5ff9c0,1972,"{""lemma"": ""ethic""}",ethic,,,
cet4_endict_2016_expanded.json,50143a67069cd69c0ce1221a6f7bb554b992b3295322344907bf784afb5ff9c0,1973,"{""lemma"": ""ethics""}",ethics,,,
cet4_endict_2016_expanded.json,50143a67069cd69c0ce1221a6f7bb554b992b3295322344907bf784afb5ff9c0,1974,"{""lemma"": ""ethnic""}",ethnic,,,
cet4_endict_2016_expanded.json,50143a67069cd69c0ce1221a6f7bb554b992b3295322344907bf784afb5ff9c0,1975,"{""lemma"": ""euro""}",euro,,,
cet4_endict_2016_expanded.json,50143a67069cd69c0ce1221a6f7bb554b992b3295322344907bf784afb5ff9c0,1976,"{""lemma"": ""evaluate""}",evaluate,,,
cet4_endict_2016_expanded.json,50143a67069cd69c0ce1221a6f7bb554b992b3295322344907bf784afb5ff9c0,1977,"{""lemma"": ""evaluation""}",evaluation,,,
cet4_endict_2016_expanded.json,50143a67069cd69c0ce1221a6f7bb554b992b3295322344907bf784afb5ff9c0,1978,"{""lemma"": ""eve""}",eve,,,
cet4_endict_2016_expanded.json,50143a67069cd69c0ce1221a6f7bb554b992b3295322344907bf784afb5ff9c0,1979,"{""lemma"": ""even""}",even,,,
cet4_endict_2016_expanded.json,50143a67069cd69c0ce1221a6f7bb554b992b3295322344907bf784afb5ff9c0,1980,"{""lemma"": ""evening""}",evening,,,
cet4_endict_2016_expanded.json,50143a67069cd69c0ce1221a6f7bb554b992b3295322344907bf784afb5ff9c0,1981,"{""lemma"": ""evenly""}",evenly,,,
cet4_endict_2016_expanded.json,50143a67069cd69c0ce1221a6f7bb554b992b3295322344907bf784afb5ff9c0,1982,"{""lemma"": ""event""}",event,,,
cet4_endict_2016_expanded.json,50143a67069cd69c0ce1221a6f7bb554b992b3295322344907bf784afb5ff9c0,1983,"{""lemma"": ""eventful""}",eventful,,,
cet4_endict_2016_expanded.json,50143a67069cd69c0ce1221a6f7bb554b992b3295322344907bf784afb5ff9c0,1984,"{""lemma"": ""eventual""}",eventual,,,
cet4_endict_2016_expanded.json,50143a67069cd69c0ce1221a6f7bb554b992b3295322344907bf784afb5ff9c0,1985,"{""lemma"": ""eventuality""}",eventuality,,,
cet4_endict_2016_expanded.json,50143a67069cd69c0ce1221a6f7bb554b992b3295322344907bf784afb5ff9c0,1986,"{""lemma"": ""eventually""}",eventually,,,
cet4_endict_2016_expanded.json,50143a67069cd69c0ce1221a6f7bb554b992b3295322344907bf784afb5ff9c0,1987,"{""lemma"": ""ever""}",ever,,,
cet4_endict_2016_expanded.json,50143a67069cd69c0ce1221a6f7bb554b992b3295322344907bf784afb5ff9c0,1988,"{""lemma"": ""every""}",every,,,
cet4_endict_2016_expanded.json,50143a67069cd69c0ce1221a6f7bb554b992b3295322344907bf784afb5ff9c0,1989,"{""lemma"": ""everybody""}",everybody,,,
cet4_endict_2016_expanded.json,50143a67069cd69c0ce1221a6f7bb554b992b3295322344907bf784afb5ff9c0,1990,"{""lemma"": ""everyday""}",everyday,,,
cet4_endict_2016_expanded.json,50143a67069cd69c0ce1221a6f7bb554b992b3295322344907bf784afb5ff9c0,1991,"{""lemma"": ""everyone""}",everyone,,,
cet4_endict_2016_expanded.json,50143a67069cd69c0ce1221a6f7bb554b992b3295322344907bf784afb5ff9c0,1992,"{""lemma"": ""everything""}",everything,,,
cet4_endict_2016_expanded.json,50143a67069cd69c0ce1221a6f7bb554b992b3295322344907bf784afb5ff9c0,1993,"{""lemma"": ""everywhere""}",everywhere,,,
cet4_endict_2016_expanded.json,50143a67069cd69c0ce1221a6f7bb554b992b3295322344907bf784afb5ff9c0,1994,"{""lemma"": ""evidence""}",evidence,,,
cet4_endict_2016_expanded.json,50143a67069cd69c0ce1221a6f7bb554b992b3295322344907bf784afb5ff9c0,1995,"{""lemma"": ""evident""}",evident,,,
cet4_endict_2016_expanded.json,50143a67069cd69c0ce1221a6f7bb554b992b3295322344907bf784afb5ff9c0,1996,"{""lemma"": ""evil""}",evil,,,
cet4_endict_2016_expanded.json,50143a67069cd69c0ce1221a6f7bb554b992b3295322344907bf784afb5ff9c0,1997,"{""lemma"": ""evolution""}",evolution,,,
cet4_endict_2016_expanded.json,50143a67069cd69c0ce1221a6f7bb554b992b3295322344907bf784afb5ff9c0,1998,"{""lemma"": ""evolutionary""}",evolutionary,,,
cet4_endict_2016_expanded.json,50143a67069cd69c0ce1221a6f7bb554b992b3295322344907bf784afb5ff9c0,1999,"{""lemma"": ""evolve""}",evolve,,,
cet4_endict_2016_expanded.json,50143a67069cd69c0ce1221a6f7bb554b992b3295322344907bf784afb5ff9c0,2000,"{""lemma"": ""exact""}",exact,,,
cet4_endict_2016_expanded.json,50143a67069cd69c0ce1221a6f7bb554b992b3295322344907bf784afb5ff9c0,2001,"{""lemma"": ""exaggerate""}",exaggerate,,,
cet4_endict_2016_expanded.json,50143a67069cd69c0ce1221a6f7bb554b992b3295322344907bf784afb5ff9c0,2002,"{""lemma"": ""exaggeration""}",exaggeration,,,
cet4_endict_2016_expanded.json,50143a67069cd69c0ce1221a6f7bb554b992b3295322344907bf784afb5ff9c0,2003,"{""lemma"": ""exam""}",exam,,,
cet4_endict_2016_expanded.json,50143a67069cd69c0ce1221a6f7bb554b992b3295322344907bf784afb5ff9c0,2004,"{""lemma"": ""examination""}",examination,,,
cet4_endict_2016_expanded.json,50143a67069cd69c0ce1221a6f7bb554b992b3295322344907bf784afb5ff9c0,2005,"{""lemma"": ""examine""}",examine,,,
cet4_endict_2016_expanded.json,50143a67069cd69c0ce1221a6f7bb554b992b3295322344907bf784afb5ff9c0,2006,"{""lemma"": ""examinee""}",examinee,,,
cet4_endict_2016_expanded.json,50143a67069cd69c0ce1221a6f7bb554b992b3295322344907bf784afb5ff9c0,2007,"{""lemma"": ""examiner""}",examiner,,,
cet4_endict_2016_expanded.json,50143a67069cd69c0ce1221a6f7bb554b992b3295322344907bf784afb5ff9c0,2008,"{""lemma"": ""example""}",example,,,
cet4_endict_2016_expanded.json,50143a67069cd69c0ce1221a6f7bb554b992b3295322344907bf784afb5ff9c0,2009,"{""lemma"": ""exceed""}",exceed,,,
cet4_endict_2016_expanded.json,50143a67069cd69c0ce1221a6f7bb554b992b3295322344907bf784afb5ff9c0,2010,"{""lemma"": ""exceedingly""}",exceedingly,,,
cet4_endict_2016_expanded.json,50143a67069cd69c0ce1221a6f7bb554b992b3295322344907bf784afb5ff9c0,2011,"{""lemma"": ""excel""}",excel,,,
cet4_endict_2016_expanded.json,50143a67069cd69c0ce1221a6f7bb554b992b3295322344907bf784afb5ff9c0,2012,"{""lemma"": ""excellence""}",excellence,,,
cet4_endict_2016_expanded.json,50143a67069cd69c0ce1221a6f7bb554b992b3295322344907bf784afb5ff9c0,2013,"{""lemma"": ""excellent""}",excellent,,,
cet4_endict_2016_expanded.json,50143a67069cd69c0ce1221a6f7bb554b992b3295322344907bf784afb5ff9c0,2014,"{""lemma"": ""except""}",except,,,
cet4_endict_2016_expanded.json,50143a67069cd69c0ce1221a6f7bb554b992b3295322344907bf784afb5ff9c0,2015,"{""lemma"": ""exception""}",exception,,,
cet4_endict_2016_expanded.json,50143a67069cd69c0ce1221a6f7bb554b992b3295322344907bf784afb5ff9c0,2016,"{""lemma"": ""exceptional""}",exceptional,,,
cet4_endict_2016_expanded.json,50143a67069cd69c0ce1221a6f7bb554b992b3295322344907bf784afb5ff9c0,2017,"{""lemma"": ""excess""}",excess,,,
cet4_endict_2016_expanded.json,50143a67069cd69c0ce1221a6f7bb554b992b3295322344907bf784afb5ff9c0,2018,"{""lemma"": ""excessive""}",excessive,,,
cet4_endict_2016_expanded.json,50143a67069cd69c0ce1221a6f7bb554b992b3295322344907bf784afb5ff9c0,2019,"{""lemma"": ""exchange""}",exchange,,,
cet4_endict_2016_expanded.json,50143a67069cd69c0ce1221a6f7bb554b992b3295322344907bf784afb5ff9c0,2020,"{""lemma"": ""excite""}",excite,,,
cet4_endict_2016_expanded.json,50143a67069cd69c0ce1221a6f7bb554b992b3295322344907bf784afb5ff9c0,2021,"{""lemma"": ""excitement""}",excitement,,,
cet4_endict_2016_expanded.json,50143a67069cd69c0ce1221a6f7bb554b992b3295322344907bf784afb5ff9c0,2022,"{""lemma"": ""exciting""}",exciting,,,
cet4_endict_2016_expanded.json,50143a67069cd69c0ce1221a6f7bb554b992b3295322344907bf784afb5ff9c0,2023,"{""lemma"": ""exclaim""}",exclaim,,,
cet4_endict_2016_expanded.json,50143a67069cd69c0ce1221a6f7bb554b992b3295322344907bf784afb5ff9c0,2024,"{""lemma"": ""exclamation""}",exclamation,,,
cet4_endict_2016_expanded.json,50143a67069cd69c0ce1221a6f7bb554b992b3295322344907bf784afb5ff9c0,2025,"{""lemma"": ""exclamatory""}",exclamatory,,,
cet4_endict_2016_expanded.json,50143a67069cd69c0ce1221a6f7bb554b992b3295322344907bf784afb5ff9c0,2026,"{""lemma"": ""exclude""}",exclude,,,
cet4_endict_2016_expanded.json,50143a67069cd69c0ce1221a6f7bb554b992b3295322344907bf784afb5ff9c0,2027,"{""lemma"": ""exclusion""}",exclusion,,,
cet4_endict_2016_expanded.json,50143a67069cd69c0ce1221a6f7bb554b992b3295322344907bf784afb5ff9c0,2028,"{""lemma"": ""exclusive""}",exclusive,,,
cet4_endict_2016_expanded.json,50143a67069cd69c0ce1221a6f7bb554b992b3295322344907bf784afb5ff9c0,2029,"{""lemma"": ""excursion""}",excursion,,,
cet4_endict_2016_expanded.json,50143a67069cd69c0ce1221a6f7bb554b992b3295322344907bf784afb5ff9c0,2030,"{""lemma"": ""excuse""}",excuse,,,
cet4_endict_2016_expanded.json,50143a67069cd69c0ce1221a6f7bb554b992b3295322344907bf784afb5ff9c0,2031,"{""lemma"": ""execute""}",execute,,,
cet4_endict_2016_expanded.json,50143a67069cd69c0ce1221a6f7bb554b992b3295322344907bf784afb5ff9c0,2032,"{""lemma"": ""execution""}",execution,,,
cet4_endict_2016_expanded.json,50143a67069cd69c0ce1221a6f7bb554b992b3295322344907bf784afb5ff9c0,2033,"{""lemma"": ""executive""}",executive,,,
cet4_endict_2016_expanded.json,50143a67069cd69c0ce1221a6f7bb554b992b3295322344907bf784afb5ff9c0,2034,"{""lemma"": ""exemplary""}",exemplary,,,
cet4_endict_2016_expanded.json,50143a67069cd69c0ce1221a6f7bb554b992b3295322344907bf784afb5ff9c0,2035,"{""lemma"": ""exemplify""}",exemplify,,,
cet4_endict_2016_expanded.json,50143a67069cd69c0ce1221a6f7bb554b992b3295322344907bf784afb5ff9c0,2036,"{""lemma"": ""exercise""}",exercise,,,
cet4_endict_2016_expanded.json,50143a67069cd69c0ce1221a6f7bb554b992b3295322344907bf784afb5ff9c0,2037,"{""lemma"": ""exert""}",exert,,,
cet4_endict_2016_expanded.json,50143a67069cd69c0ce1221a6f7bb554b992b3295322344907bf784afb5ff9c0,2038,"{""lemma"": ""exertion""}",exertion,,,
cet4_endict_2016_expanded.json,50143a67069cd69c0ce1221a6f7bb554b992b3295322344907bf784afb5ff9c0,2039,"{""lemma"": ""exhaust""}",exhaust,,,
cet4_endict_2016_expanded.json,50143a67069cd69c0ce1221a6f7bb554b992b3295322344907bf784afb5ff9c0,2040,"{""lemma"": ""exhaustion""}",exhaustion,,,
cet4_endict_2016_expanded.json,50143a67069cd69c0ce1221a6f7bb554b992b3295322344907bf784afb5ff9c0,2041,"{""lemma"": ""exhaustive""}",exhaustive,,,
cet4_endict_2016_expanded.json,50143a67069cd69c0ce1221a6f7bb554b992b3295322344907bf784afb5ff9c0,2042,"{""lemma"": ""exhibit""}",exhibit,,,
cet4_endict_2016_expanded.json,50143a67069cd69c0ce1221a6f7bb554b992b3295322344907bf784afb5ff9c0,2043,"{""lemma"": ""exhibition""}",exhibition,,,
cet4_endict_2016_expanded.json,50143a67069cd69c0ce1221a6f7bb554b992b3295322344907bf784afb5ff9c0,2044,"{""lemma"": ""exile""}",exile,,,
cet4_endict_2016_expanded.json,50143a67069cd69c0ce1221a6f7bb554b992b3295322344907bf784afb5ff9c0,2045,"{""lemma"": ""exist""}",exist,,,
cet4_endict_2016_expanded.json,50143a67069cd69c0ce1221a6f7bb554b992b3295322344907bf784afb5ff9c0,2046,"{""lemma"": ""existence""}",existence,,,
cet4_endict_2016_expanded.json,50143a67069cd69c0ce1221a6f7bb554b992b3295322344907bf784afb5ff9c0,2047,"{""lemma"": ""existent""}",existent,,,
cet4_endict_2016_expanded.json,50143a67069cd69c0ce1221a6f7bb554b992b3295322344907bf784afb5ff9c0,2048,"{""lemma"": ""existing""}",existing,,,
cet4_endict_2016_expanded.json,50143a67069cd69c0ce1221a6f7bb554b992b3295322344907bf784afb5ff9c0,2049,"{""lemma"": ""exit""}",exit,,,
cet4_endict_2016_expanded.json,50143a67069cd69c0ce1221a6f7bb554b992b3295322344907bf784afb5ff9c0,2050,"{""lemma"": ""expand""}",expand,,,
cet4_endict_2016_expanded.json,50143a67069cd69c0ce1221a6f7bb554b992b3295322344907bf784afb5ff9c0,2051,"{""lemma"": ""expansion""}",expansion,,,
cet4_endict_2016_expanded.json,50143a67069cd69c0ce1221a6f7bb554b992b3295322344907bf784afb5ff9c0,2052,"{""lemma"": ""expansive""}",expansive,,,
cet4_endict_2016_expanded.json,50143a67069cd69c0ce1221a6f7bb554b992b3295322344907bf784afb5ff9c0,2053,"{""lemma"": ""expect""}",expect,,,
cet4_endict_2016_expanded.json,50143a67069cd69c0ce1221a6f7bb554b992b3295322344907bf784afb5ff9c0,2054,"{""lemma"": ""expectancy""}",expectancy,,,
cet4_endict_2016_expanded.json,50143a67069cd69c0ce1221a6f7bb554b992b3295322344907bf784afb5ff9c0,2055,"{""lemma"": ""expectation""}",expectation,,,
cet4_endict_2016_expanded.json,50143a67069cd69c0ce1221a6f7bb554b992b3295322344907bf784afb5ff9c0,2056,"{""lemma"": ""expel""}",expel,,,
cet4_endict_2016_expanded.json,50143a67069cd69c0ce1221a6f7bb554b992b3295322344907bf784afb5ff9c0,2057,"{""lemma"": ""expend""}",expend,,,
cet4_endict_2016_expanded.json,50143a67069cd69c0ce1221a6f7bb554b992b3295322344907bf784afb5ff9c0,2058,"{""lemma"": ""expenditure""}",expenditure,,,
cet4_endict_2016_expanded.json,50143a67069cd69c0ce1221a6f7bb554b992b3295322344907bf784afb5ff9c0,2059,"{""lemma"": ""expense""}",expense,,,
cet4_endict_2016_expanded.json,50143a67069cd69c0ce1221a6f7bb554b992b3295322344907bf784afb5ff9c0,2060,"{""lemma"": ""expensive""}",expensive,,,
cet4_endict_2016_expanded.json,50143a67069cd69c0ce1221a6f7bb554b992b3295322344907bf784afb5ff9c0,2061,"{""lemma"": ""experience""}",experience,,,
cet4_endict_2016_expanded.json,50143a67069cd69c0ce1221a6f7bb554b992b3295322344907bf784afb5ff9c0,2062,"{""lemma"": ""experienced""}",experienced,,,
cet4_endict_2016_expanded.json,50143a67069cd69c0ce1221a6f7bb554b992b3295322344907bf784afb5ff9c0,2063,"{""lemma"": ""experiment""}",experiment,,,
cet4_endict_2016_expanded.json,50143a67069cd69c0ce1221a6f7bb554b992b3295322344907bf784afb5ff9c0,2064,"{""lemma"": ""experimental""}",experimental,,,
cet4_endict_2016_expanded.json,50143a67069cd69c0ce1221a6f7bb554b992b3295322344907bf784afb5ff9c0,2065,"{""lemma"": ""expert""}",expert,,,
cet4_endict_2016_expanded.json,50143a67069cd69c0ce1221a6f7bb554b992b3295322344907bf784afb5ff9c0,2066,"{""lemma"": ""expertise""}",expertise,,,
cet4_endict_2016_expanded.json,50143a67069cd69c0ce1221a6f7bb554b992b3295322344907bf784afb5ff9c0,2067,"{""lemma"": ""explain""}",explain,,,
cet4_endict_2016_expanded.json,50143a67069cd69c0ce1221a6f7bb554b992b3295322344907bf784afb5ff9c0,2068,"{""lemma"": ""explanation""}",explanation,,,
cet4_endict_2016_expanded.json,50143a67069cd69c0ce1221a6f7bb554b992b3295322344907bf784afb5ff9c0,2069,"{""lemma"": ""explanatory""}",explanatory,,,
cet4_endict_2016_expanded.json,50143a67069cd69c0ce1221a6f7bb554b992b3295322344907bf784afb5ff9c0,2070,"{""lemma"": ""explicit""}",explicit,,,
cet4_endict_2016_expanded.json,50143a67069cd69c0ce1221a6f7bb554b992b3295322344907bf784afb5ff9c0,2071,"{""lemma"": ""explode""}",explode,,,
cet4_endict_2016_expanded.json,50143a67069cd69c0ce1221a6f7bb554b992b3295322344907bf784afb5ff9c0,2072,"{""lemma"": ""exploit""}",exploit,,,
cet4_endict_2016_expanded.json,50143a67069cd69c0ce1221a6f7bb554b992b3295322344907bf784afb5ff9c0,2073,"{""lemma"": ""exploitation""}",exploitation,,,
cet4_endict_2016_expanded.json,50143a67069cd69c0ce1221a6f7bb554b992b3295322344907bf784afb5ff9c0,2074,"{""lemma"": ""exploration""}",exploration,,,
cet4_endict_2016_expanded.json,50143a67069cd69c0ce1221a6f7bb554b992b3295322344907bf784afb5ff9c0,2075,"{""lemma"": ""explore""}",explore,,,
cet4_endict_2016_expanded.json,50143a67069cd69c0ce1221a6f7bb554b992b3295322344907bf784afb5ff9c0,2076,"{""lemma"": ""explosion""}",explosion,,,
cet4_endict_2016_expanded.json,50143a67069cd69c0ce1221a6f7bb554b992b3295322344907bf784afb5ff9c0,2077,"{""lemma"": ""explosive""}",explosive,,,
cet4_endict_2016_expanded.json,50143a67069cd69c0ce1221a6f7bb554b992b3295322344907bf784afb5ff9c0,2078,"{""lemma"": ""export""}",export,,,
cet4_endict_2016_expanded.json,50143a67069cd69c0ce1221a6f7bb554b992b3295322344907bf784afb5ff9c0,2079,"{""lemma"": ""exportation""}",exportation,,,
cet4_endict_2016_expanded.json,50143a67069cd69c0ce1221a6f7bb554b992b3295322344907bf784afb5ff9c0,2080,"{""lemma"": ""expose""}",expose,,,
cet4_endict_2016_expanded.json,50143a67069cd69c0ce1221a6f7bb554b992b3295322344907bf784afb5ff9c0,2081,"{""lemma"": ""exposure""}",exposure,,,
cet4_endict_2016_expanded.json,50143a67069cd69c0ce1221a6f7bb554b992b3295322344907bf784afb5ff9c0,2082,"{""lemma"": ""express""}",express,,,
cet4_endict_2016_expanded.json,50143a67069cd69c0ce1221a6f7bb554b992b3295322344907bf784afb5ff9c0,2083,"{""lemma"": ""expression""}",expression,,,
cet4_endict_2016_expanded.json,50143a67069cd69c0ce1221a6f7bb554b992b3295322344907bf784afb5ff9c0,2084,"{""lemma"": ""expressive""}",expressive,,,
cet4_endict_2016_expanded.json,50143a67069cd69c0ce1221a6f7bb554b992b3295322344907bf784afb5ff9c0,2085,"{""lemma"": ""expressway""}",expressway,,,
cet4_endict_2016_expanded.json,50143a67069cd69c0ce1221a6f7bb554b992b3295322344907bf784afb5ff9c0,2086,"{""lemma"": ""extend""}",extend,,,
cet4_endict_2016_expanded.json,50143a67069cd69c0ce1221a6f7bb554b992b3295322344907bf784afb5ff9c0,2087,"{""lemma"": ""extended""}",extended,,,
cet4_endict_2016_expanded.json,50143a67069cd69c0ce1221a6f7bb554b992b3295322344907bf784afb5ff9c0,2088,"{""lemma"": ""extension""}",extension,,,
cet4_endict_2016_expanded.json,50143a67069cd69c0ce1221a6f7bb554b992b3295322344907bf784afb5ff9c0,2089,"{""lemma"": ""extensive""}",extensive,,,
cet4_endict_2016_expanded.json,50143a67069cd69c0ce1221a6f7bb554b992b3295322344907bf784afb5ff9c0,2090,"{""lemma"": ""extent""}",extent,,,
cet4_endict_2016_expanded.json,50143a67069cd69c0ce1221a6f7bb554b992b3295322344907bf784afb5ff9c0,2091,"{""lemma"": ""exterior""}",exterior,,,
cet4_endict_2016_expanded.json,50143a67069cd69c0ce1221a6f7bb554b992b3295322344907bf784afb5ff9c0,2092,"{""lemma"": ""external""}",external,,,
cet4_endict_2016_expanded.json,50143a67069cd69c0ce1221a6f7bb554b992b3295322344907bf784afb5ff9c0,2093,"{""lemma"": ""extinguish""}",extinguish,,,
cet4_endict_2016_expanded.json,50143a67069cd69c0ce1221a6f7bb554b992b3295322344907bf784afb5ff9c0,2094,"{""lemma"": ""extra""}",extra,,,
cet4_endict_2016_expanded.json,50143a67069cd69c0ce1221a6f7bb554b992b3295322344907bf784afb5ff9c0,2095,"{""lemma"": ""extraordinary""}",extraordinary,,,
cet4_endict_2016_expanded.json,50143a67069cd69c0ce1221a6f7bb554b992b3295322344907bf784afb5ff9c0,2096,"{""lemma"": ""extreme""}",extreme,,,
cet4_endict_2016_expanded.json,50143a67069cd69c0ce1221a6f7bb554b992b3295322344907bf784afb5ff9c0,2097,"{""lemma"": ""extremity""}",extremity,,,
cet4_endict_2016_expanded.json,50143a67069cd69c0ce1221a6f7bb554b992b3295322344907bf784afb5ff9c0,2098,"{""lemma"": ""eye""}",eye,,,
cet4_endict_2016_expanded.json,50143a67069cd69c0ce1221a6f7bb554b992b3295322344907bf784afb5ff9c0,2099,"{""lemma"": ""eyebrow""}",eyebrow,,,
cet4_endict_2016_expanded.json,50143a67069cd69c0ce1221a6f7bb554b992b3295322344907bf784afb5ff9c0,2100,"{""lemma"": ""eyesight""}",eyesight,,,
cet4_endict_2016_expanded.json,50143a67069cd69c0ce1221a6f7bb554b992b3295322344907bf784afb5ff9c0,2101,"{""lemma"": ""fable""}",fable,,,
cet4_endict_2016_expanded.json,50143a67069cd69c0ce1221a6f7bb554b992b3295322344907bf784afb5ff9c0,2102,"{""lemma"": ""fabric""}",fabric,,,
cet4_endict_2016_expanded.json,50143a67069cd69c0ce1221a6f7bb554b992b3295322344907bf784afb5ff9c0,2103,"{""lemma"": ""face""}",face,,,
cet4_endict_2016_expanded.json,50143a67069cd69c0ce1221a6f7bb554b992b3295322344907bf784afb5ff9c0,2104,"{""lemma"": ""facial""}",facial,,,
cet4_endict_2016_expanded.json,50143a67069cd69c0ce1221a6f7bb554b992b3295322344907bf784afb5ff9c0,2105,"{""lemma"": ""facilitate""}",facilitate,,,
cet4_endict_2016_expanded.json,50143a67069cd69c0ce1221a6f7bb554b992b3295322344907bf784afb5ff9c0,2106,"{""lemma"": ""facilitation""}",facilitation,,,
cet4_endict_2016_expanded.json,50143a67069cd69c0ce1221a6f7bb554b992b3295322344907bf784afb5ff9c0,2107,"{""lemma"": ""facility""}",facility,,,
cet4_endict_2016_expanded.json,50143a67069cd69c0ce1221a6f7bb554b992b3295322344907bf784afb5ff9c0,2108,"{""lemma"": ""fact""}",fact,,,
cet4_endict_2016_expanded.json,50143a67069cd69c0ce1221a6f7bb554b992b3295322344907bf784afb5ff9c0,2109,"{""lemma"": ""factor""}",factor,,,
cet4_endict_2016_expanded.json,50143a67069cd69c0ce1221a6f7bb554b992b3295322344907bf784afb5ff9c0,2110,"{""lemma"": ""factory""}",factory,,,
cet4_endict_2016_expanded.json,50143a67069cd69c0ce1221a6f7bb554b992b3295322344907bf784afb5ff9c0,2111,"{""lemma"": ""factual""}",factual,,,
cet4_endict_2016_expanded.json,50143a67069cd69c0ce1221a6f7bb554b992b3295322344907bf784afb5ff9c0,2112,"{""lemma"": ""faculty""}",faculty,,,
cet4_endict_2016_expanded.json,50143a67069cd69c0ce1221a6f7bb554b992b3295322344907bf784afb5ff9c0,2113,"{""lemma"": ""fade""}",fade,,,
cet4_endict_2016_expanded.json,50143a67069cd69c0ce1221a6f7bb554b992b3295322344907bf784afb5ff9c0,2114,"{""lemma"": ""fail""}",fail,,,
cet4_endict_2016_expanded.json,50143a67069cd69c0ce1221a6f7bb554b992b3295322344907bf784afb5ff9c0,2115,"{""lemma"": ""failure""}",failure,,,
cet4_endict_2016_expanded.json,50143a67069cd69c0ce1221a6f7bb554b992b3295322344907bf784afb5ff9c0,2116,"{""lemma"": ""faint""}",faint,,,
cet4_endict_2016_expanded.json,50143a67069cd69c0ce1221a6f7bb554b992b3295322344907bf784afb5ff9c0,2117,"{""lemma"": ""fair""}",fair,,,
cet4_endict_2016_expanded.json,50143a67069cd69c0ce1221a6f7bb554b992b3295322344907bf784afb5ff9c0,2118,"{""lemma"": ""fairly""}",fairly,,,
cet4_endict_2016_expanded.json,50143a67069cd69c0ce1221a6f7bb554b992b3295322344907bf784afb5ff9c0,2119,"{""lemma"": ""fairy""}",fairy,,,
cet4_endict_2016_expanded.json,50143a67069cd69c0ce1221a6f7bb554b992b3295322344907bf784afb5ff9c0,2120,"{""lemma"": ""faith""}",faith,,,
cet4_endict_2016_expanded.json,50143a67069cd69c0ce1221a6f7bb554b992b3295322344907bf784afb5ff9c0,2121,"{""lemma"": ""faithful""}",faithful,,,
cet4_endict_2016_expanded.json,50143a67069cd69c0ce1221a6f7bb554b992b3295322344907bf784afb5ff9c0,2122,"{""lemma"": ""fake""}",fake,,,
cet4_endict_2016_expanded.json,50143a67069cd69c0ce1221a6f7bb554b992b3295322344907bf784afb5ff9c0,2123,"{""lemma"": ""fall""}",fall,,,
cet4_endict_2016_expanded.json,50143a67069cd69c0ce1221a6f7bb554b992b3295322344907bf784afb5ff9c0,2124,"{""lemma"": ""false""}",false,,,
cet4_endict_2016_expanded.json,50143a67069cd69c0ce1221a6f7bb554b992b3295322344907bf784afb5ff9c0,2125,"{""lemma"": ""falsehood""}",falsehood,,,
cet4_endict_2016_expanded.json,50143a67069cd69c0ce1221a6f7bb554b992b3295322344907bf784afb5ff9c0,2126,"{""lemma"": ""fame""}",fame,,,
cet4_endict_2016_expanded.json,50143a67069cd69c0ce1221a6f7bb554b992b3295322344907bf784afb5ff9c0,2127,"{""lemma"": ""familiar""}",familiar,,,
cet4_endict_2016_expanded.json,50143a67069cd69c0ce1221a6f7bb554b992b3295322344907bf784afb5ff9c0,2128,"{""lemma"": ""familiarity""}",familiarity,,,
cet4_endict_2016_expanded.json,50143a67069cd69c0ce1221a6f7bb554b992b3295322344907bf784afb5ff9c0,2129,"{""lemma"": ""familiarize""}",familiarize,,,
cet4_endict_2016_expanded.json,50143a67069cd69c0ce1221a6f7bb554b992b3295322344907bf784afb5ff9c0,2130,"{""lemma"": ""family""}",family,,,
cet4_endict_2016_expanded.json,50143a67069cd69c0ce1221a6f7bb554b992b3295322344907bf784afb5ff9c0,2131,"{""lemma"": ""famine""}",famine,,,
cet4_endict_2016_expanded.json,50143a67069cd69c0ce1221a6f7bb554b992b3295322344907bf784afb5ff9c0,2132,"{""lemma"": ""famous""}",famous,,,
cet4_endict_2016_expanded.json,50143a67069cd69c0ce1221a6f7bb554b992b3295322344907bf784afb5ff9c0,2133,"{""lemma"": ""fan""}",fan,,,
cet4_endict_2016_expanded.json,50143a67069cd69c0ce1221a6f7bb554b992b3295322344907bf784afb5ff9c0,2134,"{""lemma"": ""fancy""}",fancy,,,
cet4_endict_2016_expanded.json,50143a67069cd69c0ce1221a6f7bb554b992b3295322344907bf784afb5ff9c0,2135,"{""lemma"": ""fantastic""}",fantastic,,,
cet4_endict_2016_expanded.json,50143a67069cd69c0ce1221a6f7bb554b992b3295322344907bf784afb5ff9c0,2136,"{""lemma"": ""fantasy""}",fantasy,,,
cet4_endict_2016_expanded.json,50143a67069cd69c0ce1221a6f7bb554b992b3295322344907bf784afb5ff9c0,2137,"{""lemma"": ""far""}",far,,,
cet4_endict_2016_expanded.json,50143a67069cd69c0ce1221a6f7bb554b992b3295322344907bf784afb5ff9c0,2138,"{""lemma"": ""fare""}",fare,,,
cet4_endict_2016_expanded.json,50143a67069cd69c0ce1221a6f7bb554b992b3295322344907bf784afb5ff9c0,2139,"{""lemma"": ""farewell""}",farewell,,,
cet4_endict_2016_expanded.json,50143a67069cd69c0ce1221a6f7bb554b992b3295322344907bf784afb5ff9c0,2140,"{""lemma"": ""farm""}",farm,,,
cet4_endict_2016_expanded.json,50143a67069cd69c0ce1221a6f7bb554b992b3295322344907bf784afb5ff9c0,2141,"{""lemma"": ""farmer""}",farmer,,,
cet4_endict_2016_expanded.json,50143a67069cd69c0ce1221a6f7bb554b992b3295322344907bf784afb5ff9c0,2142,"{""lemma"": ""farming""}",farming,,,
cet4_endict_2016_expanded.json,50143a67069cd69c0ce1221a6f7bb554b992b3295322344907bf784afb5ff9c0,2143,"{""lemma"": ""farther""}",farther,,,
cet4_endict_2016_expanded.json,50143a67069cd69c0ce1221a6f7bb554b992b3295322344907bf784afb5ff9c0,2144,"{""lemma"": ""fascinate""}",fascinate,,,
cet4_endict_2016_expanded.json,50143a67069cd69c0ce1221a6f7bb554b992b3295322344907bf784afb5ff9c0,2145,"{""lemma"": ""fascinating""}",fascinating,,,
cet4_endict_2016_expanded.json,50143a67069cd69c0ce1221a6f7bb554b992b3295322344907bf784afb5ff9c0,2146,"{""lemma"": ""fascination""}",fascination,,,
cet4_endict_2016_expanded.json,50143a67069cd69c0ce1221a6f7bb554b992b3295322344907bf784afb5ff9c0,2147,"{""lemma"": ""fashion""}",fashion,,,
cet4_endict_2016_expanded.json,50143a67069cd69c0ce1221a6f7bb554b992b3295322344907bf784afb5ff9c0,2148,"{""lemma"": ""fashionable""}",fashionable,,,
cet4_endict_2016_expanded.json,50143a67069cd69c0ce1221a6f7bb554b992b3295322344907bf784afb5ff9c0,2149,"{""lemma"": ""fast""}",fast,,,
cet4_endict_2016_expanded.json,50143a67069cd69c0ce1221a6f7bb554b992b3295322344907bf784afb5ff9c0,2150,"{""lemma"": ""fasten""}",fasten,,,
cet4_endict_2016_expanded.json,50143a67069cd69c0ce1221a6f7bb554b992b3295322344907bf784afb5ff9c0,2151,"{""lemma"": ""fat""}",fat,,,
cet4_endict_2016_expanded.json,50143a67069cd69c0ce1221a6f7bb554b992b3295322344907bf784afb5ff9c0,2152,"{""lemma"": ""fatal""}",fatal,,,
cet4_endict_2016_expanded.json,50143a67069cd69c0ce1221a6f7bb554b992b3295322344907bf784afb5ff9c0,2153,"{""lemma"": ""fatality""}",fatality,,,
cet4_endict_2016_expanded.json,50143a67069cd69c0ce1221a6f7bb554b992b3295322344907bf784afb5ff9c0,2154,"{""lemma"": ""fate""}",fate,,,
cet4_endict_2016_expanded.json,50143a67069cd69c0ce1221a6f7bb554b992b3295322344907bf784afb5ff9c0,2155,"{""lemma"": ""father""}",father,,,
cet4_endict_2016_expanded.json,50143a67069cd69c0ce1221a6f7bb554b992b3295322344907bf784afb5ff9c0,2156,"{""lemma"": ""fatherly""}",fatherly,,,
cet4_endict_2016_expanded.json,50143a67069cd69c0ce1221a6f7bb554b992b3295322344907bf784afb5ff9c0,2157,"{""lemma"": ""fatigue""}",fatigue,,,
cet4_endict_2016_expanded.json,50143a67069cd69c0ce1221a6f7bb554b992b3295322344907bf784afb5ff9c0,2158,"{""lemma"": ""fault""}",fault,,,
cet4_endict_2016_expanded.json,50143a67069cd69c0ce1221a6f7bb554b992b3295322344907bf784afb5ff9c0,2159,"{""lemma"": ""faulty""}",faulty,,,
cet4_endict_2016_expanded.json,50143a67069cd69c0ce1221a6f7bb554b992b3295322344907bf784afb5ff9c0,2160,"{""lemma"": ""favor""}",favor,,,
cet4_endict_2016_expanded.json,50143a67069cd69c0ce1221a6f7bb554b992b3295322344907bf784afb5ff9c0,2161,"{""lemma"": ""favorable""}",favorable,,,
cet4_endict_2016_expanded.json,50143a67069cd69c0ce1221a6f7bb554b992b3295322344907bf784afb5ff9c0,2162,"{""lemma"": ""favorite""}",favorite,,,
cet4_endict_2016_expanded.json,50143a67069cd69c0ce1221a6f7bb554b992b3295322344907bf784afb5ff9c0,2163,"{""lemma"": ""fax""}",fax,,,
cet4_endict_2016_expanded.json,50143a67069cd69c0ce1221a6f7bb554b992b3295322344907bf784afb5ff9c0,2164,"{""lemma"": ""fear""}",fear,,,
cet4_endict_2016_expanded.json,50143a67069cd69c0ce1221a6f7bb554b992b3295322344907bf784afb5ff9c0,2165,"{""lemma"": ""fearful""}",fearful,,,
cet4_endict_2016_expanded.json,50143a67069cd69c0ce1221a6f7bb554b992b3295322344907bf784afb5ff9c0,2166,"{""lemma"": ""feasibility""}",feasibility,,,
cet4_endict_2016_expanded.json,50143a67069cd69c0ce1221a6f7bb554b992b3295322344907bf784afb5ff9c0,2167,"{""lemma"": ""feasible""}",feasible,,,
cet4_endict_2016_expanded.json,50143a67069cd69c0ce1221a6f7bb554b992b3295322344907bf784afb5ff9c0,2168,"{""lemma"": ""feather""}",feather,,,
cet4_endict_2016_expanded.json,50143a67069cd69c0ce1221a6f7bb554b992b3295322344907bf784afb5ff9c0,2169,"{""lemma"": ""feature""}",feature,,,
cet4_endict_2016_expanded.json,50143a67069cd69c0ce1221a6f7bb554b992b3295322344907bf784afb5ff9c0,2170,"{""lemma"": ""February""}",February,,,
cet4_endict_2016_expanded.json,50143a67069cd69c0ce1221a6f7bb554b992b3295322344907bf784afb5ff9c0,2171,"{""lemma"": ""federal""}",federal,,,
cet4_endict_2016_expanded.json,50143a67069cd69c0ce1221a6f7bb554b992b3295322344907bf784afb5ff9c0,2172,"{""lemma"": ""federation""}",federation,,,
cet4_endict_2016_expanded.json,50143a67069cd69c0ce1221a6f7bb554b992b3295322344907bf784afb5ff9c0,2173,"{""lemma"": ""fee""}",fee,,,
cet4_endict_2016_expanded.json,50143a67069cd69c0ce1221a6f7bb554b992b3295322344907bf784afb5ff9c0,2174,"{""lemma"": ""feed""}",feed,,,
cet4_endict_2016_expanded.json,50143a67069cd69c0ce1221a6f7bb554b992b3295322344907bf784afb5ff9c0,2175,"{""lemma"": ""feedback""}",feedback,,,
cet4_endict_2016_expanded.json,50143a67069cd69c0ce1221a6f7bb554b992b3295322344907bf784afb5ff9c0,2176,"{""lemma"": ""feel""}",feel,,,
cet4_endict_2016_expanded.json,50143a67069cd69c0ce1221a6f7bb554b992b3295322344907bf784afb5ff9c0,2177,"{""lemma"": ""feeling""}",feeling,,,
cet4_endict_2016_expanded.json,50143a67069cd69c0ce1221a6f7bb554b992b3295322344907bf784afb5ff9c0,2178,"{""lemma"": ""fellow""}",fellow,,,
cet4_endict_2016_expanded.json,50143a67069cd69c0ce1221a6f7bb554b992b3295322344907bf784afb5ff9c0,2179,"{""lemma"": ""fellowship""}",fellowship,,,
cet4_endict_2016_expanded.json,50143a67069cd69c0ce1221a6f7bb554b992b3295322344907bf784afb5ff9c0,2180,"{""lemma"": ""female""}",female,,,
cet4_endict_2016_expanded.json,50143a67069cd69c0ce1221a6f7bb554b992b3295322344907bf784afb5ff9c0,2181,"{""lemma"": ""fence""}",fence,,,
cet4_endict_2016_expanded.json,50143a67069cd69c0ce1221a6f7bb554b992b3295322344907bf784afb5ff9c0,2182,"{""lemma"": ""ferry""}",ferry,,,
cet4_endict_2016_expanded.json,50143a67069cd69c0ce1221a6f7bb554b992b3295322344907bf784afb5ff9c0,2183,"{""lemma"": ""fertile""}",fertile,,,
cet4_endict_2016_expanded.json,50143a67069cd69c0ce1221a6f7bb554b992b3295322344907bf784afb5ff9c0,2184,"{""lemma"": ""fertility""}",fertility,,,
cet4_endict_2016_expanded.json,50143a67069cd69c0ce1221a6f7bb554b992b3295322344907bf784afb5ff9c0,2185,"{""lemma"": ""fertilizer""}",fertilizer,,,
cet4_endict_2016_expanded.json,50143a67069cd69c0ce1221a6f7bb554b992b3295322344907bf784afb5ff9c0,2186,"{""lemma"": ""festival""}",festival,,,
cet4_endict_2016_expanded.json,50143a67069cd69c0ce1221a6f7bb554b992b3295322344907bf784afb5ff9c0,2187,"{""lemma"": ""fetch""}",fetch,,,
cet4_endict_2016_expanded.json,50143a67069cd69c0ce1221a6f7bb554b992b3295322344907bf784afb5ff9c0,2188,"{""lemma"": ""fever""}",fever,,,
cet4_endict_2016_expanded.json,50143a67069cd69c0ce1221a6f7bb554b992b3295322344907bf784afb5ff9c0,2189,"{""lemma"": ""feverish""}",feverish,,,
cet4_endict_2016_expanded.json,50143a67069cd69c0ce1221a6f7bb554b992b3295322344907bf784afb5ff9c0,2190,"{""lemma"": ""few""}",few,,,
cet4_endict_2016_expanded.json,50143a67069cd69c0ce1221a6f7bb554b992b3295322344907bf784afb5ff9c0,2191,"{""lemma"": ""fiber""}",fiber,,,
cet4_endict_2016_expanded.json,50143a67069cd69c0ce1221a6f7bb554b992b3295322344907bf784afb5ff9c0,2192,"{""lemma"": ""fiction""}",fiction,,,
cet4_endict_2016_expanded.json,50143a67069cd69c0ce1221a6f7bb554b992b3295322344907bf784afb5ff9c0,2193,"{""lemma"": ""fictional""}",fictional,,,
cet4_endict_2016_expanded.json,50143a67069cd69c0ce1221a6f7bb554b992b3295322344907bf784afb5ff9c0,2194,"{""lemma"": ""field""}",field,,,
cet4_endict_2016_expanded.json,50143a67069cd69c0ce1221a6f7bb554b992b3295322344907bf784afb5ff9c0,2195,"{""lemma"": ""fierce""}",fierce,,,
cet4_endict_2016_expanded.json,50143a67069cd69c0ce1221a6f7bb554b992b3295322344907bf784afb5ff9c0,2196,"{""lemma"": ""fifteen""}",fifteen,,,
cet4_endict_2016_expanded.json,50143a67069cd69c0ce1221a6f7bb554b992b3295322344907bf784afb5ff9c0,2197,"{""lemma"": ""fifth""}",fifth,,,
cet4_endict_2016_expanded.json,50143a67069cd69c0ce1221a6f7bb554b992b3295322344907bf784afb5ff9c0,2198,"{""lemma"": ""fifty""}",fifty,,,
cet4_endict_2016_expanded.json,50143a67069cd69c0ce1221a6f7bb554b992b3295322344907bf784afb5ff9c0,2199,"{""lemma"": ""fight""}",fight,,,
cet4_endict_2016_expanded.json,50143a67069cd69c0ce1221a6f7bb554b992b3295322344907bf784afb5ff9c0,2200,"{""lemma"": ""figurative""}",figurative,,,
cet4_endict_2016_expanded.json,50143a67069cd69c0ce1221a6f7bb554b992b3295322344907bf784afb5ff9c0,2201,"{""lemma"": ""figure""}",figure,,,
cet4_endict_2016_expanded.json,50143a67069cd69c0ce1221a6f7bb554b992b3295322344907bf784afb5ff9c0,2202,"{""lemma"": ""file""}",file,,,
cet4_endict_2016_expanded.json,50143a67069cd69c0ce1221a6f7bb554b992b3295322344907bf784afb5ff9c0,2203,"{""lemma"": ""fill""}",fill,,,
cet4_endict_2016_expanded.json,50143a67069cd69c0ce1221a6f7bb554b992b3295322344907bf784afb5ff9c0,2204,"{""lemma"": ""filling""}",filling,,,
cet4_endict_2016_expanded.json,50143a67069cd69c0ce1221a6f7bb554b992b3295322344907bf784afb5ff9c0,2205,"{""lemma"": ""film""}",film,,,
cet4_endict_2016_expanded.json,50143a67069cd69c0ce1221a6f7bb554b992b3295322344907bf784afb5ff9c0,2206,"{""lemma"": ""filter""}",filter,,,
cet4_endict_2016_expanded.json,50143a67069cd69c0ce1221a6f7bb554b992b3295322344907bf784afb5ff9c0,2207,"{""lemma"": ""final""}",final,,,
cet4_endict_2016_expanded.json,50143a67069cd69c0ce1221a6f7bb554b992b3295322344907bf784afb5ff9c0,2208,"{""lemma"": ""finalize""}",finalize,,,
cet4_endict_2016_expanded.json,50143a67069cd69c0ce1221a6f7bb554b992b3295322344907bf784afb5ff9c0,2209,"{""lemma"": ""finally""}",finally,,,
cet4_endict_2016_expanded.json,50143a67069cd69c0ce1221a6f7bb554b992b3295322344907bf784afb5ff9c0,2210,"{""lemma"": ""finance""}",finance,,,
cet4_endict_2016_expanded.json,50143a67069cd69c0ce1221a6f7bb554b992b3295322344907bf784afb5ff9c0,2211,"{""lemma"": ""financial""}",financial,,,
cet4_endict_2016_expanded.json,50143a67069cd69c0ce1221a6f7bb554b992b3295322344907bf784afb5ff9c0,2212,"{""lemma"": ""find""}",find,,,
cet4_endict_2016_expanded.json,50143a67069cd69c0ce1221a6f7bb554b992b3295322344907bf784afb5ff9c0,2213,"{""lemma"": ""finding""}",finding,,,
cet4_endict_2016_expanded.json,50143a67069cd69c0ce1221a6f7bb554b992b3295322344907bf784afb5ff9c0,2214,"{""lemma"": ""fine""}",fine,,,
cet4_endict_2016_expanded.json,50143a67069cd69c0ce1221a6f7bb554b992b3295322344907bf784afb5ff9c0,2215,"{""lemma"": ""finger""}",finger,,,
cet4_endict_2016_expanded.json,50143a67069cd69c0ce1221a6f7bb554b992b3295322344907bf784afb5ff9c0,2216,"{""lemma"": ""fingerprint""}",fingerprint,,,
cet4_endict_2016_expanded.json,50143a67069cd69c0ce1221a6f7bb554b992b3295322344907bf784afb5ff9c0,2217,"{""lemma"": ""finish""}",finish,,,
cet4_endict_2016_expanded.json,50143a67069cd69c0ce1221a6f7bb554b992b3295322344907bf784afb5ff9c0,2218,"{""lemma"": ""fire""}",fire,,,
cet4_endict_2016_expanded.json,50143a67069cd69c0ce1221a6f7bb554b992b3295322344907bf784afb5ff9c0,2219,"{""lemma"": ""fireman""}",fireman,,,
cet4_endict_2016_expanded.json,50143a67069cd69c0ce1221a6f7bb554b992b3295322344907bf784afb5ff9c0,2220,"{""lemma"": ""fireplace""}",fireplace,,,
cet4_endict_2016_expanded.json,50143a67069cd69c0ce1221a6f7bb554b992b3295322344907bf784afb5ff9c0,2221,"{""lemma"": ""firm""}",firm,,,
cet4_endict_2016_expanded.json,50143a67069cd69c0ce1221a6f7bb554b992b3295322344907bf784afb5ff9c0,2222,"{""lemma"": ""first""}",first,,,
cet4_endict_2016_expanded.json,50143a67069cd69c0ce1221a6f7bb554b992b3295322344907bf784afb5ff9c0,2223,"{""lemma"": ""firstly""}",firstly,,,
cet4_endict_2016_expanded.json,50143a67069cd69c0ce1221a6f7bb554b992b3295322344907bf784afb5ff9c0,2224,"{""lemma"": ""fish""}",fish,,,
cet4_endict_2016_expanded.json,50143a67069cd69c0ce1221a6f7bb554b992b3295322344907bf784afb5ff9c0,2225,"{""lemma"": ""fisherman""}",fisherman,,,
cet4_endict_2016_expanded.json,50143a67069cd69c0ce1221a6f7bb554b992b3295322344907bf784afb5ff9c0,2226,"{""lemma"": ""fishing""}",fishing,,,
cet4_endict_2016_expanded.json,50143a67069cd69c0ce1221a6f7bb554b992b3295322344907bf784afb5ff9c0,2227,"{""lemma"": ""fist""}",fist,,,
cet4_endict_2016_expanded.json,50143a67069cd69c0ce1221a6f7bb554b992b3295322344907bf784afb5ff9c0,2228,"{""lemma"": ""fit""}",fit,,,
cet4_endict_2016_expanded.json,50143a67069cd69c0ce1221a6f7bb554b992b3295322344907bf784afb5ff9c0,2229,"{""lemma"": ""five""}",five,,,
cet4_endict_2016_expanded.json,50143a67069cd69c0ce1221a6f7bb554b992b3295322344907bf784afb5ff9c0,2230,"{""lemma"": ""fix""}",fix,,,
cet4_endict_2016_expanded.json,50143a67069cd69c0ce1221a6f7bb554b992b3295322344907bf784afb5ff9c0,2231,"{""lemma"": ""fixation""}",fixation,,,
cet4_endict_2016_expanded.json,50143a67069cd69c0ce1221a6f7bb554b992b3295322344907bf784afb5ff9c0,2232,"{""lemma"": ""fixed""}",fixed,,,
cet4_endict_2016_expanded.json,50143a67069cd69c0ce1221a6f7bb554b992b3295322344907bf784afb5ff9c0,2233,"{""lemma"": ""fixture""}",fixture,,,
cet4_endict_2016_expanded.json,50143a67069cd69c0ce1221a6f7bb554b992b3295322344907bf784afb5ff9c0,2234,"{""lemma"": ""flag""}",flag,,,
cet4_endict_2016_expanded.json,50143a67069cd69c0ce1221a6f7bb554b992b3295322344907bf784afb5ff9c0,2235,"{""lemma"": ""flame""}",flame,,,
cet4_endict_2016_expanded.json,50143a67069cd69c0ce1221a6f7bb554b992b3295322344907bf784afb5ff9c0,2236,"{""lemma"": ""flash""}",flash,,,
cet4_endict_2016_expanded.json,50143a67069cd69c0ce1221a6f7bb554b992b3295322344907bf784afb5ff9c0,2237,"{""lemma"": ""flat""}",flat,,,
cet4_endict_2016_expanded.json,50143a67069cd69c0ce1221a6f7bb554b992b3295322344907bf784afb5ff9c0,2238,"{""lemma"": ""flavor""}",flavor,,,
cet4_endict_2016_expanded.json,50143a67069cd69c0ce1221a6f7bb554b992b3295322344907bf784afb5ff9c0,2239,"{""lemma"": ""flaw""}",flaw,,,
cet4_endict_2016_expanded.json,50143a67069cd69c0ce1221a6f7bb554b992b3295322344907bf784afb5ff9c0,2240,"{""lemma"": ""flawless""}",flawless,,,
cet4_endict_2016_expanded.json,50143a67069cd69c0ce1221a6f7bb554b992b3295322344907bf784afb5ff9c0,2241,"{""lemma"": ""flee""}",flee,,,
cet4_endict_2016_expanded.json,50143a67069cd69c0ce1221a6f7bb554b992b3295322344907bf784afb5ff9c0,2242,"{""lemma"": ""fleet""}",fleet,,,
cet4_endict_2016_expanded.json,50143a67069cd69c0ce1221a6f7bb554b992b3295322344907bf784afb5ff9c0,2243,"{""lemma"": ""flesh""}",flesh,,,
cet4_endict_2016_expanded.json,50143a67069cd69c0ce1221a6f7bb554b992b3295322344907bf784afb5ff9c0,2244,"{""lemma"": ""flexibility""}",flexibility,,,
cet4_endict_2016_expanded.json,50143a67069cd69c0ce1221a6f7bb554b992b3295322344907bf784afb5ff9c0,2245,"{""lemma"": ""flexible""}",flexible,,,
cet4_endict_2016_expanded.json,50143a67069cd69c0ce1221a6f7bb554b992b3295322344907bf784afb5ff9c0,2246,"{""lemma"": ""flight""}",flight,,,
cet4_endict_2016_expanded.json,50143a67069cd69c0ce1221a6f7bb554b992b3295322344907bf784afb5ff9c0,2247,"{""lemma"": ""float""}",float,,,
cet4_endict_2016_expanded.json,50143a67069cd69c0ce1221a6f7bb554b992b3295322344907bf784afb5ff9c0,2248,"{""lemma"": ""flock""}",flock,,,
cet4_endict_2016_expanded.json,50143a67069cd69c0ce1221a6f7bb554b992b3295322344907bf784afb5ff9c0,2249,"{""lemma"": ""flood""}",flood,,,
cet4_endict_2016_expanded.json,50143a67069cd69c0ce1221a6f7bb554b992b3295322344907bf784afb5ff9c0,2250,"{""lemma"": ""floor""}",floor,,,
cet4_endict_2016_expanded.json,50143a67069cd69c0ce1221a6f7bb554b992b3295322344907bf784afb5ff9c0,2251,"{""lemma"": ""flour""}",flour,,,
cet4_endict_2016_expanded.json,50143a67069cd69c0ce1221a6f7bb554b992b3295322344907bf784afb5ff9c0,2252,"{""lemma"": ""flourish""}",flourish,,,
cet4_endict_2016_expanded.json,50143a67069cd69c0ce1221a6f7bb554b992b3295322344907bf784afb5ff9c0,2253,"{""lemma"": ""flow""}",flow,,,
cet4_endict_2016_expanded.json,50143a67069cd69c0ce1221a6f7bb554b992b3295322344907bf784afb5ff9c0,2254,"{""lemma"": ""flower""}",flower,,,
cet4_endict_2016_expanded.json,50143a67069cd69c0ce1221a6f7bb554b992b3295322344907bf784afb5ff9c0,2255,"{""lemma"": ""flu""}",flu,,,
cet4_endict_2016_expanded.json,50143a67069cd69c0ce1221a6f7bb554b992b3295322344907bf784afb5ff9c0,2256,"{""lemma"": ""fluctuate""}",fluctuate,,,
cet4_endict_2016_expanded.json,50143a67069cd69c0ce1221a6f7bb554b992b3295322344907bf784afb5ff9c0,2257,"{""lemma"": ""fluctuation""}",fluctuation,,,
cet4_endict_2016_expanded.json,50143a67069cd69c0ce1221a6f7bb554b992b3295322344907bf784afb5ff9c0,2258,"{""lemma"": ""fluency""}",fluency,,,
cet4_endict_2016_expanded.json,50143a67069cd69c0ce1221a6f7bb554b992b3295322344907bf784afb5ff9c0,2259,"{""lemma"": ""fluent""}",fluent,,,
cet4_endict_2016_expanded.json,50143a67069cd69c0ce1221a6f7bb554b992b3295322344907bf784afb5ff9c0,2260,"{""lemma"": ""fluid""}",fluid,,,
cet4_endict_2016_expanded.json,50143a67069cd69c0ce1221a6f7bb554b992b3295322344907bf784afb5ff9c0,2261,"{""lemma"": ""fly""}",fly,,,
cet4_endict_2016_expanded.json,50143a67069cd69c0ce1221a6f7bb554b992b3295322344907bf784afb5ff9c0,2262,"{""lemma"": ""focus""}",focus,,,
cet4_endict_2016_expanded.json,50143a67069cd69c0ce1221a6f7bb554b992b3295322344907bf784afb5ff9c0,2263,"{""lemma"": ""fog""}",fog,,,
cet4_endict_2016_expanded.json,50143a67069cd69c0ce1221a6f7bb554b992b3295322344907bf784afb5ff9c0,2264,"{""lemma"": ""foggy""}",foggy,,,
cet4_endict_2016_expanded.json,50143a67069cd69c0ce1221a6f7bb554b992b3295322344907bf784afb5ff9c0,2265,"{""lemma"": ""fold""}",fold,,,
cet4_endict_2016_expanded.json,50143a67069cd69c0ce1221a6f7bb554b992b3295322344907bf784afb5ff9c0,2266,"{""lemma"": ""folk""}",folk,,,
cet4_endict_2016_expanded.json,50143a67069cd69c0ce1221a6f7bb554b992b3295322344907bf784afb5ff9c0,2267,"{""lemma"": ""follow""}",follow,,,
cet4_endict_2016_expanded.json,50143a67069cd69c0ce1221a6f7bb554b992b3295322344907bf784afb5ff9c0,2268,"{""lemma"": ""following""}",following,,,
cet4_endict_2016_expanded.json,50143a67069cd69c0ce1221a6f7bb554b992b3295322344907bf784afb5ff9c0,2269,"{""lemma"": ""fond""}",fond,,,
cet4_endict_2016_expanded.json,50143a67069cd69c0ce1221a6f7bb554b992b3295322344907bf784afb5ff9c0,2270,"{""lemma"": ""food""}",food,,,
cet4_endict_2016_expanded.json,50143a67069cd69c0ce1221a6f7bb554b992b3295322344907bf784afb5ff9c0,2271,"{""lemma"": ""fool""}",fool,,,
cet4_endict_2016_expanded.json,50143a67069cd69c0ce1221a6f7bb554b992b3295322344907bf784afb5ff9c0,2272,"{""lemma"": ""foolish""}",foolish,,,
cet4_endict_2016_expanded.json,50143a67069cd69c0ce1221a6f7bb554b992b3295322344907bf784afb5ff9c0,2273,"{""lemma"": ""foot""}",foot,,,
cet4_endict_2016_expanded.json,50143a67069cd69c0ce1221a6f7bb554b992b3295322344907bf784afb5ff9c0,2274,"{""lemma"": ""football""}",football,,,
cet4_endict_2016_expanded.json,50143a67069cd69c0ce1221a6f7bb554b992b3295322344907bf784afb5ff9c0,2275,"{""lemma"": ""footprint""}",footprint,,,
cet4_endict_2016_expanded.json,50143a67069cd69c0ce1221a6f7bb554b992b3295322344907bf784afb5ff9c0,2276,"{""lemma"": ""for""}",for,,,
cet4_endict_2016_expanded.json,50143a67069cd69c0ce1221a6f7bb554b992b3295322344907bf784afb5ff9c0,2277,"{""lemma"": ""forbid""}",forbid,,,
cet4_endict_2016_expanded.json,50143a67069cd69c0ce1221a6f7bb554b992b3295322344907bf784afb5ff9c0,2278,"{""lemma"": ""force""}",force,,,
cet4_endict_2016_expanded.json,50143a67069cd69c0ce1221a6f7bb554b992b3295322344907bf784afb5ff9c0,2279,"{""lemma"": ""forceful""}",forceful,,,
cet4_endict_2016_expanded.json,50143a67069cd69c0ce1221a6f7bb554b992b3295322344907bf784afb5ff9c0,2280,"{""lemma"": ""forecast""}",forecast,,,
cet4_endict_2016_expanded.json,50143a67069cd69c0ce1221a6f7bb554b992b3295322344907bf784afb5ff9c0,2281,"{""lemma"": ""forehead""}",forehead,,,
cet4_endict_2016_expanded.json,50143a67069cd69c0ce1221a6f7bb554b992b3295322344907bf784afb5ff9c0,2282,"{""lemma"": ""foreign""}",foreign,,,
cet4_endict_2016_expanded.json,50143a67069cd69c0ce1221a6f7bb554b992b3295322344907bf784afb5ff9c0,2283,"{""lemma"": ""foreigner""}",foreigner,,,
cet4_endict_2016_expanded.json,50143a67069cd69c0ce1221a6f7bb554b992b3295322344907bf784afb5ff9c0,2284,"{""lemma"": ""foremost""}",foremost,,,
cet4_endict_2016_expanded.json,50143a67069cd69c0ce1221a6f7bb554b992b3295322344907bf784afb5ff9c0,2285,"{""lemma"": ""foresee""}",foresee,,,
cet4_endict_2016_expanded.json,50143a67069cd69c0ce1221a6f7bb554b992b3295322344907bf784afb5ff9c0,2286,"{""lemma"": ""foreseeable""}",foreseeable,,,
cet4_endict_2016_expanded.json,50143a67069cd69c0ce1221a6f7bb554b992b3295322344907bf784afb5ff9c0,2287,"{""lemma"": ""foresight""}",foresight,,,
cet4_endict_2016_expanded.json,50143a67069cd69c0ce1221a6f7bb554b992b3295322344907bf784afb5ff9c0,2288,"{""lemma"": ""forest""}",forest,,,
cet4_endict_2016_expanded.json,50143a67069cd69c0ce1221a6f7bb554b992b3295322344907bf784afb5ff9c0,2289,"{""lemma"": ""forestry""}",forestry,,,
cet4_endict_2016_expanded.json,50143a67069cd69c0ce1221a6f7bb554b992b3295322344907bf784afb5ff9c0,2290,"{""lemma"": ""forever""}",forever,,,
cet4_endict_2016_expanded.json,50143a67069cd69c0ce1221a6f7bb554b992b3295322344907bf784afb5ff9c0,2291,"{""lemma"": ""forge""}",forge,,,
cet4_endict_2016_expanded.json,50143a67069cd69c0ce1221a6f7bb554b992b3295322344907bf784afb5ff9c0,2292,"{""lemma"": ""forgery""}",forgery,,,
cet4_endict_2016_expanded.json,50143a67069cd69c0ce1221a6f7bb554b992b3295322344907bf784afb5ff9c0,2293,"{""lemma"": ""forget""}",forget,,,
cet4_endict_2016_expanded.json,50143a67069cd69c0ce1221a6f7bb554b992b3295322344907bf784afb5ff9c0,2294,"{""lemma"": ""forgetful""}",forgetful,,,
cet4_endict_2016_expanded.json,50143a67069cd69c0ce1221a6f7bb554b992b3295322344907bf784afb5ff9c0,2295,"{""lemma"": ""forgettable""}",forgettable,,,
cet4_endict_2016_expanded.json,50143a67069cd69c0ce1221a6f7bb554b992b3295322344907bf784afb5ff9c0,2296,"{""lemma"": ""forgive""}",forgive,,,
cet4_endict_2016_expanded.json,50143a67069cd69c0ce1221a6f7bb554b992b3295322344907bf784afb5ff9c0,2297,"{""lemma"": ""forgiving""}",forgiving,,,
cet4_endict_2016_expanded.json,50143a67069cd69c0ce1221a6f7bb554b992b3295322344907bf784afb5ff9c0,2298,"{""lemma"": ""fork""}",fork,,,
cet4_endict_2016_expanded.json,50143a67069cd69c0ce1221a6f7bb554b992b3295322344907bf784afb5ff9c0,2299,"{""lemma"": ""form""}",form,,,
cet4_endict_2016_expanded.json,50143a67069cd69c0ce1221a6f7bb554b992b3295322344907bf784afb5ff9c0,2300,"{""lemma"": ""formal""}",formal,,,
cet4_endict_2016_expanded.json,50143a67069cd69c0ce1221a6f7bb554b992b3295322344907bf784afb5ff9c0,2301,"{""lemma"": ""formality""}",formality,,,
cet4_endict_2016_expanded.json,50143a67069cd69c0ce1221a6f7bb554b992b3295322344907bf784afb5ff9c0,2302,"{""lemma"": ""format""}",format,,,
cet4_endict_2016_expanded.json,50143a67069cd69c0ce1221a6f7bb554b992b3295322344907bf784afb5ff9c0,2303,"{""lemma"": ""formation""}",formation,,,
cet4_endict_2016_expanded.json,50143a67069cd69c0ce1221a6f7bb554b992b3295322344907bf784afb5ff9c0,2304,"{""lemma"": ""former""}",former,,,
cet4_endict_2016_expanded.json,50143a67069cd69c0ce1221a6f7bb554b992b3295322344907bf784afb5ff9c0,2305,"{""lemma"": ""formula""}",formula,,,
cet4_endict_2016_expanded.json,50143a67069cd69c0ce1221a6f7bb554b992b3295322344907bf784afb5ff9c0,2306,"{""lemma"": ""formulate""}",formulate,,,
cet4_endict_2016_expanded.json,50143a67069cd69c0ce1221a6f7bb554b992b3295322344907bf784afb5ff9c0,2307,"{""lemma"": ""formulation""}",formulation,,,
cet4_endict_2016_expanded.json,50143a67069cd69c0ce1221a6f7bb554b992b3295322344907bf784afb5ff9c0,2308,"{""lemma"": ""forth""}",forth,,,
cet4_endict_2016_expanded.json,50143a67069cd69c0ce1221a6f7bb554b992b3295322344907bf784afb5ff9c0,2309,"{""lemma"": ""forthcoming""}",forthcoming,,,
cet4_endict_2016_expanded.json,50143a67069cd69c0ce1221a6f7bb554b992b3295322344907bf784afb5ff9c0,2310,"{""lemma"": ""fortunate""}",fortunate,,,
cet4_endict_2016_expanded.json,50143a67069cd69c0ce1221a6f7bb554b992b3295322344907bf784afb5ff9c0,2311,"{""lemma"": ""fortune""}",fortune,,,
cet4_endict_2016_expanded.json,50143a67069cd69c0ce1221a6f7bb554b992b3295322344907bf784afb5ff9c0,2312,"{""lemma"": ""forty""}",forty,,,
cet4_endict_2016_expanded.json,50143a67069cd69c0ce1221a6f7bb554b992b3295322344907bf784afb5ff9c0,2313,"{""lemma"": ""forum""}",forum,,,
cet4_endict_2016_expanded.json,50143a67069cd69c0ce1221a6f7bb554b992b3295322344907bf784afb5ff9c0,2314,"{""lemma"": ""forward""}",forward,,,
cet4_endict_2016_expanded.json,50143a67069cd69c0ce1221a6f7bb554b992b3295322344907bf784afb5ff9c0,2315,"{""lemma"": ""fossil""}",fossil,,,
cet4_endict_2016_expanded.json,50143a67069cd69c0ce1221a6f7bb554b992b3295322344907bf784afb5ff9c0,2316,"{""lemma"": ""found""}",found,,,
cet4_endict_2016_expanded.json,50143a67069cd69c0ce1221a6f7bb554b992b3295322344907bf784afb5ff9c0,2317,"{""lemma"": ""foundation""}",foundation,,,
cet4_endict_2016_expanded.json,50143a67069cd69c0ce1221a6f7bb554b992b3295322344907bf784afb5ff9c0,2318,"{""lemma"": ""founder""}",founder,,,
cet4_endict_2016_expanded.json,50143a67069cd69c0ce1221a6f7bb554b992b3295322344907bf784afb5ff9c0,2319,"{""lemma"": ""founding""}",founding,,,
cet4_endict_2016_expanded.json,50143a67069cd69c0ce1221a6f7bb554b992b3295322344907bf784afb5ff9c0,2320,"{""lemma"": ""fountain""}",fountain,,,
cet4_endict_2016_expanded.json,50143a67069cd69c0ce1221a6f7bb554b992b3295322344907bf784afb5ff9c0,2321,"{""lemma"": ""four""}",four,,,
cet4_endict_2016_expanded.json,50143a67069cd69c0ce1221a6f7bb554b992b3295322344907bf784afb5ff9c0,2322,"{""lemma"": ""fourteen""}",fourteen,,,
cet4_endict_2016_expanded.json,50143a67069cd69c0ce1221a6f7bb554b992b3295322344907bf784afb5ff9c0,2323,"{""lemma"": ""fox""}",fox,,,
cet4_endict_2016_expanded.json,50143a67069cd69c0ce1221a6f7bb554b992b3295322344907bf784afb5ff9c0,2324,"{""lemma"": ""fraction""}",fraction,,,
cet4_endict_2016_expanded.json,50143a67069cd69c0ce1221a6f7bb554b992b3295322344907bf784afb5ff9c0,2325,"{""lemma"": ""fragment""}",fragment,,,
cet4_endict_2016_expanded.json,50143a67069cd69c0ce1221a6f7bb554b992b3295322344907bf784afb5ff9c0,2326,"{""lemma"": ""fragmentary""}",fragmentary,,,
cet4_endict_2016_expanded.json,50143a67069cd69c0ce1221a6f7bb554b992b3295322344907bf784afb5ff9c0,2327,"{""lemma"": ""fragmentation""}",fragmentation,,,
cet4_endict_2016_expanded.json,50143a67069cd69c0ce1221a6f7bb554b992b3295322344907bf784afb5ff9c0,2328,"{""lemma"": ""frame""}",frame,,,
cet4_endict_2016_expanded.json,50143a67069cd69c0ce1221a6f7bb554b992b3295322344907bf784afb5ff9c0,2329,"{""lemma"": ""framework""}",framework,,,
cet4_endict_2016_expanded.json,50143a67069cd69c0ce1221a6f7bb554b992b3295322344907bf784afb5ff9c0,2330,"{""lemma"": ""frank""}",frank,,,
cet4_endict_2016_expanded.json,50143a67069cd69c0ce1221a6f7bb554b992b3295322344907bf784afb5ff9c0,2331,"{""lemma"": ""free""}",free,,,
cet4_endict_2016_expanded.json,50143a67069cd69c0ce1221a6f7bb554b992b3295322344907bf784afb5ff9c0,2332,"{""lemma"": ""freedom""}",freedom,,,
cet4_endict_2016_expanded.json,50143a67069cd69c0ce1221a6f7bb554b992b3295322344907bf784afb5ff9c0,2333,"{""lemma"": ""freeway""}",freeway,,,
cet4_endict_2016_expanded.json,50143a67069cd69c0ce1221a6f7bb554b992b3295322344907bf784afb5ff9c0,2334,"{""lemma"": ""freeze""}",freeze,,,
cet4_endict_2016_expanded.json,50143a67069cd69c0ce1221a6f7bb554b992b3295322344907bf784afb5ff9c0,2335,"{""lemma"": ""freight""}",freight,,,
cet4_endict_2016_expanded.json,50143a67069cd69c0ce1221a6f7bb554b992b3295322344907bf784afb5ff9c0,2336,"{""lemma"": ""frequency""}",frequency,,,
cet4_endict_2016_expanded.json,50143a67069cd69c0ce1221a6f7bb554b992b3295322344907bf784afb5ff9c0,2337,"{""lemma"": ""frequent""}",frequent,,,
cet4_endict_2016_expanded.json,50143a67069cd69c0ce1221a6f7bb554b992b3295322344907bf784afb5ff9c0,2338,"{""lemma"": ""fresh""}",fresh,,,
cet4_endict_2016_expanded.json,50143a67069cd69c0ce1221a6f7bb554b992b3295322344907bf784afb5ff9c0,2339,"{""lemma"": ""freshman""}",freshman,,,
cet4_endict_2016_expanded.json,50143a67069cd69c0ce1221a6f7bb554b992b3295322344907bf784afb5ff9c0,2340,"{""lemma"": ""Friday""}",Friday,,,
cet4_endict_2016_expanded.json,50143a67069cd69c0ce1221a6f7bb554b992b3295322344907bf784afb5ff9c0,2341,"{""lemma"": ""fridge""}",fridge,,,
cet4_endict_2016_expanded.json,50143a67069cd69c0ce1221a6f7bb554b992b3295322344907bf784afb5ff9c0,2342,"{""lemma"": ""friend""}",friend,,,
cet4_endict_2016_expanded.json,50143a67069cd69c0ce1221a6f7bb554b992b3295322344907bf784afb5ff9c0,2343,"{""lemma"": ""friendly""}",friendly,,,
cet4_endict_2016_expanded.json,50143a67069cd69c0ce1221a6f7bb554b992b3295322344907bf784afb5ff9c0,2344,"{""lemma"": ""friendship""}",friendship,,,
cet4_endict_2016_expanded.json,50143a67069cd69c0ce1221a6f7bb554b992b3295322344907bf784afb5ff9c0,2345,"{""lemma"": ""fright""}",fright,,,
cet4_endict_2016_expanded.json,50143a67069cd69c0ce1221a6f7bb554b992b3295322344907bf784afb5ff9c0,2346,"{""lemma"": ""frighten""}",frighten,,,
cet4_endict_2016_expanded.json,50143a67069cd69c0ce1221a6f7bb554b992b3295322344907bf784afb5ff9c0,2347,"{""lemma"": ""frog""}",frog,,,
cet4_endict_2016_expanded.json,50143a67069cd69c0ce1221a6f7bb554b992b3295322344907bf784afb5ff9c0,2348,"{""lemma"": ""from""}",from,,,
cet4_endict_2016_expanded.json,50143a67069cd69c0ce1221a6f7bb554b992b3295322344907bf784afb5ff9c0,2349,"{""lemma"": ""front""}",front,,,
cet4_endict_2016_expanded.json,50143a67069cd69c0ce1221a6f7bb554b992b3295322344907bf784afb5ff9c0,2350,"{""lemma"": ""frontier""}",frontier,,,
cet4_endict_2016_expanded.json,50143a67069cd69c0ce1221a6f7bb554b992b3295322344907bf784afb5ff9c0,2351,"{""lemma"": ""frost""}",frost,,,
cet4_endict_2016_expanded.json,50143a67069cd69c0ce1221a6f7bb554b992b3295322344907bf784afb5ff9c0,2352,"{""lemma"": ""frosty""}",frosty,,,
cet4_endict_2016_expanded.json,50143a67069cd69c0ce1221a6f7bb554b992b3295322344907bf784afb5ff9c0,2353,"{""lemma"": ""fruit""}",fruit,,,
cet4_endict_2016_expanded.json,50143a67069cd69c0ce1221a6f7bb554b992b3295322344907bf784afb5ff9c0,2354,"{""lemma"": ""fruitful""}",fruitful,,,
cet4_endict_2016_expanded.json,50143a67069cd69c0ce1221a6f7bb554b992b3295322344907bf784afb5ff9c0,2355,"{""lemma"": ""frustrate""}",frustrate,,,
cet4_endict_2016_expanded.json,50143a67069cd69c0ce1221a6f7bb554b992b3295322344907bf784afb5ff9c0,2356,"{""lemma"": ""frustrating""}",frustrating,,,
cet4_endict_2016_expanded.json,50143a67069cd69c0ce1221a6f7bb554b992b3295322344907bf784afb5ff9c0,2357,"{""lemma"": ""frustration""}",frustration,,,
cet4_endict_2016_expanded.json,50143a67069cd69c0ce1221a6f7bb554b992b3295322344907bf784afb5ff9c0,2358,"{""lemma"": ""fry""}",fry,,,
cet4_endict_2016_expanded.json,50143a67069cd69c0ce1221a6f7bb554b992b3295322344907bf784afb5ff9c0,2359,"{""lemma"": ""fuck""}",fuck,,,
cet4_endict_2016_expanded.json,50143a67069cd69c0ce1221a6f7bb554b992b3295322344907bf784afb5ff9c0,2360,"{""lemma"": ""fuel""}",fuel,,,
cet4_endict_2016_expanded.json,50143a67069cd69c0ce1221a6f7bb554b992b3295322344907bf784afb5ff9c0,2361,"{""lemma"": ""fulfil""}",fulfil,,,
cet4_endict_2016_expanded.json,50143a67069cd69c0ce1221a6f7bb554b992b3295322344907bf784afb5ff9c0,2362,"{""lemma"": ""fulfilment""}",fulfilment,,,
cet4_endict_2016_expanded.json,50143a67069cd69c0ce1221a6f7bb554b992b3295322344907bf784afb5ff9c0,2363,"{""lemma"": ""full""}",full,,,
cet4_endict_2016_expanded.json,50143a67069cd69c0ce1221a6f7bb554b992b3295322344907bf784afb5ff9c0,2364,"{""lemma"": ""fun""}",fun,,,
cet4_endict_2016_expanded.json,50143a67069cd69c0ce1221a6f7bb554b992b3295322344907bf784afb5ff9c0,2365,"{""lemma"": ""function""}",function,,,
cet4_endict_2016_expanded.json,50143a67069cd69c0ce1221a6f7bb554b992b3295322344907bf784afb5ff9c0,2366,"{""lemma"": ""functional""}",functional,,,
cet4_endict_2016_expanded.json,50143a67069cd69c0ce1221a6f7bb554b992b3295322344907bf784afb5ff9c0,2367,"{""lemma"": ""fund""}",fund,,,
cet4_endict_2016_expanded.json,50143a67069cd69c0ce1221a6f7bb554b992b3295322344907bf784afb5ff9c0,2368,"{""lemma"": ""fundamental""}",fundamental,,,
cet4_endict_2016_expanded.json,50143a67069cd69c0ce1221a6f7bb554b992b3295322344907bf784afb5ff9c0,2369,"{""lemma"": ""funding""}",funding,,,
cet4_endict_2016_expanded.json,50143a67069cd69c0ce1221a6f7bb554b992b3295322344907bf784afb5ff9c0,2370,"{""lemma"": ""funeral""}",funeral,,,
cet4_endict_2016_expanded.json,50143a67069cd69c0ce1221a6f7bb554b992b3295322344907bf784afb5ff9c0,2371,"{""lemma"": ""funny""}",funny,,,
cet4_endict_2016_expanded.json,50143a67069cd69c0ce1221a6f7bb554b992b3295322344907bf784afb5ff9c0,2372,"{""lemma"": ""fur""}",fur,,,
cet4_endict_2016_expanded.json,50143a67069cd69c0ce1221a6f7bb554b992b3295322344907bf784afb5ff9c0,2373,"{""lemma"": ""furnace""}",furnace,,,
cet4_endict_2016_expanded.json,50143a67069cd69c0ce1221a6f7bb554b992b3295322344907bf784afb5ff9c0,2374,"{""lemma"": ""furnish""}",furnish,,,
cet4_endict_2016_expanded.json,50143a67069cd69c0ce1221a6f7bb554b992b3295322344907bf784afb5ff9c0,2375,"{""lemma"": ""furniture""}",furniture,,,
cet4_endict_2016_expanded.json,50143a67069cd69c0ce1221a6f7bb554b992b3295322344907bf784afb5ff9c0,2376,"{""lemma"": ""further""}",further,,,
cet4_endict_2016_expanded.json,50143a67069cd69c0ce1221a6f7bb554b992b3295322344907bf784afb5ff9c0,2377,"{""lemma"": ""furthermore""}",furthermore,,,
cet4_endict_2016_expanded.json,50143a67069cd69c0ce1221a6f7bb554b992b3295322344907bf784afb5ff9c0,2378,"{""lemma"": ""fuss""}",fuss,,,
cet4_endict_2016_expanded.json,50143a67069cd69c0ce1221a6f7bb554b992b3295322344907bf784afb5ff9c0,2379,"{""lemma"": ""future""}",future,,,
cet4_endict_2016_expanded.json,50143a67069cd69c0ce1221a6f7bb554b992b3295322344907bf784afb5ff9c0,2380,"{""lemma"": ""gadget""}",gadget,,,
cet4_endict_2016_expanded.json,50143a67069cd69c0ce1221a6f7bb554b992b3295322344907bf784afb5ff9c0,2381,"{""lemma"": ""gadgetry""}",gadgetry,,,
cet4_endict_2016_expanded.json,50143a67069cd69c0ce1221a6f7bb554b992b3295322344907bf784afb5ff9c0,2382,"{""lemma"": ""gain""}",gain,,,
cet4_endict_2016_expanded.json,50143a67069cd69c0ce1221a6f7bb554b992b3295322344907bf784afb5ff9c0,2383,"{""lemma"": ""gallery""}",gallery,,,
cet4_endict_2016_expanded.json,50143a67069cd69c0ce1221a6f7bb554b992b3295322344907bf784afb5ff9c0,2384,"{""lemma"": ""gallon""}",gallon,,,
cet4_endict_2016_expanded.json,50143a67069cd69c0ce1221a6f7bb554b992b3295322344907bf784afb5ff9c0,2385,"{""lemma"": ""gamble""}",gamble,,,
cet4_endict_2016_expanded.json,50143a67069cd69c0ce1221a6f7bb554b992b3295322344907bf784afb5ff9c0,2386,"{""lemma"": ""game""}",game,,,
cet4_endict_2016_expanded.json,50143a67069cd69c0ce1221a6f7bb554b992b3295322344907bf784afb5ff9c0,2387,"{""lemma"": ""gang""}",gang,,,
cet4_endict_2016_expanded.json,50143a67069cd69c0ce1221a6f7bb554b992b3295322344907bf784afb5ff9c0,2388,"{""lemma"": ""gangster""}",gangster,,,
cet4_endict_2016_expanded.json,50143a67069cd69c0ce1221a6f7bb554b992b3295322344907bf784afb5ff9c0,2389,"{""lemma"": ""gap""}",gap,,,
cet4_endict_2016_expanded.json,50143a67069cd69c0ce1221a6f7bb554b992b3295322344907bf784afb5ff9c0,2390,"{""lemma"": ""garage""}",garage,,,
cet4_endict_2016_expanded.json,50143a67069cd69c0ce1221a6f7bb554b992b3295322344907bf784afb5ff9c0,2391,"{""lemma"": ""garbage""}",garbage,,,
cet4_endict_2016_expanded.json,50143a67069cd69c0ce1221a6f7bb554b992b3295322344907bf784afb5ff9c0,2392,"{""lemma"": ""garden""}",garden,,,
cet4_endict_2016_expanded.json,50143a67069cd69c0ce1221a6f7bb554b992b3295322344907bf784afb5ff9c0,2393,"{""lemma"": ""gardener""}",gardener,,,
cet4_endict_2016_expanded.json,50143a67069cd69c0ce1221a6f7bb554b992b3295322344907bf784afb5ff9c0,2394,"{""lemma"": ""gardening""}",gardening,,,
cet4_endict_2016_expanded.json,50143a67069cd69c0ce1221a6f7bb554b992b3295322344907bf784afb5ff9c0,2395,"{""lemma"": ""garment""}",garment,,,
cet4_endict_2016_expanded.json,50143a67069cd69c0ce1221a6f7bb554b992b3295322344907bf784afb5ff9c0,2396,"{""lemma"": ""gas""}",gas,,,
cet4_endict_2016_expanded.json,50143a67069cd69c0ce1221a6f7bb554b992b3295322344907bf784afb5ff9c0,2397,"{""lemma"": ""gasoline""}",gasoline,,,
cet4_endict_2016_expanded.json,50143a67069cd69c0ce1221a6f7bb554b992b3295322344907bf784afb5ff9c0,2398,"{""lemma"": ""gate""}",gate,,,
cet4_endict_2016_expanded.json,50143a67069cd69c0ce1221a6f7bb554b992b3295322344907bf784afb5ff9c0,2399,"{""lemma"": ""gather""}",gather,,,
cet4_endict_2016_expanded.json,50143a67069cd69c0ce1221a6f7bb554b992b3295322344907bf784afb5ff9c0,2400,"{""lemma"": ""gathering""}",gathering,,,
cet4_endict_2016_expanded.json,50143a67069cd69c0ce1221a6f7bb554b992b3295322344907bf784afb5ff9c0,2401,"{""lemma"": ""gay""}",gay,,,
cet4_endict_2016_expanded.json,50143a67069cd69c0ce1221a6f7bb554b992b3295322344907bf784afb5ff9c0,2402,"{""lemma"": ""gaze""}",gaze,,,
cet4_endict_2016_expanded.json,50143a67069cd69c0ce1221a6f7bb554b992b3295322344907bf784afb5ff9c0,2403,"{""lemma"": ""gear""}",gear,,,
cet4_endict_2016_expanded.json,50143a67069cd69c0ce1221a6f7bb554b992b3295322344907bf784afb5ff9c0,2404,"{""lemma"": ""gender""}",gender,,,
cet4_endict_2016_expanded.json,50143a67069cd69c0ce1221a6f7bb554b992b3295322344907bf784afb5ff9c0,2405,"{""lemma"": ""gene""}",gene,,,
cet4_endict_2016_expanded.json,50143a67069cd69c0ce1221a6f7bb554b992b3295322344907bf784afb5ff9c0,2406,"{""lemma"": ""general""}",general,,,
cet4_endict_2016_expanded.json,50143a67069cd69c0ce1221a6f7bb554b992b3295322344907bf784afb5ff9c0,2407,"{""lemma"": ""generalize""}",generalize,,,
cet4_endict_2016_expanded.json,50143a67069cd69c0ce1221a6f7bb554b992b3295322344907bf784afb5ff9c0,2408,"{""lemma"": ""generally""}",generally,,,
cet4_endict_2016_expanded.json,50143a67069cd69c0ce1221a6f7bb554b992b3295322344907bf784afb5ff9c0,2409,"{""lemma"": ""generate""}",generate,,,
cet4_endict_2016_expanded.json,50143a67069cd69c0ce1221a6f7bb554b992b3295322344907bf784afb5ff9c0,2410,"{""lemma"": ""generation""}",generation,,,
cet4_endict_2016_expanded.json,50143a67069cd69c0ce1221a6f7bb554b992b3295322344907bf784afb5ff9c0,2411,"{""lemma"": ""generator""}",generator,,,
cet4_endict_2016_expanded.json,50143a67069cd69c0ce1221a6f7bb554b992b3295322344907bf784afb5ff9c0,2412,"{""lemma"": ""generosity""}",generosity,,,
cet4_endict_2016_expanded.json,50143a67069cd69c0ce1221a6f7bb554b992b3295322344907bf784afb5ff9c0,2413,"{""lemma"": ""generous""}",generous,,,
cet4_endict_2016_expanded.json,50143a67069cd69c0ce1221a6f7bb554b992b3295322344907bf784afb5ff9c0,2414,"{""lemma"": ""genetic""}",genetic,,,
cet4_endict_2016_expanded.json,50143a67069cd69c0ce1221a6f7bb554b992b3295322344907bf784afb5ff9c0,2415,"{""lemma"": ""genius""}",genius,,,
cet4_endict_2016_expanded.json,50143a67069cd69c0ce1221a6f7bb554b992b3295322344907bf784afb5ff9c0,2416,"{""lemma"": ""gentle""}",gentle,,,
cet4_endict_2016_expanded.json,50143a67069cd69c0ce1221a6f7bb554b992b3295322344907bf784afb5ff9c0,2417,"{""lemma"": ""gentleman""}",gentleman,,,
cet4_endict_2016_expanded.json,50143a67069cd69c0ce1221a6f7bb554b992b3295322344907bf784afb5ff9c0,2418,"{""lemma"": ""genuine""}",genuine,,,
cet4_endict_2016_expanded.json,50143a67069cd69c0ce1221a6f7bb554b992b3295322344907bf784afb5ff9c0,2419,"{""lemma"": ""geographic""}",geographic,,,
cet4_endict_2016_expanded.json,50143a67069cd69c0ce1221a6f7bb554b992b3295322344907bf784afb5ff9c0,2420,"{""lemma"": ""geography""}",geography,,,
cet4_endict_2016_expanded.json,50143a67069cd69c0ce1221a6f7bb554b992b3295322344907bf784afb5ff9c0,2421,"{""lemma"": ""geological""}",geological,,,
cet4_endict_2016_expanded.json,50143a67069cd69c0ce1221a6f7bb554b992b3295322344907bf784afb5ff9c0,2422,"{""lemma"": ""geology""}",geology,,,
cet4_endict_2016_expanded.json,50143a67069cd69c0ce1221a6f7bb554b992b3295322344907bf784afb5ff9c0,2423,"{""lemma"": ""geometric""}",geometric,,,
cet4_endict_2016_expanded.json,50143a67069cd69c0ce1221a6f7bb554b992b3295322344907bf784afb5ff9c0,2424,"{""lemma"": ""geometry""}",geometry,,,
cet4_endict_2016_expanded.json,50143a67069cd69c0ce1221a6f7bb554b992b3295322344907bf784afb5ff9c0,2425,"{""lemma"": ""germ""}",germ,,,
cet4_endict_2016_expanded.json,50143a67069cd69c0ce1221a6f7bb554b992b3295322344907bf784afb5ff9c0,2426,"{""lemma"": ""gesture""}",gesture,,,
cet4_endict_2016_expanded.json,50143a67069cd69c0ce1221a6f7bb554b992b3295322344907bf784afb5ff9c0,2427,"{""lemma"": ""get""}",get,,,
cet4_endict_2016_expanded.json,50143a67069cd69c0ce1221a6f7bb554b992b3295322344907bf784afb5ff9c0,2428,"{""lemma"": ""ghost""}",ghost,,,
cet4_endict_2016_expanded.json,50143a67069cd69c0ce1221a6f7bb554b992b3295322344907bf784afb5ff9c0,2429,"{""lemma"": ""giant""}",giant,,,
cet4_endict_2016_expanded.json,50143a67069cd69c0ce1221a6f7bb554b992b3295322344907bf784afb5ff9c0,2430,"{""lemma"": ""gift""}",gift,,,
cet4_endict_2016_expanded.json,50143a67069cd69c0ce1221a6f7bb554b992b3295322344907bf784afb5ff9c0,2431,"{""lemma"": ""gifted""}",gifted,,,
cet4_endict_2016_expanded.json,50143a67069cd69c0ce1221a6f7bb554b992b3295322344907bf784afb5ff9c0,2432,"{""lemma"": ""gigantic""}",gigantic,,,
cet4_endict_2016_expanded.json,50143a67069cd69c0ce1221a6f7bb554b992b3295322344907bf784afb5ff9c0,2433,"{""lemma"": ""girl""}",girl,,,
cet4_endict_2016_expanded.json,50143a67069cd69c0ce1221a6f7bb554b992b3295322344907bf784afb5ff9c0,2434,"{""lemma"": ""give""}",give,,,
cet4_endict_2016_expanded.json,50143a67069cd69c0ce1221a6f7bb554b992b3295322344907bf784afb5ff9c0,2435,"{""lemma"": ""given""}",given,,,
cet4_endict_2016_expanded.json,50143a67069cd69c0ce1221a6f7bb554b992b3295322344907bf784afb5ff9c0,2436,"{""lemma"": ""glad""}",glad,,,
cet4_endict_2016_expanded.json,50143a67069cd69c0ce1221a6f7bb554b992b3295322344907bf784afb5ff9c0,2437,"{""lemma"": ""glance""}",glance,,,
cet4_endict_2016_expanded.json,50143a67069cd69c0ce1221a6f7bb554b992b3295322344907bf784afb5ff9c0,2438,"{""lemma"": ""glass""}",glass,,,
cet4_endict_2016_expanded.json,50143a67069cd69c0ce1221a6f7bb554b992b3295322344907bf784afb5ff9c0,2439,"{""lemma"": ""glimpse""}",glimpse,,,
cet4_endict_2016_expanded.json,50143a67069cd69c0ce1221a6f7bb554b992b3295322344907bf784afb5ff9c0,2440,"{""lemma"": ""global""}",global,,,
cet4_endict_2016_expanded.json,50143a67069cd69c0ce1221a6f7bb554b992b3295322344907bf784afb5ff9c0,2441,"{""lemma"": ""globalize""}",globalize,,,
cet4_endict_2016_expanded.json,50143a67069cd69c0ce1221a6f7bb554b992b3295322344907bf784afb5ff9c0,2442,"{""lemma"": ""globe""}",globe,,,
cet4_endict_2016_expanded.json,50143a67069cd69c0ce1221a6f7bb554b992b3295322344907bf784afb5ff9c0,2443,"{""lemma"": ""gloom""}",gloom,,,
cet4_endict_2016_expanded.json,50143a67069cd69c0ce1221a6f7bb554b992b3295322344907bf784afb5ff9c0,2444,"{""lemma"": ""gloomy""}",gloomy,,,
cet4_endict_2016_expanded.json,50143a67069cd69c0ce1221a6f7bb554b992b3295322344907bf784afb5ff9c0,2445,"{""lemma"": ""glorious""}",glorious,,,
cet4_endict_2016_expanded.json,50143a67069cd69c0ce1221a6f7bb554b992b3295322344907bf784afb5ff9c0,2446,"{""lemma"": ""glory""}",glory,,,
cet4_endict_2016_expanded.json,50143a67069cd69c0ce1221a6f7bb554b992b3295322344907bf784afb5ff9c0,2447,"{""lemma"": ""glove""}",glove,,,
cet4_endict_2016_expanded.json,50143a67069cd69c0ce1221a6f7bb554b992b3295322344907bf784afb5ff9c0,2448,"{""lemma"": ""glow""}",glow,,,
cet4_endict_2016_expanded.json,50143a67069cd69c0ce1221a6f7bb554b992b3295322344907bf784afb5ff9c0,2449,"{""lemma"": ""glue""}",glue,,,
cet4_endict_2016_expanded.json,50143a67069cd69c0ce1221a6f7bb554b992b3295322344907bf784afb5ff9c0,2450,"{""lemma"": ""go""}",go,,,
cet4_endict_2016_expanded.json,50143a67069cd69c0ce1221a6f7bb554b992b3295322344907bf784afb5ff9c0,2451,"{""lemma"": ""goal""}",goal,,,
cet4_endict_2016_expanded.json,50143a67069cd69c0ce1221a6f7bb554b992b3295322344907bf784afb5ff9c0,2452,"{""lemma"": ""goat""}",goat,,,
cet4_endict_2016_expanded.json,50143a67069cd69c0ce1221a6f7bb554b992b3295322344907bf784afb5ff9c0,2453,"{""lemma"": ""god""}",god,,,
cet4_endict_2016_expanded.json,50143a67069cd69c0ce1221a6f7bb554b992b3295322344907bf784afb5ff9c0,2454,"{""lemma"": ""gold""}",gold,,,
cet4_endict_2016_expanded.json,50143a67069cd69c0ce1221a6f7bb554b992b3295322344907bf784afb5ff9c0,2455,"{""lemma"": ""golden""}",golden,,,
cet4_endict_2016_expanded.json,50143a67069cd69c0ce1221a6f7bb554b992b3295322344907bf784afb5ff9c0,2456,"{""lemma"": ""golf""}",golf,,,
cet4_endict_2016_expanded.json,50143a67069cd69c0ce1221a6f7bb554b992b3295322344907bf784afb5ff9c0,2457,"{""lemma"": ""good""}",good,,,
cet4_endict_2016_expanded.json,50143a67069cd69c0ce1221a6f7bb554b992b3295322344907bf784afb5ff9c0,2458,"{""lemma"": ""goodbye""}",goodbye,,,
cet4_endict_2016_expanded.json,50143a67069cd69c0ce1221a6f7bb554b992b3295322344907bf784afb5ff9c0,2459,"{""lemma"": ""goodness""}",goodness,,,
cet4_endict_2016_expanded.json,50143a67069cd69c0ce1221a6f7bb554b992b3295322344907bf784afb5ff9c0,2460,"{""lemma"": ""goods""}",goods,,,
cet4_endict_2016_expanded.json,50143a67069cd69c0ce1221a6f7bb554b992b3295322344907bf784afb5ff9c0,2461,"{""lemma"": ""goose""}",goose,,,
cet4_endict_2016_expanded.json,50143a67069cd69c0ce1221a6f7bb554b992b3295322344907bf784afb5ff9c0,2462,"{""lemma"": ""gorgeous""}",gorgeous,,,
cet4_endict_2016_expanded.json,50143a67069cd69c0ce1221a6f7bb554b992b3295322344907bf784afb5ff9c0,2463,"{""lemma"": ""gossip""}",gossip,,,
cet4_endict_2016_expanded.json,50143a67069cd69c0ce1221a6f7bb554b992b3295322344907bf784afb5ff9c0,2464,"{""lemma"": ""govern""}",govern,,,
cet4_endict_2016_expanded.json,50143a67069cd69c0ce1221a6f7bb554b992b3295322344907bf784afb5ff9c0,2465,"{""lemma"": ""government""}",government,,,
cet4_endict_2016_expanded.json,50143a67069cd69c0ce1221a6f7bb554b992b3295322344907bf784afb5ff9c0,2466,"{""lemma"": ""governor""}",governor,,,
cet4_endict_2016_expanded.json,50143a67069cd69c0ce1221a6f7bb554b992b3295322344907bf784afb5ff9c0,2467,"{""lemma"": ""gown""}",gown,,,
cet4_endict_2016_expanded.json,50143a67069cd69c0ce1221a6f7bb554b992b3295322344907bf784afb5ff9c0,2468,"{""lemma"": ""grab""}",grab,,,
cet4_endict_2016_expanded.json,50143a67069cd69c0ce1221a6f7bb554b992b3295322344907bf784afb5ff9c0,2469,"{""lemma"": ""grace""}",grace,,,
cet4_endict_2016_expanded.json,50143a67069cd69c0ce1221a6f7bb554b992b3295322344907bf784afb5ff9c0,2470,"{""lemma"": ""graceful""}",graceful,,,
cet4_endict_2016_expanded.json,50143a67069cd69c0ce1221a6f7bb554b992b3295322344907bf784afb5ff9c0,2471,"{""lemma"": ""gracious""}",gracious,,,
cet4_endict_2016_expanded.json,50143a67069cd69c0ce1221a6f7bb554b992b3295322344907bf784afb5ff9c0,2472,"{""lemma"": ""grade""}",grade,,,
cet4_endict_2016_expanded.json,50143a67069cd69c0ce1221a6f7bb554b992b3295322344907bf784afb5ff9c0,2473,"{""lemma"": ""gradual""}",gradual,,,
cet4_endict_2016_expanded.json,50143a67069cd69c0ce1221a6f7bb554b992b3295322344907bf784afb5ff9c0,2474,"{""lemma"": ""gradually""}",gradually,,,
cet4_endict_2016_expanded.json,50143a67069cd69c0ce1221a6f7bb554b992b3295322344907bf784afb5ff9c0,2475,"{""lemma"": ""graduate""}",graduate,,,
cet4_endict_2016_expanded.json,50143a67069cd69c0ce1221a6f7bb554b992b3295322344907bf784afb5ff9c0,2476,"{""lemma"": ""graduation""}",graduation,,,
cet4_endict_2016_expanded.json,50143a67069cd69c0ce1221a6f7bb554b992b3295322344907bf784afb5ff9c0,2477,"{""lemma"": ""grain""}",grain,,,
cet4_endict_2016_expanded.json,50143a67069cd69c0ce1221a6f7bb554b992b3295322344907bf784afb5ff9c0,2478,"{""lemma"": ""gram""}",gram,,,
cet4_endict_2016_expanded.json,50143a67069cd69c0ce1221a6f7bb554b992b3295322344907bf784afb5ff9c0,2479,"{""lemma"": ""grammar""}",grammar,,,
cet4_endict_2016_expanded.json,50143a67069cd69c0ce1221a6f7bb554b992b3295322344907bf784afb5ff9c0,2480,"{""lemma"": ""grammatical""}",grammatical,,,
cet4_endict_2016_expanded.json,50143a67069cd69c0ce1221a6f7bb554b992b3295322344907bf784afb5ff9c0,2481,"{""lemma"": ""grand""}",grand,,,
cet4_endict_2016_expanded.json,50143a67069cd69c0ce1221a6f7bb554b992b3295322344907bf784afb5ff9c0,2482,"{""lemma"": ""grandchild""}",grandchild,,,
cet4_endict_2016_expanded.json,50143a67069cd69c0ce1221a6f7bb554b992b3295322344907bf784afb5ff9c0,2483,"{""lemma"": ""grandchildren""}",grandchildren,,,
cet4_endict_2016_expanded.json,50143a67069cd69c0ce1221a6f7bb554b992b3295322344907bf784afb5ff9c0,2484,"{""lemma"": ""granddaughter""}",granddaughter,,,
cet4_endict_2016_expanded.json,50143a67069cd69c0ce1221a6f7bb554b992b3295322344907bf784afb5ff9c0,2485,"{""lemma"": ""grandfather""}",grandfather,,,
cet4_endict_2016_expanded.json,50143a67069cd69c0ce1221a6f7bb554b992b3295322344907bf784afb5ff9c0,2486,"{""lemma"": ""grandmother""}",grandmother,,,
cet4_endict_2016_expanded.json,50143a67069cd69c0ce1221a6f7bb554b992b3295322344907bf784afb5ff9c0,2487,"{""lemma"": ""grandparent""}",grandparent,,,
cet4_endict_2016_expanded.json,50143a67069cd69c0ce1221a6f7bb554b992b3295322344907bf784afb5ff9c0,2488,"{""lemma"": ""grandson""}",grandson,,,
cet4_endict_2016_expanded.json,50143a67069cd69c0ce1221a6f7bb554b992b3295322344907bf784afb5ff9c0,2489,"{""lemma"": ""grant""}",grant,,,
cet4_endict_2016_expanded.json,50143a67069cd69c0ce1221a6f7bb554b992b3295322344907bf784afb5ff9c0,2490,"{""lemma"": ""granted""}",granted,,,
cet4_endict_2016_expanded.json,50143a67069cd69c0ce1221a6f7bb554b992b3295322344907bf784afb5ff9c0,2491,"{""lemma"": ""grape""}",grape,,,
cet4_endict_2016_expanded.json,50143a67069cd69c0ce1221a6f7bb554b992b3295322344907bf784afb5ff9c0,2492,"{""lemma"": ""graph""}",graph,,,
cet4_endict_2016_expanded.json,50143a67069cd69c0ce1221a6f7bb554b992b3295322344907bf784afb5ff9c0,2493,"{""lemma"": ""graphic""}",graphic,,,
cet4_endict_2016_expanded.json,50143a67069cd69c0ce1221a6f7bb554b992b3295322344907bf784afb5ff9c0,2494,"{""lemma"": ""graphically""}",graphically,,,
cet4_endict_2016_expanded.json,50143a67069cd69c0ce1221a6f7bb554b992b3295322344907bf784afb5ff9c0,2495,"{""lemma"": ""grasp""}",grasp,,,
cet4_endict_2016_expanded.json,50143a67069cd69c0ce1221a6f7bb554b992b3295322344907bf784afb5ff9c0,2496,"{""lemma"": ""grass""}",grass,,,
cet4_endict_2016_expanded.json,50143a67069cd69c0ce1221a6f7bb554b992b3295322344907bf784afb5ff9c0,2497,"{""lemma"": ""grassy""}",grassy,,,
cet4_endict_2016_expanded.json,50143a67069cd69c0ce1221a6f7bb554b992b3295322344907bf784afb5ff9c0,2498,"{""lemma"": ""grateful""}",grateful,,,
cet4_endict_2016_expanded.json,50143a67069cd69c0ce1221a6f7bb554b992b3295322344907bf784afb5ff9c0,2499,"{""lemma"": ""gratitude""}",gratitude,,,
cet4_endict_2016_expanded.json,50143a67069cd69c0ce1221a6f7bb554b992b3295322344907bf784afb5ff9c0,2500,"{""lemma"": ""grave""}",grave,,,
cet4_endict_2016_expanded.json,50143a67069cd69c0ce1221a6f7bb554b992b3295322344907bf784afb5ff9c0,2501,"{""lemma"": ""gravitation""}",gravitation,,,
cet4_endict_2016_expanded.json,50143a67069cd69c0ce1221a6f7bb554b992b3295322344907bf784afb5ff9c0,2502,"{""lemma"": ""gravity""}",gravity,,,
cet4_endict_2016_expanded.json,50143a67069cd69c0ce1221a6f7bb554b992b3295322344907bf784afb5ff9c0,2503,"{""lemma"": ""great""}",great,,,
cet4_endict_2016_expanded.json,50143a67069cd69c0ce1221a6f7bb554b992b3295322344907bf784afb5ff9c0,2504,"{""lemma"": ""green""}",green,,,
cet4_endict_2016_expanded.json,50143a67069cd69c0ce1221a6f7bb554b992b3295322344907bf784afb5ff9c0,2505,"{""lemma"": ""greenhouse""}",greenhouse,,,
cet4_endict_2016_expanded.json,50143a67069cd69c0ce1221a6f7bb554b992b3295322344907bf784afb5ff9c0,2506,"{""lemma"": ""greet""}",greet,,,
cet4_endict_2016_expanded.json,50143a67069cd69c0ce1221a6f7bb554b992b3295322344907bf784afb5ff9c0,2507,"{""lemma"": ""greeting""}",greeting,,,
cet4_endict_2016_expanded.json,50143a67069cd69c0ce1221a6f7bb554b992b3295322344907bf784afb5ff9c0,2508,"{""lemma"": ""grey""}",grey,,,
cet4_endict_2016_expanded.json,50143a67069cd69c0ce1221a6f7bb554b992b3295322344907bf784afb5ff9c0,2509,"{""lemma"": ""grief""}",grief,,,
cet4_endict_2016_expanded.json,50143a67069cd69c0ce1221a6f7bb554b992b3295322344907bf784afb5ff9c0,2510,"{""lemma"": ""grieve""}",grieve,,,
cet4_endict_2016_expanded.json,50143a67069cd69c0ce1221a6f7bb554b992b3295322344907bf784afb5ff9c0,2511,"{""lemma"": ""grievous""}",grievous,,,
cet4_endict_2016_expanded.json,50143a67069cd69c0ce1221a6f7bb554b992b3295322344907bf784afb5ff9c0,2512,"{""lemma"": ""grin""}",grin,,,
cet4_endict_2016_expanded.json,50143a67069cd69c0ce1221a6f7bb554b992b3295322344907bf784afb5ff9c0,2513,"{""lemma"": ""grind""}",grind,,,
cet4_endict_2016_expanded.json,50143a67069cd69c0ce1221a6f7bb554b992b3295322344907bf784afb5ff9c0,2514,"{""lemma"": ""grip""}",grip,,,
cet4_endict_2016_expanded.json,50143a67069cd69c0ce1221a6f7bb554b992b3295322344907bf784afb5ff9c0,2515,"{""lemma"": ""grocer""}",grocer,,,
cet4_endict_2016_expanded.json,50143a67069cd69c0ce1221a6f7bb554b992b3295322344907bf784afb5ff9c0,2516,"{""lemma"": ""grocery""}",grocery,,,
cet4_endict_2016_expanded.json,50143a67069cd69c0ce1221a6f7bb554b992b3295322344907bf784afb5ff9c0,2517,"{""lemma"": ""gross""}",gross,,,
cet4_endict_2016_expanded.json,50143a67069cd69c0ce1221a6f7bb554b992b3295322344907bf784afb5ff9c0,2518,"{""lemma"": ""ground""}",ground,,,
cet4_endict_2016_expanded.json,50143a67069cd69c0ce1221a6f7bb554b992b3295322344907bf784afb5ff9c0,2519,"{""lemma"": ""group""}",group,,,
cet4_endict_2016_expanded.json,50143a67069cd69c0ce1221a6f7bb554b992b3295322344907bf784afb5ff9c0,2520,"{""lemma"": ""grow""}",grow,,,
cet4_endict_2016_expanded.json,50143a67069cd69c0ce1221a6f7bb554b992b3295322344907bf784afb5ff9c0,2521,"{""lemma"": ""growth""}",growth,,,
cet4_endict_2016_expanded.json,50143a67069cd69c0ce1221a6f7bb554b992b3295322344907bf784afb5ff9c0,2522,"{""lemma"": ""guarantee""}",guarantee,,,
cet4_endict_2016_expanded.json,50143a67069cd69c0ce1221a6f7bb554b992b3295322344907bf784afb5ff9c0,2523,"{""lemma"": ""guard""}",guard,,,
cet4_endict_2016_expanded.json,50143a67069cd69c0ce1221a6f7bb554b992b3295322344907bf784afb5ff9c0,2524,"{""lemma"": ""guardian""}",guardian,,,
cet4_endict_2016_expanded.json,50143a67069cd69c0ce1221a6f7bb554b992b3295322344907bf784afb5ff9c0,2525,"{""lemma"": ""guess""}",guess,,,
cet4_endict_2016_expanded.json,50143a67069cd69c0ce1221a6f7bb554b992b3295322344907bf784afb5ff9c0,2526,"{""lemma"": ""guest""}",guest,,,
cet4_endict_2016_expanded.json,50143a67069cd69c0ce1221a6f7bb554b992b3295322344907bf784afb5ff9c0,2527,"{""lemma"": ""guidance""}",guidance,,,
cet4_endict_2016_expanded.json,50143a67069cd69c0ce1221a6f7bb554b992b3295322344907bf784afb5ff9c0,2528,"{""lemma"": ""guide""}",guide,,,
cet4_endict_2016_expanded.json,50143a67069cd69c0ce1221a6f7bb554b992b3295322344907bf784afb5ff9c0,2529,"{""lemma"": ""guideline""}",guideline,,,
cet4_endict_2016_expanded.json,50143a67069cd69c0ce1221a6f7bb554b992b3295322344907bf784afb5ff9c0,2530,"{""lemma"": ""guilt""}",guilt,,,
cet4_endict_2016_expanded.json,50143a67069cd69c0ce1221a6f7bb554b992b3295322344907bf784afb5ff9c0,2531,"{""lemma"": ""guilty""}",guilty,,,
cet4_endict_2016_expanded.json,50143a67069cd69c0ce1221a6f7bb554b992b3295322344907bf784afb5ff9c0,2532,"{""lemma"": ""guitar""}",guitar,,,
cet4_endict_2016_expanded.json,50143a67069cd69c0ce1221a6f7bb554b992b3295322344907bf784afb5ff9c0,2533,"{""lemma"": ""guitarist""}",guitarist,,,
cet4_endict_2016_expanded.json,50143a67069cd69c0ce1221a6f7bb554b992b3295322344907bf784afb5ff9c0,2534,"{""lemma"": ""gulf""}",gulf,,,
cet4_endict_2016_expanded.json,50143a67069cd69c0ce1221a6f7bb554b992b3295322344907bf784afb5ff9c0,2535,"{""lemma"": ""gum""}",gum,,,
cet4_endict_2016_expanded.json,50143a67069cd69c0ce1221a6f7bb554b992b3295322344907bf784afb5ff9c0,2536,"{""lemma"": ""gun""}",gun,,,
cet4_endict_2016_expanded.json,50143a67069cd69c0ce1221a6f7bb554b992b3295322344907bf784afb5ff9c0,2537,"{""lemma"": ""gut""}",gut,,,
cet4_endict_2016_expanded.json,50143a67069cd69c0ce1221a6f7bb554b992b3295322344907bf784afb5ff9c0,2538,"{""lemma"": ""guy""}",guy,,,
cet4_endict_2016_expanded.json,50143a67069cd69c0ce1221a6f7bb554b992b3295322344907bf784afb5ff9c0,2539,"{""lemma"": ""gym""}",gym,,,
cet4_endict_2016_expanded.json,50143a67069cd69c0ce1221a6f7bb554b992b3295322344907bf784afb5ff9c0,2540,"{""lemma"": ""gymnasium""}",gymnasium,,,
cet4_endict_2016_expanded.json,50143a67069cd69c0ce1221a6f7bb554b992b3295322344907bf784afb5ff9c0,2541,"{""lemma"": ""habit""}",habit,,,
cet4_endict_2016_expanded.json,50143a67069cd69c0ce1221a6f7bb554b992b3295322344907bf784afb5ff9c0,2542,"{""lemma"": ""habitat""}",habitat,,,
cet4_endict_2016_expanded.json,50143a67069cd69c0ce1221a6f7bb554b992b3295322344907bf784afb5ff9c0,2543,"{""lemma"": ""habitual""}",habitual,,,
cet4_endict_2016_expanded.json,50143a67069cd69c0ce1221a6f7bb554b992b3295322344907bf784afb5ff9c0,2544,"{""lemma"": ""hack""}",hack,,,
cet4_endict_2016_expanded.json,50143a67069cd69c0ce1221a6f7bb554b992b3295322344907bf784afb5ff9c0,2545,"{""lemma"": ""hacker""}",hacker,,,
cet4_endict_2016_expanded.json,50143a67069cd69c0ce1221a6f7bb554b992b3295322344907bf784afb5ff9c0,2546,"{""lemma"": ""hail""}",hail,,,
cet4_endict_2016_expanded.json,50143a67069cd69c0ce1221a6f7bb554b992b3295322344907bf784afb5ff9c0,2547,"{""lemma"": ""hair""}",hair,,,
cet4_endict_2016_expanded.json,50143a67069cd69c0ce1221a6f7bb554b992b3295322344907bf784afb5ff9c0,2548,"{""lemma"": ""hairy""}",hairy,,,
cet4_endict_2016_expanded.json,50143a67069cd69c0ce1221a6f7bb554b992b3295322344907bf784afb5ff9c0,2549,"{""lemma"": ""half""}",half,,,
cet4_endict_2016_expanded.json,50143a67069cd69c0ce1221a6f7bb554b992b3295322344907bf784afb5ff9c0,2550,"{""lemma"": ""halfway""}",halfway,,,
cet4_endict_2016_expanded.json,50143a67069cd69c0ce1221a6f7bb554b992b3295322344907bf784afb5ff9c0,2551,"{""lemma"": ""hall""}",hall,,,
cet4_endict_2016_expanded.json,50143a67069cd69c0ce1221a6f7bb554b992b3295322344907bf784afb5ff9c0,2552,"{""lemma"": ""halt""}",halt,,,
cet4_endict_2016_expanded.json,50143a67069cd69c0ce1221a6f7bb554b992b3295322344907bf784afb5ff9c0,2553,"{""lemma"": ""ham""}",ham,,,
cet4_endict_2016_expanded.json,50143a67069cd69c0ce1221a6f7bb554b992b3295322344907bf784afb5ff9c0,2554,"{""lemma"": ""hamburger""}",hamburger,,,
cet4_endict_2016_expanded.json,50143a67069cd69c0ce1221a6f7bb554b992b3295322344907bf784afb5ff9c0,2555,"{""lemma"": ""hammer""}",hammer,,,
cet4_endict_2016_expanded.json,50143a67069cd69c0ce1221a6f7bb554b992b3295322344907bf784afb5ff9c0,2556,"{""lemma"": ""hand""}",hand,,,
cet4_endict_2016_expanded.json,50143a67069cd69c0ce1221a6f7bb554b992b3295322344907bf784afb5ff9c0,2557,"{""lemma"": ""handbook""}",handbook,,,
cet4_endict_2016_expanded.json,50143a67069cd69c0ce1221a6f7bb554b992b3295322344907bf784afb5ff9c0,2558,"{""lemma"": ""handful""}",handful,,,
cet4_endict_2016_expanded.json,50143a67069cd69c0ce1221a6f7bb554b992b3295322344907bf784afb5ff9c0,2559,"{""lemma"": ""handicap""}",handicap,,,
cet4_endict_2016_expanded.json,50143a67069cd69c0ce1221a6f7bb554b992b3295322344907bf784afb5ff9c0,2560,"{""lemma"": ""handicapped""}",handicapped,,,
cet4_endict_2016_expanded.json,50143a67069cd69c0ce1221a6f7bb554b992b3295322344907bf784afb5ff9c0,2561,"{""lemma"": ""handle""}",handle,,,
cet4_endict_2016_expanded.json,50143a67069cd69c0ce1221a6f7bb554b992b3295322344907bf784afb5ff9c0,2562,"{""lemma"": ""handsome""}",handsome,,,
cet4_endict_2016_expanded.json,50143a67069cd69c0ce1221a6f7bb554b992b3295322344907bf784afb5ff9c0,2563,"{""lemma"": ""handwriting""}",handwriting,,,
cet4_endict_2016_expanded.json,50143a67069cd69c0ce1221a6f7bb554b992b3295322344907bf784afb5ff9c0,2564,"{""lemma"": ""handy""}",handy,,,
cet4_endict_2016_expanded.json,50143a67069cd69c0ce1221a6f7bb554b992b3295322344907bf784afb5ff9c0,2565,"{""lemma"": ""hang""}",hang,,,
cet4_endict_2016_expanded.json,50143a67069cd69c0ce1221a6f7bb554b992b3295322344907bf784afb5ff9c0,2566,"{""lemma"": ""happen""}",happen,,,
cet4_endict_2016_expanded.json,50143a67069cd69c0ce1221a6f7bb554b992b3295322344907bf784afb5ff9c0,2567,"{""lemma"": ""happily""}",happily,,,
cet4_endict_2016_expanded.json,50143a67069cd69c0ce1221a6f7bb554b992b3295322344907bf784afb5ff9c0,2568,"{""lemma"": ""happiness""}",happiness,,,
cet4_endict_2016_expanded.json,50143a67069cd69c0ce1221a6f7bb554b992b3295322344907bf784afb5ff9c0,2569,"{""lemma"": ""happy""}",happy,,,
cet4_endict_2016_expanded.json,50143a67069cd69c0ce1221a6f7bb554b992b3295322344907bf784afb5ff9c0,2570,"{""lemma"": ""harbor""}",harbor,,,
cet4_endict_2016_expanded.json,50143a67069cd69c0ce1221a6f7bb554b992b3295322344907bf784afb5ff9c0,2571,"{""lemma"": ""hard""}",hard,,,
cet4_endict_2016_expanded.json,50143a67069cd69c0ce1221a6f7bb554b992b3295322344907bf784afb5ff9c0,2572,"{""lemma"": ""harden""}",harden,,,
cet4_endict_2016_expanded.json,50143a67069cd69c0ce1221a6f7bb554b992b3295322344907bf784afb5ff9c0,2573,"{""lemma"": ""hardly""}",hardly,,,
cet4_endict_2016_expanded.json,50143a67069cd69c0ce1221a6f7bb554b992b3295322344907bf784afb5ff9c0,2574,"{""lemma"": ""hardship""}",hardship,,,
cet4_endict_2016_expanded.json,50143a67069cd69c0ce1221a6f7bb554b992b3295322344907bf784afb5ff9c0,2575,"{""lemma"": ""hardware""}",hardware,,,
cet4_endict_2016_expanded.json,50143a67069cd69c0ce1221a6f7bb554b992b3295322344907bf784afb5ff9c0,2576,"{""lemma"": ""harm""}",harm,,,
cet4_endict_2016_expanded.json,50143a67069cd69c0ce1221a6f7bb554b992b3295322344907bf784afb5ff9c0,2577,"{""lemma"": ""harmful""}",harmful,,,
cet4_endict_2016_expanded.json,50143a67069cd69c0ce1221a6f7bb554b992b3295322344907bf784afb5ff9c0,2578,"{""lemma"": ""harmless""}",harmless,,,
cet4_endict_2016_expanded.json,50143a67069cd69c0ce1221a6f7bb554b992b3295322344907bf784afb5ff9c0,2579,"{""lemma"": ""harmonious""}",harmonious,,,
cet4_endict_2016_expanded.json,50143a67069cd69c0ce1221a6f7bb554b992b3295322344907bf784afb5ff9c0,2580,"{""lemma"": ""harmony""}",harmony,,,
cet4_endict_2016_expanded.json,50143a67069cd69c0ce1221a6f7bb554b992b3295322344907bf784afb5ff9c0,2581,"{""lemma"": ""harness""}",harness,,,
cet4_endict_2016_expanded.json,50143a67069cd69c0ce1221a6f7bb554b992b3295322344907bf784afb5ff9c0,2582,"{""lemma"": ""harsh""}",harsh,,,
cet4_endict_2016_expanded.json,50143a67069cd69c0ce1221a6f7bb554b992b3295322344907bf784afb5ff9c0,2583,"{""lemma"": ""harvest""}",harvest,,,
cet4_endict_2016_expanded.json,50143a67069cd69c0ce1221a6f7bb554b992b3295322344907bf784afb5ff9c0,2584,"{""lemma"": ""haste""}",haste,,,
cet4_endict_2016_expanded.json,50143a67069cd69c0ce1221a6f7bb554b992b3295322344907bf784afb5ff9c0,2585,"{""lemma"": ""hasten""}",hasten,,,
cet4_endict_2016_expanded.json,50143a67069cd69c0ce1221a6f7bb554b992b3295322344907bf784afb5ff9c0,2586,"{""lemma"": ""hasty""}",hasty,,,
cet4_endict_2016_expanded.json,50143a67069cd69c0ce1221a6f7bb554b992b3295322344907bf784afb5ff9c0,2587,"{""lemma"": ""hat""}",hat,,,
cet4_endict_2016_expanded.json,50143a67069cd69c0ce1221a6f7bb554b992b3295322344907bf784afb5ff9c0,2588,"{""lemma"": ""hatch""}",hatch,,,
cet4_endict_2016_expanded.json,50143a67069cd69c0ce1221a6f7bb554b992b3295322344907bf784afb5ff9c0,2589,"{""lemma"": ""hate""}",hate,,,
cet4_endict_2016_expanded.json,50143a67069cd69c0ce1221a6f7bb554b992b3295322344907bf784afb5ff9c0,2590,"{""lemma"": ""hateful""}",hateful,,,
cet4_endict_2016_expanded.json,50143a67069cd69c0ce1221a6f7bb554b992b3295322344907bf784afb5ff9c0,2591,"{""lemma"": ""hatred""}",hatred,,,
cet4_endict_2016_expanded.json,50143a67069cd69c0ce1221a6f7bb554b992b3295322344907bf784afb5ff9c0,2592,"{""lemma"": ""haul""}",haul,,,
cet4_endict_2016_expanded.json,50143a67069cd69c0ce1221a6f7bb554b992b3295322344907bf784afb5ff9c0,2593,"{""lemma"": ""haunt""}",haunt,,,
cet4_endict_2016_expanded.json,50143a67069cd69c0ce1221a6f7bb554b992b3295322344907bf784afb5ff9c0,2594,"{""lemma"": ""have""}",have,,,
cet4_endict_2016_expanded.json,50143a67069cd69c0ce1221a6f7bb554b992b3295322344907bf784afb5ff9c0,2595,"{""lemma"": ""hay""}",hay,,,
cet4_endict_2016_expanded.json,50143a67069cd69c0ce1221a6f7bb554b992b3295322344907bf784afb5ff9c0,2596,"{""lemma"": ""hazard""}",hazard,,,
cet4_endict_2016_expanded.json,50143a67069cd69c0ce1221a6f7bb554b992b3295322344907bf784afb5ff9c0,2597,"{""lemma"": ""hazardous""}",hazardous,,,
cet4_endict_2016_expanded.json,50143a67069cd69c0ce1221a6f7bb554b992b3295322344907bf784afb5ff9c0,2598,"{""lemma"": ""haze""}",haze,,,
cet4_endict_2016_expanded.json,50143a67069cd69c0ce1221a6f7bb554b992b3295322344907bf784afb5ff9c0,2599,"{""lemma"": ""hazy""}",hazy,,,
cet4_endict_2016_expanded.json,50143a67069cd69c0ce1221a6f7bb554b992b3295322344907bf784afb5ff9c0,2600,"{""lemma"": ""he""}",he,,,
cet4_endict_2016_expanded.json,50143a67069cd69c0ce1221a6f7bb554b992b3295322344907bf784afb5ff9c0,2601,"{""lemma"": ""head""}",head,,,
cet4_endict_2016_expanded.json,50143a67069cd69c0ce1221a6f7bb554b992b3295322344907bf784afb5ff9c0,2602,"{""lemma"": ""headache""}",headache,,,
cet4_endict_2016_expanded.json,50143a67069cd69c0ce1221a6f7bb554b992b3295322344907bf784afb5ff9c0,2603,"{""lemma"": ""heading""}",heading,,,
cet4_endict_2016_expanded.json,50143a67069cd69c0ce1221a6f7bb554b992b3295322344907bf784afb5ff9c0,2604,"{""lemma"": ""headline""}",headline,,,
cet4_endict_2016_expanded.json,50143a67069cd69c0ce1221a6f7bb554b992b3295322344907bf784afb5ff9c0,2605,"{""lemma"": ""headmaster""}",headmaster,,,
cet4_endict_2016_expanded.json,50143a67069cd69c0ce1221a6f7bb554b992b3295322344907bf784afb5ff9c0,2606,"{""lemma"": ""headmistress""}",headmistress,,,
cet4_endict_2016_expanded.json,50143a67069cd69c0ce1221a6f7bb554b992b3295322344907bf784afb5ff9c0,2607,"{""lemma"": ""headquarters""}",headquarters,,,
cet4_endict_2016_expanded.json,50143a67069cd69c0ce1221a6f7bb554b992b3295322344907bf784afb5ff9c0,2608,"{""lemma"": ""heal""}",heal,,,
cet4_endict_2016_expanded.json,50143a67069cd69c0ce1221a6f7bb554b992b3295322344907bf784afb5ff9c0,2609,"{""lemma"": ""health""}",health,,,
cet4_endict_2016_expanded.json,50143a67069cd69c0ce1221a6f7bb554b992b3295322344907bf784afb5ff9c0,2610,"{""lemma"": ""healthful""}",healthful,,,
cet4_endict_2016_expanded.json,50143a67069cd69c0ce1221a6f7bb554b992b3295322344907bf784afb5ff9c0,2611,"{""lemma"": ""healthy""}",healthy,,,
cet4_endict_2016_expanded.json,50143a67069cd69c0ce1221a6f7bb554b992b3295322344907bf784afb5ff9c0,2612,"{""lemma"": ""heap""}",heap,,,
cet4_endict_2016_expanded.json,50143a67069cd69c0ce1221a6f7bb554b992b3295322344907bf784afb5ff9c0,2613,"{""lemma"": ""hear""}",hear,,,
cet4_endict_2016_expanded.json,50143a67069cd69c0ce1221a6f7bb554b992b3295322344907bf784afb5ff9c0,2614,"{""lemma"": ""hearing""}",hearing,,,
cet4_endict_2016_expanded.json,50143a67069cd69c0ce1221a6f7bb554b992b3295322344907bf784afb5ff9c0,2615,"{""lemma"": ""heart""}",heart,,,
cet4_endict_2016_expanded.json,50143a67069cd69c0ce1221a6f7bb554b992b3295322344907bf784afb5ff9c0,2616,"{""lemma"": ""heartfelt""}",heartfelt,,,
cet4_endict_2016_expanded.json,50143a67069cd69c0ce1221a6f7bb554b992b3295322344907bf784afb5ff9c0,2617,"{""lemma"": ""hearty""}",hearty,,,
cet4_endict_2016_expanded.json,50143a67069cd69c0ce1221a6f7bb554b992b3295322344907bf784afb5ff9c0,2618,"{""lemma"": ""heat""}",heat,,,
cet4_endict_2016_expanded.json,50143a67069cd69c0ce1221a6f7bb554b992b3295322344907bf784afb5ff9c0,2619,"{""lemma"": ""heated""}",heated,,,
cet4_endict_2016_expanded.json,50143a67069cd69c0ce1221a6f7bb554b992b3295322344907bf784afb5ff9c0,2620,"{""lemma"": ""heating""}",heating,,,
cet4_endict_2016_expanded.json,50143a67069cd69c0ce1221a6f7bb554b992b3295322344907bf784afb5ff9c0,2621,"{""lemma"": ""heaven""}",heaven,,,
cet4_endict_2016_expanded.json,50143a67069cd69c0ce1221a6f7bb554b992b3295322344907bf784afb5ff9c0,2622,"{""lemma"": ""heavy""}",heavy,,,
cet4_endict_2016_expanded.json,50143a67069cd69c0ce1221a6f7bb554b992b3295322344907bf784afb5ff9c0,2623,"{""lemma"": ""hectare""}",hectare,,,
cet4_endict_2016_expanded.json,50143a67069cd69c0ce1221a6f7bb554b992b3295322344907bf784afb5ff9c0,2624,"{""lemma"": ""hedge""}",hedge,,,
cet4_endict_2016_expanded.json,50143a67069cd69c0ce1221a6f7bb554b992b3295322344907bf784afb5ff9c0,2625,"{""lemma"": ""heel""}",heel,,,
cet4_endict_2016_expanded.json,50143a67069cd69c0ce1221a6f7bb554b992b3295322344907bf784afb5ff9c0,2626,"{""lemma"": ""height""}",height,,,
cet4_endict_2016_expanded.json,50143a67069cd69c0ce1221a6f7bb554b992b3295322344907bf784afb5ff9c0,2627,"{""lemma"": ""heighten""}",heighten,,,
cet4_endict_2016_expanded.json,50143a67069cd69c0ce1221a6f7bb554b992b3295322344907bf784afb5ff9c0,2628,"{""lemma"": ""heir""}",heir,,,
cet4_endict_2016_expanded.json,50143a67069cd69c0ce1221a6f7bb554b992b3295322344907bf784afb5ff9c0,2629,"{""lemma"": ""heiress""}",heiress,,,
cet4_endict_2016_expanded.json,50143a67069cd69c0ce1221a6f7bb554b992b3295322344907bf784afb5ff9c0,2630,"{""lemma"": ""helicopter""}",helicopter,,,
cet4_endict_2016_expanded.json,50143a67069cd69c0ce1221a6f7bb554b992b3295322344907bf784afb5ff9c0,2631,"{""lemma"": ""hell""}",hell,,,
cet4_endict_2016_expanded.json,50143a67069cd69c0ce1221a6f7bb554b992b3295322344907bf784afb5ff9c0,2632,"{""lemma"": ""hello""}",hello,,,
cet4_endict_2016_expanded.json,50143a67069cd69c0ce1221a6f7bb554b992b3295322344907bf784afb5ff9c0,2633,"{""lemma"": ""help""}",help,,,
cet4_endict_2016_expanded.json,50143a67069cd69c0ce1221a6f7bb554b992b3295322344907bf784afb5ff9c0,2634,"{""lemma"": ""helpful""}",helpful,,,
cet4_endict_2016_expanded.json,50143a67069cd69c0ce1221a6f7bb554b992b3295322344907bf784afb5ff9c0,2635,"{""lemma"": ""helpless""}",helpless,,,
cet4_endict_2016_expanded.json,50143a67069cd69c0ce1221a6f7bb554b992b3295322344907bf784afb5ff9c0,2636,"{""lemma"": ""hen""}",hen,,,
cet4_endict_2016_expanded.json,50143a67069cd69c0ce1221a6f7bb554b992b3295322344907bf784afb5ff9c0,2637,"{""lemma"": ""hence""}",hence,,,
cet4_endict_2016_expanded.json,50143a67069cd69c0ce1221a6f7bb554b992b3295322344907bf784afb5ff9c0,2638,"{""lemma"": ""her""}",her,,,
cet4_endict_2016_expanded.json,50143a67069cd69c0ce1221a6f7bb554b992b3295322344907bf784afb5ff9c0,2639,"{""lemma"": ""herd""}",herd,,,
cet4_endict_2016_expanded.json,50143a67069cd69c0ce1221a6f7bb554b992b3295322344907bf784afb5ff9c0,2640,"{""lemma"": ""here""}",here,,,
cet4_endict_2016_expanded.json,50143a67069cd69c0ce1221a6f7bb554b992b3295322344907bf784afb5ff9c0,2641,"{""lemma"": ""hereby""}",hereby,,,
cet4_endict_2016_expanded.json,50143a67069cd69c0ce1221a6f7bb554b992b3295322344907bf784afb5ff9c0,2642,"{""lemma"": ""heritage""}",heritage,,,
cet4_endict_2016_expanded.json,50143a67069cd69c0ce1221a6f7bb554b992b3295322344907bf784afb5ff9c0,2643,"{""lemma"": ""hero""}",hero,,,
cet4_endict_2016_expanded.json,50143a67069cd69c0ce1221a6f7bb554b992b3295322344907bf784afb5ff9c0,2644,"{""lemma"": ""heroic""}",heroic,,,
cet4_endict_2016_expanded.json,50143a67069cd69c0ce1221a6f7bb554b992b3295322344907bf784afb5ff9c0,2645,"{""lemma"": ""heroine""}",heroine,,,
cet4_endict_2016_expanded.json,50143a67069cd69c0ce1221a6f7bb554b992b3295322344907bf784afb5ff9c0,2646,"{""lemma"": ""heroism""}",heroism,,,
cet4_endict_2016_expanded.json,50143a67069cd69c0ce1221a6f7bb554b992b3295322344907bf784afb5ff9c0,2647,"{""lemma"": ""hers""}",hers,,,
cet4_endict_2016_expanded.json,50143a67069cd69c0ce1221a6f7bb554b992b3295322344907bf784afb5ff9c0,2648,"{""lemma"": ""herself""}",herself,,,
cet4_endict_2016_expanded.json,50143a67069cd69c0ce1221a6f7bb554b992b3295322344907bf784afb5ff9c0,2649,"{""lemma"": ""hesitant""}",hesitant,,,
cet4_endict_2016_expanded.json,50143a67069cd69c0ce1221a6f7bb554b992b3295322344907bf784afb5ff9c0,2650,"{""lemma"": ""hesitate""}",hesitate,,,
cet4_endict_2016_expanded.json,50143a67069cd69c0ce1221a6f7bb554b992b3295322344907bf784afb5ff9c0,2651,"{""lemma"": ""hesitation""}",hesitation,,,
cet4_endict_2016_expanded.json,50143a67069cd69c0ce1221a6f7bb554b992b3295322344907bf784afb5ff9c0,2652,"{""lemma"": ""hi""}",hi,,,
cet4_endict_2016_expanded.json,50143a67069cd69c0ce1221a6f7bb554b992b3295322344907bf784afb5ff9c0,2653,"{""lemma"": ""hide""}",hide,,,
cet4_endict_2016_expanded.json,50143a67069cd69c0ce1221a6f7bb554b992b3295322344907bf784afb5ff9c0,2654,"{""lemma"": ""hiding""}",hiding,,,
cet4_endict_2016_expanded.json,50143a67069cd69c0ce1221a6f7bb554b992b3295322344907bf784afb5ff9c0,2655,"{""lemma"": ""high""}",high,,,
cet4_endict_2016_expanded.json,50143a67069cd69c0ce1221a6f7bb554b992b3295322344907bf784afb5ff9c0,2656,"{""lemma"": ""high-tech""}",high-tech,,,
cet4_endict_2016_expanded.json,50143a67069cd69c0ce1221a6f7bb554b992b3295322344907bf784afb5ff9c0,2657,"{""lemma"": ""highlight""}",highlight,,,
cet4_endict_2016_expanded.json,50143a67069cd69c0ce1221a6f7bb554b992b3295322344907bf784afb5ff9c0,2658,"{""lemma"": ""highly""}",highly,,,
cet4_endict_2016_expanded.json,50143a67069cd69c0ce1221a6f7bb554b992b3295322344907bf784afb5ff9c0,2659,"{""lemma"": ""highway""}",highway,,,
cet4_endict_2016_expanded.json,50143a67069cd69c0ce1221a6f7bb554b992b3295322344907bf784afb5ff9c0,2660,"{""lemma"": ""hijack""}",hijack,,,
cet4_endict_2016_expanded.json,50143a67069cd69c0ce1221a6f7bb554b992b3295322344907bf784afb5ff9c0,2661,"{""lemma"": ""hill""}",hill,,,
cet4_endict_2016_expanded.json,50143a67069cd69c0ce1221a6f7bb554b992b3295322344907bf784afb5ff9c0,2662,"{""lemma"": ""hilly""}",hilly,,,
cet4_endict_2016_expanded.json,50143a67069cd69c0ce1221a6f7bb554b992b3295322344907bf784afb5ff9c0,2663,"{""lemma"": ""him""}",him,,,
cet4_endict_2016_expanded.json,50143a67069cd69c0ce1221a6f7bb554b992b3295322344907bf784afb5ff9c0,2664,"{""lemma"": ""himself""}",himself,,,
cet4_endict_2016_expanded.json,50143a67069cd69c0ce1221a6f7bb554b992b3295322344907bf784afb5ff9c0,2665,"{""lemma"": ""hinder""}",hinder,,,
cet4_endict_2016_expanded.json,50143a67069cd69c0ce1221a6f7bb554b992b3295322344907bf784afb5ff9c0,2666,"{""lemma"": ""hindrance""}",hindrance,,,
cet4_endict_2016_expanded.json,50143a67069cd69c0ce1221a6f7bb554b992b3295322344907bf784afb5ff9c0,2667,"{""lemma"": ""hint""}",hint,,,
cet4_endict_2016_expanded.json,50143a67069cd69c0ce1221a6f7bb554b992b3295322344907bf784afb5ff9c0,2668,"{""lemma"": ""hip""}",hip,,,
cet4_endict_2016_expanded.json,50143a67069cd69c0ce1221a6f7bb554b992b3295322344907bf784afb5ff9c0,2669,"{""lemma"": ""hire""}",hire,,,
cet4_endict_2016_expanded.json,50143a67069cd69c0ce1221a6f7bb554b992b3295322344907bf784afb5ff9c0,2670,"{""lemma"": ""his""}",his,,,
cet4_endict_2016_expanded.json,50143a67069cd69c0ce1221a6f7bb554b992b3295322344907bf784afb5ff9c0,2671,"{""lemma"": ""historian""}",historian,,,
cet4_endict_2016_expanded.json,50143a67069cd69c0ce1221a6f7bb554b992b3295322344907bf784afb5ff9c0,2672,"{""lemma"": ""historic""}",historic,,,
cet4_endict_2016_expanded.json,50143a67069cd69c0ce1221a6f7bb554b992b3295322344907bf784afb5ff9c0,2673,"{""lemma"": ""historical""}",historical,,,
cet4_endict_2016_expanded.json,50143a67069cd69c0ce1221a6f7bb554b992b3295322344907bf784afb5ff9c0,2674,"{""lemma"": ""history""}",history,,,
cet4_endict_2016_expanded.json,50143a67069cd69c0ce1221a6f7bb554b992b3295322344907bf784afb5ff9c0,2675,"{""lemma"": ""hit""}",hit,,,
cet4_endict_2016_expanded.json,50143a67069cd69c0ce1221a6f7bb554b992b3295322344907bf784afb5ff9c0,2676,"{""lemma"": ""hobby""}",hobby,,,
cet4_endict_2016_expanded.json,50143a67069cd69c0ce1221a6f7bb554b992b3295322344907bf784afb5ff9c0,2677,"{""lemma"": ""hold""}",hold,,,
cet4_endict_2016_expanded.json,50143a67069cd69c0ce1221a6f7bb554b992b3295322344907bf784afb5ff9c0,2678,"{""lemma"": ""hole""}",hole,,,
cet4_endict_2016_expanded.json,50143a67069cd69c0ce1221a6f7bb554b992b3295322344907bf784afb5ff9c0,2679,"{""lemma"": ""holiday""}",holiday,,,
cet4_endict_2016_expanded.json,50143a67069cd69c0ce1221a6f7bb554b992b3295322344907bf784afb5ff9c0,2680,"{""lemma"": ""holiness""}",holiness,,,
cet4_endict_2016_expanded.json,50143a67069cd69c0ce1221a6f7bb554b992b3295322344907bf784afb5ff9c0,2681,"{""lemma"": ""hollow""}",hollow,,,
cet4_endict_2016_expanded.json,50143a67069cd69c0ce1221a6f7bb554b992b3295322344907bf784afb5ff9c0,2682,"{""lemma"": ""holy""}",holy,,,
cet4_endict_2016_expanded.json,50143a67069cd69c0ce1221a6f7bb554b992b3295322344907bf784afb5ff9c0,2683,"{""lemma"": ""home""}",home,,,
cet4_endict_2016_expanded.json,50143a67069cd69c0ce1221a6f7bb554b992b3295322344907bf784afb5ff9c0,2684,"{""lemma"": ""homeland""}",homeland,,,
cet4_endict_2016_expanded.json,50143a67069cd69c0ce1221a6f7bb554b992b3295322344907bf784afb5ff9c0,2685,"{""lemma"": ""homeless""}",homeless,,,
cet4_endict_2016_expanded.json,50143a67069cd69c0ce1221a6f7bb554b992b3295322344907bf784afb5ff9c0,2686,"{""lemma"": ""homely""}",homely,,,
cet4_endict_2016_expanded.json,50143a67069cd69c0ce1221a6f7bb554b992b3295322344907bf784afb5ff9c0,2687,"{""lemma"": ""homework""}",homework,,,
cet4_endict_2016_expanded.json,50143a67069cd69c0ce1221a6f7bb554b992b3295322344907bf784afb5ff9c0,2688,"{""lemma"": ""Homo""}",Homo,,,
cet4_endict_2016_expanded.json,50143a67069cd69c0ce1221a6f7bb554b992b3295322344907bf784afb5ff9c0,2689,"{""lemma"": ""homosexual""}",homosexual,,,
cet4_endict_2016_expanded.json,50143a67069cd69c0ce1221a6f7bb554b992b3295322344907bf784afb5ff9c0,2690,"{""lemma"": ""honest""}",honest,,,
cet4_endict_2016_expanded.json,50143a67069cd69c0ce1221a6f7bb554b992b3295322344907bf784afb5ff9c0,2691,"{""lemma"": ""honesty""}",honesty,,,
cet4_endict_2016_expanded.json,50143a67069cd69c0ce1221a6f7bb554b992b3295322344907bf784afb5ff9c0,2692,"{""lemma"": ""honey""}",honey,,,
cet4_endict_2016_expanded.json,50143a67069cd69c0ce1221a6f7bb554b992b3295322344907bf784afb5ff9c0,2693,"{""lemma"": ""honeymoon""}",honeymoon,,,
cet4_endict_2016_expanded.json,50143a67069cd69c0ce1221a6f7bb554b992b3295322344907bf784afb5ff9c0,2694,"{""lemma"": ""honor""}",honor,,,
cet4_endict_2016_expanded.json,50143a67069cd69c0ce1221a6f7bb554b992b3295322344907bf784afb5ff9c0,2695,"{""lemma"": ""honorable""}",honorable,,,
cet4_endict_2016_expanded.json,50143a67069cd69c0ce1221a6f7bb554b992b3295322344907bf784afb5ff9c0,2696,"{""lemma"": ""honorary""}",honorary,,,
cet4_endict_2016_expanded.json,50143a67069cd69c0ce1221a6f7bb554b992b3295322344907bf784afb5ff9c0,2697,"{""lemma"": ""hook""}",hook,,,
cet4_endict_2016_expanded.json,50143a67069cd69c0ce1221a6f7bb554b992b3295322344907bf784afb5ff9c0,2698,"{""lemma"": ""hope""}",hope,,,
cet4_endict_2016_expanded.json,50143a67069cd69c0ce1221a6f7bb554b992b3295322344907bf784afb5ff9c0,2699,"{""lemma"": ""hopeful""}",hopeful,,,
cet4_endict_2016_expanded.json,50143a67069cd69c0ce1221a6f7bb554b992b3295322344907bf784afb5ff9c0,2700,"{""lemma"": ""hopeless""}",hopeless,,,
cet4_endict_2016_expanded.json,50143a67069cd69c0ce1221a6f7bb554b992b3295322344907bf784afb5ff9c0,2701,"{""lemma"": ""horizon""}",horizon,,,
cet4_endict_2016_expanded.json,50143a67069cd69c0ce1221a6f7bb554b992b3295322344907bf784afb5ff9c0,2702,"{""lemma"": ""horizontal""}",horizontal,,,
cet4_endict_2016_expanded.json,50143a67069cd69c0ce1221a6f7bb554b992b3295322344907bf784afb5ff9c0,2703,"{""lemma"": ""horn""}",horn,,,
cet4_endict_2016_expanded.json,50143a67069cd69c0ce1221a6f7bb554b992b3295322344907bf784afb5ff9c0,2704,"{""lemma"": ""horrible""}",horrible,,,
cet4_endict_2016_expanded.json,50143a67069cd69c0ce1221a6f7bb554b992b3295322344907bf784afb5ff9c0,2705,"{""lemma"": ""horrify""}",horrify,,,
cet4_endict_2016_expanded.json,50143a67069cd69c0ce1221a6f7bb554b992b3295322344907bf784afb5ff9c0,2706,"{""lemma"": ""horror""}",horror,,,
cet4_endict_2016_expanded.json,50143a67069cd69c0ce1221a6f7bb554b992b3295322344907bf784afb5ff9c0,2707,"{""lemma"": ""horse""}",horse,,,
cet4_endict_2016_expanded.json,50143a67069cd69c0ce1221a6f7bb554b992b3295322344907bf784afb5ff9c0,2708,"{""lemma"": ""horsepower""}",horsepower,,,
cet4_endict_2016_expanded.json,50143a67069cd69c0ce1221a6f7bb554b992b3295322344907bf784afb5ff9c0,2709,"{""lemma"": ""hospitable""}",hospitable,,,
cet4_endict_2016_expanded.json,50143a67069cd69c0ce1221a6f7bb554b992b3295322344907bf784afb5ff9c0,2710,"{""lemma"": ""hospital""}",hospital,,,
cet4_endict_2016_expanded.json,50143a67069cd69c0ce1221a6f7bb554b992b3295322344907bf784afb5ff9c0,2711,"{""lemma"": ""hospitality""}",hospitality,,,
cet4_endict_2016_expanded.json,50143a67069cd69c0ce1221a6f7bb554b992b3295322344907bf784afb5ff9c0,2712,"{""lemma"": ""hospitalize""}",hospitalize,,,
cet4_endict_2016_expanded.json,50143a67069cd69c0ce1221a6f7bb554b992b3295322344907bf784afb5ff9c0,2713,"{""lemma"": ""host""}",host,,,
cet4_endict_2016_expanded.json,50143a67069cd69c0ce1221a6f7bb554b992b3295322344907bf784afb5ff9c0,2714,"{""lemma"": ""hostess""}",hostess,,,
cet4_endict_2016_expanded.json,50143a67069cd69c0ce1221a6f7bb554b992b3295322344907bf784afb5ff9c0,2715,"{""lemma"": ""hostile""}",hostile,,,
cet4_endict_2016_expanded.json,50143a67069cd69c0ce1221a6f7bb554b992b3295322344907bf784afb5ff9c0,2716,"{""lemma"": ""hostility""}",hostility,,,
cet4_endict_2016_expanded.json,50143a67069cd69c0ce1221a6f7bb554b992b3295322344907bf784afb5ff9c0,2717,"{""lemma"": ""hot""}",hot,,,
cet4_endict_2016_expanded.json,50143a67069cd69c0ce1221a6f7bb554b992b3295322344907bf784afb5ff9c0,2718,"{""lemma"": ""hotdog""}",hotdog,,,
cet4_endict_2016_expanded.json,50143a67069cd69c0ce1221a6f7bb554b992b3295322344907bf784afb5ff9c0,2719,"{""lemma"": ""hotel""}",hotel,,,
cet4_endict_2016_expanded.json,50143a67069cd69c0ce1221a6f7bb554b992b3295322344907bf784afb5ff9c0,2720,"{""lemma"": ""hour""}",hour,,,
cet4_endict_2016_expanded.json,50143a67069cd69c0ce1221a6f7bb554b992b3295322344907bf784afb5ff9c0,2721,"{""lemma"": ""hourly""}",hourly,,,
cet4_endict_2016_expanded.json,50143a67069cd69c0ce1221a6f7bb554b992b3295322344907bf784afb5ff9c0,2722,"{""lemma"": ""house""}",house,,,
cet4_endict_2016_expanded.json,50143a67069cd69c0ce1221a6f7bb554b992b3295322344907bf784afb5ff9c0,2723,"{""lemma"": ""household""}",household,,,
cet4_endict_2016_expanded.json,50143a67069cd69c0ce1221a6f7bb554b992b3295322344907bf784afb5ff9c0,2724,"{""lemma"": ""housewife""}",housewife,,,
cet4_endict_2016_expanded.json,50143a67069cd69c0ce1221a6f7bb554b992b3295322344907bf784afb5ff9c0,2725,"{""lemma"": ""housework""}",housework,,,
cet4_endict_2016_expanded.json,50143a67069cd69c0ce1221a6f7bb554b992b3295322344907bf784afb5ff9c0,2726,"{""lemma"": ""housing""}",housing,,,
cet4_endict_2016_expanded.json,50143a67069cd69c0ce1221a6f7bb554b992b3295322344907bf784afb5ff9c0,2727,"{""lemma"": ""how""}",how,,,
cet4_endict_2016_expanded.json,50143a67069cd69c0ce1221a6f7bb554b992b3295322344907bf784afb5ff9c0,2728,"{""lemma"": ""however""}",however,,,
cet4_endict_2016_expanded.json,50143a67069cd69c0ce1221a6f7bb554b992b3295322344907bf784afb5ff9c0,2729,"{""lemma"": ""hug""}",hug,,,
cet4_endict_2016_expanded.json,50143a67069cd69c0ce1221a6f7bb554b992b3295322344907bf784afb5ff9c0,2730,"{""lemma"": ""huge""}",huge,,,
cet4_endict_2016_expanded.json,50143a67069cd69c0ce1221a6f7bb554b992b3295322344907bf784afb5ff9c0,2731,"{""lemma"": ""human""}",human,,,
cet4_endict_2016_expanded.json,50143a67069cd69c0ce1221a6f7bb554b992b3295322344907bf784afb5ff9c0,2732,"{""lemma"": ""humanity""}",humanity,,,
cet4_endict_2016_expanded.json,50143a67069cd69c0ce1221a6f7bb554b992b3295322344907bf784afb5ff9c0,2733,"{""lemma"": ""humble""}",humble,,,
cet4_endict_2016_expanded.json,50143a67069cd69c0ce1221a6f7bb554b992b3295322344907bf784afb5ff9c0,2734,"{""lemma"": ""humor""}",humor,,,
cet4_endict_2016_expanded.json,50143a67069cd69c0ce1221a6f7bb554b992b3295322344907bf784afb5ff9c0,2735,"{""lemma"": ""humorous""}",humorous,,,
cet4_endict_2016_expanded.json,50143a67069cd69c0ce1221a6f7bb554b992b3295322344907bf784afb5ff9c0,2736,"{""lemma"": ""hundred""}",hundred,,,
cet4_endict_2016_expanded.json,50143a67069cd69c0ce1221a6f7bb554b992b3295322344907bf784afb5ff9c0,2737,"{""lemma"": ""hunger""}",hunger,,,
cet4_endict_2016_expanded.json,50143a67069cd69c0ce1221a6f7bb554b992b3295322344907bf784afb5ff9c0,2738,"{""lemma"": ""hungry""}",hungry,,,
cet4_endict_2016_expanded.json,50143a67069cd69c0ce1221a6f7bb554b992b3295322344907bf784afb5ff9c0,2739,"{""lemma"": ""hunt""}",hunt,,,
cet4_endict_2016_expanded.json,50143a67069cd69c0ce1221a6f7bb554b992b3295322344907bf784afb5ff9c0,2740,"{""lemma"": ""hunter""}",hunter,,,
cet4_endict_2016_expanded.json,50143a67069cd69c0ce1221a6f7bb554b992b3295322344907bf784afb5ff9c0,2741,"{""lemma"": ""hunting""}",hunting,,,
cet4_endict_2016_expanded.json,50143a67069cd69c0ce1221a6f7bb554b992b3295322344907bf784afb5ff9c0,2742,"{""lemma"": ""hurry""}",hurry,,,
cet4_endict_2016_expanded.json,50143a67069cd69c0ce1221a6f7bb554b992b3295322344907bf784afb5ff9c0,2743,"{""lemma"": ""hurt""}",hurt,,,
cet4_endict_2016_expanded.json,50143a67069cd69c0ce1221a6f7bb554b992b3295322344907bf784afb5ff9c0,2744,"{""lemma"": ""hurtful""}",hurtful,,,
cet4_endict_2016_expanded.json,50143a67069cd69c0ce1221a6f7bb554b992b3295322344907bf784afb5ff9c0,2745,"{""lemma"": ""husband""}",husband,,,
cet4_endict_2016_expanded.json,50143a67069cd69c0ce1221a6f7bb554b992b3295322344907bf784afb5ff9c0,2746,"{""lemma"": ""hut""}",hut,,,
cet4_endict_2016_expanded.json,50143a67069cd69c0ce1221a6f7bb554b992b3295322344907bf784afb5ff9c0,2747,"{""lemma"": ""hydrogen""}",hydrogen,,,
cet4_endict_2016_expanded.json,50143a67069cd69c0ce1221a6f7bb554b992b3295322344907bf784afb5ff9c0,2748,"{""lemma"": ""hyphen""}",hyphen,,,
cet4_endict_2016_expanded.json,50143a67069cd69c0ce1221a6f7bb554b992b3295322344907bf784afb5ff9c0,2749,"{""lemma"": ""I""}",I,,,
cet4_endict_2016_expanded.json,50143a67069cd69c0ce1221a6f7bb554b992b3295322344907bf784afb5ff9c0,2750,"{""lemma"": ""ice""}",ice,,,
cet4_endict_2016_expanded.json,50143a67069cd69c0ce1221a6f7bb554b992b3295322344907bf784afb5ff9c0,2751,"{""lemma"": ""ice cream""}",ice cream,,,
cet4_endict_2016_expanded.json,50143a67069cd69c0ce1221a6f7bb554b992b3295322344907bf784afb5ff9c0,2752,"{""lemma"": ""icy""}",icy,,,
cet4_endict_2016_expanded.json,50143a67069cd69c0ce1221a6f7bb554b992b3295322344907bf784afb5ff9c0,2753,"{""lemma"": ""idea""}",idea,,,
cet4_endict_2016_expanded.json,50143a67069cd69c0ce1221a6f7bb554b992b3295322344907bf784afb5ff9c0,2754,"{""lemma"": ""ideal""}",ideal,,,
cet4_endict_2016_expanded.json,50143a67069cd69c0ce1221a6f7bb554b992b3295322344907bf784afb5ff9c0,2755,"{""lemma"": ""idealism""}",idealism,,,
cet4_endict_2016_expanded.json,50143a67069cd69c0ce1221a6f7bb554b992b3295322344907bf784afb5ff9c0,2756,"{""lemma"": ""idealistic""}",idealistic,,,
cet4_endict_2016_expanded.json,50143a67069cd69c0ce1221a6f7bb554b992b3295322344907bf784afb5ff9c0,2757,"{""lemma"": ""identical""}",identical,,,
cet4_endict_2016_expanded.json,50143a67069cd69c0ce1221a6f7bb554b992b3295322344907bf784afb5ff9c0,2758,"{""lemma"": ""identification""}",identification,,,
cet4_endict_2016_expanded.json,50143a67069cd69c0ce1221a6f7bb554b992b3295322344907bf784afb5ff9c0,2759,"{""lemma"": ""identify""}",identify,,,
cet4_endict_2016_expanded.json,50143a67069cd69c0ce1221a6f7bb554b992b3295322344907bf784afb5ff9c0,2760,"{""lemma"": ""identity""}",identity,,,
cet4_endict_2016_expanded.json,50143a67069cd69c0ce1221a6f7bb554b992b3295322344907bf784afb5ff9c0,2761,"{""lemma"": ""idiom""}",idiom,,,
cet4_endict_2016_expanded.json,50143a67069cd69c0ce1221a6f7bb554b992b3295322344907bf784afb5ff9c0,2762,"{""lemma"": ""idiomatic""}",idiomatic,,,
cet4_endict_2016_expanded.json,50143a67069cd69c0ce1221a6f7bb554b992b3295322344907bf784afb5ff9c0,2763,"{""lemma"": ""idle""}",idle,,,
cet4_endict_2016_expanded.json,50143a67069cd69c0ce1221a6f7bb554b992b3295322344907bf784afb5ff9c0,2764,"{""lemma"": ""idly""}",idly,,,
cet4_endict_2016_expanded.json,50143a67069cd69c0ce1221a6f7bb554b992b3295322344907bf784afb5ff9c0,2765,"{""lemma"": ""if""}",if,,,
cet4_endict_2016_expanded.json,50143a67069cd69c0ce1221a6f7bb554b992b3295322344907bf784afb5ff9c0,2766,"{""lemma"": ""ignorance""}",ignorance,,,
cet4_endict_2016_expanded.json,50143a67069cd69c0ce1221a6f7bb554b992b3295322344907bf784afb5ff9c0,2767,"{""lemma"": ""ignorant""}",ignorant,,,
cet4_endict_2016_expanded.json,50143a67069cd69c0ce1221a6f7bb554b992b3295322344907bf784afb5ff9c0,2768,"{""lemma"": ""ignore""}",ignore,,,
cet4_endict_2016_expanded.json,50143a67069cd69c0ce1221a6f7bb554b992b3295322344907bf784afb5ff9c0,2769,"{""lemma"": ""ill""}",ill,,,
cet4_endict_2016_expanded.json,50143a67069cd69c0ce1221a6f7bb554b992b3295322344907bf784afb5ff9c0,2770,"{""lemma"": ""illegal""}",illegal,,,
cet4_endict_2016_expanded.json,50143a67069cd69c0ce1221a6f7bb554b992b3295322344907bf784afb5ff9c0,2771,"{""lemma"": ""illness""}",illness,,,
cet4_endict_2016_expanded.json,50143a67069cd69c0ce1221a6f7bb554b992b3295322344907bf784afb5ff9c0,2772,"{""lemma"": ""illusion""}",illusion,,,
cet4_endict_2016_expanded.json,50143a67069cd69c0ce1221a6f7bb554b992b3295322344907bf784afb5ff9c0,2773,"{""lemma"": ""illusory""}",illusory,,,
cet4_endict_2016_expanded.json,50143a67069cd69c0ce1221a6f7bb554b992b3295322344907bf784afb5ff9c0,2774,"{""lemma"": ""illustrate""}",illustrate,,,
cet4_endict_2016_expanded.json,50143a67069cd69c0ce1221a6f7bb554b992b3295322344907bf784afb5ff9c0,2775,"{""lemma"": ""illustration""}",illustration,,,
cet4_endict_2016_expanded.json,50143a67069cd69c0ce1221a6f7bb554b992b3295322344907bf784afb5ff9c0,2776,"{""lemma"": ""illustrative""}",illustrative,,,
cet4_endict_2016_expanded.json,50143a67069cd69c0ce1221a6f7bb554b992b3295322344907bf784afb5ff9c0,2777,"{""lemma"": ""image""}",image,,,
cet4_endict_2016_expanded.json,50143a67069cd69c0ce1221a6f7bb554b992b3295322344907bf784afb5ff9c0,2778,"{""lemma"": ""imaginary""}",imaginary,,,
cet4_endict_2016_expanded.json,50143a67069cd69c0ce1221a6f7bb554b992b3295322344907bf784afb5ff9c0,2779,"{""lemma"": ""imagination""}",imagination,,,
cet4_endict_2016_expanded.json,50143a67069cd69c0ce1221a6f7bb554b992b3295322344907bf784afb5ff9c0,2780,"{""lemma"": ""imaginative""}",imaginative,,,
cet4_endict_2016_expanded.json,50143a67069cd69c0ce1221a6f7bb554b992b3295322344907bf784afb5ff9c0,2781,"{""lemma"": ""imagine""}",imagine,,,
cet4_endict_2016_expanded.json,50143a67069cd69c0ce1221a6f7bb554b992b3295322344907bf784afb5ff9c0,2782,"{""lemma"": ""imaging""}",imaging,,,
cet4_endict_2016_expanded.json,50143a67069cd69c0ce1221a6f7bb554b992b3295322344907bf784afb5ff9c0,2783,"{""lemma"": ""imitate""}",imitate,,,
cet4_endict_2016_expanded.json,50143a67069cd69c0ce1221a6f7bb554b992b3295322344907bf784afb5ff9c0,2784,"{""lemma"": ""imitation""}",imitation,,,
cet4_endict_2016_expanded.json,50143a67069cd69c0ce1221a6f7bb554b992b3295322344907bf784afb5ff9c0,2785,"{""lemma"": ""imitative""}",imitative,,,
cet4_endict_2016_expanded.json,50143a67069cd69c0ce1221a6f7bb554b992b3295322344907bf784afb5ff9c0,2786,"{""lemma"": ""immediate""}",immediate,,,
cet4_endict_2016_expanded.json,50143a67069cd69c0ce1221a6f7bb554b992b3295322344907bf784afb5ff9c0,2787,"{""lemma"": ""immediately""}",immediately,,,
cet4_endict_2016_expanded.json,50143a67069cd69c0ce1221a6f7bb554b992b3295322344907bf784afb5ff9c0,2788,"{""lemma"": ""immense""}",immense,,,
cet4_endict_2016_expanded.json,50143a67069cd69c0ce1221a6f7bb554b992b3295322344907bf784afb5ff9c0,2789,"{""lemma"": ""immensely""}",immensely,,,
cet4_endict_2016_expanded.json,50143a67069cd69c0ce1221a6f7bb554b992b3295322344907bf784afb5ff9c0,2790,"{""lemma"": ""immensity""}",immensity,,,
cet4_endict_2016_expanded.json,50143a67069cd69c0ce1221a6f7bb554b992b3295322344907bf784afb5ff9c0,2791,"{""lemma"": ""immigrant""}",immigrant,,,
cet4_endict_2016_expanded.json,50143a67069cd69c0ce1221a6f7bb554b992b3295322344907bf784afb5ff9c0,2792,"{""lemma"": ""immigrate""}",immigrate,,,
cet4_endict_2016_expanded.json,50143a67069cd69c0ce1221a6f7bb554b992b3295322344907bf784afb5ff9c0,2793,"{""lemma"": ""immigration""}",immigration,,,
cet4_endict_2016_expanded.json,50143a67069cd69c0ce1221a6f7bb554b992b3295322344907bf784afb5ff9c0,2794,"{""lemma"": ""immune""}",immune,,,
cet4_endict_2016_expanded.json,50143a67069cd69c0ce1221a6f7bb554b992b3295322344907bf784afb5ff9c0,2795,"{""lemma"": ""immunity""}",immunity,,,
cet4_endict_2016_expanded.json,50143a67069cd69c0ce1221a6f7bb554b992b3295322344907bf784afb5ff9c0,2796,"{""lemma"": ""immunize""}",immunize,,,
cet4_endict_2016_expanded.json,50143a67069cd69c0ce1221a6f7bb554b992b3295322344907bf784afb5ff9c0,2797,"{""lemma"": ""impact""}",impact,,,
cet4_endict_2016_expanded.json,50143a67069cd69c0ce1221a6f7bb554b992b3295322344907bf784afb5ff9c0,2798,"{""lemma"": ""impatience""}",impatience,,,
cet4_endict_2016_expanded.json,50143a67069cd69c0ce1221a6f7bb554b992b3295322344907bf784afb5ff9c0,2799,"{""lemma"": ""impatient""}",impatient,,,
cet4_endict_2016_expanded.json,50143a67069cd69c0ce1221a6f7bb554b992b3295322344907bf784afb5ff9c0,2800,"{""lemma"": ""imperial""}",imperial,,,
cet4_endict_2016_expanded.json,50143a67069cd69c0ce1221a6f7bb554b992b3295322344907bf784afb5ff9c0,2801,"{""lemma"": ""imperialism""}",imperialism,,,
cet4_endict_2016_expanded.json,50143a67069cd69c0ce1221a6f7bb554b992b3295322344907bf784afb5ff9c0,2802,"{""lemma"": ""imperialist""}",imperialist,,,
cet4_endict_2016_expanded.json,50143a67069cd69c0ce1221a6f7bb554b992b3295322344907bf784afb5ff9c0,2803,"{""lemma"": ""implement""}",implement,,,
cet4_endict_2016_expanded.json,50143a67069cd69c0ce1221a6f7bb554b992b3295322344907bf784afb5ff9c0,2804,"{""lemma"": ""implementation""}",implementation,,,
cet4_endict_2016_expanded.json,50143a67069cd69c0ce1221a6f7bb554b992b3295322344907bf784afb5ff9c0,2805,"{""lemma"": ""implication""}",implication,,,
cet4_endict_2016_expanded.json,50143a67069cd69c0ce1221a6f7bb554b992b3295322344907bf784afb5ff9c0,2806,"{""lemma"": ""implicit""}",implicit,,,
cet4_endict_2016_expanded.json,50143a67069cd69c0ce1221a6f7bb554b992b3295322344907bf784afb5ff9c0,2807,"{""lemma"": ""imply""}",imply,,,
cet4_endict_2016_expanded.json,50143a67069cd69c0ce1221a6f7bb554b992b3295322344907bf784afb5ff9c0,2808,"{""lemma"": ""import""}",import,,,
cet4_endict_2016_expanded.json,50143a67069cd69c0ce1221a6f7bb554b992b3295322344907bf784afb5ff9c0,2809,"{""lemma"": ""importance""}",importance,,,
cet4_endict_2016_expanded.json,50143a67069cd69c0ce1221a6f7bb554b992b3295322344907bf784afb5ff9c0,2810,"{""lemma"": ""important""}",important,,,
cet4_endict_2016_expanded.json,50143a67069cd69c0ce1221a6f7bb554b992b3295322344907bf784afb5ff9c0,2811,"{""lemma"": ""importation""}",importation,,,
cet4_endict_2016_expanded.json,50143a67069cd69c0ce1221a6f7bb554b992b3295322344907bf784afb5ff9c0,2812,"{""lemma"": ""impose""}",impose,,,
cet4_endict_2016_expanded.json,50143a67069cd69c0ce1221a6f7bb554b992b3295322344907bf784afb5ff9c0,2813,"{""lemma"": ""imposing""}",imposing,,,
cet4_endict_2016_expanded.json,50143a67069cd69c0ce1221a6f7bb554b992b3295322344907bf784afb5ff9c0,2814,"{""lemma"": ""imposition""}",imposition,,,
cet4_endict_2016_expanded.json,50143a67069cd69c0ce1221a6f7bb554b992b3295322344907bf784afb5ff9c0,2815,"{""lemma"": ""impossibility""}",impossibility,,,
cet4_endict_2016_expanded.json,50143a67069cd69c0ce1221a6f7bb554b992b3295322344907bf784afb5ff9c0,2816,"{""lemma"": ""impossible""}",impossible,,,
cet4_endict_2016_expanded.json,50143a67069cd69c0ce1221a6f7bb554b992b3295322344907bf784afb5ff9c0,2817,"{""lemma"": ""impress""}",impress,,,
cet4_endict_2016_expanded.json,50143a67069cd69c0ce1221a6f7bb554b992b3295322344907bf784afb5ff9c0,2818,"{""lemma"": ""impression""}",impression,,,
cet4_endict_2016_expanded.json,50143a67069cd69c0ce1221a6f7bb554b992b3295322344907bf784afb5ff9c0,2819,"{""lemma"": ""impressive""}",impressive,,,
cet4_endict_2016_expanded.json,50143a67069cd69c0ce1221a6f7bb554b992b3295322344907bf784afb5ff9c0,2820,"{""lemma"": ""improve""}",improve,,,
cet4_endict_2016_expanded.json,50143a67069cd69c0ce1221a6f7bb554b992b3295322344907bf784afb5ff9c0,2821,"{""lemma"": ""improvement""}",improvement,,,
cet4_endict_2016_expanded.json,50143a67069cd69c0ce1221a6f7bb554b992b3295322344907bf784afb5ff9c0,2822,"{""lemma"": ""impulse""}",impulse,,,
cet4_endict_2016_expanded.json,50143a67069cd69c0ce1221a6f7bb554b992b3295322344907bf784afb5ff9c0,2823,"{""lemma"": ""impulsive""}",impulsive,,,
cet4_endict_2016_expanded.json,50143a67069cd69c0ce1221a6f7bb554b992b3295322344907bf784afb5ff9c0,2824,"{""lemma"": ""in""}",in,,,
cet4_endict_2016_expanded.json,50143a67069cd69c0ce1221a6f7bb554b992b3295322344907bf784afb5ff9c0,2825,"{""lemma"": ""incentive""}",incentive,,,
cet4_endict_2016_expanded.json,50143a67069cd69c0ce1221a6f7bb554b992b3295322344907bf784afb5ff9c0,2826,"{""lemma"": ""inch""}",inch,,,
cet4_endict_2016_expanded.json,50143a67069cd69c0ce1221a6f7bb554b992b3295322344907bf784afb5ff9c0,2827,"{""lemma"": ""incidence""}",incidence,,,
cet4_endict_2016_expanded.json,50143a67069cd69c0ce1221a6f7bb554b992b3295322344907bf784afb5ff9c0,2828,"{""lemma"": ""incident""}",incident,,,
cet4_endict_2016_expanded.json,50143a67069cd69c0ce1221a6f7bb554b992b3295322344907bf784afb5ff9c0,2829,"{""lemma"": ""incidental""}",incidental,,,
cet4_endict_2016_expanded.json,50143a67069cd69c0ce1221a6f7bb554b992b3295322344907bf784afb5ff9c0,2830,"{""lemma"": ""incidentally""}",incidentally,,,
cet4_endict_2016_expanded.json,50143a67069cd69c0ce1221a6f7bb554b992b3295322344907bf784afb5ff9c0,2831,"{""lemma"": ""inclination""}",inclination,,,
cet4_endict_2016_expanded.json,50143a67069cd69c0ce1221a6f7bb554b992b3295322344907bf784afb5ff9c0,2832,"{""lemma"": ""incline""}",incline,,,
cet4_endict_2016_expanded.json,50143a67069cd69c0ce1221a6f7bb554b992b3295322344907bf784afb5ff9c0,2833,"{""lemma"": ""inclined""}",inclined,,,
cet4_endict_2016_expanded.json,50143a67069cd69c0ce1221a6f7bb554b992b3295322344907bf784afb5ff9c0,2834,"{""lemma"": ""include""}",include,,,
cet4_endict_2016_expanded.json,50143a67069cd69c0ce1221a6f7bb554b992b3295322344907bf784afb5ff9c0,2835,"{""lemma"": ""including""}",including,,,
cet4_endict_2016_expanded.json,50143a67069cd69c0ce1221a6f7bb554b992b3295322344907bf784afb5ff9c0,2836,"{""lemma"": ""inclusion""}",inclusion,,,
cet4_endict_2016_expanded.json,50143a67069cd69c0ce1221a6f7bb554b992b3295322344907bf784afb5ff9c0,2837,"{""lemma"": ""inclusive""}",inclusive,,,
cet4_endict_2016_expanded.json,50143a67069cd69c0ce1221a6f7bb554b992b3295322344907bf784afb5ff9c0,2838,"{""lemma"": ""income""}",income,,,
cet4_endict_2016_expanded.json,50143a67069cd69c0ce1221a6f7bb554b992b3295322344907bf784afb5ff9c0,2839,"{""lemma"": ""increase""}",increase,,,
cet4_endict_2016_expanded.json,50143a67069cd69c0ce1221a6f7bb554b992b3295322344907bf784afb5ff9c0,2840,"{""lemma"": ""increasingly""}",increasingly,,,
cet4_endict_2016_expanded.json,50143a67069cd69c0ce1221a6f7bb554b992b3295322344907bf784afb5ff9c0,2841,"{""lemma"": ""incredible""}",incredible,,,
cet4_endict_2016_expanded.json,50143a67069cd69c0ce1221a6f7bb554b992b3295322344907bf784afb5ff9c0,2842,"{""lemma"": ""incredibly""}",incredibly,,,
cet4_endict_2016_expanded.json,50143a67069cd69c0ce1221a6f7bb554b992b3295322344907bf784afb5ff9c0,2843,"{""lemma"": ""indeed""}",indeed,,,
cet4_endict_2016_expanded.json,50143a67069cd69c0ce1221a6f7bb554b992b3295322344907bf784afb5ff9c0,2844,"{""lemma"": ""independence""}",independence,,,
cet4_endict_2016_expanded.json,50143a67069cd69c0ce1221a6f7bb554b992b3295322344907bf784afb5ff9c0,2845,"{""lemma"": ""independent""}",independent,,,
cet4_endict_2016_expanded.json,50143a67069cd69c0ce1221a6f7bb554b992b3295322344907bf784afb5ff9c0,2846,"{""lemma"": ""index""}",index,,,
cet4_endict_2016_expanded.json,50143a67069cd69c0ce1221a6f7bb554b992b3295322344907bf784afb5ff9c0,2847,"{""lemma"": ""indicate""}",indicate,,,
cet4_endict_2016_expanded.json,50143a67069cd69c0ce1221a6f7bb554b992b3295322344907bf784afb5ff9c0,2848,"{""lemma"": ""indication""}",indication,,,
cet4_endict_2016_expanded.json,50143a67069cd69c0ce1221a6f7bb554b992b3295322344907bf784afb5ff9c0,2849,"{""lemma"": ""indicative""}",indicative,,,
cet4_endict_2016_expanded.json,50143a67069cd69c0ce1221a6f7bb554b992b3295322344907bf784afb5ff9c0,2850,"{""lemma"": ""indicator""}",indicator,,,
cet4_endict_2016_expanded.json,50143a67069cd69c0ce1221a6f7bb554b992b3295322344907bf784afb5ff9c0,2851,"{""lemma"": ""indifference""}",indifference,,,
cet4_endict_2016_expanded.json,50143a67069cd69c0ce1221a6f7bb554b992b3295322344907bf784afb5ff9c0,2852,"{""lemma"": ""indifferent""}",indifferent,,,
cet4_endict_2016_expanded.json,50143a67069cd69c0ce1221a6f7bb554b992b3295322344907bf784afb5ff9c0,2853,"{""lemma"": ""indispensable""}",indispensable,,,
cet4_endict_2016_expanded.json,50143a67069cd69c0ce1221a6f7bb554b992b3295322344907bf784afb5ff9c0,2854,"{""lemma"": ""individual""}",individual,,,
cet4_endict_2016_expanded.json,50143a67069cd69c0ce1221a6f7bb554b992b3295322344907bf784afb5ff9c0,2855,"{""lemma"": ""individualism""}",individualism,,,
cet4_endict_2016_expanded.json,50143a67069cd69c0ce1221a6f7bb554b992b3295322344907bf784afb5ff9c0,2856,"{""lemma"": ""indoor""}",indoor,,,
cet4_endict_2016_expanded.json,50143a67069cd69c0ce1221a6f7bb554b992b3295322344907bf784afb5ff9c0,2857,"{""lemma"": ""indoors""}",indoors,,,
cet4_endict_2016_expanded.json,50143a67069cd69c0ce1221a6f7bb554b992b3295322344907bf784afb5ff9c0,2858,"{""lemma"": ""induce""}",induce,,,
cet4_endict_2016_expanded.json,50143a67069cd69c0ce1221a6f7bb554b992b3295322344907bf784afb5ff9c0,2859,"{""lemma"": ""inducement""}",inducement,,,
cet4_endict_2016_expanded.json,50143a67069cd69c0ce1221a6f7bb554b992b3295322344907bf784afb5ff9c0,2860,"{""lemma"": ""industrial""}",industrial,,,
cet4_endict_2016_expanded.json,50143a67069cd69c0ce1221a6f7bb554b992b3295322344907bf784afb5ff9c0,2861,"{""lemma"": ""industrialize""}",industrialize,,,
cet4_endict_2016_expanded.json,50143a67069cd69c0ce1221a6f7bb554b992b3295322344907bf784afb5ff9c0,2862,"{""lemma"": ""industrious""}",industrious,,,
cet4_endict_2016_expanded.json,50143a67069cd69c0ce1221a6f7bb554b992b3295322344907bf784afb5ff9c0,2863,"{""lemma"": ""industry""}",industry,,,
cet4_endict_2016_expanded.json,50143a67069cd69c0ce1221a6f7bb554b992b3295322344907bf784afb5ff9c0,2864,"{""lemma"": ""inevitable""}",inevitable,,,
cet4_endict_2016_expanded.json,50143a67069cd69c0ce1221a6f7bb554b992b3295322344907bf784afb5ff9c0,2865,"{""lemma"": ""infant""}",infant,,,
cet4_endict_2016_expanded.json,50143a67069cd69c0ce1221a6f7bb554b992b3295322344907bf784afb5ff9c0,2866,"{""lemma"": ""infect""}",infect,,,
cet4_endict_2016_expanded.json,50143a67069cd69c0ce1221a6f7bb554b992b3295322344907bf784afb5ff9c0,2867,"{""lemma"": ""infection""}",infection,,,
cet4_endict_2016_expanded.json,50143a67069cd69c0ce1221a6f7bb554b992b3295322344907bf784afb5ff9c0,2868,"{""lemma"": ""infectious""}",infectious,,,
cet4_endict_2016_expanded.json,50143a67069cd69c0ce1221a6f7bb554b992b3295322344907bf784afb5ff9c0,2869,"{""lemma"": ""infer""}",infer,,,
cet4_endict_2016_expanded.json,50143a67069cd69c0ce1221a6f7bb554b992b3295322344907bf784afb5ff9c0,2870,"{""lemma"": ""inference""}",inference,,,
cet4_endict_2016_expanded.json,50143a67069cd69c0ce1221a6f7bb554b992b3295322344907bf784afb5ff9c0,2871,"{""lemma"": ""inferior""}",inferior,,,
cet4_endict_2016_expanded.json,50143a67069cd69c0ce1221a6f7bb554b992b3295322344907bf784afb5ff9c0,2872,"{""lemma"": ""inferiority""}",inferiority,,,
cet4_endict_2016_expanded.json,50143a67069cd69c0ce1221a6f7bb554b992b3295322344907bf784afb5ff9c0,2873,"{""lemma"": ""infinite""}",infinite,,,
cet4_endict_2016_expanded.json,50143a67069cd69c0ce1221a6f7bb554b992b3295322344907bf784afb5ff9c0,2874,"{""lemma"": ""infinitive""}",infinitive,,,
cet4_endict_2016_expanded.json,50143a67069cd69c0ce1221a6f7bb554b992b3295322344907bf784afb5ff9c0,2875,"{""lemma"": ""infinity""}",infinity,,,
cet4_endict_2016_expanded.json,50143a67069cd69c0ce1221a6f7bb554b992b3295322344907bf784afb5ff9c0,2876,"{""lemma"": ""inflate""}",inflate,,,
cet4_endict_2016_expanded.json,50143a67069cd69c0ce1221a6f7bb554b992b3295322344907bf784afb5ff9c0,2877,"{""lemma"": ""inflation""}",inflation,,,
cet4_endict_2016_expanded.json,50143a67069cd69c0ce1221a6f7bb554b992b3295322344907bf784afb5ff9c0,2878,"{""lemma"": ""influence""}",influence,,,
cet4_endict_2016_expanded.json,50143a67069cd69c0ce1221a6f7bb554b992b3295322344907bf784afb5ff9c0,2879,"{""lemma"": ""influential""}",influential,,,
cet4_endict_2016_expanded.json,50143a67069cd69c0ce1221a6f7bb554b992b3295322344907bf784afb5ff9c0,2880,"{""lemma"": ""influenza""}",influenza,,,
cet4_endict_2016_expanded.json,50143a67069cd69c0ce1221a6f7bb554b992b3295322344907bf784afb5ff9c0,2881,"{""lemma"": ""inform""}",inform,,,
cet4_endict_2016_expanded.json,50143a67069cd69c0ce1221a6f7bb554b992b3295322344907bf784afb5ff9c0,2882,"{""lemma"": ""informant""}",informant,,,
cet4_endict_2016_expanded.json,50143a67069cd69c0ce1221a6f7bb554b992b3295322344907bf784afb5ff9c0,2883,"{""lemma"": ""information""}",information,,,
cet4_endict_2016_expanded.json,50143a67069cd69c0ce1221a6f7bb554b992b3295322344907bf784afb5ff9c0,2884,"{""lemma"": ""informative""}",informative,,,
cet4_endict_2016_expanded.json,50143a67069cd69c0ce1221a6f7bb554b992b3295322344907bf784afb5ff9c0,2885,"{""lemma"": ""infrastructure""}",infrastructure,,,
cet4_endict_2016_expanded.json,50143a67069cd69c0ce1221a6f7bb554b992b3295322344907bf784afb5ff9c0,2886,"{""lemma"": ""ingredient""}",ingredient,,,
cet4_endict_2016_expanded.json,50143a67069cd69c0ce1221a6f7bb554b992b3295322344907bf784afb5ff9c0,2887,"{""lemma"": ""inhabit""}",inhabit,,,
cet4_endict_2016_expanded.json,50143a67069cd69c0ce1221a6f7bb554b992b3295322344907bf784afb5ff9c0,2888,"{""lemma"": ""inhabitant""}",inhabitant,,,
cet4_endict_2016_expanded.json,50143a67069cd69c0ce1221a6f7bb554b992b3295322344907bf784afb5ff9c0,2889,"{""lemma"": ""inherit""}",inherit,,,
cet4_endict_2016_expanded.json,50143a67069cd69c0ce1221a6f7bb554b992b3295322344907bf784afb5ff9c0,2890,"{""lemma"": ""inheritance""}",inheritance,,,
cet4_endict_2016_expanded.json,50143a67069cd69c0ce1221a6f7bb554b992b3295322344907bf784afb5ff9c0,2891,"{""lemma"": ""initial""}",initial,,,
cet4_endict_2016_expanded.json,50143a67069cd69c0ce1221a6f7bb554b992b3295322344907bf784afb5ff9c0,2892,"{""lemma"": ""initially""}",initially,,,
cet4_endict_2016_expanded.json,50143a67069cd69c0ce1221a6f7bb554b992b3295322344907bf784afb5ff9c0,2893,"{""lemma"": ""initiate""}",initiate,,,
cet4_endict_2016_expanded.json,50143a67069cd69c0ce1221a6f7bb554b992b3295322344907bf784afb5ff9c0,2894,"{""lemma"": ""initiation""}",initiation,,,
cet4_endict_2016_expanded.json,50143a67069cd69c0ce1221a6f7bb554b992b3295322344907bf784afb5ff9c0,2895,"{""lemma"": ""initiative""}",initiative,,,
cet4_endict_2016_expanded.json,50143a67069cd69c0ce1221a6f7bb554b992b3295322344907bf784afb5ff9c0,2896,"{""lemma"": ""injure""}",injure,,,
cet4_endict_2016_expanded.json,50143a67069cd69c0ce1221a6f7bb554b992b3295322344907bf784afb5ff9c0,2897,"{""lemma"": ""injurious""}",injurious,,,
cet4_endict_2016_expanded.json,50143a67069cd69c0ce1221a6f7bb554b992b3295322344907bf784afb5ff9c0,2898,"{""lemma"": ""injury""}",injury,,,
cet4_endict_2016_expanded.json,50143a67069cd69c0ce1221a6f7bb554b992b3295322344907bf784afb5ff9c0,2899,"{""lemma"": ""ink""}",ink,,,
cet4_endict_2016_expanded.json,50143a67069cd69c0ce1221a6f7bb554b992b3295322344907bf784afb5ff9c0,2900,"{""lemma"": ""inland""}",inland,,,
cet4_endict_2016_expanded.json,50143a67069cd69c0ce1221a6f7bb554b992b3295322344907bf784afb5ff9c0,2901,"{""lemma"": ""inn""}",inn,,,
cet4_endict_2016_expanded.json,50143a67069cd69c0ce1221a6f7bb554b992b3295322344907bf784afb5ff9c0,2902,"{""lemma"": ""inner""}",inner,,,
cet4_endict_2016_expanded.json,50143a67069cd69c0ce1221a6f7bb554b992b3295322344907bf784afb5ff9c0,2903,"{""lemma"": ""innocence""}",innocence,,,
cet4_endict_2016_expanded.json,50143a67069cd69c0ce1221a6f7bb554b992b3295322344907bf784afb5ff9c0,2904,"{""lemma"": ""innocent""}",innocent,,,
cet4_endict_2016_expanded.json,50143a67069cd69c0ce1221a6f7bb554b992b3295322344907bf784afb5ff9c0,2905,"{""lemma"": ""innovate""}",innovate,,,
cet4_endict_2016_expanded.json,50143a67069cd69c0ce1221a6f7bb554b992b3295322344907bf784afb5ff9c0,2906,"{""lemma"": ""innovation""}",innovation,,,
cet4_endict_2016_expanded.json,50143a67069cd69c0ce1221a6f7bb554b992b3295322344907bf784afb5ff9c0,2907,"{""lemma"": ""innovative""}",innovative,,,
cet4_endict_2016_expanded.json,50143a67069cd69c0ce1221a6f7bb554b992b3295322344907bf784afb5ff9c0,2908,"{""lemma"": ""input""}",input,,,
cet4_endict_2016_expanded.json,50143a67069cd69c0ce1221a6f7bb554b992b3295322344907bf784afb5ff9c0,2909,"{""lemma"": ""inquire""}",inquire,,,
cet4_endict_2016_expanded.json,50143a67069cd69c0ce1221a6f7bb554b992b3295322344907bf784afb5ff9c0,2910,"{""lemma"": ""inquiry""}",inquiry,,,
cet4_endict_2016_expanded.json,50143a67069cd69c0ce1221a6f7bb554b992b3295322344907bf784afb5ff9c0,2911,"{""lemma"": ""inquisitive""}",inquisitive,,,
cet4_endict_2016_expanded.json,50143a67069cd69c0ce1221a6f7bb554b992b3295322344907bf784afb5ff9c0,2912,"{""lemma"": ""insane""}",insane,,,
cet4_endict_2016_expanded.json,50143a67069cd69c0ce1221a6f7bb554b992b3295322344907bf784afb5ff9c0,2913,"{""lemma"": ""insanity""}",insanity,,,
cet4_endict_2016_expanded.json,50143a67069cd69c0ce1221a6f7bb554b992b3295322344907bf784afb5ff9c0,2914,"{""lemma"": ""insect""}",insect,,,
cet4_endict_2016_expanded.json,50143a67069cd69c0ce1221a6f7bb554b992b3295322344907bf784afb5ff9c0,2915,"{""lemma"": ""insert""}",insert,,,
cet4_endict_2016_expanded.json,50143a67069cd69c0ce1221a6f7bb554b992b3295322344907bf784afb5ff9c0,2916,"{""lemma"": ""insertion""}",insertion,,,
cet4_endict_2016_expanded.json,50143a67069cd69c0ce1221a6f7bb554b992b3295322344907bf784afb5ff9c0,2917,"{""lemma"": ""inside""}",inside,,,
cet4_endict_2016_expanded.json,50143a67069cd69c0ce1221a6f7bb554b992b3295322344907bf784afb5ff9c0,2918,"{""lemma"": ""insider""}",insider,,,
cet4_endict_2016_expanded.json,50143a67069cd69c0ce1221a6f7bb554b992b3295322344907bf784afb5ff9c0,2919,"{""lemma"": ""insight""}",insight,,,
cet4_endict_2016_expanded.json,50143a67069cd69c0ce1221a6f7bb554b992b3295322344907bf784afb5ff9c0,2920,"{""lemma"": ""insightful""}",insightful,,,
cet4_endict_2016_expanded.json,50143a67069cd69c0ce1221a6f7bb554b992b3295322344907bf784afb5ff9c0,2921,"{""lemma"": ""insist""}",insist,,,
cet4_endict_2016_expanded.json,50143a67069cd69c0ce1221a6f7bb554b992b3295322344907bf784afb5ff9c0,2922,"{""lemma"": ""insistence""}",insistence,,,
cet4_endict_2016_expanded.json,50143a67069cd69c0ce1221a6f7bb554b992b3295322344907bf784afb5ff9c0,2923,"{""lemma"": ""insistent""}",insistent,,,
cet4_endict_2016_expanded.json,50143a67069cd69c0ce1221a6f7bb554b992b3295322344907bf784afb5ff9c0,2924,"{""lemma"": ""inspect""}",inspect,,,
cet4_endict_2016_expanded.json,50143a67069cd69c0ce1221a6f7bb554b992b3295322344907bf784afb5ff9c0,2925,"{""lemma"": ""inspection""}",inspection,,,
cet4_endict_2016_expanded.json,50143a67069cd69c0ce1221a6f7bb554b992b3295322344907bf784afb5ff9c0,2926,"{""lemma"": ""inspector""}",inspector,,,
cet4_endict_2016_expanded.json,50143a67069cd69c0ce1221a6f7bb554b992b3295322344907bf784afb5ff9c0,2927,"{""lemma"": ""inspiration""}",inspiration,,,
cet4_endict_2016_expanded.json,50143a67069cd69c0ce1221a6f7bb554b992b3295322344907bf784afb5ff9c0,2928,"{""lemma"": ""inspirational""}",inspirational,,,
cet4_endict_2016_expanded.json,50143a67069cd69c0ce1221a6f7bb554b992b3295322344907bf784afb5ff9c0,2929,"{""lemma"": ""inspire""}",inspire,,,
cet4_endict_2016_expanded.json,50143a67069cd69c0ce1221a6f7bb554b992b3295322344907bf784afb5ff9c0,2930,"{""lemma"": ""instal""}",instal,,,
cet4_endict_2016_expanded.json,50143a67069cd69c0ce1221a6f7bb554b992b3295322344907bf784afb5ff9c0,2931,"{""lemma"": ""instalment""}",instalment,,,
cet4_endict_2016_expanded.json,50143a67069cd69c0ce1221a6f7bb554b992b3295322344907bf784afb5ff9c0,2932,"{""lemma"": ""instance""}",instance,,,
cet4_endict_2016_expanded.json,50143a67069cd69c0ce1221a6f7bb554b992b3295322344907bf784afb5ff9c0,2933,"{""lemma"": ""instant""}",instant,,,
cet4_endict_2016_expanded.json,50143a67069cd69c0ce1221a6f7bb554b992b3295322344907bf784afb5ff9c0,2934,"{""lemma"": ""instantaneous""}",instantaneous,,,
cet4_endict_2016_expanded.json,50143a67069cd69c0ce1221a6f7bb554b992b3295322344907bf784afb5ff9c0,2935,"{""lemma"": ""instead""}",instead,,,
cet4_endict_2016_expanded.json,50143a67069cd69c0ce1221a6f7bb554b992b3295322344907bf784afb5ff9c0,2936,"{""lemma"": ""instinct""}",instinct,,,
cet4_endict_2016_expanded.json,50143a67069cd69c0ce1221a6f7bb554b992b3295322344907bf784afb5ff9c0,2937,"{""lemma"": ""instinctive""}",instinctive,,,
cet4_endict_2016_expanded.json,50143a67069cd69c0ce1221a6f7bb554b992b3295322344907bf784afb5ff9c0,2938,"{""lemma"": ""institute""}",institute,,,
cet4_endict_2016_expanded.json,50143a67069cd69c0ce1221a6f7bb554b992b3295322344907bf784afb5ff9c0,2939,"{""lemma"": ""institution""}",institution,,,
cet4_endict_2016_expanded.json,50143a67069cd69c0ce1221a6f7bb554b992b3295322344907bf784afb5ff9c0,2940,"{""lemma"": ""institutional""}",institutional,,,
cet4_endict_2016_expanded.json,50143a67069cd69c0ce1221a6f7bb554b992b3295322344907bf784afb5ff9c0,2941,"{""lemma"": ""instruct""}",instruct,,,
cet4_endict_2016_expanded.json,50143a67069cd69c0ce1221a6f7bb554b992b3295322344907bf784afb5ff9c0,2942,"{""lemma"": ""instruction""}",instruction,,,
cet4_endict_2016_expanded.json,50143a67069cd69c0ce1221a6f7bb554b992b3295322344907bf784afb5ff9c0,2943,"{""lemma"": ""instructive""}",instructive,,,
cet4_endict_2016_expanded.json,50143a67069cd69c0ce1221a6f7bb554b992b3295322344907bf784afb5ff9c0,2944,"{""lemma"": ""instructor""}",instructor,,,
cet4_endict_2016_expanded.json,50143a67069cd69c0ce1221a6f7bb554b992b3295322344907bf784afb5ff9c0,2945,"{""lemma"": ""instrument""}",instrument,,,
cet4_endict_2016_expanded.json,50143a67069cd69c0ce1221a6f7bb554b992b3295322344907bf784afb5ff9c0,2946,"{""lemma"": ""instrumental""}",instrumental,,,
cet4_endict_2016_expanded.json,50143a67069cd69c0ce1221a6f7bb554b992b3295322344907bf784afb5ff9c0,2947,"{""lemma"": ""insult""}",insult,,,
cet4_endict_2016_expanded.json,50143a67069cd69c0ce1221a6f7bb554b992b3295322344907bf784afb5ff9c0,2948,"{""lemma"": ""insurance""}",insurance,,,
cet4_endict_2016_expanded.json,50143a67069cd69c0ce1221a6f7bb554b992b3295322344907bf784afb5ff9c0,2949,"{""lemma"": ""insure""}",insure,,,
cet4_endict_2016_expanded.json,50143a67069cd69c0ce1221a6f7bb554b992b3295322344907bf784afb5ff9c0,2950,"{""lemma"": ""intact""}",intact,,,
cet4_endict_2016_expanded.json,50143a67069cd69c0ce1221a6f7bb554b992b3295322344907bf784afb5ff9c0,2951,"{""lemma"": ""intake""}",intake,,,
cet4_endict_2016_expanded.json,50143a67069cd69c0ce1221a6f7bb554b992b3295322344907bf784afb5ff9c0,2952,"{""lemma"": ""intangible""}",intangible,,,
cet4_endict_2016_expanded.json,50143a67069cd69c0ce1221a6f7bb554b992b3295322344907bf784afb5ff9c0,2953,"{""lemma"": ""integrate""}",integrate,,,
cet4_endict_2016_expanded.json,50143a67069cd69c0ce1221a6f7bb554b992b3295322344907bf784afb5ff9c0,2954,"{""lemma"": ""integration""}",integration,,,
cet4_endict_2016_expanded.json,50143a67069cd69c0ce1221a6f7bb554b992b3295322344907bf784afb5ff9c0,2955,"{""lemma"": ""integrity""}",integrity,,,
cet4_endict_2016_expanded.json,50143a67069cd69c0ce1221a6f7bb554b992b3295322344907bf784afb5ff9c0,2956,"{""lemma"": ""intellectual""}",intellectual,,,
cet4_endict_2016_expanded.json,50143a67069cd69c0ce1221a6f7bb554b992b3295322344907bf784afb5ff9c0,2957,"{""lemma"": ""intelligence""}",intelligence,,,
cet4_endict_2016_expanded.json,50143a67069cd69c0ce1221a6f7bb554b992b3295322344907bf784afb5ff9c0,2958,"{""lemma"": ""intelligent""}",intelligent,,,
cet4_endict_2016_expanded.json,50143a67069cd69c0ce1221a6f7bb554b992b3295322344907bf784afb5ff9c0,2959,"{""lemma"": ""intend""}",intend,,,
cet4_endict_2016_expanded.json,50143a67069cd69c0ce1221a6f7bb554b992b3295322344907bf784afb5ff9c0,2960,"{""lemma"": ""intense""}",intense,,,
cet4_endict_2016_expanded.json,50143a67069cd69c0ce1221a6f7bb554b992b3295322344907bf784afb5ff9c0,2961,"{""lemma"": ""intensify""}",intensify,,,
cet4_endict_2016_expanded.json,50143a67069cd69c0ce1221a6f7bb554b992b3295322344907bf784afb5ff9c0,2962,"{""lemma"": ""intensity""}",intensity,,,
cet4_endict_2016_expanded.json,50143a67069cd69c0ce1221a6f7bb554b992b3295322344907bf784afb5ff9c0,2963,"{""lemma"": ""intensive""}",intensive,,,
cet4_endict_2016_expanded.json,50143a67069cd69c0ce1221a6f7bb554b992b3295322344907bf784afb5ff9c0,2964,"{""lemma"": ""intent""}",intent,,,
cet4_endict_2016_expanded.json,50143a67069cd69c0ce1221a6f7bb554b992b3295322344907bf784afb5ff9c0,2965,"{""lemma"": ""intention""}",intention,,,
cet4_endict_2016_expanded.json,50143a67069cd69c0ce1221a6f7bb554b992b3295322344907bf784afb5ff9c0,2966,"{""lemma"": ""intentional""}",intentional,,,
cet4_endict_2016_expanded.json,50143a67069cd69c0ce1221a6f7bb554b992b3295322344907bf784afb5ff9c0,2967,"{""lemma"": ""interact""}",interact,,,
cet4_endict_2016_expanded.json,50143a67069cd69c0ce1221a6f7bb554b992b3295322344907bf784afb5ff9c0,2968,"{""lemma"": ""interaction""}",interaction,,,
cet4_endict_2016_expanded.json,50143a67069cd69c0ce1221a6f7bb554b992b3295322344907bf784afb5ff9c0,2969,"{""lemma"": ""interactive""}",interactive,,,
cet4_endict_2016_expanded.json,50143a67069cd69c0ce1221a6f7bb554b992b3295322344907bf784afb5ff9c0,2970,"{""lemma"": ""interest""}",interest,,,
cet4_endict_2016_expanded.json,50143a67069cd69c0ce1221a6f7bb554b992b3295322344907bf784afb5ff9c0,2971,"{""lemma"": ""interested""}",interested,,,
cet4_endict_2016_expanded.json,50143a67069cd69c0ce1221a6f7bb554b992b3295322344907bf784afb5ff9c0,2972,"{""lemma"": ""interesting""}",interesting,,,
cet4_endict_2016_expanded.json,50143a67069cd69c0ce1221a6f7bb554b992b3295322344907bf784afb5ff9c0,2973,"{""lemma"": ""interfere""}",interfere,,,
cet4_endict_2016_expanded.json,50143a67069cd69c0ce1221a6f7bb554b992b3295322344907bf784afb5ff9c0,2974,"{""lemma"": ""interference""}",interference,,,
cet4_endict_2016_expanded.json,50143a67069cd69c0ce1221a6f7bb554b992b3295322344907bf784afb5ff9c0,2975,"{""lemma"": ""interior""}",interior,,,
cet4_endict_2016_expanded.json,50143a67069cd69c0ce1221a6f7bb554b992b3295322344907bf784afb5ff9c0,2976,"{""lemma"": ""intermediary""}",intermediary,,,
cet4_endict_2016_expanded.json,50143a67069cd69c0ce1221a6f7bb554b992b3295322344907bf784afb5ff9c0,2977,"{""lemma"": ""intermediate""}",intermediate,,,
cet4_endict_2016_expanded.json,50143a67069cd69c0ce1221a6f7bb554b992b3295322344907bf784afb5ff9c0,2978,"{""lemma"": ""internal""}",internal,,,
cet4_endict_2016_expanded.json,50143a67069cd69c0ce1221a6f7bb554b992b3295322344907bf784afb5ff9c0,2979,"{""lemma"": ""international""}",international,,,
cet4_endict_2016_expanded.json,50143a67069cd69c0ce1221a6f7bb554b992b3295322344907bf784afb5ff9c0,2980,"{""lemma"": ""Internet""}",Internet,,,
cet4_endict_2016_expanded.json,50143a67069cd69c0ce1221a6f7bb554b992b3295322344907bf784afb5ff9c0,2981,"{""lemma"": ""interpret""}",interpret,,,
cet4_endict_2016_expanded.json,50143a67069cd69c0ce1221a6f7bb554b992b3295322344907bf784afb5ff9c0,2982,"{""lemma"": ""interpretation""}",interpretation,,,
cet4_endict_2016_expanded.json,50143a67069cd69c0ce1221a6f7bb554b992b3295322344907bf784afb5ff9c0,2983,"{""lemma"": ""interpreter""}",interpreter,,,
cet4_endict_2016_expanded.json,50143a67069cd69c0ce1221a6f7bb554b992b3295322344907bf784afb5ff9c0,2984,"{""lemma"": ""interrupt""}",interrupt,,,
cet4_endict_2016_expanded.json,50143a67069cd69c0ce1221a6f7bb554b992b3295322344907bf784afb5ff9c0,2985,"{""lemma"": ""interruption""}",interruption,,,
cet4_endict_2016_expanded.json,50143a67069cd69c0ce1221a6f7bb554b992b3295322344907bf784afb5ff9c0,2986,"{""lemma"": ""interval""}",interval,,,
cet4_endict_2016_expanded.json,50143a67069cd69c0ce1221a6f7bb554b992b3295322344907bf784afb5ff9c0,2987,"{""lemma"": ""interview""}",interview,,,
cet4_endict_2016_expanded.json,50143a67069cd69c0ce1221a6f7bb554b992b3295322344907bf784afb5ff9c0,2988,"{""lemma"": ""interviewee""}",interviewee,,,
cet4_endict_2016_expanded.json,50143a67069cd69c0ce1221a6f7bb554b992b3295322344907bf784afb5ff9c0,2989,"{""lemma"": ""interviewer""}",interviewer,,,
cet4_endict_2016_expanded.json,50143a67069cd69c0ce1221a6f7bb554b992b3295322344907bf784afb5ff9c0,2990,"{""lemma"": ""intimacy""}",intimacy,,,
cet4_endict_2016_expanded.json,50143a67069cd69c0ce1221a6f7bb554b992b3295322344907bf784afb5ff9c0,2991,"{""lemma"": ""intimate""}",intimate,,,
cet4_endict_2016_expanded.json,50143a67069cd69c0ce1221a6f7bb554b992b3295322344907bf784afb5ff9c0,2992,"{""lemma"": ""into""}",into,,,
cet4_endict_2016_expanded.json,50143a67069cd69c0ce1221a6f7bb554b992b3295322344907bf784afb5ff9c0,2993,"{""lemma"": ""introduce""}",introduce,,,
cet4_endict_2016_expanded.json,50143a67069cd69c0ce1221a6f7bb554b992b3295322344907bf784afb5ff9c0,2994,"{""lemma"": ""introduction""}",introduction,,,
cet4_endict_2016_expanded.json,50143a67069cd69c0ce1221a6f7bb554b992b3295322344907bf784afb5ff9c0,2995,"{""lemma"": ""introductory""}",introductory,,,
cet4_endict_2016_expanded.json,50143a67069cd69c0ce1221a6f7bb554b992b3295322344907bf784afb5ff9c0,2996,"{""lemma"": ""intrude""}",intrude,,,
cet4_endict_2016_expanded.json,50143a67069cd69c0ce1221a6f7bb554b992b3295322344907bf784afb5ff9c0,2997,"{""lemma"": ""intruder""}",intruder,,,
cet4_endict_2016_expanded.json,50143a67069cd69c0ce1221a6f7bb554b992b3295322344907bf784afb5ff9c0,2998,"{""lemma"": ""intrusion""}",intrusion,,,
cet4_endict_2016_expanded.json,50143a67069cd69c0ce1221a6f7bb554b992b3295322344907bf784afb5ff9c0,2999,"{""lemma"": ""invade""}",invade,,,
cet4_endict_2016_expanded.json,50143a67069cd69c0ce1221a6f7bb554b992b3295322344907bf784afb5ff9c0,3000,"{""lemma"": ""invader""}",invader,,,
cet4_endict_2016_expanded.json,50143a67069cd69c0ce1221a6f7bb554b992b3295322344907bf784afb5ff9c0,3001,"{""lemma"": ""invalid""}",invalid,,,
cet4_endict_2016_expanded.json,50143a67069cd69c0ce1221a6f7bb554b992b3295322344907bf784afb5ff9c0,3002,"{""lemma"": ""invaluable""}",invaluable,,,
cet4_endict_2016_expanded.json,50143a67069cd69c0ce1221a6f7bb554b992b3295322344907bf784afb5ff9c0,3003,"{""lemma"": ""invariably""}",invariably,,,
cet4_endict_2016_expanded.json,50143a67069cd69c0ce1221a6f7bb554b992b3295322344907bf784afb5ff9c0,3004,"{""lemma"": ""invasion""}",invasion,,,
cet4_endict_2016_expanded.json,50143a67069cd69c0ce1221a6f7bb554b992b3295322344907bf784afb5ff9c0,3005,"{""lemma"": ""invasive""}",invasive,,,
cet4_endict_2016_expanded.json,50143a67069cd69c0ce1221a6f7bb554b992b3295322344907bf784afb5ff9c0,3006,"{""lemma"": ""invent""}",invent,,,
cet4_endict_2016_expanded.json,50143a67069cd69c0ce1221a6f7bb554b992b3295322344907bf784afb5ff9c0,3007,"{""lemma"": ""invention""}",invention,,,
cet4_endict_2016_expanded.json,50143a67069cd69c0ce1221a6f7bb554b992b3295322344907bf784afb5ff9c0,3008,"{""lemma"": ""inventor""}",inventor,,,
cet4_endict_2016_expanded.json,50143a67069cd69c0ce1221a6f7bb554b992b3295322344907bf784afb5ff9c0,3009,"{""lemma"": ""invest""}",invest,,,
cet4_endict_2016_expanded.json,50143a67069cd69c0ce1221a6f7bb554b992b3295322344907bf784afb5ff9c0,3010,"{""lemma"": ""investigate""}",investigate,,,
cet4_endict_2016_expanded.json,50143a67069cd69c0ce1221a6f7bb554b992b3295322344907bf784afb5ff9c0,3011,"{""lemma"": ""investigation""}",investigation,,,
cet4_endict_2016_expanded.json,50143a67069cd69c0ce1221a6f7bb554b992b3295322344907bf784afb5ff9c0,3012,"{""lemma"": ""investigator""}",investigator,,,
cet4_endict_2016_expanded.json,50143a67069cd69c0ce1221a6f7bb554b992b3295322344907bf784afb5ff9c0,3013,"{""lemma"": ""investment""}",investment,,,
cet4_endict_2016_expanded.json,50143a67069cd69c0ce1221a6f7bb554b992b3295322344907bf784afb5ff9c0,3014,"{""lemma"": ""investor""}",investor,,,
cet4_endict_2016_expanded.json,50143a67069cd69c0ce1221a6f7bb554b992b3295322344907bf784afb5ff9c0,3015,"{""lemma"": ""invisible""}",invisible,,,
cet4_endict_2016_expanded.json,50143a67069cd69c0ce1221a6f7bb554b992b3295322344907bf784afb5ff9c0,3016,"{""lemma"": ""invitation""}",invitation,,,
cet4_endict_2016_expanded.json,50143a67069cd69c0ce1221a6f7bb554b992b3295322344907bf784afb5ff9c0,3017,"{""lemma"": ""invite""}",invite,,,
cet4_endict_2016_expanded.json,50143a67069cd69c0ce1221a6f7bb554b992b3295322344907bf784afb5ff9c0,3018,"{""lemma"": ""inviting""}",inviting,,,
cet4_endict_2016_expanded.json,50143a67069cd69c0ce1221a6f7bb554b992b3295322344907bf784afb5ff9c0,3019,"{""lemma"": ""involve""}",involve,,,
cet4_endict_2016_expanded.json,50143a67069cd69c0ce1221a6f7bb554b992b3295322344907bf784afb5ff9c0,3020,"{""lemma"": ""involved""}",involved,,,
cet4_endict_2016_expanded.json,50143a67069cd69c0ce1221a6f7bb554b992b3295322344907bf784afb5ff9c0,3021,"{""lemma"": ""involvement""}",involvement,,,
cet4_endict_2016_expanded.json,50143a67069cd69c0ce1221a6f7bb554b992b3295322344907bf784afb5ff9c0,3022,"{""lemma"": ""inward""}",inward,,,
cet4_endict_2016_expanded.json,50143a67069cd69c0ce1221a6f7bb554b992b3295322344907bf784afb5ff9c0,3023,"{""lemma"": ""iron""}",iron,,,
cet4_endict_2016_expanded.json,50143a67069cd69c0ce1221a6f7bb554b992b3295322344907bf784afb5ff9c0,3024,"{""lemma"": ""ironic""}",ironic,,,
cet4_endict_2016_expanded.json,50143a67069cd69c0ce1221a6f7bb554b992b3295322344907bf784afb5ff9c0,3025,"{""lemma"": ""ironically""}",ironically,,,
cet4_endict_2016_expanded.json,50143a67069cd69c0ce1221a6f7bb554b992b3295322344907bf784afb5ff9c0,3026,"{""lemma"": ""irony""}",irony,,,
cet4_endict_2016_expanded.json,50143a67069cd69c0ce1221a6f7bb554b992b3295322344907bf784afb5ff9c0,3027,"{""lemma"": ""irrational""}",irrational,,,
cet4_endict_2016_expanded.json,50143a67069cd69c0ce1221a6f7bb554b992b3295322344907bf784afb5ff9c0,3028,"{""lemma"": ""irregular""}",irregular,,,
cet4_endict_2016_expanded.json,50143a67069cd69c0ce1221a6f7bb554b992b3295322344907bf784afb5ff9c0,3029,"{""lemma"": ""irrigate""}",irrigate,,,
cet4_endict_2016_expanded.json,50143a67069cd69c0ce1221a6f7bb554b992b3295322344907bf784afb5ff9c0,3030,"{""lemma"": ""irrigation""}",irrigation,,,
cet4_endict_2016_expanded.json,50143a67069cd69c0ce1221a6f7bb554b992b3295322344907bf784afb5ff9c0,3031,"{""lemma"": ""island""}",island,,,
cet4_endict_2016_expanded.json,50143a67069cd69c0ce1221a6f7bb554b992b3295322344907bf784afb5ff9c0,3032,"{""lemma"": ""isolate""}",isolate,,,
cet4_endict_2016_expanded.json,50143a67069cd69c0ce1221a6f7bb554b992b3295322344907bf784afb5ff9c0,3033,"{""lemma"": ""isolation""}",isolation,,,
cet4_endict_2016_expanded.json,50143a67069cd69c0ce1221a6f7bb554b992b3295322344907bf784afb5ff9c0,3034,"{""lemma"": ""issue""}",issue,,,
cet4_endict_2016_expanded.json,50143a67069cd69c0ce1221a6f7bb554b992b3295322344907bf784afb5ff9c0,3035,"{""lemma"": ""it""}",it,,,
cet4_endict_2016_expanded.json,50143a67069cd69c0ce1221a6f7bb554b992b3295322344907bf784afb5ff9c0,3036,"{""lemma"": ""item""}",item,,,
cet4_endict_2016_expanded.json,50143a67069cd69c0ce1221a6f7bb554b992b3295322344907bf784afb5ff9c0,3037,"{""lemma"": ""its""}",its,,,
cet4_endict_2016_expanded.json,50143a67069cd69c0ce1221a6f7bb554b992b3295322344907bf784afb5ff9c0,3038,"{""lemma"": ""itself""}",itself,,,
cet4_endict_2016_expanded.json,50143a67069cd69c0ce1221a6f7bb554b992b3295322344907bf784afb5ff9c0,3039,"{""lemma"": ""jacket""}",jacket,,,
cet4_endict_2016_expanded.json,50143a67069cd69c0ce1221a6f7bb554b992b3295322344907bf784afb5ff9c0,3040,"{""lemma"": ""jail""}",jail,,,
cet4_endict_2016_expanded.json,50143a67069cd69c0ce1221a6f7bb554b992b3295322344907bf784afb5ff9c0,3041,"{""lemma"": ""jam""}",jam,,,
cet4_endict_2016_expanded.json,50143a67069cd69c0ce1221a6f7bb554b992b3295322344907bf784afb5ff9c0,3042,"{""lemma"": ""January""}",January,,,
cet4_endict_2016_expanded.json,50143a67069cd69c0ce1221a6f7bb554b992b3295322344907bf784afb5ff9c0,3043,"{""lemma"": ""jar""}",jar,,,
cet4_endict_2016_expanded.json,50143a67069cd69c0ce1221a6f7bb554b992b3295322344907bf784afb5ff9c0,3044,"{""lemma"": ""jaw""}",jaw,,,
cet4_endict_2016_expanded.json,50143a67069cd69c0ce1221a6f7bb554b992b3295322344907bf784afb5ff9c0,3045,"{""lemma"": ""jazz""}",jazz,,,
cet4_endict_2016_expanded.json,50143a67069cd69c0ce1221a6f7bb554b992b3295322344907bf784afb5ff9c0,3046,"{""lemma"": ""jealous""}",jealous,,,
cet4_endict_2016_expanded.json,50143a67069cd69c0ce1221a6f7bb554b992b3295322344907bf784afb5ff9c0,3047,"{""lemma"": ""jealousy""}",jealousy,,,
cet4_endict_2016_expanded.json,50143a67069cd69c0ce1221a6f7bb554b992b3295322344907bf784afb5ff9c0,3048,"{""lemma"": ""jeans""}",jeans,,,
cet4_endict_2016_expanded.json,50143a67069cd69c0ce1221a6f7bb554b992b3295322344907bf784afb5ff9c0,3049,"{""lemma"": ""jeep""}",jeep,,,
cet4_endict_2016_expanded.json,50143a67069cd69c0ce1221a6f7bb554b992b3295322344907bf784afb5ff9c0,3050,"{""lemma"": ""jet""}",jet,,,
cet4_endict_2016_expanded.json,50143a67069cd69c0ce1221a6f7bb554b992b3295322344907bf784afb5ff9c0,3051,"{""lemma"": ""jewel""}",jewel,,,
cet4_endict_2016_expanded.json,50143a67069cd69c0ce1221a6f7bb554b992b3295322344907bf784afb5ff9c0,3052,"{""lemma"": ""job""}",job,,,
cet4_endict_2016_expanded.json,50143a67069cd69c0ce1221a6f7bb554b992b3295322344907bf784afb5ff9c0,3053,"{""lemma"": ""jog""}",jog,,,
cet4_endict_2016_expanded.json,50143a67069cd69c0ce1221a6f7bb554b992b3295322344907bf784afb5ff9c0,3054,"{""lemma"": ""join""}",join,,,
cet4_endict_2016_expanded.json,50143a67069cd69c0ce1221a6f7bb554b992b3295322344907bf784afb5ff9c0,3055,"{""lemma"": ""joint""}",joint,,,
cet4_endict_2016_expanded.json,50143a67069cd69c0ce1221a6f7bb554b992b3295322344907bf784afb5ff9c0,3056,"{""lemma"": ""joke""}",joke,,,
cet4_endict_2016_expanded.json,50143a67069cd69c0ce1221a6f7bb554b992b3295322344907bf784afb5ff9c0,3057,"{""lemma"": ""journal""}",journal,,,
cet4_endict_2016_expanded.json,50143a67069cd69c0ce1221a6f7bb554b992b3295322344907bf784afb5ff9c0,3058,"{""lemma"": ""journalism""}",journalism,,,
cet4_endict_2016_expanded.json,50143a67069cd69c0ce1221a6f7bb554b992b3295322344907bf784afb5ff9c0,3059,"{""lemma"": ""journalist""}",journalist,,,
cet4_endict_2016_expanded.json,50143a67069cd69c0ce1221a6f7bb554b992b3295322344907bf784afb5ff9c0,3060,"{""lemma"": ""journey""}",journey,,,
cet4_endict_2016_expanded.json,50143a67069cd69c0ce1221a6f7bb554b992b3295322344907bf784afb5ff9c0,3061,"{""lemma"": ""joy""}",joy,,,
cet4_endict_2016_expanded.json,50143a67069cd69c0ce1221a6f7bb554b992b3295322344907bf784afb5ff9c0,3062,"{""lemma"": ""joyful""}",joyful,,,
cet4_endict_2016_expanded.json,50143a67069cd69c0ce1221a6f7bb554b992b3295322344907bf784afb5ff9c0,3063,"{""lemma"": ""joyous""}",joyous,,,
cet4_endict_2016_expanded.json,50143a67069cd69c0ce1221a6f7bb554b992b3295322344907bf784afb5ff9c0,3064,"{""lemma"": ""judge""}",judge,,,
cet4_endict_2016_expanded.json,50143a67069cd69c0ce1221a6f7bb554b992b3295322344907bf784afb5ff9c0,3065,"{""lemma"": ""judgment""}",judgment,,,
cet4_endict_2016_expanded.json,50143a67069cd69c0ce1221a6f7bb554b992b3295322344907bf784afb5ff9c0,3066,"{""lemma"": ""juice""}",juice,,,
cet4_endict_2016_expanded.json,50143a67069cd69c0ce1221a6f7bb554b992b3295322344907bf784afb5ff9c0,3067,"{""lemma"": ""juicy""}",juicy,,,
cet4_endict_2016_expanded.json,50143a67069cd69c0ce1221a6f7bb554b992b3295322344907bf784afb5ff9c0,3068,"{""lemma"": ""July""}",July,,,
cet4_endict_2016_expanded.json,50143a67069cd69c0ce1221a6f7bb554b992b3295322344907bf784afb5ff9c0,3069,"{""lemma"": ""jump""}",jump,,,
cet4_endict_2016_expanded.json,50143a67069cd69c0ce1221a6f7bb554b992b3295322344907bf784afb5ff9c0,3070,"{""lemma"": ""June""}",June,,,
cet4_endict_2016_expanded.json,50143a67069cd69c0ce1221a6f7bb554b992b3295322344907bf784afb5ff9c0,3071,"{""lemma"": ""jungle""}",jungle,,,
cet4_endict_2016_expanded.json,50143a67069cd69c0ce1221a6f7bb554b992b3295322344907bf784afb5ff9c0,3072,"{""lemma"": ""junior""}",junior,,,
cet4_endict_2016_expanded.json,50143a67069cd69c0ce1221a6f7bb554b992b3295322344907bf784afb5ff9c0,3073,"{""lemma"": ""junk""}",junk,,,
cet4_endict_2016_expanded.json,50143a67069cd69c0ce1221a6f7bb554b992b3295322344907bf784afb5ff9c0,3074,"{""lemma"": ""juror""}",juror,,,
cet4_endict_2016_expanded.json,50143a67069cd69c0ce1221a6f7bb554b992b3295322344907bf784afb5ff9c0,3075,"{""lemma"": ""jury""}",jury,,,
cet4_endict_2016_expanded.json,50143a67069cd69c0ce1221a6f7bb554b992b3295322344907bf784afb5ff9c0,3076,"{""lemma"": ""just""}",just,,,
cet4_endict_2016_expanded.json,50143a67069cd69c0ce1221a6f7bb554b992b3295322344907bf784afb5ff9c0,3077,"{""lemma"": ""justice""}",justice,,,
cet4_endict_2016_expanded.json,50143a67069cd69c0ce1221a6f7bb554b992b3295322344907bf784afb5ff9c0,3078,"{""lemma"": ""justification""}",justification,,,
cet4_endict_2016_expanded.json,50143a67069cd69c0ce1221a6f7bb554b992b3295322344907bf784afb5ff9c0,3079,"{""lemma"": ""justify""}",justify,,,
cet4_endict_2016_expanded.json,50143a67069cd69c0ce1221a6f7bb554b992b3295322344907bf784afb5ff9c0,3080,"{""lemma"": ""keen""}",keen,,,
cet4_endict_2016_expanded.json,50143a67069cd69c0ce1221a6f7bb554b992b3295322344907bf784afb5ff9c0,3081,"{""lemma"": ""keep""}",keep,,,
cet4_endict_2016_expanded.json,50143a67069cd69c0ce1221a6f7bb554b992b3295322344907bf784afb5ff9c0,3082,"{""lemma"": ""kettle""}",kettle,,,
cet4_endict_2016_expanded.json,50143a67069cd69c0ce1221a6f7bb554b992b3295322344907bf784afb5ff9c0,3083,"{""lemma"": ""key""}",key,,,
cet4_endict_2016_expanded.json,50143a67069cd69c0ce1221a6f7bb554b992b3295322344907bf784afb5ff9c0,3084,"{""lemma"": ""keyboard""}",keyboard,,,
cet4_endict_2016_expanded.json,50143a67069cd69c0ce1221a6f7bb554b992b3295322344907bf784afb5ff9c0,3085,"{""lemma"": ""kick""}",kick,,,
cet4_endict_2016_expanded.json,50143a67069cd69c0ce1221a6f7bb554b992b3295322344907bf784afb5ff9c0,3086,"{""lemma"": ""kid""}",kid,,,
cet4_endict_2016_expanded.json,50143a67069cd69c0ce1221a6f7bb554b992b3295322344907bf784afb5ff9c0,3087,"{""lemma"": ""kill""}",kill,,,
cet4_endict_2016_expanded.json,50143a67069cd69c0ce1221a6f7bb554b992b3295322344907bf784afb5ff9c0,3088,"{""lemma"": ""kilo""}",kilo,,,
cet4_endict_2016_expanded.json,50143a67069cd69c0ce1221a6f7bb554b992b3295322344907bf784afb5ff9c0,3089,"{""lemma"": ""kilogram""}",kilogram,,,
cet4_endict_2016_expanded.json,50143a67069cd69c0ce1221a6f7bb554b992b3295322344907bf784afb5ff9c0,3090,"{""lemma"": ""kilometer""}",kilometer,,,
cet4_endict_2016_expanded.json,50143a67069cd69c0ce1221a6f7bb554b992b3295322344907bf784afb5ff9c0,3091,"{""lemma"": ""kin""}",kin,,,
cet4_endict_2016_expanded.json,50143a67069cd69c0ce1221a6f7bb554b992b3295322344907bf784afb5ff9c0,3092,"{""lemma"": ""kind""}",kind,,,
cet4_endict_2016_expanded.json,50143a67069cd69c0ce1221a6f7bb554b992b3295322344907bf784afb5ff9c0,3093,"{""lemma"": ""kindergarten""}",kindergarten,,,
cet4_endict_2016_expanded.json,50143a67069cd69c0ce1221a6f7bb554b992b3295322344907bf784afb5ff9c0,3094,"{""lemma"": ""kindness""}",kindness,,,
cet4_endict_2016_expanded.json,50143a67069cd69c0ce1221a6f7bb554b992b3295322344907bf784afb5ff9c0,3095,"{""lemma"": ""king""}",king,,,
cet4_endict_2016_expanded.json,50143a67069cd69c0ce1221a6f7bb554b992b3295322344907bf784afb5ff9c0,3096,"{""lemma"": ""kingdom""}",kingdom,,,
cet4_endict_2016_expanded.json,50143a67069cd69c0ce1221a6f7bb554b992b3295322344907bf784afb5ff9c0,3097,"{""lemma"": ""kiss""}",kiss,,,
cet4_endict_2016_expanded.json,50143a67069cd69c0ce1221a6f7bb554b992b3295322344907bf784afb5ff9c0,3098,"{""lemma"": ""kit""}",kit,,,
cet4_endict_2016_expanded.json,50143a67069cd69c0ce1221a6f7bb554b992b3295322344907bf784afb5ff9c0,3099,"{""lemma"": ""kitchen""}",kitchen,,,
cet4_endict_2016_expanded.json,50143a67069cd69c0ce1221a6f7bb554b992b3295322344907bf784afb5ff9c0,3100,"{""lemma"": ""kite""}",kite,,,
cet4_endict_2016_expanded.json,50143a67069cd69c0ce1221a6f7bb554b992b3295322344907bf784afb5ff9c0,3101,"{""lemma"": ""knee""}",knee,,,
cet4_endict_2016_expanded.json,50143a67069cd69c0ce1221a6f7bb554b992b3295322344907bf784afb5ff9c0,3102,"{""lemma"": ""kneel""}",kneel,,,
cet4_endict_2016_expanded.json,50143a67069cd69c0ce1221a6f7bb554b992b3295322344907bf784afb5ff9c0,3103,"{""lemma"": ""knife""}",knife,,,
cet4_endict_2016_expanded.json,50143a67069cd69c0ce1221a6f7bb554b992b3295322344907bf784afb5ff9c0,3104,"{""lemma"": ""knit""}",knit,,,
cet4_endict_2016_expanded.json,50143a67069cd69c0ce1221a6f7bb554b992b3295322344907bf784afb5ff9c0,3105,"{""lemma"": ""knock""}",knock,,,
cet4_endict_2016_expanded.json,50143a67069cd69c0ce1221a6f7bb554b992b3295322344907bf784afb5ff9c0,3106,"{""lemma"": ""knot""}",knot,,,
cet4_endict_2016_expanded.json,50143a67069cd69c0ce1221a6f7bb554b992b3295322344907bf784afb5ff9c0,3107,"{""lemma"": ""knotty""}",knotty,,,
cet4_endict_2016_expanded.json,50143a67069cd69c0ce1221a6f7bb554b992b3295322344907bf784afb5ff9c0,3108,"{""lemma"": ""know""}",know,,,
cet4_endict_2016_expanded.json,50143a67069cd69c0ce1221a6f7bb554b992b3295322344907bf784afb5ff9c0,3109,"{""lemma"": ""knowledge""}",knowledge,,,
cet4_endict_2016_expanded.json,50143a67069cd69c0ce1221a6f7bb554b992b3295322344907bf784afb5ff9c0,3110,"{""lemma"": ""knowledgeable""}",knowledgeable,,,
cet4_endict_2016_expanded.json,50143a67069cd69c0ce1221a6f7bb554b992b3295322344907bf784afb5ff9c0,3111,"{""lemma"": ""lab""}",lab,,,
cet4_endict_2016_expanded.json,50143a67069cd69c0ce1221a6f7bb554b992b3295322344907bf784afb5ff9c0,3112,"{""lemma"": ""label""}",label,,,
cet4_endict_2016_expanded.json,50143a67069cd69c0ce1221a6f7bb554b992b3295322344907bf784afb5ff9c0,3113,"{""lemma"": ""labor""}",labor,,,
cet4_endict_2016_expanded.json,50143a67069cd69c0ce1221a6f7bb554b992b3295322344907bf784afb5ff9c0,3114,"{""lemma"": ""laboratory""}",laboratory,,,
cet4_endict_2016_expanded.json,50143a67069cd69c0ce1221a6f7bb554b992b3295322344907bf784afb5ff9c0,3115,"{""lemma"": ""laborious""}",laborious,,,
cet4_endict_2016_expanded.json,50143a67069cd69c0ce1221a6f7bb554b992b3295322344907bf784afb5ff9c0,3116,"{""lemma"": ""lace""}",lace,,,
cet4_endict_2016_expanded.json,50143a67069cd69c0ce1221a6f7bb554b992b3295322344907bf784afb5ff9c0,3117,"{""lemma"": ""lack""}",lack,,,
cet4_endict_2016_expanded.json,50143a67069cd69c0ce1221a6f7bb554b992b3295322344907bf784afb5ff9c0,3118,"{""lemma"": ""ladder""}",ladder,,,
cet4_endict_2016_expanded.json,50143a67069cd69c0ce1221a6f7bb554b992b3295322344907bf784afb5ff9c0,3119,"{""lemma"": ""lady""}",lady,,,
cet4_endict_2016_expanded.json,50143a67069cd69c0ce1221a6f7bb554b992b3295322344907bf784afb5ff9c0,3120,"{""lemma"": ""lag""}",lag,,,
cet4_endict_2016_expanded.json,50143a67069cd69c0ce1221a6f7bb554b992b3295322344907bf784afb5ff9c0,3121,"{""lemma"": ""lake""}",lake,,,
cet4_endict_2016_expanded.json,50143a67069cd69c0ce1221a6f7bb554b992b3295322344907bf784afb5ff9c0,3122,"{""lemma"": ""lamb""}",lamb,,,
cet4_endict_2016_expanded.json,50143a67069cd69c0ce1221a6f7bb554b992b3295322344907bf784afb5ff9c0,3123,"{""lemma"": ""lame""}",lame,,,
cet4_endict_2016_expanded.json,50143a67069cd69c0ce1221a6f7bb554b992b3295322344907bf784afb5ff9c0,3124,"{""lemma"": ""lamp""}",lamp,,,
cet4_endict_2016_expanded.json,50143a67069cd69c0ce1221a6f7bb554b992b3295322344907bf784afb5ff9c0,3125,"{""lemma"": ""land""}",land,,,
cet4_endict_2016_expanded.json,50143a67069cd69c0ce1221a6f7bb554b992b3295322344907bf784afb5ff9c0,3126,"{""lemma"": ""landing""}",landing,,,
cet4_endict_2016_expanded.json,50143a67069cd69c0ce1221a6f7bb554b992b3295322344907bf784afb5ff9c0,3127,"{""lemma"": ""landlady""}",landlady,,,
cet4_endict_2016_expanded.json,50143a67069cd69c0ce1221a6f7bb554b992b3295322344907bf784afb5ff9c0,3128,"{""lemma"": ""landlord""}",landlord,,,
cet4_endict_2016_expanded.json,50143a67069cd69c0ce1221a6f7bb554b992b3295322344907bf784afb5ff9c0,3129,"{""lemma"": ""landscape""}",landscape,,,
cet4_endict_2016_expanded.json,50143a67069cd69c0ce1221a6f7bb554b992b3295322344907bf784afb5ff9c0,3130,"{""lemma"": ""lane""}",lane,,,
cet4_endict_2016_expanded.json,50143a67069cd69c0ce1221a6f7bb554b992b3295322344907bf784afb5ff9c0,3131,"{""lemma"": ""language""}",language,,,
cet4_endict_2016_expanded.json,50143a67069cd69c0ce1221a6f7bb554b992b3295322344907bf784afb5ff9c0,3132,"{""lemma"": ""lap""}",lap,,,
cet4_endict_2016_expanded.json,50143a67069cd69c0ce1221a6f7bb554b992b3295322344907bf784afb5ff9c0,3133,"{""lemma"": ""laptop""}",laptop,,,
cet4_endict_2016_expanded.json,50143a67069cd69c0ce1221a6f7bb554b992b3295322344907bf784afb5ff9c0,3134,"{""lemma"": ""large""}",large,,,
cet4_endict_2016_expanded.json,50143a67069cd69c0ce1221a6f7bb554b992b3295322344907bf784afb5ff9c0,3135,"{""lemma"": ""largely""}",largely,,,
cet4_endict_2016_expanded.json,50143a67069cd69c0ce1221a6f7bb554b992b3295322344907bf784afb5ff9c0,3136,"{""lemma"": ""laser""}",laser,,,
cet4_endict_2016_expanded.json,50143a67069cd69c0ce1221a6f7bb554b992b3295322344907bf784afb5ff9c0,3137,"{""lemma"": ""lass""}",lass,,,
cet4_endict_2016_expanded.json,50143a67069cd69c0ce1221a6f7bb554b992b3295322344907bf784afb5ff9c0,3138,"{""lemma"": ""last""}",last,,,
cet4_endict_2016_expanded.json,50143a67069cd69c0ce1221a6f7bb554b992b3295322344907bf784afb5ff9c0,3139,"{""lemma"": ""lastly""}",lastly,,,
cet4_endict_2016_expanded.json,50143a67069cd69c0ce1221a6f7bb554b992b3295322344907bf784afb5ff9c0,3140,"{""lemma"": ""late""}",late,,,
cet4_endict_2016_expanded.json,50143a67069cd69c0ce1221a6f7bb554b992b3295322344907bf784afb5ff9c0,3141,"{""lemma"": ""lately""}",lately,,,
cet4_endict_2016_expanded.json,50143a67069cd69c0ce1221a6f7bb554b992b3295322344907bf784afb5ff9c0,3142,"{""lemma"": ""later""}",later,,,
cet4_endict_2016_expanded.json,50143a67069cd69c0ce1221a6f7bb554b992b3295322344907bf784afb5ff9c0,3143,"{""lemma"": ""latter""}",latter,,,
cet4_endict_2016_expanded.json,50143a67069cd69c0ce1221a6f7bb554b992b3295322344907bf784afb5ff9c0,3144,"{""lemma"": ""laugh""}",laugh,,,
cet4_endict_2016_expanded.json,50143a67069cd69c0ce1221a6f7bb554b992b3295322344907bf784afb5ff9c0,3145,"{""lemma"": ""laughter""}",laughter,,,
cet4_endict_2016_expanded.json,50143a67069cd69c0ce1221a6f7bb554b992b3295322344907bf784afb5ff9c0,3146,"{""lemma"": ""launch""}",launch,,,
cet4_endict_2016_expanded.json,50143a67069cd69c0ce1221a6f7bb554b992b3295322344907bf784afb5ff9c0,3147,"{""lemma"": ""laundry""}",laundry,,,
cet4_endict_2016_expanded.json,50143a67069cd69c0ce1221a6f7bb554b992b3295322344907bf784afb5ff9c0,3148,"{""lemma"": ""lavatory""}",lavatory,,,
cet4_endict_2016_expanded.json,50143a67069cd69c0ce1221a6f7bb554b992b3295322344907bf784afb5ff9c0,3149,"{""lemma"": ""law""}",law,,,
cet4_endict_2016_expanded.json,50143a67069cd69c0ce1221a6f7bb554b992b3295322344907bf784afb5ff9c0,3150,"{""lemma"": ""lawful""}",lawful,,,
cet4_endict_2016_expanded.json,50143a67069cd69c0ce1221a6f7bb554b992b3295322344907bf784afb5ff9c0,3151,"{""lemma"": ""lawn""}",lawn,,,
cet4_endict_2016_expanded.json,50143a67069cd69c0ce1221a6f7bb554b992b3295322344907bf784afb5ff9c0,3152,"{""lemma"": ""lawyer""}",lawyer,,,
cet4_endict_2016_expanded.json,50143a67069cd69c0ce1221a6f7bb554b992b3295322344907bf784afb5ff9c0,3153,"{""lemma"": ""lay""}",lay,,,
cet4_endict_2016_expanded.json,50143a67069cd69c0ce1221a6f7bb554b992b3295322344907bf784afb5ff9c0,3154,"{""lemma"": ""layer""}",layer,,,
cet4_endict_2016_expanded.json,50143a67069cd69c0ce1221a6f7bb554b992b3295322344907bf784afb5ff9c0,3155,"{""lemma"": ""layoff""}",layoff,,,
cet4_endict_2016_expanded.json,50143a67069cd69c0ce1221a6f7bb554b992b3295322344907bf784afb5ff9c0,3156,"{""lemma"": ""layout""}",layout,,,
cet4_endict_2016_expanded.json,50143a67069cd69c0ce1221a6f7bb554b992b3295322344907bf784afb5ff9c0,3157,"{""lemma"": ""laziness""}",laziness,,,
cet4_endict_2016_expanded.json,50143a67069cd69c0ce1221a6f7bb554b992b3295322344907bf784afb5ff9c0,3158,"{""lemma"": ""lazy""}",lazy,,,
cet4_endict_2016_expanded.json,50143a67069cd69c0ce1221a6f7bb554b992b3295322344907bf784afb5ff9c0,3159,"{""lemma"": ""lead""}",lead,,,
cet4_endict_2016_expanded.json,50143a67069cd69c0ce1221a6f7bb554b992b3295322344907bf784afb5ff9c0,3160,"{""lemma"": ""leader""}",leader,,,
cet4_endict_2016_expanded.json,50143a67069cd69c0ce1221a6f7bb554b992b3295322344907bf784afb5ff9c0,3161,"{""lemma"": ""leadership""}",leadership,,,
cet4_endict_2016_expanded.json,50143a67069cd69c0ce1221a6f7bb554b992b3295322344907bf784afb5ff9c0,3162,"{""lemma"": ""leading""}",leading,,,
cet4_endict_2016_expanded.json,50143a67069cd69c0ce1221a6f7bb554b992b3295322344907bf784afb5ff9c0,3163,"{""lemma"": ""leaf""}",leaf,,,
cet4_endict_2016_expanded.json,50143a67069cd69c0ce1221a6f7bb554b992b3295322344907bf784afb5ff9c0,3164,"{""lemma"": ""league""}",league,,,
cet4_endict_2016_expanded.json,50143a67069cd69c0ce1221a6f7bb554b992b3295322344907bf784afb5ff9c0,3165,"{""lemma"": ""leak""}",leak,,,
cet4_endict_2016_expanded.json,50143a67069cd69c0ce1221a6f7bb554b992b3295322344907bf784afb5ff9c0,3166,"{""lemma"": ""lean""}",lean,,,
cet4_endict_2016_expanded.json,50143a67069cd69c0ce1221a6f7bb554b992b3295322344907bf784afb5ff9c0,3167,"{""lemma"": ""leap""}",leap,,,
cet4_endict_2016_expanded.json,50143a67069cd69c0ce1221a6f7bb554b992b3295322344907bf784afb5ff9c0,3168,"{""lemma"": ""learn""}",learn,,,
cet4_endict_2016_expanded.json,50143a67069cd69c0ce1221a6f7bb554b992b3295322344907bf784afb5ff9c0,3169,"{""lemma"": ""learned""}",learned,,,
cet4_endict_2016_expanded.json,50143a67069cd69c0ce1221a6f7bb554b992b3295322344907bf784afb5ff9c0,3170,"{""lemma"": ""learner""}",learner,,,
cet4_endict_2016_expanded.json,50143a67069cd69c0ce1221a6f7bb554b992b3295322344907bf784afb5ff9c0,3171,"{""lemma"": ""learning""}",learning,,,
cet4_endict_2016_expanded.json,50143a67069cd69c0ce1221a6f7bb554b992b3295322344907bf784afb5ff9c0,3172,"{""lemma"": ""lease""}",lease,,,
cet4_endict_2016_expanded.json,50143a67069cd69c0ce1221a6f7bb554b992b3295322344907bf784afb5ff9c0,3173,"{""lemma"": ""least""}",least,,,
cet4_endict_2016_expanded.json,50143a67069cd69c0ce1221a6f7bb554b992b3295322344907bf784afb5ff9c0,3174,"{""lemma"": ""leather""}",leather,,,
cet4_endict_2016_expanded.json,50143a67069cd69c0ce1221a6f7bb554b992b3295322344907bf784afb5ff9c0,3175,"{""lemma"": ""leave""}",leave,,,
cet4_endict_2016_expanded.json,50143a67069cd69c0ce1221a6f7bb554b992b3295322344907bf784afb5ff9c0,3176,"{""lemma"": ""lecture""}",lecture,,,
cet4_endict_2016_expanded.json,50143a67069cd69c0ce1221a6f7bb554b992b3295322344907bf784afb5ff9c0,3177,"{""lemma"": ""lecturer""}",lecturer,,,
cet4_endict_2016_expanded.json,50143a67069cd69c0ce1221a6f7bb554b992b3295322344907bf784afb5ff9c0,3178,"{""lemma"": ""left""}",left,,,
cet4_endict_2016_expanded.json,50143a67069cd69c0ce1221a6f7bb554b992b3295322344907bf784afb5ff9c0,3179,"{""lemma"": ""leftist""}",leftist,,,
cet4_endict_2016_expanded.json,50143a67069cd69c0ce1221a6f7bb554b992b3295322344907bf784afb5ff9c0,3180,"{""lemma"": ""leg""}",leg,,,
cet4_endict_2016_expanded.json,50143a67069cd69c0ce1221a6f7bb554b992b3295322344907bf784afb5ff9c0,3181,"{""lemma"": ""legal""}",legal,,,
cet4_endict_2016_expanded.json,50143a67069cd69c0ce1221a6f7bb554b992b3295322344907bf784afb5ff9c0,3182,"{""lemma"": ""legalize""}",legalize,,,
cet4_endict_2016_expanded.json,50143a67069cd69c0ce1221a6f7bb554b992b3295322344907bf784afb5ff9c0,3183,"{""lemma"": ""legend""}",legend,,,
cet4_endict_2016_expanded.json,50143a67069cd69c0ce1221a6f7bb554b992b3295322344907bf784afb5ff9c0,3184,"{""lemma"": ""legendary""}",legendary,,,
cet4_endict_2016_expanded.json,50143a67069cd69c0ce1221a6f7bb554b992b3295322344907bf784afb5ff9c0,3185,"{""lemma"": ""legislate""}",legislate,,,
cet4_endict_2016_expanded.json,50143a67069cd69c0ce1221a6f7bb554b992b3295322344907bf784afb5ff9c0,3186,"{""lemma"": ""legislation""}",legislation,,,
cet4_endict_2016_expanded.json,50143a67069cd69c0ce1221a6f7bb554b992b3295322344907bf784afb5ff9c0,3187,"{""lemma"": ""legislative""}",legislative,,,
cet4_endict_2016_expanded.json,50143a67069cd69c0ce1221a6f7bb554b992b3295322344907bf784afb5ff9c0,3188,"{""lemma"": ""legislator""}",legislator,,,
cet4_endict_2016_expanded.json,50143a67069cd69c0ce1221a6f7bb554b992b3295322344907bf784afb5ff9c0,3189,"{""lemma"": ""leisure""}",leisure,,,
cet4_endict_2016_expanded.json,50143a67069cd69c0ce1221a6f7bb554b992b3295322344907bf784afb5ff9c0,3190,"{""lemma"": ""leisurely""}",leisurely,,,
cet4_endict_2016_expanded.json,50143a67069cd69c0ce1221a6f7bb554b992b3295322344907bf784afb5ff9c0,3191,"{""lemma"": ""lemon""}",lemon,,,
cet4_endict_2016_expanded.json,50143a67069cd69c0ce1221a6f7bb554b992b3295322344907bf784afb5ff9c0,3192,"{""lemma"": ""lemonade""}",lemonade,,,
cet4_endict_2016_expanded.json,50143a67069cd69c0ce1221a6f7bb554b992b3295322344907bf784afb5ff9c0,3193,"{""lemma"": ""lend""}",lend,,,
cet4_endict_2016_expanded.json,50143a67069cd69c0ce1221a6f7bb554b992b3295322344907bf784afb5ff9c0,3194,"{""lemma"": ""length""}",length,,,
cet4_endict_2016_expanded.json,50143a67069cd69c0ce1221a6f7bb554b992b3295322344907bf784afb5ff9c0,3195,"{""lemma"": ""lengthy""}",lengthy,,,
cet4_endict_2016_expanded.json,50143a67069cd69c0ce1221a6f7bb554b992b3295322344907bf784afb5ff9c0,3196,"{""lemma"": ""lens""}",lens,,,
cet4_endict_2016_expanded.json,50143a67069cd69c0ce1221a6f7bb554b992b3295322344907bf784afb5ff9c0,3197,"{""lemma"": ""less""}",less,,,
cet4_endict_2016_expanded.json,50143a67069cd69c0ce1221a6f7bb554b992b3295322344907bf784afb5ff9c0,3198,"{""lemma"": ""lesson""}",lesson,,,
cet4_endict_2016_expanded.json,50143a67069cd69c0ce1221a6f7bb554b992b3295322344907bf784afb5ff9c0,3199,"{""lemma"": ""lest""}",lest,,,
cet4_endict_2016_expanded.json,50143a67069cd69c0ce1221a6f7bb554b992b3295322344907bf784afb5ff9c0,3200,"{""lemma"": ""let""}",let,,,
cet4_endict_2016_expanded.json,50143a67069cd69c0ce1221a6f7bb554b992b3295322344907bf784afb5ff9c0,3201,"{""lemma"": ""letter""}",letter,,,
cet4_endict_2016_expanded.json,50143a67069cd69c0ce1221a6f7bb554b992b3295322344907bf784afb5ff9c0,3202,"{""lemma"": ""level""}",level,,,
cet4_endict_2016_expanded.json,50143a67069cd69c0ce1221a6f7bb554b992b3295322344907bf784afb5ff9c0,3203,"{""lemma"": ""liability""}",liability,,,
cet4_endict_2016_expanded.json,50143a67069cd69c0ce1221a6f7bb554b992b3295322344907bf784afb5ff9c0,3204,"{""lemma"": ""liable""}",liable,,,
cet4_endict_2016_expanded.json,50143a67069cd69c0ce1221a6f7bb554b992b3295322344907bf784afb5ff9c0,3205,"{""lemma"": ""liar""}",liar,,,
cet4_endict_2016_expanded.json,50143a67069cd69c0ce1221a6f7bb554b992b3295322344907bf784afb5ff9c0,3206,"{""lemma"": ""liberal""}",liberal,,,
cet4_endict_2016_expanded.json,50143a67069cd69c0ce1221a6f7bb554b992b3295322344907bf784afb5ff9c0,3207,"{""lemma"": ""liberate""}",liberate,,,
cet4_endict_2016_expanded.json,50143a67069cd69c0ce1221a6f7bb554b992b3295322344907bf784afb5ff9c0,3208,"{""lemma"": ""liberation""}",liberation,,,
cet4_endict_2016_expanded.json,50143a67069cd69c0ce1221a6f7bb554b992b3295322344907bf784afb5ff9c0,3209,"{""lemma"": ""liberty""}",liberty,,,
cet4_endict_2016_expanded.json,50143a67069cd69c0ce1221a6f7bb554b992b3295322344907bf784afb5ff9c0,3210,"{""lemma"": ""librarian""}",librarian,,,
cet4_endict_2016_expanded.json,50143a67069cd69c0ce1221a6f7bb554b992b3295322344907bf784afb5ff9c0,3211,"{""lemma"": ""library""}",library,,,
cet4_endict_2016_expanded.json,50143a67069cd69c0ce1221a6f7bb554b992b3295322344907bf784afb5ff9c0,3212,"{""lemma"": ""licence""}",licence,,,
cet4_endict_2016_expanded.json,50143a67069cd69c0ce1221a6f7bb554b992b3295322344907bf784afb5ff9c0,3213,"{""lemma"": ""lick""}",lick,,,
cet4_endict_2016_expanded.json,50143a67069cd69c0ce1221a6f7bb554b992b3295322344907bf784afb5ff9c0,3214,"{""lemma"": ""lid""}",lid,,,
cet4_endict_2016_expanded.json,50143a67069cd69c0ce1221a6f7bb554b992b3295322344907bf784afb5ff9c0,3215,"{""lemma"": ""lie""}",lie,,,
cet4_endict_2016_expanded.json,50143a67069cd69c0ce1221a6f7bb554b992b3295322344907bf784afb5ff9c0,3216,"{""lemma"": ""life""}",life,,,
cet4_endict_2016_expanded.json,50143a67069cd69c0ce1221a6f7bb554b992b3295322344907bf784afb5ff9c0,3217,"{""lemma"": ""lift""}",lift,,,
cet4_endict_2016_expanded.json,50143a67069cd69c0ce1221a6f7bb554b992b3295322344907bf784afb5ff9c0,3218,"{""lemma"": ""light""}",light,,,
cet4_endict_2016_expanded.json,50143a67069cd69c0ce1221a6f7bb554b992b3295322344907bf784afb5ff9c0,3219,"{""lemma"": ""lighting""}",lighting,,,
cet4_endict_2016_expanded.json,50143a67069cd69c0ce1221a6f7bb554b992b3295322344907bf784afb5ff9c0,3220,"{""lemma"": ""lightning""}",lightning,,,
cet4_endict_2016_expanded.json,50143a67069cd69c0ce1221a6f7bb554b992b3295322344907bf784afb5ff9c0,3221,"{""lemma"": ""like""}",like,,,
cet4_endict_2016_expanded.json,50143a67069cd69c0ce1221a6f7bb554b992b3295322344907bf784afb5ff9c0,3222,"{""lemma"": ""likelihood""}",likelihood,,,
cet4_endict_2016_expanded.json,50143a67069cd69c0ce1221a6f7bb554b992b3295322344907bf784afb5ff9c0,3223,"{""lemma"": ""likely""}",likely,,,
cet4_endict_2016_expanded.json,50143a67069cd69c0ce1221a6f7bb554b992b3295322344907bf784afb5ff9c0,3224,"{""lemma"": ""likewise""}",likewise,,,
cet4_endict_2016_expanded.json,50143a67069cd69c0ce1221a6f7bb554b992b3295322344907bf784afb5ff9c0,3225,"{""lemma"": ""lily""}",lily,,,
cet4_endict_2016_expanded.json,50143a67069cd69c0ce1221a6f7bb554b992b3295322344907bf784afb5ff9c0,3226,"{""lemma"": ""limb""}",limb,,,
cet4_endict_2016_expanded.json,50143a67069cd69c0ce1221a6f7bb554b992b3295322344907bf784afb5ff9c0,3227,"{""lemma"": ""limit""}",limit,,,
cet4_endict_2016_expanded.json,50143a67069cd69c0ce1221a6f7bb554b992b3295322344907bf784afb5ff9c0,3228,"{""lemma"": ""limitation""}",limitation,,,
cet4_endict_2016_expanded.json,50143a67069cd69c0ce1221a6f7bb554b992b3295322344907bf784afb5ff9c0,3229,"{""lemma"": ""limited""}",limited,,,
cet4_endict_2016_expanded.json,50143a67069cd69c0ce1221a6f7bb554b992b3295322344907bf784afb5ff9c0,3230,"{""lemma"": ""line""}",line,,,
cet4_endict_2016_expanded.json,50143a67069cd69c0ce1221a6f7bb554b992b3295322344907bf784afb5ff9c0,3231,"{""lemma"": ""linear""}",linear,,,
cet4_endict_2016_expanded.json,50143a67069cd69c0ce1221a6f7bb554b992b3295322344907bf784afb5ff9c0,3232,"{""lemma"": ""link""}",link,,,
cet4_endict_2016_expanded.json,50143a67069cd69c0ce1221a6f7bb554b992b3295322344907bf784afb5ff9c0,3233,"{""lemma"": ""linkage""}",linkage,,,
cet4_endict_2016_expanded.json,50143a67069cd69c0ce1221a6f7bb554b992b3295322344907bf784afb5ff9c0,3234,"{""lemma"": ""lion""}",lion,,,
cet4_endict_2016_expanded.json,50143a67069cd69c0ce1221a6f7bb554b992b3295322344907bf784afb5ff9c0,3235,"{""lemma"": ""lioness""}",lioness,,,
cet4_endict_2016_expanded.json,50143a67069cd69c0ce1221a6f7bb554b992b3295322344907bf784afb5ff9c0,3236,"{""lemma"": ""lip""}",lip,,,
cet4_endict_2016_expanded.json,50143a67069cd69c0ce1221a6f7bb554b992b3295322344907bf784afb5ff9c0,3237,"{""lemma"": ""liquid""}",liquid,,,
cet4_endict_2016_expanded.json,50143a67069cd69c0ce1221a6f7bb554b992b3295322344907bf784afb5ff9c0,3238,"{""lemma"": ""liquor""}",liquor,,,
cet4_endict_2016_expanded.json,50143a67069cd69c0ce1221a6f7bb554b992b3295322344907bf784afb5ff9c0,3239,"{""lemma"": ""list""}",list,,,
cet4_endict_2016_expanded.json,50143a67069cd69c0ce1221a6f7bb554b992b3295322344907bf784afb5ff9c0,3240,"{""lemma"": ""listen""}",listen,,,
cet4_endict_2016_expanded.json,50143a67069cd69c0ce1221a6f7bb554b992b3295322344907bf784afb5ff9c0,3241,"{""lemma"": ""listener""}",listener,,,
cet4_endict_2016_expanded.json,50143a67069cd69c0ce1221a6f7bb554b992b3295322344907bf784afb5ff9c0,3242,"{""lemma"": ""liter""}",liter,,,
cet4_endict_2016_expanded.json,50143a67069cd69c0ce1221a6f7bb554b992b3295322344907bf784afb5ff9c0,3243,"{""lemma"": ""literacy""}",literacy,,,
cet4_endict_2016_expanded.json,50143a67069cd69c0ce1221a6f7bb554b992b3295322344907bf784afb5ff9c0,3244,"{""lemma"": ""literal""}",literal,,,
cet4_endict_2016_expanded.json,50143a67069cd69c0ce1221a6f7bb554b992b3295322344907bf784afb5ff9c0,3245,"{""lemma"": ""literally""}",literally,,,
cet4_endict_2016_expanded.json,50143a67069cd69c0ce1221a6f7bb554b992b3295322344907bf784afb5ff9c0,3246,"{""lemma"": ""literary""}",literary,,,
cet4_endict_2016_expanded.json,50143a67069cd69c0ce1221a6f7bb554b992b3295322344907bf784afb5ff9c0,3247,"{""lemma"": ""literate""}",literate,,,
cet4_endict_2016_expanded.json,50143a67069cd69c0ce1221a6f7bb554b992b3295322344907bf784afb5ff9c0,3248,"{""lemma"": ""literature""}",literature,,,
cet4_endict_2016_expanded.json,50143a67069cd69c0ce1221a6f7bb554b992b3295322344907bf784afb5ff9c0,3249,"{""lemma"": ""litter""}",litter,,,
cet4_endict_2016_expanded.json,50143a67069cd69c0ce1221a6f7bb554b992b3295322344907bf784afb5ff9c0,3250,"{""lemma"": ""little""}",little,,,
cet4_endict_2016_expanded.json,50143a67069cd69c0ce1221a6f7bb554b992b3295322344907bf784afb5ff9c0,3251,"{""lemma"": ""live""}",live,,,
cet4_endict_2016_expanded.json,50143a67069cd69c0ce1221a6f7bb554b992b3295322344907bf784afb5ff9c0,3252,"{""lemma"": ""livelihood""}",livelihood,,,
cet4_endict_2016_expanded.json,50143a67069cd69c0ce1221a6f7bb554b992b3295322344907bf784afb5ff9c0,3253,"{""lemma"": ""lively""}",lively,,,
cet4_endict_2016_expanded.json,50143a67069cd69c0ce1221a6f7bb554b992b3295322344907bf784afb5ff9c0,3254,"{""lemma"": ""liver""}",liver,,,
cet4_endict_2016_expanded.json,50143a67069cd69c0ce1221a6f7bb554b992b3295322344907bf784afb5ff9c0,3255,"{""lemma"": ""living""}",living,,,
cet4_endict_2016_expanded.json,50143a67069cd69c0ce1221a6f7bb554b992b3295322344907bf784afb5ff9c0,3256,"{""lemma"": ""living room""}",living room,,,
cet4_endict_2016_expanded.json,50143a67069cd69c0ce1221a6f7bb554b992b3295322344907bf784afb5ff9c0,3257,"{""lemma"": ""load""}",load,,,
cet4_endict_2016_expanded.json,50143a67069cd69c0ce1221a6f7bb554b992b3295322344907bf784afb5ff9c0,3258,"{""lemma"": ""loaf""}",loaf,,,
cet4_endict_2016_expanded.json,50143a67069cd69c0ce1221a6f7bb554b992b3295322344907bf784afb5ff9c0,3259,"{""lemma"": ""loan""}",loan,,,
cet4_endict_2016_expanded.json,50143a67069cd69c0ce1221a6f7bb554b992b3295322344907bf784afb5ff9c0,3260,"{""lemma"": ""lobby""}",lobby,,,
cet4_endict_2016_expanded.json,50143a67069cd69c0ce1221a6f7bb554b992b3295322344907bf784afb5ff9c0,3261,"{""lemma"": ""lobbyist""}",lobbyist,,,
cet4_endict_2016_expanded.json,50143a67069cd69c0ce1221a6f7bb554b992b3295322344907bf784afb5ff9c0,3262,"{""lemma"": ""local""}",local,,,
cet4_endict_2016_expanded.json,50143a67069cd69c0ce1221a6f7bb554b992b3295322344907bf784afb5ff9c0,3263,"{""lemma"": ""locality""}",locality,,,
cet4_endict_2016_expanded.json,50143a67069cd69c0ce1221a6f7bb554b992b3295322344907bf784afb5ff9c0,3264,"{""lemma"": ""locate""}",locate,,,
cet4_endict_2016_expanded.json,50143a67069cd69c0ce1221a6f7bb554b992b3295322344907bf784afb5ff9c0,3265,"{""lemma"": ""location""}",location,,,
cet4_endict_2016_expanded.json,50143a67069cd69c0ce1221a6f7bb554b992b3295322344907bf784afb5ff9c0,3266,"{""lemma"": ""lock""}",lock,,,
cet4_endict_2016_expanded.json,50143a67069cd69c0ce1221a6f7bb554b992b3295322344907bf784afb5ff9c0,3267,"{""lemma"": ""locker""}",locker,,,
cet4_endict_2016_expanded.json,50143a67069cd69c0ce1221a6f7bb554b992b3295322344907bf784afb5ff9c0,3268,"{""lemma"": ""lodge""}",lodge,,,
cet4_endict_2016_expanded.json,50143a67069cd69c0ce1221a6f7bb554b992b3295322344907bf784afb5ff9c0,3269,"{""lemma"": ""lodging""}",lodging,,,
cet4_endict_2016_expanded.json,50143a67069cd69c0ce1221a6f7bb554b992b3295322344907bf784afb5ff9c0,3270,"{""lemma"": ""log""}",log,,,
cet4_endict_2016_expanded.json,50143a67069cd69c0ce1221a6f7bb554b992b3295322344907bf784afb5ff9c0,3271,"{""lemma"": ""logic""}",logic,,,
cet4_endict_2016_expanded.json,50143a67069cd69c0ce1221a6f7bb554b992b3295322344907bf784afb5ff9c0,3272,"{""lemma"": ""logical""}",logical,,,
cet4_endict_2016_expanded.json,50143a67069cd69c0ce1221a6f7bb554b992b3295322344907bf784afb5ff9c0,3273,"{""lemma"": ""logo""}",logo,,,
cet4_endict_2016_expanded.json,50143a67069cd69c0ce1221a6f7bb554b992b3295322344907bf784afb5ff9c0,3274,"{""lemma"": ""loneliness""}",loneliness,,,
cet4_endict_2016_expanded.json,50143a67069cd69c0ce1221a6f7bb554b992b3295322344907bf784afb5ff9c0,3275,"{""lemma"": ""lonely""}",lonely,,,
cet4_endict_2016_expanded.json,50143a67069cd69c0ce1221a6f7bb554b992b3295322344907bf784afb5ff9c0,3276,"{""lemma"": ""long""}",long,,,
cet4_endict_2016_expanded.json,50143a67069cd69c0ce1221a6f7bb554b992b3295322344907bf784afb5ff9c0,3277,"{""lemma"": ""look""}",look,,,
cet4_endict_2016_expanded.json,50143a67069cd69c0ce1221a6f7bb554b992b3295322344907bf784afb5ff9c0,3278,"{""lemma"": ""loophole""}",loophole,,,
cet4_endict_2016_expanded.json,50143a67069cd69c0ce1221a6f7bb554b992b3295322344907bf784afb5ff9c0,3279,"{""lemma"": ""loose""}",loose,,,
cet4_endict_2016_expanded.json,50143a67069cd69c0ce1221a6f7bb554b992b3295322344907bf784afb5ff9c0,3280,"{""lemma"": ""loosen""}",loosen,,,
cet4_endict_2016_expanded.json,50143a67069cd69c0ce1221a6f7bb554b992b3295322344907bf784afb5ff9c0,3281,"{""lemma"": ""lord""}",lord,,,
cet4_endict_2016_expanded.json,50143a67069cd69c0ce1221a6f7bb554b992b3295322344907bf784afb5ff9c0,3282,"{""lemma"": ""lorry""}",lorry,,,
cet4_endict_2016_expanded.json,50143a67069cd69c0ce1221a6f7bb554b992b3295322344907bf784afb5ff9c0,3283,"{""lemma"": ""lose""}",lose,,,
cet4_endict_2016_expanded.json,50143a67069cd69c0ce1221a6f7bb554b992b3295322344907bf784afb5ff9c0,3284,"{""lemma"": ""loss""}",loss,,,
cet4_endict_2016_expanded.json,50143a67069cd69c0ce1221a6f7bb554b992b3295322344907bf784afb5ff9c0,3285,"{""lemma"": ""lot""}",lot,,,
cet4_endict_2016_expanded.json,50143a67069cd69c0ce1221a6f7bb554b992b3295322344907bf784afb5ff9c0,3286,"{""lemma"": ""loud""}",loud,,,
cet4_endict_2016_expanded.json,50143a67069cd69c0ce1221a6f7bb554b992b3295322344907bf784afb5ff9c0,3287,"{""lemma"": ""love""}",love,,,
cet4_endict_2016_expanded.json,50143a67069cd69c0ce1221a6f7bb554b992b3295322344907bf784afb5ff9c0,3288,"{""lemma"": ""lovely""}",lovely,,,
cet4_endict_2016_expanded.json,50143a67069cd69c0ce1221a6f7bb554b992b3295322344907bf784afb5ff9c0,3289,"{""lemma"": ""lover""}",lover,,,
cet4_endict_2016_expanded.json,50143a67069cd69c0ce1221a6f7bb554b992b3295322344907bf784afb5ff9c0,3290,"{""lemma"": ""low""}",low,,,
cet4_endict_2016_expanded.json,50143a67069cd69c0ce1221a6f7bb554b992b3295322344907bf784afb5ff9c0,3291,"{""lemma"": ""lower""}",lower,,,
cet4_endict_2016_expanded.json,50143a67069cd69c0ce1221a6f7bb554b992b3295322344907bf784afb5ff9c0,3292,"{""lemma"": ""loyal""}",loyal,,,
cet4_endict_2016_expanded.json,50143a67069cd69c0ce1221a6f7bb554b992b3295322344907bf784afb5ff9c0,3293,"{""lemma"": ""loyalty""}",loyalty,,,
cet4_endict_2016_expanded.json,50143a67069cd69c0ce1221a6f7bb554b992b3295322344907bf784afb5ff9c0,3294,"{""lemma"": ""luck""}",luck,,,
cet4_endict_2016_expanded.json,50143a67069cd69c0ce1221a6f7bb554b992b3295322344907bf784afb5ff9c0,3295,"{""lemma"": ""lucky""}",lucky,,,
cet4_endict_2016_expanded.json,50143a67069cd69c0ce1221a6f7bb554b992b3295322344907bf784afb5ff9c0,3296,"{""lemma"": ""luggage""}",luggage,,,
cet4_endict_2016_expanded.json,50143a67069cd69c0ce1221a6f7bb554b992b3295322344907bf784afb5ff9c0,3297,"{""lemma"": ""lump""}",lump,,,
cet4_endict_2016_expanded.json,50143a67069cd69c0ce1221a6f7bb554b992b3295322344907bf784afb5ff9c0,3298,"{""lemma"": ""lunar""}",lunar,,,
cet4_endict_2016_expanded.json,50143a67069cd69c0ce1221a6f7bb554b992b3295322344907bf784afb5ff9c0,3299,"{""lemma"": ""lunch""}",lunch,,,
cet4_endict_2016_expanded.json,50143a67069cd69c0ce1221a6f7bb554b992b3295322344907bf784afb5ff9c0,3300,"{""lemma"": ""luncheon""}",luncheon,,,
cet4_endict_2016_expanded.json,50143a67069cd69c0ce1221a6f7bb554b992b3295322344907bf784afb5ff9c0,3301,"{""lemma"": ""lung""}",lung,,,
cet4_endict_2016_expanded.json,50143a67069cd69c0ce1221a6f7bb554b992b3295322344907bf784afb5ff9c0,3302,"{""lemma"": ""luxurious""}",luxurious,,,
cet4_endict_2016_expanded.json,50143a67069cd69c0ce1221a6f7bb554b992b3295322344907bf784afb5ff9c0,3303,"{""lemma"": ""luxury""}",luxury,,,
cet4_endict_2016_expanded.json,50143a67069cd69c0ce1221a6f7bb554b992b3295322344907bf784afb5ff9c0,3304,"{""lemma"": ""machine""}",machine,,,
cet4_endict_2016_expanded.json,50143a67069cd69c0ce1221a6f7bb554b992b3295322344907bf784afb5ff9c0,3305,"{""lemma"": ""machinery""}",machinery,,,
cet4_endict_2016_expanded.json,50143a67069cd69c0ce1221a6f7bb554b992b3295322344907bf784afb5ff9c0,3306,"{""lemma"": ""mad""}",mad,,,
cet4_endict_2016_expanded.json,50143a67069cd69c0ce1221a6f7bb554b992b3295322344907bf784afb5ff9c0,3307,"{""lemma"": ""madam""}",madam,,,
cet4_endict_2016_expanded.json,50143a67069cd69c0ce1221a6f7bb554b992b3295322344907bf784afb5ff9c0,3308,"{""lemma"": ""madden""}",madden,,,
cet4_endict_2016_expanded.json,50143a67069cd69c0ce1221a6f7bb554b992b3295322344907bf784afb5ff9c0,3309,"{""lemma"": ""magazine""}",magazine,,,
cet4_endict_2016_expanded.json,50143a67069cd69c0ce1221a6f7bb554b992b3295322344907bf784afb5ff9c0,3310,"{""lemma"": ""magic""}",magic,,,
cet4_endict_2016_expanded.json,50143a67069cd69c0ce1221a6f7bb554b992b3295322344907bf784afb5ff9c0,3311,"{""lemma"": ""magical""}",magical,,,
cet4_endict_2016_expanded.json,50143a67069cd69c0ce1221a6f7bb554b992b3295322344907bf784afb5ff9c0,3312,"{""lemma"": ""magnet""}",magnet,,,
cet4_endict_2016_expanded.json,50143a67069cd69c0ce1221a6f7bb554b992b3295322344907bf784afb5ff9c0,3313,"{""lemma"": ""magnetic""}",magnetic,,,
cet4_endict_2016_expanded.json,50143a67069cd69c0ce1221a6f7bb554b992b3295322344907bf784afb5ff9c0,3314,"{""lemma"": ""magnificence""}",magnificence,,,
cet4_endict_2016_expanded.json,50143a67069cd69c0ce1221a6f7bb554b992b3295322344907bf784afb5ff9c0,3315,"{""lemma"": ""magnificent""}",magnificent,,,
cet4_endict_2016_expanded.json,50143a67069cd69c0ce1221a6f7bb554b992b3295322344907bf784afb5ff9c0,3316,"{""lemma"": ""maid""}",maid,,,
cet4_endict_2016_expanded.json,50143a67069cd69c0ce1221a6f7bb554b992b3295322344907bf784afb5ff9c0,3317,"{""lemma"": ""maiden""}",maiden,,,
cet4_endict_2016_expanded.json,50143a67069cd69c0ce1221a6f7bb554b992b3295322344907bf784afb5ff9c0,3318,"{""lemma"": ""mail""}",mail,,,
cet4_endict_2016_expanded.json,50143a67069cd69c0ce1221a6f7bb554b992b3295322344907bf784afb5ff9c0,3319,"{""lemma"": ""main""}",main,,,
cet4_endict_2016_expanded.json,50143a67069cd69c0ce1221a6f7bb554b992b3295322344907bf784afb5ff9c0,3320,"{""lemma"": ""mainland""}",mainland,,,
cet4_endict_2016_expanded.json,50143a67069cd69c0ce1221a6f7bb554b992b3295322344907bf784afb5ff9c0,3321,"{""lemma"": ""mainstream""}",mainstream,,,
cet4_endict_2016_expanded.json,50143a67069cd69c0ce1221a6f7bb554b992b3295322344907bf784afb5ff9c0,3322,"{""lemma"": ""maintain""}",maintain,,,
cet4_endict_2016_expanded.json,50143a67069cd69c0ce1221a6f7bb554b992b3295322344907bf784afb5ff9c0,3323,"{""lemma"": ""maintenance""}",maintenance,,,
cet4_endict_2016_expanded.json,50143a67069cd69c0ce1221a6f7bb554b992b3295322344907bf784afb5ff9c0,3324,"{""lemma"": ""major""}",major,,,
cet4_endict_2016_expanded.json,50143a67069cd69c0ce1221a6f7bb554b992b3295322344907bf784afb5ff9c0,3325,"{""lemma"": ""majority""}",majority,,,
cet4_endict_2016_expanded.json,50143a67069cd69c0ce1221a6f7bb554b992b3295322344907bf784afb5ff9c0,3326,"{""lemma"": ""make""}",make,,,
cet4_endict_2016_expanded.json,50143a67069cd69c0ce1221a6f7bb554b992b3295322344907bf784afb5ff9c0,3327,"{""lemma"": ""makeup""}",makeup,,,
cet4_endict_2016_expanded.json,50143a67069cd69c0ce1221a6f7bb554b992b3295322344907bf784afb5ff9c0,3328,"{""lemma"": ""male""}",male,,,
cet4_endict_2016_expanded.json,50143a67069cd69c0ce1221a6f7bb554b992b3295322344907bf784afb5ff9c0,3329,"{""lemma"": ""mall""}",mall,,,
cet4_endict_2016_expanded.json,50143a67069cd69c0ce1221a6f7bb554b992b3295322344907bf784afb5ff9c0,3330,"{""lemma"": ""mammal""}",mammal,,,
cet4_endict_2016_expanded.json,50143a67069cd69c0ce1221a6f7bb554b992b3295322344907bf784afb5ff9c0,3331,"{""lemma"": ""man""}",man,,,
cet4_endict_2016_expanded.json,50143a67069cd69c0ce1221a6f7bb554b992b3295322344907bf784afb5ff9c0,3332,"{""lemma"": ""manage""}",manage,,,
cet4_endict_2016_expanded.json,50143a67069cd69c0ce1221a6f7bb554b992b3295322344907bf784afb5ff9c0,3333,"{""lemma"": ""management""}",management,,,
cet4_endict_2016_expanded.json,50143a67069cd69c0ce1221a6f7bb554b992b3295322344907bf784afb5ff9c0,3334,"{""lemma"": ""manager""}",manager,,,
cet4_endict_2016_expanded.json,50143a67069cd69c0ce1221a6f7bb554b992b3295322344907bf784afb5ff9c0,3335,"{""lemma"": ""managerial""}",managerial,,,
cet4_endict_2016_expanded.json,50143a67069cd69c0ce1221a6f7bb554b992b3295322344907bf784afb5ff9c0,3336,"{""lemma"": ""manhood""}",manhood,,,
cet4_endict_2016_expanded.json,50143a67069cd69c0ce1221a6f7bb554b992b3295322344907bf784afb5ff9c0,3337,"{""lemma"": ""manipulate""}",manipulate,,,
cet4_endict_2016_expanded.json,50143a67069cd69c0ce1221a6f7bb554b992b3295322344907bf784afb5ff9c0,3338,"{""lemma"": ""manipulation""}",manipulation,,,
cet4_endict_2016_expanded.json,50143a67069cd69c0ce1221a6f7bb554b992b3295322344907bf784afb5ff9c0,3339,"{""lemma"": ""manipulative""}",manipulative,,,
cet4_endict_2016_expanded.json,50143a67069cd69c0ce1221a6f7bb554b992b3295322344907bf784afb5ff9c0,3340,"{""lemma"": ""mankind""}",mankind,,,
cet4_endict_2016_expanded.json,50143a67069cd69c0ce1221a6f7bb554b992b3295322344907bf784afb5ff9c0,3341,"{""lemma"": ""manly""}",manly,,,
cet4_endict_2016_expanded.json,50143a67069cd69c0ce1221a6f7bb554b992b3295322344907bf784afb5ff9c0,3342,"{""lemma"": ""manner""}",manner,,,
cet4_endict_2016_expanded.json,50143a67069cd69c0ce1221a6f7bb554b992b3295322344907bf784afb5ff9c0,3343,"{""lemma"": ""manual""}",manual,,,
cet4_endict_2016_expanded.json,50143a67069cd69c0ce1221a6f7bb554b992b3295322344907bf784afb5ff9c0,3344,"{""lemma"": ""manufacture""}",manufacture,,,
cet4_endict_2016_expanded.json,50143a67069cd69c0ce1221a6f7bb554b992b3295322344907bf784afb5ff9c0,3345,"{""lemma"": ""manufacturer""}",manufacturer,,,
cet4_endict_2016_expanded.json,50143a67069cd69c0ce1221a6f7bb554b992b3295322344907bf784afb5ff9c0,3346,"{""lemma"": ""many""}",many,,,
cet4_endict_2016_expanded.json,50143a67069cd69c0ce1221a6f7bb554b992b3295322344907bf784afb5ff9c0,3347,"{""lemma"": ""map""}",map,,,
cet4_endict_2016_expanded.json,50143a67069cd69c0ce1221a6f7bb554b992b3295322344907bf784afb5ff9c0,3348,"{""lemma"": ""marathon""}",marathon,,,
cet4_endict_2016_expanded.json,50143a67069cd69c0ce1221a6f7bb554b992b3295322344907bf784afb5ff9c0,3349,"{""lemma"": ""march""}",march,,,
cet4_endict_2016_expanded.json,50143a67069cd69c0ce1221a6f7bb554b992b3295322344907bf784afb5ff9c0,3350,"{""lemma"": ""margin""}",margin,,,
cet4_endict_2016_expanded.json,50143a67069cd69c0ce1221a6f7bb554b992b3295322344907bf784afb5ff9c0,3351,"{""lemma"": ""marginal""}",marginal,,,
cet4_endict_2016_expanded.json,50143a67069cd69c0ce1221a6f7bb554b992b3295322344907bf784afb5ff9c0,3352,"{""lemma"": ""marine""}",marine,,,
cet4_endict_2016_expanded.json,50143a67069cd69c0ce1221a6f7bb554b992b3295322344907bf784afb5ff9c0,3353,"{""lemma"": ""marital""}",marital,,,
cet4_endict_2016_expanded.json,50143a67069cd69c0ce1221a6f7bb554b992b3295322344907bf784afb5ff9c0,3354,"{""lemma"": ""mark""}",mark,,,
cet4_endict_2016_expanded.json,50143a67069cd69c0ce1221a6f7bb554b992b3295322344907bf784afb5ff9c0,3355,"{""lemma"": ""market""}",market,,,
cet4_endict_2016_expanded.json,50143a67069cd69c0ce1221a6f7bb554b992b3295322344907bf784afb5ff9c0,3356,"{""lemma"": ""marketing""}",marketing,,,
cet4_endict_2016_expanded.json,50143a67069cd69c0ce1221a6f7bb554b992b3295322344907bf784afb5ff9c0,3357,"{""lemma"": ""marriage""}",marriage,,,
cet4_endict_2016_expanded.json,50143a67069cd69c0ce1221a6f7bb554b992b3295322344907bf784afb5ff9c0,3358,"{""lemma"": ""marry""}",marry,,,
cet4_endict_2016_expanded.json,50143a67069cd69c0ce1221a6f7bb554b992b3295322344907bf784afb5ff9c0,3359,"{""lemma"": ""marsh""}",marsh,,,
cet4_endict_2016_expanded.json,50143a67069cd69c0ce1221a6f7bb554b992b3295322344907bf784afb5ff9c0,3360,"{""lemma"": ""marshal""}",marshal,,,
cet4_endict_2016_expanded.json,50143a67069cd69c0ce1221a6f7bb554b992b3295322344907bf784afb5ff9c0,3361,"{""lemma"": ""marvel""}",marvel,,,
cet4_endict_2016_expanded.json,50143a67069cd69c0ce1221a6f7bb554b992b3295322344907bf784afb5ff9c0,3362,"{""lemma"": ""marvelous""}",marvelous,,,
cet4_endict_2016_expanded.json,50143a67069cd69c0ce1221a6f7bb554b992b3295322344907bf784afb5ff9c0,3363,"{""lemma"": ""Marxism""}",Marxism,,,
cet4_endict_2016_expanded.json,50143a67069cd69c0ce1221a6f7bb554b992b3295322344907bf784afb5ff9c0,3364,"{""lemma"": ""Marxist""}",Marxist,,,
cet4_endict_2016_expanded.json,50143a67069cd69c0ce1221a6f7bb554b992b3295322344907bf784afb5ff9c0,3365,"{""lemma"": ""mask""}",mask,,,
cet4_endict_2016_expanded.json,50143a67069cd69c0ce1221a6f7bb554b992b3295322344907bf784afb5ff9c0,3366,"{""lemma"": ""mass""}",mass,,,
cet4_endict_2016_expanded.json,50143a67069cd69c0ce1221a6f7bb554b992b3295322344907bf784afb5ff9c0,3367,"{""lemma"": ""massage""}",massage,,,
cet4_endict_2016_expanded.json,50143a67069cd69c0ce1221a6f7bb554b992b3295322344907bf784afb5ff9c0,3368,"{""lemma"": ""massive""}",massive,,,
cet4_endict_2016_expanded.json,50143a67069cd69c0ce1221a6f7bb554b992b3295322344907bf784afb5ff9c0,3369,"{""lemma"": ""master""}",master,,,
cet4_endict_2016_expanded.json,50143a67069cd69c0ce1221a6f7bb554b992b3295322344907bf784afb5ff9c0,3370,"{""lemma"": ""masterpiece""}",masterpiece,,,
cet4_endict_2016_expanded.json,50143a67069cd69c0ce1221a6f7bb554b992b3295322344907bf784afb5ff9c0,3371,"{""lemma"": ""mastery""}",mastery,,,
cet4_endict_2016_expanded.json,50143a67069cd69c0ce1221a6f7bb554b992b3295322344907bf784afb5ff9c0,3372,"{""lemma"": ""mat""}",mat,,,
cet4_endict_2016_expanded.json,50143a67069cd69c0ce1221a6f7bb554b992b3295322344907bf784afb5ff9c0,3373,"{""lemma"": ""match""}",match,,,
cet4_endict_2016_expanded.json,50143a67069cd69c0ce1221a6f7bb554b992b3295322344907bf784afb5ff9c0,3374,"{""lemma"": ""mate""}",mate,,,
cet4_endict_2016_expanded.json,50143a67069cd69c0ce1221a6f7bb554b992b3295322344907bf784afb5ff9c0,3375,"{""lemma"": ""material""}",material,,,
cet4_endict_2016_expanded.json,50143a67069cd69c0ce1221a6f7bb554b992b3295322344907bf784afb5ff9c0,3376,"{""lemma"": ""materialism""}",materialism,,,
cet4_endict_2016_expanded.json,50143a67069cd69c0ce1221a6f7bb554b992b3295322344907bf784afb5ff9c0,3377,"{""lemma"": ""materialist""}",materialist,,,
cet4_endict_2016_expanded.json,50143a67069cd69c0ce1221a6f7bb554b992b3295322344907bf784afb5ff9c0,3378,"{""lemma"": ""materialize""}",materialize,,,
cet4_endict_2016_expanded.json,50143a67069cd69c0ce1221a6f7bb554b992b3295322344907bf784afb5ff9c0,3379,"{""lemma"": ""math""}",math,,,
cet4_endict_2016_expanded.json,50143a67069cd69c0ce1221a6f7bb554b992b3295322344907bf784afb5ff9c0,3380,"{""lemma"": ""mathematical""}",mathematical,,,
cet4_endict_2016_expanded.json,50143a67069cd69c0ce1221a6f7bb554b992b3295322344907bf784afb5ff9c0,3381,"{""lemma"": ""mathematics""}",mathematics,,,
cet4_endict_2016_expanded.json,50143a67069cd69c0ce1221a6f7bb554b992b3295322344907bf784afb5ff9c0,3382,"{""lemma"": ""matter""}",matter,,,
cet4_endict_2016_expanded.json,50143a67069cd69c0ce1221a6f7bb554b992b3295322344907bf784afb5ff9c0,3383,"{""lemma"": ""mature""}",mature,,,
cet4_endict_2016_expanded.json,50143a67069cd69c0ce1221a6f7bb554b992b3295322344907bf784afb5ff9c0,3384,"{""lemma"": ""maturity""}",maturity,,,
cet4_endict_2016_expanded.json,50143a67069cd69c0ce1221a6f7bb554b992b3295322344907bf784afb5ff9c0,3385,"{""lemma"": ""maximal""}",maximal,,,
cet4_endict_2016_expanded.json,50143a67069cd69c0ce1221a6f7bb554b992b3295322344907bf784afb5ff9c0,3386,"{""lemma"": ""maximize""}",maximize,,,
cet4_endict_2016_expanded.json,50143a67069cd69c0ce1221a6f7bb554b992b3295322344907bf784afb5ff9c0,3387,"{""lemma"": ""maximum""}",maximum,,,
cet4_endict_2016_expanded.json,50143a67069cd69c0ce1221a6f7bb554b992b3295322344907bf784afb5ff9c0,3388,"{""lemma"": ""may""}",may,,,
cet4_endict_2016_expanded.json,50143a67069cd69c0ce1221a6f7bb554b992b3295322344907bf784afb5ff9c0,3389,"{""lemma"": ""maybe""}",maybe,,,
cet4_endict_2016_expanded.json,50143a67069cd69c0ce1221a6f7bb554b992b3295322344907bf784afb5ff9c0,3390,"{""lemma"": ""mayor""}",mayor,,,
cet4_endict_2016_expanded.json,50143a67069cd69c0ce1221a6f7bb554b992b3295322344907bf784afb5ff9c0,3391,"{""lemma"": ""me""}",me,,,
cet4_endict_2016_expanded.json,50143a67069cd69c0ce1221a6f7bb554b992b3295322344907bf784afb5ff9c0,3392,"{""lemma"": ""meal""}",meal,,,
cet4_endict_2016_expanded.json,50143a67069cd69c0ce1221a6f7bb554b992b3295322344907bf784afb5ff9c0,3393,"{""lemma"": ""mean""}",mean,,,
cet4_endict_2016_expanded.json,50143a67069cd69c0ce1221a6f7bb554b992b3295322344907bf784afb5ff9c0,3394,"{""lemma"": ""meaning""}",meaning,,,
cet4_endict_2016_expanded.json,50143a67069cd69c0ce1221a6f7bb554b992b3295322344907bf784afb5ff9c0,3395,"{""lemma"": ""meaningful""}",meaningful,,,
cet4_endict_2016_expanded.json,50143a67069cd69c0ce1221a6f7bb554b992b3295322344907bf784afb5ff9c0,3396,"{""lemma"": ""means""}",means,,,
cet4_endict_2016_expanded.json,50143a67069cd69c0ce1221a6f7bb554b992b3295322344907bf784afb5ff9c0,3397,"{""lemma"": ""meantime""}",meantime,,,
cet4_endict_2016_expanded.json,50143a67069cd69c0ce1221a6f7bb554b992b3295322344907bf784afb5ff9c0,3398,"{""lemma"": ""meanwhile""}",meanwhile,,,
cet4_endict_2016_expanded.json,50143a67069cd69c0ce1221a6f7bb554b992b3295322344907bf784afb5ff9c0,3399,"{""lemma"": ""measurable""}",measurable,,,
cet4_endict_2016_expanded.json,50143a67069cd69c0ce1221a6f7bb554b992b3295322344907bf784afb5ff9c0,3400,"{""lemma"": ""measure""}",measure,,,
cet4_endict_2016_expanded.json,50143a67069cd69c0ce1221a6f7bb554b992b3295322344907bf784afb5ff9c0,3401,"{""lemma"": ""measurement""}",measurement,,,
cet4_endict_2016_expanded.json,50143a67069cd69c0ce1221a6f7bb554b992b3295322344907bf784afb5ff9c0,3402,"{""lemma"": ""meat""}",meat,,,
cet4_endict_2016_expanded.json,50143a67069cd69c0ce1221a6f7bb554b992b3295322344907bf784afb5ff9c0,3403,"{""lemma"": ""meaty""}",meaty,,,
cet4_endict_2016_expanded.json,50143a67069cd69c0ce1221a6f7bb554b992b3295322344907bf784afb5ff9c0,3404,"{""lemma"": ""mechanic""}",mechanic,,,
cet4_endict_2016_expanded.json,50143a67069cd69c0ce1221a6f7bb554b992b3295322344907bf784afb5ff9c0,3405,"{""lemma"": ""mechanical""}",mechanical,,,
cet4_endict_2016_expanded.json,50143a67069cd69c0ce1221a6f7bb554b992b3295322344907bf784afb5ff9c0,3406,"{""lemma"": ""mechanics""}",mechanics,,,
cet4_endict_2016_expanded.json,50143a67069cd69c0ce1221a6f7bb554b992b3295322344907bf784afb5ff9c0,3407,"{""lemma"": ""mechanism""}",mechanism,,,
cet4_endict_2016_expanded.json,50143a67069cd69c0ce1221a6f7bb554b992b3295322344907bf784afb5ff9c0,3408,"{""lemma"": ""mechanization""}",mechanization,,,
cet4_endict_2016_expanded.json,50143a67069cd69c0ce1221a6f7bb554b992b3295322344907bf784afb5ff9c0,3409,"{""lemma"": ""mechanize""}",mechanize,,,
cet4_endict_2016_expanded.json,50143a67069cd69c0ce1221a6f7bb554b992b3295322344907bf784afb5ff9c0,3410,"{""lemma"": ""medal""}",medal,,,
cet4_endict_2016_expanded.json,50143a67069cd69c0ce1221a6f7bb554b992b3295322344907bf784afb5ff9c0,3411,"{""lemma"": ""media""}",media,,,
cet4_endict_2016_expanded.json,50143a67069cd69c0ce1221a6f7bb554b992b3295322344907bf784afb5ff9c0,3412,"{""lemma"": ""medical""}",medical,,,
cet4_endict_2016_expanded.json,50143a67069cd69c0ce1221a6f7bb554b992b3295322344907bf784afb5ff9c0,3413,"{""lemma"": ""Medicare""}",Medicare,,,
cet4_endict_2016_expanded.json,50143a67069cd69c0ce1221a6f7bb554b992b3295322344907bf784afb5ff9c0,3414,"{""lemma"": ""medicinal""}",medicinal,,,
cet4_endict_2016_expanded.json,50143a67069cd69c0ce1221a6f7bb554b992b3295322344907bf784afb5ff9c0,3415,"{""lemma"": ""medicine""}",medicine,,,
cet4_endict_2016_expanded.json,50143a67069cd69c0ce1221a6f7bb554b992b3295322344907bf784afb5ff9c0,3416,"{""lemma"": ""medium""}",medium,,,
cet4_endict_2016_expanded.json,50143a67069cd69c0ce1221a6f7bb554b992b3295322344907bf784afb5ff9c0,3417,"{""lemma"": ""meet""}",meet,,,
cet4_endict_2016_expanded.json,50143a67069cd69c0ce1221a6f7bb554b992b3295322344907bf784afb5ff9c0,3418,"{""lemma"": ""meeting""}",meeting,,,
cet4_endict_2016_expanded.json,50143a67069cd69c0ce1221a6f7bb554b992b3295322344907bf784afb5ff9c0,3419,"{""lemma"": ""melon""}",melon,,,
cet4_endict_2016_expanded.json,50143a67069cd69c0ce1221a6f7bb554b992b3295322344907bf784afb5ff9c0,3420,"{""lemma"": ""melt""}",melt,,,
cet4_endict_2016_expanded.json,50143a67069cd69c0ce1221a6f7bb554b992b3295322344907bf784afb5ff9c0,3421,"{""lemma"": ""member""}",member,,,
cet4_endict_2016_expanded.json,50143a67069cd69c0ce1221a6f7bb554b992b3295322344907bf784afb5ff9c0,3422,"{""lemma"": ""membership""}",membership,,,
cet4_endict_2016_expanded.json,50143a67069cd69c0ce1221a6f7bb554b992b3295322344907bf784afb5ff9c0,3423,"{""lemma"": ""memo""}",memo,,,
cet4_endict_2016_expanded.json,50143a67069cd69c0ce1221a6f7bb554b992b3295322344907bf784afb5ff9c0,3424,"{""lemma"": ""memorandum""}",memorandum,,,
cet4_endict_2016_expanded.json,50143a67069cd69c0ce1221a6f7bb554b992b3295322344907bf784afb5ff9c0,3425,"{""lemma"": ""memorial""}",memorial,,,
cet4_endict_2016_expanded.json,50143a67069cd69c0ce1221a6f7bb554b992b3295322344907bf784afb5ff9c0,3426,"{""lemma"": ""memorize""}",memorize,,,
cet4_endict_2016_expanded.json,50143a67069cd69c0ce1221a6f7bb554b992b3295322344907bf784afb5ff9c0,3427,"{""lemma"": ""memory""}",memory,,,
cet4_endict_2016_expanded.json,50143a67069cd69c0ce1221a6f7bb554b992b3295322344907bf784afb5ff9c0,3428,"{""lemma"": ""mend""}",mend,,,
cet4_endict_2016_expanded.json,50143a67069cd69c0ce1221a6f7bb554b992b3295322344907bf784afb5ff9c0,3429,"{""lemma"": ""mental""}",mental,,,
cet4_endict_2016_expanded.json,50143a67069cd69c0ce1221a6f7bb554b992b3295322344907bf784afb5ff9c0,3430,"{""lemma"": ""mentality""}",mentality,,,
cet4_endict_2016_expanded.json,50143a67069cd69c0ce1221a6f7bb554b992b3295322344907bf784afb5ff9c0,3431,"{""lemma"": ""mention""}",mention,,,
cet4_endict_2016_expanded.json,50143a67069cd69c0ce1221a6f7bb554b992b3295322344907bf784afb5ff9c0,3432,"{""lemma"": ""menu""}",menu,,,
cet4_endict_2016_expanded.json,50143a67069cd69c0ce1221a6f7bb554b992b3295322344907bf784afb5ff9c0,3433,"{""lemma"": ""merchant""}",merchant,,,
cet4_endict_2016_expanded.json,50143a67069cd69c0ce1221a6f7bb554b992b3295322344907bf784afb5ff9c0,3434,"{""lemma"": ""merciful""}",merciful,,,
cet4_endict_2016_expanded.json,50143a67069cd69c0ce1221a6f7bb554b992b3295322344907bf784afb5ff9c0,3435,"{""lemma"": ""mercy""}",mercy,,,
cet4_endict_2016_expanded.json,50143a67069cd69c0ce1221a6f7bb554b992b3295322344907bf784afb5ff9c0,3436,"{""lemma"": ""mere""}",mere,,,
cet4_endict_2016_expanded.json,50143a67069cd69c0ce1221a6f7bb554b992b3295322344907bf784afb5ff9c0,3437,"{""lemma"": ""merely""}",merely,,,
cet4_endict_2016_expanded.json,50143a67069cd69c0ce1221a6f7bb554b992b3295322344907bf784afb5ff9c0,3438,"{""lemma"": ""merit""}",merit,,,
cet4_endict_2016_expanded.json,50143a67069cd69c0ce1221a6f7bb554b992b3295322344907bf784afb5ff9c0,3439,"{""lemma"": ""meritorious""}",meritorious,,,
cet4_endict_2016_expanded.json,50143a67069cd69c0ce1221a6f7bb554b992b3295322344907bf784afb5ff9c0,3440,"{""lemma"": ""merriment""}",merriment,,,
cet4_endict_2016_expanded.json,50143a67069cd69c0ce1221a6f7bb554b992b3295322344907bf784afb5ff9c0,3441,"{""lemma"": ""merry""}",merry,,,
cet4_endict_2016_expanded.json,50143a67069cd69c0ce1221a6f7bb554b992b3295322344907bf784afb5ff9c0,3442,"{""lemma"": ""mess""}",mess,,,
cet4_endict_2016_expanded.json,50143a67069cd69c0ce1221a6f7bb554b992b3295322344907bf784afb5ff9c0,3443,"{""lemma"": ""message""}",message,,,
cet4_endict_2016_expanded.json,50143a67069cd69c0ce1221a6f7bb554b992b3295322344907bf784afb5ff9c0,3444,"{""lemma"": ""messenger""}",messenger,,,
cet4_endict_2016_expanded.json,50143a67069cd69c0ce1221a6f7bb554b992b3295322344907bf784afb5ff9c0,3445,"{""lemma"": ""messy""}",messy,,,
cet4_endict_2016_expanded.json,50143a67069cd69c0ce1221a6f7bb554b992b3295322344907bf784afb5ff9c0,3446,"{""lemma"": ""metal""}",metal,,,
cet4_endict_2016_expanded.json,50143a67069cd69c0ce1221a6f7bb554b992b3295322344907bf784afb5ff9c0,3447,"{""lemma"": ""metallic""}",metallic,,,
cet4_endict_2016_expanded.json,50143a67069cd69c0ce1221a6f7bb554b992b3295322344907bf784afb5ff9c0,3448,"{""lemma"": ""meter""}",meter,,,
cet4_endict_2016_expanded.json,50143a67069cd69c0ce1221a6f7bb554b992b3295322344907bf784afb5ff9c0,3449,"{""lemma"": ""method""}",method,,,
cet4_endict_2016_expanded.json,50143a67069cd69c0ce1221a6f7bb554b992b3295322344907bf784afb5ff9c0,3450,"{""lemma"": ""methodical""}",methodical,,,
cet4_endict_2016_expanded.json,50143a67069cd69c0ce1221a6f7bb554b992b3295322344907bf784afb5ff9c0,3451,"{""lemma"": ""methodology""}",methodology,,,
cet4_endict_2016_expanded.json,50143a67069cd69c0ce1221a6f7bb554b992b3295322344907bf784afb5ff9c0,3452,"{""lemma"": ""metric""}",metric,,,
cet4_endict_2016_expanded.json,50143a67069cd69c0ce1221a6f7bb554b992b3295322344907bf784afb5ff9c0,3453,"{""lemma"": ""metro""}",metro,,,
cet4_endict_2016_expanded.json,50143a67069cd69c0ce1221a6f7bb554b992b3295322344907bf784afb5ff9c0,3454,"{""lemma"": ""microphone""}",microphone,,,
cet4_endict_2016_expanded.json,50143a67069cd69c0ce1221a6f7bb554b992b3295322344907bf784afb5ff9c0,3455,"{""lemma"": ""microscope""}",microscope,,,
cet4_endict_2016_expanded.json,50143a67069cd69c0ce1221a6f7bb554b992b3295322344907bf784afb5ff9c0,3456,"{""lemma"": ""microscopic""}",microscopic,,,
cet4_endict_2016_expanded.json,50143a67069cd69c0ce1221a6f7bb554b992b3295322344907bf784afb5ff9c0,3457,"{""lemma"": ""microwave""}",microwave,,,
cet4_endict_2016_expanded.json,50143a67069cd69c0ce1221a6f7bb554b992b3295322344907bf784afb5ff9c0,3458,"{""lemma"": ""midday""}",midday,,,
cet4_endict_2016_expanded.json,50143a67069cd69c0ce1221a6f7bb554b992b3295322344907bf784afb5ff9c0,3459,"{""lemma"": ""middle""}",middle,,,
cet4_endict_2016_expanded.json,50143a67069cd69c0ce1221a6f7bb554b992b3295322344907bf784afb5ff9c0,3460,"{""lemma"": ""middle class""}",middle class,,,
cet4_endict_2016_expanded.json,50143a67069cd69c0ce1221a6f7bb554b992b3295322344907bf784afb5ff9c0,3461,"{""lemma"": ""midnight""}",midnight,,,
cet4_endict_2016_expanded.json,50143a67069cd69c0ce1221a6f7bb554b992b3295322344907bf784afb5ff9c0,3462,"{""lemma"": ""might""}",might,,,
cet4_endict_2016_expanded.json,50143a67069cd69c0ce1221a6f7bb554b992b3295322344907bf784afb5ff9c0,3463,"{""lemma"": ""mighty""}",mighty,,,
cet4_endict_2016_expanded.json,50143a67069cd69c0ce1221a6f7bb554b992b3295322344907bf784afb5ff9c0,3464,"{""lemma"": ""migrant""}",migrant,,,
cet4_endict_2016_expanded.json,50143a67069cd69c0ce1221a6f7bb554b992b3295322344907bf784afb5ff9c0,3465,"{""lemma"": ""migrate""}",migrate,,,
cet4_endict_2016_expanded.json,50143a67069cd69c0ce1221a6f7bb554b992b3295322344907bf784afb5ff9c0,3466,"{""lemma"": ""migration""}",migration,,,
cet4_endict_2016_expanded.json,50143a67069cd69c0ce1221a6f7bb554b992b3295322344907bf784afb5ff9c0,3467,"{""lemma"": ""mild""}",mild,,,
cet4_endict_2016_expanded.json,50143a67069cd69c0ce1221a6f7bb554b992b3295322344907bf784afb5ff9c0,3468,"{""lemma"": ""mile""}",mile,,,
cet4_endict_2016_expanded.json,50143a67069cd69c0ce1221a6f7bb554b992b3295322344907bf784afb5ff9c0,3469,"{""lemma"": ""mileage""}",mileage,,,
cet4_endict_2016_expanded.json,50143a67069cd69c0ce1221a6f7bb554b992b3295322344907bf784afb5ff9c0,3470,"{""lemma"": ""military""}",military,,,
cet4_endict_2016_expanded.json,50143a67069cd69c0ce1221a6f7bb554b992b3295322344907bf784afb5ff9c0,3471,"{""lemma"": ""milk""}",milk,,,
cet4_endict_2016_expanded.json,50143a67069cd69c0ce1221a6f7bb554b992b3295322344907bf784afb5ff9c0,3472,"{""lemma"": ""milky""}",milky,,,
cet4_endict_2016_expanded.json,50143a67069cd69c0ce1221a6f7bb554b992b3295322344907bf784afb5ff9c0,3473,"{""lemma"": ""mill""}",mill,,,
cet4_endict_2016_expanded.json,50143a67069cd69c0ce1221a6f7bb554b992b3295322344907bf784afb5ff9c0,3474,"{""lemma"": ""millimeter""}",millimeter,,,
cet4_endict_2016_expanded.json,50143a67069cd69c0ce1221a6f7bb554b992b3295322344907bf784afb5ff9c0,3475,"{""lemma"": ""millimetre""}",millimetre,,,
cet4_endict_2016_expanded.json,50143a67069cd69c0ce1221a6f7bb554b992b3295322344907bf784afb5ff9c0,3476,"{""lemma"": ""million""}",million,,,
cet4_endict_2016_expanded.json,50143a67069cd69c0ce1221a6f7bb554b992b3295322344907bf784afb5ff9c0,3477,"{""lemma"": ""millionaire""}",millionaire,,,
cet4_endict_2016_expanded.json,50143a67069cd69c0ce1221a6f7bb554b992b3295322344907bf784afb5ff9c0,3478,"{""lemma"": ""mind""}",mind,,,
cet4_endict_2016_expanded.json,50143a67069cd69c0ce1221a6f7bb554b992b3295322344907bf784afb5ff9c0,3479,"{""lemma"": ""mine""}",mine,,,
cet4_endict_2016_expanded.json,50143a67069cd69c0ce1221a6f7bb554b992b3295322344907bf784afb5ff9c0,3480,"{""lemma"": ""mineral""}",mineral,,,
cet4_endict_2016_expanded.json,50143a67069cd69c0ce1221a6f7bb554b992b3295322344907bf784afb5ff9c0,3481,"{""lemma"": ""minimal""}",minimal,,,
cet4_endict_2016_expanded.json,50143a67069cd69c0ce1221a6f7bb554b992b3295322344907bf784afb5ff9c0,3482,"{""lemma"": ""minimize""}",minimize,,,
cet4_endict_2016_expanded.json,50143a67069cd69c0ce1221a6f7bb554b992b3295322344907bf784afb5ff9c0,3483,"{""lemma"": ""minimum""}",minimum,,,
cet4_endict_2016_expanded.json,50143a67069cd69c0ce1221a6f7bb554b992b3295322344907bf784afb5ff9c0,3484,"{""lemma"": ""mining""}",mining,,,
cet4_endict_2016_expanded.json,50143a67069cd69c0ce1221a6f7bb554b992b3295322344907bf784afb5ff9c0,3485,"{""lemma"": ""minister""}",minister,,,
cet4_endict_2016_expanded.json,50143a67069cd69c0ce1221a6f7bb554b992b3295322344907bf784afb5ff9c0,3486,"{""lemma"": ""ministerial""}",ministerial,,,
cet4_endict_2016_expanded.json,50143a67069cd69c0ce1221a6f7bb554b992b3295322344907bf784afb5ff9c0,3487,"{""lemma"": ""ministry""}",ministry,,,
cet4_endict_2016_expanded.json,50143a67069cd69c0ce1221a6f7bb554b992b3295322344907bf784afb5ff9c0,3488,"{""lemma"": ""minor""}",minor,,,
cet4_endict_2016_expanded.json,50143a67069cd69c0ce1221a6f7bb554b992b3295322344907bf784afb5ff9c0,3489,"{""lemma"": ""minority""}",minority,,,
cet4_endict_2016_expanded.json,50143a67069cd69c0ce1221a6f7bb554b992b3295322344907bf784afb5ff9c0,3490,"{""lemma"": ""minus""}",minus,,,
cet4_endict_2016_expanded.json,50143a67069cd69c0ce1221a6f7bb554b992b3295322344907bf784afb5ff9c0,3491,"{""lemma"": ""minute""}",minute,,,
cet4_endict_2016_expanded.json,50143a67069cd69c0ce1221a6f7bb554b992b3295322344907bf784afb5ff9c0,3492,"{""lemma"": ""miracle""}",miracle,,,
cet4_endict_2016_expanded.json,50143a67069cd69c0ce1221a6f7bb554b992b3295322344907bf784afb5ff9c0,3493,"{""lemma"": ""miraculous""}",miraculous,,,
cet4_endict_2016_expanded.json,50143a67069cd69c0ce1221a6f7bb554b992b3295322344907bf784afb5ff9c0,3494,"{""lemma"": ""mirror""}",mirror,,,
cet4_endict_2016_expanded.json,50143a67069cd69c0ce1221a6f7bb554b992b3295322344907bf784afb5ff9c0,3495,"{""lemma"": ""miserable""}",miserable,,,
cet4_endict_2016_expanded.json,50143a67069cd69c0ce1221a6f7bb554b992b3295322344907bf784afb5ff9c0,3496,"{""lemma"": ""misery""}",misery,,,
cet4_endict_2016_expanded.json,50143a67069cd69c0ce1221a6f7bb554b992b3295322344907bf784afb5ff9c0,3497,"{""lemma"": ""misfortune""}",misfortune,,,
cet4_endict_2016_expanded.json,50143a67069cd69c0ce1221a6f7bb554b992b3295322344907bf784afb5ff9c0,3498,"{""lemma"": ""mislead""}",mislead,,,
cet4_endict_2016_expanded.json,50143a67069cd69c0ce1221a6f7bb554b992b3295322344907bf784afb5ff9c0,3499,"{""lemma"": ""misleading""}",misleading,,,
cet4_endict_2016_expanded.json,50143a67069cd69c0ce1221a6f7bb554b992b3295322344907bf784afb5ff9c0,3500,"{""lemma"": ""miss""}",miss,,,
cet4_endict_2016_expanded.json,50143a67069cd69c0ce1221a6f7bb554b992b3295322344907bf784afb5ff9c0,3501,"{""lemma"": ""missile""}",missile,,,
cet4_endict_2016_expanded.json,50143a67069cd69c0ce1221a6f7bb554b992b3295322344907bf784afb5ff9c0,3502,"{""lemma"": ""missing""}",missing,,,
cet4_endict_2016_expanded.json,50143a67069cd69c0ce1221a6f7bb554b992b3295322344907bf784afb5ff9c0,3503,"{""lemma"": ""mission""}",mission,,,
cet4_endict_2016_expanded.json,50143a67069cd69c0ce1221a6f7bb554b992b3295322344907bf784afb5ff9c0,3504,"{""lemma"": ""mist""}",mist,,,
cet4_endict_2016_expanded.json,50143a67069cd69c0ce1221a6f7bb554b992b3295322344907bf784afb5ff9c0,3505,"{""lemma"": ""mistake""}",mistake,,,
cet4_endict_2016_expanded.json,50143a67069cd69c0ce1221a6f7bb554b992b3295322344907bf784afb5ff9c0,3506,"{""lemma"": ""mistaken""}",mistaken,,,
cet4_endict_2016_expanded.json,50143a67069cd69c0ce1221a6f7bb554b992b3295322344907bf784afb5ff9c0,3507,"{""lemma"": ""mister""}",mister,,,
cet4_endict_2016_expanded.json,50143a67069cd69c0ce1221a6f7bb554b992b3295322344907bf784afb5ff9c0,3508,"{""lemma"": ""mistress""}",mistress,,,
cet4_endict_2016_expanded.json,50143a67069cd69c0ce1221a6f7bb554b992b3295322344907bf784afb5ff9c0,3509,"{""lemma"": ""misty""}",misty,,,
cet4_endict_2016_expanded.json,50143a67069cd69c0ce1221a6f7bb554b992b3295322344907bf784afb5ff9c0,3510,"{""lemma"": ""misunderstand""}",misunderstand,,,
cet4_endict_2016_expanded.json,50143a67069cd69c0ce1221a6f7bb554b992b3295322344907bf784afb5ff9c0,3511,"{""lemma"": ""misunderstanding""}",misunderstanding,,,
cet4_endict_2016_expanded.json,50143a67069cd69c0ce1221a6f7bb554b992b3295322344907bf784afb5ff9c0,3512,"{""lemma"": ""mix""}",mix,,,
cet4_endict_2016_expanded.json,50143a67069cd69c0ce1221a6f7bb554b992b3295322344907bf784afb5ff9c0,3513,"{""lemma"": ""mixer""}",mixer,,,
cet4_endict_2016_expanded.json,50143a67069cd69c0ce1221a6f7bb554b992b3295322344907bf784afb5ff9c0,3514,"{""lemma"": ""mixture""}",mixture,,,
cet4_endict_2016_expanded.json,50143a67069cd69c0ce1221a6f7bb554b992b3295322344907bf784afb5ff9c0,3515,"{""lemma"": ""mobile""}",mobile,,,
cet4_endict_2016_expanded.json,50143a67069cd69c0ce1221a6f7bb554b992b3295322344907bf784afb5ff9c0,3516,"{""lemma"": ""mode""}",mode,,,
cet4_endict_2016_expanded.json,50143a67069cd69c0ce1221a6f7bb554b992b3295322344907bf784afb5ff9c0,3517,"{""lemma"": ""model""}",model,,,
cet4_endict_2016_expanded.json,50143a67069cd69c0ce1221a6f7bb554b992b3295322344907bf784afb5ff9c0,3518,"{""lemma"": ""moderate""}",moderate,,,
cet4_endict_2016_expanded.json,50143a67069cd69c0ce1221a6f7bb554b992b3295322344907bf784afb5ff9c0,3519,"{""lemma"": ""moderation""}",moderation,,,
cet4_endict_2016_expanded.json,50143a67069cd69c0ce1221a6f7bb554b992b3295322344907bf784afb5ff9c0,3520,"{""lemma"": ""moderator""}",moderator,,,
cet4_endict_2016_expanded.json,50143a67069cd69c0ce1221a6f7bb554b992b3295322344907bf784afb5ff9c0,3521,"{""lemma"": ""modern""}",modern,,,
cet4_endict_2016_expanded.json,50143a67069cd69c0ce1221a6f7bb554b992b3295322344907bf784afb5ff9c0,3522,"{""lemma"": ""modernisation""}",modernisation,,,
cet4_endict_2016_expanded.json,50143a67069cd69c0ce1221a6f7bb554b992b3295322344907bf784afb5ff9c0,3523,"{""lemma"": ""modernise""}",modernise,,,
cet4_endict_2016_expanded.json,50143a67069cd69c0ce1221a6f7bb554b992b3295322344907bf784afb5ff9c0,3524,"{""lemma"": ""modernization""}",modernization,,,
cet4_endict_2016_expanded.json,50143a67069cd69c0ce1221a6f7bb554b992b3295322344907bf784afb5ff9c0,3525,"{""lemma"": ""modernize""}",modernize,,,
cet4_endict_2016_expanded.json,50143a67069cd69c0ce1221a6f7bb554b992b3295322344907bf784afb5ff9c0,3526,"{""lemma"": ""modest""}",modest,,,
cet4_endict_2016_expanded.json,50143a67069cd69c0ce1221a6f7bb554b992b3295322344907bf784afb5ff9c0,3527,"{""lemma"": ""modesty""}",modesty,,,
cet4_endict_2016_expanded.json,50143a67069cd69c0ce1221a6f7bb554b992b3295322344907bf784afb5ff9c0,3528,"{""lemma"": ""modification""}",modification,,,
cet4_endict_2016_expanded.json,50143a67069cd69c0ce1221a6f7bb554b992b3295322344907bf784afb5ff9c0,3529,"{""lemma"": ""modifier""}",modifier,,,
cet4_endict_2016_expanded.json,50143a67069cd69c0ce1221a6f7bb554b992b3295322344907bf784afb5ff9c0,3530,"{""lemma"": ""modify""}",modify,,,
cet4_endict_2016_expanded.json,50143a67069cd69c0ce1221a6f7bb554b992b3295322344907bf784afb5ff9c0,3531,"{""lemma"": ""moist""}",moist,,,
cet4_endict_2016_expanded.json,50143a67069cd69c0ce1221a6f7bb554b992b3295322344907bf784afb5ff9c0,3532,"{""lemma"": ""moisture""}",moisture,,,
cet4_endict_2016_expanded.json,50143a67069cd69c0ce1221a6f7bb554b992b3295322344907bf784afb5ff9c0,3533,"{""lemma"": ""mold""}",mold,,,
cet4_endict_2016_expanded.json,50143a67069cd69c0ce1221a6f7bb554b992b3295322344907bf784afb5ff9c0,3534,"{""lemma"": ""moldy""}",moldy,,,
cet4_endict_2016_expanded.json,50143a67069cd69c0ce1221a6f7bb554b992b3295322344907bf784afb5ff9c0,3535,"{""lemma"": ""mom""}",mom,,,
cet4_endict_2016_expanded.json,50143a67069cd69c0ce1221a6f7bb554b992b3295322344907bf784afb5ff9c0,3536,"{""lemma"": ""moment""}",moment,,,
cet4_endict_2016_expanded.json,50143a67069cd69c0ce1221a6f7bb554b992b3295322344907bf784afb5ff9c0,3537,"{""lemma"": ""momentarily""}",momentarily,,,
cet4_endict_2016_expanded.json,50143a67069cd69c0ce1221a6f7bb554b992b3295322344907bf784afb5ff9c0,3538,"{""lemma"": ""momentary""}",momentary,,,
cet4_endict_2016_expanded.json,50143a67069cd69c0ce1221a6f7bb554b992b3295322344907bf784afb5ff9c0,3539,"{""lemma"": ""Monday""}",Monday,,,
cet4_endict_2016_expanded.json,50143a67069cd69c0ce1221a6f7bb554b992b3295322344907bf784afb5ff9c0,3540,"{""lemma"": ""monetary""}",monetary,,,
cet4_endict_2016_expanded.json,50143a67069cd69c0ce1221a6f7bb554b992b3295322344907bf784afb5ff9c0,3541,"{""lemma"": ""money""}",money,,,
cet4_endict_2016_expanded.json,50143a67069cd69c0ce1221a6f7bb554b992b3295322344907bf784afb5ff9c0,3542,"{""lemma"": ""monitor""}",monitor,,,
cet4_endict_2016_expanded.json,50143a67069cd69c0ce1221a6f7bb554b992b3295322344907bf784afb5ff9c0,3543,"{""lemma"": ""monkey""}",monkey,,,
cet4_endict_2016_expanded.json,50143a67069cd69c0ce1221a6f7bb554b992b3295322344907bf784afb5ff9c0,3544,"{""lemma"": ""monster""}",monster,,,
cet4_endict_2016_expanded.json,50143a67069cd69c0ce1221a6f7bb554b992b3295322344907bf784afb5ff9c0,3545,"{""lemma"": ""monstrous""}",monstrous,,,
cet4_endict_2016_expanded.json,50143a67069cd69c0ce1221a6f7bb554b992b3295322344907bf784afb5ff9c0,3546,"{""lemma"": ""month""}",month,,,
cet4_endict_2016_expanded.json,50143a67069cd69c0ce1221a6f7bb554b992b3295322344907bf784afb5ff9c0,3547,"{""lemma"": ""monthly""}",monthly,,,
cet4_endict_2016_expanded.json,50143a67069cd69c0ce1221a6f7bb554b992b3295322344907bf784afb5ff9c0,3548,"{""lemma"": ""monument""}",monument,,,
cet4_endict_2016_expanded.json,50143a67069cd69c0ce1221a6f7bb554b992b3295322344907bf784afb5ff9c0,3549,"{""lemma"": ""monumental""}",monumental,,,
cet4_endict_2016_expanded.json,50143a67069cd69c0ce1221a6f7bb554b992b3295322344907bf784afb5ff9c0,3550,"{""lemma"": ""mood""}",mood,,,
cet4_endict_2016_expanded.json,50143a67069cd69c0ce1221a6f7bb554b992b3295322344907bf784afb5ff9c0,3551,"{""lemma"": ""moody""}",moody,,,
cet4_endict_2016_expanded.json,50143a67069cd69c0ce1221a6f7bb554b992b3295322344907bf784afb5ff9c0,3552,"{""lemma"": ""moon""}",moon,,,
cet4_endict_2016_expanded.json,50143a67069cd69c0ce1221a6f7bb554b992b3295322344907bf784afb5ff9c0,3553,"{""lemma"": ""mop""}",mop,,,
cet4_endict_2016_expanded.json,50143a67069cd69c0ce1221a6f7bb554b992b3295322344907bf784afb5ff9c0,3554,"{""lemma"": ""moral""}",moral,,,
cet4_endict_2016_expanded.json,50143a67069cd69c0ce1221a6f7bb554b992b3295322344907bf784afb5ff9c0,3555,"{""lemma"": ""morality""}",morality,,,
cet4_endict_2016_expanded.json,50143a67069cd69c0ce1221a6f7bb554b992b3295322344907bf784afb5ff9c0,3556,"{""lemma"": ""more""}",more,,,
cet4_endict_2016_expanded.json,50143a67069cd69c0ce1221a6f7bb554b992b3295322344907bf784afb5ff9c0,3557,"{""lemma"": ""moreover""}",moreover,,,
cet4_endict_2016_expanded.json,50143a67069cd69c0ce1221a6f7bb554b992b3295322344907bf784afb5ff9c0,3558,"{""lemma"": ""morning""}",morning,,,
cet4_endict_2016_expanded.json,50143a67069cd69c0ce1221a6f7bb554b992b3295322344907bf784afb5ff9c0,3559,"{""lemma"": ""mortgage""}",mortgage,,,
cet4_endict_2016_expanded.json,50143a67069cd69c0ce1221a6f7bb554b992b3295322344907bf784afb5ff9c0,3560,"{""lemma"": ""most""}",most,,,
cet4_endict_2016_expanded.json,50143a67069cd69c0ce1221a6f7bb554b992b3295322344907bf784afb5ff9c0,3561,"{""lemma"": ""mostly""}",mostly,,,
cet4_endict_2016_expanded.json,50143a67069cd69c0ce1221a6f7bb554b992b3295322344907bf784afb5ff9c0,3562,"{""lemma"": ""motel""}",motel,,,
cet4_endict_2016_expanded.json,50143a67069cd69c0ce1221a6f7bb554b992b3295322344907bf784afb5ff9c0,3563,"{""lemma"": ""mother""}",mother,,,
cet4_endict_2016_expanded.json,50143a67069cd69c0ce1221a6f7bb554b992b3295322344907bf784afb5ff9c0,3564,"{""lemma"": ""motherly""}",motherly,,,
cet4_endict_2016_expanded.json,50143a67069cd69c0ce1221a6f7bb554b992b3295322344907bf784afb5ff9c0,3565,"{""lemma"": ""motion""}",motion,,,
cet4_endict_2016_expanded.json,50143a67069cd69c0ce1221a6f7bb554b992b3295322344907bf784afb5ff9c0,3566,"{""lemma"": ""motivate""}",motivate,,,
cet4_endict_2016_expanded.json,50143a67069cd69c0ce1221a6f7bb554b992b3295322344907bf784afb5ff9c0,3567,"{""lemma"": ""motivation""}",motivation,,,
cet4_endict_2016_expanded.json,50143a67069cd69c0ce1221a6f7bb554b992b3295322344907bf784afb5ff9c0,3568,"{""lemma"": ""motive""}",motive,,,
cet4_endict_2016_expanded.json,50143a67069cd69c0ce1221a6f7bb554b992b3295322344907bf784afb5ff9c0,3569,"{""lemma"": ""motor""}",motor,,,
cet4_endict_2016_expanded.json,50143a67069cd69c0ce1221a6f7bb554b992b3295322344907bf784afb5ff9c0,3570,"{""lemma"": ""motorway""}",motorway,,,
cet4_endict_2016_expanded.json,50143a67069cd69c0ce1221a6f7bb554b992b3295322344907bf784afb5ff9c0,3571,"{""lemma"": ""mount""}",mount,,,
cet4_endict_2016_expanded.json,50143a67069cd69c0ce1221a6f7bb554b992b3295322344907bf784afb5ff9c0,3572,"{""lemma"": ""mountain""}",mountain,,,
cet4_endict_2016_expanded.json,50143a67069cd69c0ce1221a6f7bb554b992b3295322344907bf784afb5ff9c0,3573,"{""lemma"": ""mountainous""}",mountainous,,,
cet4_endict_2016_expanded.json,50143a67069cd69c0ce1221a6f7bb554b992b3295322344907bf784afb5ff9c0,3574,"{""lemma"": ""mounting""}",mounting,,,
cet4_endict_2016_expanded.json,50143a67069cd69c0ce1221a6f7bb554b992b3295322344907bf784afb5ff9c0,3575,"{""lemma"": ""mouse""}",mouse,,,
cet4_endict_2016_expanded.json,50143a67069cd69c0ce1221a6f7bb554b992b3295322344907bf784afb5ff9c0,3576,"{""lemma"": ""mouth""}",mouth,,,
cet4_endict_2016_expanded.json,50143a67069cd69c0ce1221a6f7bb554b992b3295322344907bf784afb5ff9c0,3577,"{""lemma"": ""mouthful""}",mouthful,,,
cet4_endict_2016_expanded.json,50143a67069cd69c0ce1221a6f7bb554b992b3295322344907bf784afb5ff9c0,3578,"{""lemma"": ""move""}",move,,,
cet4_endict_2016_expanded.json,50143a67069cd69c0ce1221a6f7bb554b992b3295322344907bf784afb5ff9c0,3579,"{""lemma"": ""movement""}",movement,,,
cet4_endict_2016_expanded.json,50143a67069cd69c0ce1221a6f7bb554b992b3295322344907bf784afb5ff9c0,3580,"{""lemma"": ""movie""}",movie,,,
cet4_endict_2016_expanded.json,50143a67069cd69c0ce1221a6f7bb554b992b3295322344907bf784afb5ff9c0,3581,"{""lemma"": ""much""}",much,,,
cet4_endict_2016_expanded.json,50143a67069cd69c0ce1221a6f7bb554b992b3295322344907bf784afb5ff9c0,3582,"{""lemma"": ""mud""}",mud,,,
cet4_endict_2016_expanded.json,50143a67069cd69c0ce1221a6f7bb554b992b3295322344907bf784afb5ff9c0,3583,"{""lemma"": ""muddy""}",muddy,,,
cet4_endict_2016_expanded.json,50143a67069cd69c0ce1221a6f7bb554b992b3295322344907bf784afb5ff9c0,3584,"{""lemma"": ""mug""}",mug,,,
cet4_endict_2016_expanded.json,50143a67069cd69c0ce1221a6f7bb554b992b3295322344907bf784afb5ff9c0,3585,"{""lemma"": ""mule""}",mule,,,
cet4_endict_2016_expanded.json,50143a67069cd69c0ce1221a6f7bb554b992b3295322344907bf784afb5ff9c0,3586,"{""lemma"": ""multiple""}",multiple,,,
cet4_endict_2016_expanded.json,50143a67069cd69c0ce1221a6f7bb554b992b3295322344907bf784afb5ff9c0,3587,"{""lemma"": ""multiplication""}",multiplication,,,
cet4_endict_2016_expanded.json,50143a67069cd69c0ce1221a6f7bb554b992b3295322344907bf784afb5ff9c0,3588,"{""lemma"": ""multiply""}",multiply,,,
cet4_endict_2016_expanded.json,50143a67069cd69c0ce1221a6f7bb554b992b3295322344907bf784afb5ff9c0,3589,"{""lemma"": ""municipal""}",municipal,,,
cet4_endict_2016_expanded.json,50143a67069cd69c0ce1221a6f7bb554b992b3295322344907bf784afb5ff9c0,3590,"{""lemma"": ""municipality""}",municipality,,,
cet4_endict_2016_expanded.json,50143a67069cd69c0ce1221a6f7bb554b992b3295322344907bf784afb5ff9c0,3591,"{""lemma"": ""murder""}",murder,,,
cet4_endict_2016_expanded.json,50143a67069cd69c0ce1221a6f7bb554b992b3295322344907bf784afb5ff9c0,3592,"{""lemma"": ""murderous""}",murderous,,,
cet4_endict_2016_expanded.json,50143a67069cd69c0ce1221a6f7bb554b992b3295322344907bf784afb5ff9c0,3593,"{""lemma"": ""muscle""}",muscle,,,
cet4_endict_2016_expanded.json,50143a67069cd69c0ce1221a6f7bb554b992b3295322344907bf784afb5ff9c0,3594,"{""lemma"": ""muscular""}",muscular,,,
cet4_endict_2016_expanded.json,50143a67069cd69c0ce1221a6f7bb554b992b3295322344907bf784afb5ff9c0,3595,"{""lemma"": ""museum""}",museum,,,
cet4_endict_2016_expanded.json,50143a67069cd69c0ce1221a6f7bb554b992b3295322344907bf784afb5ff9c0,3596,"{""lemma"": ""mushroom""}",mushroom,,,
cet4_endict_2016_expanded.json,50143a67069cd69c0ce1221a6f7bb554b992b3295322344907bf784afb5ff9c0,3597,"{""lemma"": ""music""}",music,,,
cet4_endict_2016_expanded.json,50143a67069cd69c0ce1221a6f7bb554b992b3295322344907bf784afb5ff9c0,3598,"{""lemma"": ""musical""}",musical,,,
cet4_endict_2016_expanded.json,50143a67069cd69c0ce1221a6f7bb554b992b3295322344907bf784afb5ff9c0,3599,"{""lemma"": ""musician""}",musician,,,
cet4_endict_2016_expanded.json,50143a67069cd69c0ce1221a6f7bb554b992b3295322344907bf784afb5ff9c0,3600,"{""lemma"": ""must""}",must,,,
cet4_endict_2016_expanded.json,50143a67069cd69c0ce1221a6f7bb554b992b3295322344907bf784afb5ff9c0,3601,"{""lemma"": ""mutual""}",mutual,,,
cet4_endict_2016_expanded.json,50143a67069cd69c0ce1221a6f7bb554b992b3295322344907bf784afb5ff9c0,3602,"{""lemma"": ""my""}",my,,,
cet4_endict_2016_expanded.json,50143a67069cd69c0ce1221a6f7bb554b992b3295322344907bf784afb5ff9c0,3603,"{""lemma"": ""myself""}",myself,,,
cet4_endict_2016_expanded.json,50143a67069cd69c0ce1221a6f7bb554b992b3295322344907bf784afb5ff9c0,3604,"{""lemma"": ""mysterious""}",mysterious,,,
cet4_endict_2016_expanded.json,50143a67069cd69c0ce1221a6f7bb554b992b3295322344907bf784afb5ff9c0,3605,"{""lemma"": ""mystery""}",mystery,,,
cet4_endict_2016_expanded.json,50143a67069cd69c0ce1221a6f7bb554b992b3295322344907bf784afb5ff9c0,3606,"{""lemma"": ""myth""}",myth,,,
cet4_endict_2016_expanded.json,50143a67069cd69c0ce1221a6f7bb554b992b3295322344907bf784afb5ff9c0,3607,"{""lemma"": ""mythical""}",mythical,,,
cet4_endict_2016_expanded.json,50143a67069cd69c0ce1221a6f7bb554b992b3295322344907bf784afb5ff9c0,3608,"{""lemma"": ""mythology""}",mythology,,,
cet4_endict_2016_expanded.json,50143a67069cd69c0ce1221a6f7bb554b992b3295322344907bf784afb5ff9c0,3609,"{""lemma"": ""nail""}",nail,,,
cet4_endict_2016_expanded.json,50143a67069cd69c0ce1221a6f7bb554b992b3295322344907bf784afb5ff9c0,3610,"{""lemma"": ""naked""}",naked,,,
cet4_endict_2016_expanded.json,50143a67069cd69c0ce1221a6f7bb554b992b3295322344907bf784afb5ff9c0,3611,"{""lemma"": ""name""}",name,,,
cet4_endict_2016_expanded.json,50143a67069cd69c0ce1221a6f7bb554b992b3295322344907bf784afb5ff9c0,3612,"{""lemma"": ""namely""}",namely,,,
cet4_endict_2016_expanded.json,50143a67069cd69c0ce1221a6f7bb554b992b3295322344907bf784afb5ff9c0,3613,"{""lemma"": ""nap""}",nap,,,
cet4_endict_2016_expanded.json,50143a67069cd69c0ce1221a6f7bb554b992b3295322344907bf784afb5ff9c0,3614,"{""lemma"": ""napkin""}",napkin,,,
cet4_endict_2016_expanded.json,50143a67069cd69c0ce1221a6f7bb554b992b3295322344907bf784afb5ff9c0,3615,"{""lemma"": ""narrate""}",narrate,,,
cet4_endict_2016_expanded.json,50143a67069cd69c0ce1221a6f7bb554b992b3295322344907bf784afb5ff9c0,3616,"{""lemma"": ""narration""}",narration,,,
cet4_endict_2016_expanded.json,50143a67069cd69c0ce1221a6f7bb554b992b3295322344907bf784afb5ff9c0,3617,"{""lemma"": ""narrative""}",narrative,,,
cet4_endict_2016_expanded.json,50143a67069cd69c0ce1221a6f7bb554b992b3295322344907bf784afb5ff9c0,3618,"{""lemma"": ""narrator""}",narrator,,,
cet4_endict_2016_expanded.json,50143a67069cd69c0ce1221a6f7bb554b992b3295322344907bf784afb5ff9c0,3619,"{""lemma"": ""narrow""}",narrow,,,
cet4_endict_2016_expanded.json,50143a67069cd69c0ce1221a6f7bb554b992b3295322344907bf784afb5ff9c0,3620,"{""lemma"": ""narrowly""}",narrowly,,,
cet4_endict_2016_expanded.json,50143a67069cd69c0ce1221a6f7bb554b992b3295322344907bf784afb5ff9c0,3621,"{""lemma"": ""nasty""}",nasty,,,
cet4_endict_2016_expanded.json,50143a67069cd69c0ce1221a6f7bb554b992b3295322344907bf784afb5ff9c0,3622,"{""lemma"": ""nation""}",nation,,,
cet4_endict_2016_expanded.json,50143a67069cd69c0ce1221a6f7bb554b992b3295322344907bf784afb5ff9c0,3623,"{""lemma"": ""national""}",national,,,
cet4_endict_2016_expanded.json,50143a67069cd69c0ce1221a6f7bb554b992b3295322344907bf784afb5ff9c0,3624,"{""lemma"": ""nationalism""}",nationalism,,,
cet4_endict_2016_expanded.json,50143a67069cd69c0ce1221a6f7bb554b992b3295322344907bf784afb5ff9c0,3625,"{""lemma"": ""nationalist""}",nationalist,,,
cet4_endict_2016_expanded.json,50143a67069cd69c0ce1221a6f7bb554b992b3295322344907bf784afb5ff9c0,3626,"{""lemma"": ""nationality""}",nationality,,,
cet4_endict_2016_expanded.json,50143a67069cd69c0ce1221a6f7bb554b992b3295322344907bf784afb5ff9c0,3627,"{""lemma"": ""nationwide""}",nationwide,,,
cet4_endict_2016_expanded.json,50143a67069cd69c0ce1221a6f7bb554b992b3295322344907bf784afb5ff9c0,3628,"{""lemma"": ""native""}",native,,,
cet4_endict_2016_expanded.json,50143a67069cd69c0ce1221a6f7bb554b992b3295322344907bf784afb5ff9c0,3629,"{""lemma"": ""natural""}",natural,,,
cet4_endict_2016_expanded.json,50143a67069cd69c0ce1221a6f7bb554b992b3295322344907bf784afb5ff9c0,3630,"{""lemma"": ""naturally""}",naturally,,,
cet4_endict_2016_expanded.json,50143a67069cd69c0ce1221a6f7bb554b992b3295322344907bf784afb5ff9c0,3631,"{""lemma"": ""nature""}",nature,,,
cet4_endict_2016_expanded.json,50143a67069cd69c0ce1221a6f7bb554b992b3295322344907bf784afb5ff9c0,3632,"{""lemma"": ""naughty""}",naughty,,,
cet4_endict_2016_expanded.json,50143a67069cd69c0ce1221a6f7bb554b992b3295322344907bf784afb5ff9c0,3633,"{""lemma"": ""naval""}",naval,,,
cet4_endict_2016_expanded.json,50143a67069cd69c0ce1221a6f7bb554b992b3295322344907bf784afb5ff9c0,3634,"{""lemma"": ""navy""}",navy,,,
cet4_endict_2016_expanded.json,50143a67069cd69c0ce1221a6f7bb554b992b3295322344907bf784afb5ff9c0,3635,"{""lemma"": ""near""}",near,,,
cet4_endict_2016_expanded.json,50143a67069cd69c0ce1221a6f7bb554b992b3295322344907bf784afb5ff9c0,3636,"{""lemma"": ""nearby""}",nearby,,,
cet4_endict_2016_expanded.json,50143a67069cd69c0ce1221a6f7bb554b992b3295322344907bf784afb5ff9c0,3637,"{""lemma"": ""nearly""}",nearly,,,
cet4_endict_2016_expanded.json,50143a67069cd69c0ce1221a6f7bb554b992b3295322344907bf784afb5ff9c0,3638,"{""lemma"": ""neat""}",neat,,,
cet4_endict_2016_expanded.json,50143a67069cd69c0ce1221a6f7bb554b992b3295322344907bf784afb5ff9c0,3639,"{""lemma"": ""necessarily""}",necessarily,,,
cet4_endict_2016_expanded.json,50143a67069cd69c0ce1221a6f7bb554b992b3295322344907bf784afb5ff9c0,3640,"{""lemma"": ""necessary""}",necessary,,,
cet4_endict_2016_expanded.json,50143a67069cd69c0ce1221a6f7bb554b992b3295322344907bf784afb5ff9c0,3641,"{""lemma"": ""necessitate""}",necessitate,,,
cet4_endict_2016_expanded.json,50143a67069cd69c0ce1221a6f7bb554b992b3295322344907bf784afb5ff9c0,3642,"{""lemma"": ""necessity""}",necessity,,,
cet4_endict_2016_expanded.json,50143a67069cd69c0ce1221a6f7bb554b992b3295322344907bf784afb5ff9c0,3643,"{""lemma"": ""neck""}",neck,,,
cet4_endict_2016_expanded.json,50143a67069cd69c0ce1221a6f7bb554b992b3295322344907bf784afb5ff9c0,3644,"{""lemma"": ""necklace""}",necklace,,,
cet4_endict_2016_expanded.json,50143a67069cd69c0ce1221a6f7bb554b992b3295322344907bf784afb5ff9c0,3645,"{""lemma"": ""need""}",need,,,
cet4_endict_2016_expanded.json,50143a67069cd69c0ce1221a6f7bb554b992b3295322344907bf784afb5ff9c0,3646,"{""lemma"": ""needle""}",needle,,,
cet4_endict_2016_expanded.json,50143a67069cd69c0ce1221a6f7bb554b992b3295322344907bf784afb5ff9c0,3647,"{""lemma"": ""needy""}",needy,,,
cet4_endict_2016_expanded.json,50143a67069cd69c0ce1221a6f7bb554b992b3295322344907bf784afb5ff9c0,3648,"{""lemma"": ""negate""}",negate,,,
cet4_endict_2016_expanded.json,50143a67069cd69c0ce1221a6f7bb554b992b3295322344907bf784afb5ff9c0,3649,"{""lemma"": ""negation""}",negation,,,
cet4_endict_2016_expanded.json,50143a67069cd69c0ce1221a6f7bb554b992b3295322344907bf784afb5ff9c0,3650,"{""lemma"": ""negative""}",negative,,,
cet4_endict_2016_expanded.json,50143a67069cd69c0ce1221a6f7bb554b992b3295322344907bf784afb5ff9c0,3651,"{""lemma"": ""neglect""}",neglect,,,
cet4_endict_2016_expanded.json,50143a67069cd69c0ce1221a6f7bb554b992b3295322344907bf784afb5ff9c0,3652,"{""lemma"": ""neglectful""}",neglectful,,,
cet4_endict_2016_expanded.json,50143a67069cd69c0ce1221a6f7bb554b992b3295322344907bf784afb5ff9c0,3653,"{""lemma"": ""negotiable""}",negotiable,,,
cet4_endict_2016_expanded.json,50143a67069cd69c0ce1221a6f7bb554b992b3295322344907bf784afb5ff9c0,3654,"{""lemma"": ""negotiate""}",negotiate,,,
cet4_endict_2016_expanded.json,50143a67069cd69c0ce1221a6f7bb554b992b3295322344907bf784afb5ff9c0,3655,"{""lemma"": ""negotiation""}",negotiation,,,
cet4_endict_2016_expanded.json,50143a67069cd69c0ce1221a6f7bb554b992b3295322344907bf784afb5ff9c0,3656,"{""lemma"": ""neighbor""}",neighbor,,,
cet4_endict_2016_expanded.json,50143a67069cd69c0ce1221a6f7bb554b992b3295322344907bf784afb5ff9c0,3657,"{""lemma"": ""neighborhood""}",neighborhood,,,
cet4_endict_2016_expanded.json,50143a67069cd69c0ce1221a6f7bb554b992b3295322344907bf784afb5ff9c0,3658,"{""lemma"": ""neither""}",neither,,,
cet4_endict_2016_expanded.json,50143a67069cd69c0ce1221a6f7bb554b992b3295322344907bf784afb5ff9c0,3659,"{""lemma"": ""nephew""}",nephew,,,
cet4_endict_2016_expanded.json,50143a67069cd69c0ce1221a6f7bb554b992b3295322344907bf784afb5ff9c0,3660,"{""lemma"": ""nerve""}",nerve,,,
cet4_endict_2016_expanded.json,50143a67069cd69c0ce1221a6f7bb554b992b3295322344907bf784afb5ff9c0,3661,"{""lemma"": ""nervous""}",nervous,,,
cet4_endict_2016_expanded.json,50143a67069cd69c0ce1221a6f7bb554b992b3295322344907bf784afb5ff9c0,3662,"{""lemma"": ""nest""}",nest,,,
cet4_endict_2016_expanded.json,50143a67069cd69c0ce1221a6f7bb554b992b3295322344907bf784afb5ff9c0,3663,"{""lemma"": ""net""}",net,,,
cet4_endict_2016_expanded.json,50143a67069cd69c0ce1221a6f7bb554b992b3295322344907bf784afb5ff9c0,3664,"{""lemma"": ""network""}",network,,,
cet4_endict_2016_expanded.json,50143a67069cd69c0ce1221a6f7bb554b992b3295322344907bf784afb5ff9c0,3665,"{""lemma"": ""networking""}",networking,,,
cet4_endict_2016_expanded.json,50143a67069cd69c0ce1221a6f7bb554b992b3295322344907bf784afb5ff9c0,3666,"{""lemma"": ""neutral""}",neutral,,,
cet4_endict_2016_expanded.json,50143a67069cd69c0ce1221a6f7bb554b992b3295322344907bf784afb5ff9c0,3667,"{""lemma"": ""neutrality""}",neutrality,,,
cet4_endict_2016_expanded.json,50143a67069cd69c0ce1221a6f7bb554b992b3295322344907bf784afb5ff9c0,3668,"{""lemma"": ""neutralize""}",neutralize,,,
cet4_endict_2016_expanded.json,50143a67069cd69c0ce1221a6f7bb554b992b3295322344907bf784afb5ff9c0,3669,"{""lemma"": ""never""}",never,,,
cet4_endict_2016_expanded.json,50143a67069cd69c0ce1221a6f7bb554b992b3295322344907bf784afb5ff9c0,3670,"{""lemma"": ""nevertheless""}",nevertheless,,,
cet4_endict_2016_expanded.json,50143a67069cd69c0ce1221a6f7bb554b992b3295322344907bf784afb5ff9c0,3671,"{""lemma"": ""new""}",new,,,
cet4_endict_2016_expanded.json,50143a67069cd69c0ce1221a6f7bb554b992b3295322344907bf784afb5ff9c0,3672,"{""lemma"": ""news""}",news,,,
cet4_endict_2016_expanded.json,50143a67069cd69c0ce1221a6f7bb554b992b3295322344907bf784afb5ff9c0,3673,"{""lemma"": ""newspaper""}",newspaper,,,
cet4_endict_2016_expanded.json,50143a67069cd69c0ce1221a6f7bb554b992b3295322344907bf784afb5ff9c0,3674,"{""lemma"": ""next""}",next,,,
cet4_endict_2016_expanded.json,50143a67069cd69c0ce1221a6f7bb554b992b3295322344907bf784afb5ff9c0,3675,"{""lemma"": ""nice""}",nice,,,
cet4_endict_2016_expanded.json,50143a67069cd69c0ce1221a6f7bb554b992b3295322344907bf784afb5ff9c0,3676,"{""lemma"": ""nicety""}",nicety,,,
cet4_endict_2016_expanded.json,50143a67069cd69c0ce1221a6f7bb554b992b3295322344907bf784afb5ff9c0,3677,"{""lemma"": ""nickel""}",nickel,,,
cet4_endict_2016_expanded.json,50143a67069cd69c0ce1221a6f7bb554b992b3295322344907bf784afb5ff9c0,3678,"{""lemma"": ""niece""}",niece,,,
cet4_endict_2016_expanded.json,50143a67069cd69c0ce1221a6f7bb554b992b3295322344907bf784afb5ff9c0,3679,"{""lemma"": ""night""}",night,,,
cet4_endict_2016_expanded.json,50143a67069cd69c0ce1221a6f7bb554b992b3295322344907bf784afb5ff9c0,3680,"{""lemma"": ""nightly""}",nightly,,,
cet4_endict_2016_expanded.json,50143a67069cd69c0ce1221a6f7bb554b992b3295322344907bf784afb5ff9c0,3681,"{""lemma"": ""nightmare""}",nightmare,,,
cet4_endict_2016_expanded.json,50143a67069cd69c0ce1221a6f7bb554b992b3295322344907bf784afb5ff9c0,3682,"{""lemma"": ""nine""}",nine,,,
cet4_endict_2016_expanded.json,50143a67069cd69c0ce1221a6f7bb554b992b3295322344907bf784afb5ff9c0,3683,"{""lemma"": ""nineteen""}",nineteen,,,
cet4_endict_2016_expanded.json,50143a67069cd69c0ce1221a6f7bb554b992b3295322344907bf784afb5ff9c0,3684,"{""lemma"": ""ninety""}",ninety,,,
cet4_endict_2016_expanded.json,50143a67069cd69c0ce1221a6f7bb554b992b3295322344907bf784afb5ff9c0,3685,"{""lemma"": ""ninth""}",ninth,,,
cet4_endict_2016_expanded.json,50143a67069cd69c0ce1221a6f7bb554b992b3295322344907bf784afb5ff9c0,3686,"{""lemma"": ""no""}",no,,,
cet4_endict_2016_expanded.json,50143a67069cd69c0ce1221a6f7bb554b992b3295322344907bf784afb5ff9c0,3687,"{""lemma"": ""nobility""}",nobility,,,
cet4_endict_2016_expanded.json,50143a67069cd69c0ce1221a6f7bb554b992b3295322344907bf784afb5ff9c0,3688,"{""lemma"": ""noble""}",noble,,,
cet4_endict_2016_expanded.json,50143a67069cd69c0ce1221a6f7bb554b992b3295322344907bf784afb5ff9c0,3689,"{""lemma"": ""nobody""}",nobody,,,
cet4_endict_2016_expanded.json,50143a67069cd69c0ce1221a6f7bb554b992b3295322344907bf784afb5ff9c0,3690,"{""lemma"": ""nod""}",nod,,,
cet4_endict_2016_expanded.json,50143a67069cd69c0ce1221a6f7bb554b992b3295322344907bf784afb5ff9c0,3691,"{""lemma"": ""noise""}",noise,,,
cet4_endict_2016_expanded.json,50143a67069cd69c0ce1221a6f7bb554b992b3295322344907bf784afb5ff9c0,3692,"{""lemma"": ""noisy""}",noisy,,,
cet4_endict_2016_expanded.json,50143a67069cd69c0ce1221a6f7bb554b992b3295322344907bf784afb5ff9c0,3693,"{""lemma"": ""none""}",none,,,
cet4_endict_2016_expanded.json,50143a67069cd69c0ce1221a6f7bb554b992b3295322344907bf784afb5ff9c0,3694,"{""lemma"": ""nonsense""}",nonsense,,,
cet4_endict_2016_expanded.json,50143a67069cd69c0ce1221a6f7bb554b992b3295322344907bf784afb5ff9c0,3695,"{""lemma"": ""noodle""}",noodle,,,
cet4_endict_2016_expanded.json,50143a67069cd69c0ce1221a6f7bb554b992b3295322344907bf784afb5ff9c0,3696,"{""lemma"": ""noon""}",noon,,,
cet4_endict_2016_expanded.json,50143a67069cd69c0ce1221a6f7bb554b992b3295322344907bf784afb5ff9c0,3697,"{""lemma"": ""nor""}",nor,,,
cet4_endict_2016_expanded.json,50143a67069cd69c0ce1221a6f7bb554b992b3295322344907bf784afb5ff9c0,3698,"{""lemma"": ""norm""}",norm,,,
cet4_endict_2016_expanded.json,50143a67069cd69c0ce1221a6f7bb554b992b3295322344907bf784afb5ff9c0,3699,"{""lemma"": ""normal""}",normal,,,
cet4_endict_2016_expanded.json,50143a67069cd69c0ce1221a6f7bb554b992b3295322344907bf784afb5ff9c0,3700,"{""lemma"": ""normalization""}",normalization,,,
cet4_endict_2016_expanded.json,50143a67069cd69c0ce1221a6f7bb554b992b3295322344907bf784afb5ff9c0,3701,"{""lemma"": ""normalize""}",normalize,,,
cet4_endict_2016_expanded.json,50143a67069cd69c0ce1221a6f7bb554b992b3295322344907bf784afb5ff9c0,3702,"{""lemma"": ""normally""}",normally,,,
cet4_endict_2016_expanded.json,50143a67069cd69c0ce1221a6f7bb554b992b3295322344907bf784afb5ff9c0,3703,"{""lemma"": ""north""}",north,,,
cet4_endict_2016_expanded.json,50143a67069cd69c0ce1221a6f7bb554b992b3295322344907bf784afb5ff9c0,3704,"{""lemma"": ""northeast""}",northeast,,,
cet4_endict_2016_expanded.json,50143a67069cd69c0ce1221a6f7bb554b992b3295322344907bf784afb5ff9c0,3705,"{""lemma"": ""northeastern""}",northeastern,,,
cet4_endict_2016_expanded.json,50143a67069cd69c0ce1221a6f7bb554b992b3295322344907bf784afb5ff9c0,3706,"{""lemma"": ""northern""}",northern,,,
cet4_endict_2016_expanded.json,50143a67069cd69c0ce1221a6f7bb554b992b3295322344907bf784afb5ff9c0,3707,"{""lemma"": ""northwest""}",northwest,,,
cet4_endict_2016_expanded.json,50143a67069cd69c0ce1221a6f7bb554b992b3295322344907bf784afb5ff9c0,3708,"{""lemma"": ""northwestern""}",northwestern,,,
cet4_endict_2016_expanded.json,50143a67069cd69c0ce1221a6f7bb554b992b3295322344907bf784afb5ff9c0,3709,"{""lemma"": ""nose""}",nose,,,
cet4_endict_2016_expanded.json,50143a67069cd69c0ce1221a6f7bb554b992b3295322344907bf784afb5ff9c0,3710,"{""lemma"": ""nosy""}",nosy,,,
cet4_endict_2016_expanded.json,50143a67069cd69c0ce1221a6f7bb554b992b3295322344907bf784afb5ff9c0,3711,"{""lemma"": ""not""}",not,,,
cet4_endict_2016_expanded.json,50143a67069cd69c0ce1221a6f7bb554b992b3295322344907bf784afb5ff9c0,3712,"{""lemma"": ""notable""}",notable,,,
cet4_endict_2016_expanded.json,50143a67069cd69c0ce1221a6f7bb554b992b3295322344907bf784afb5ff9c0,3713,"{""lemma"": ""notation""}",notation,,,
cet4_endict_2016_expanded.json,50143a67069cd69c0ce1221a6f7bb554b992b3295322344907bf784afb5ff9c0,3714,"{""lemma"": ""note""}",note,,,
cet4_endict_2016_expanded.json,50143a67069cd69c0ce1221a6f7bb554b992b3295322344907bf784afb5ff9c0,3715,"{""lemma"": ""notebook""}",notebook,,,
cet4_endict_2016_expanded.json,50143a67069cd69c0ce1221a6f7bb554b992b3295322344907bf784afb5ff9c0,3716,"{""lemma"": ""nothing""}",nothing,,,
cet4_endict_2016_expanded.json,50143a67069cd69c0ce1221a6f7bb554b992b3295322344907bf784afb5ff9c0,3717,"{""lemma"": ""notice""}",notice,,,
cet4_endict_2016_expanded.json,50143a67069cd69c0ce1221a6f7bb554b992b3295322344907bf784afb5ff9c0,3718,"{""lemma"": ""noticeable""}",noticeable,,,
cet4_endict_2016_expanded.json,50143a67069cd69c0ce1221a6f7bb554b992b3295322344907bf784afb5ff9c0,3719,"{""lemma"": ""notification""}",notification,,,
cet4_endict_2016_expanded.json,50143a67069cd69c0ce1221a6f7bb554b992b3295322344907bf784afb5ff9c0,3720,"{""lemma"": ""notify""}",notify,,,
cet4_endict_2016_expanded.json,50143a67069cd69c0ce1221a6f7bb554b992b3295322344907bf784afb5ff9c0,3721,"{""lemma"": ""notion""}",notion,,,
cet4_endict_2016_expanded.json,50143a67069cd69c0ce1221a6f7bb554b992b3295322344907bf784afb5ff9c0,3722,"{""lemma"": ""notional""}",notional,,,
cet4_endict_2016_expanded.json,50143a67069cd69c0ce1221a6f7bb554b992b3295322344907bf784afb5ff9c0,3723,"{""lemma"": ""noun""}",noun,,,
cet4_endict_2016_expanded.json,50143a67069cd69c0ce1221a6f7bb554b992b3295322344907bf784afb5ff9c0,3724,"{""lemma"": ""nourish""}",nourish,,,
cet4_endict_2016_expanded.json,50143a67069cd69c0ce1221a6f7bb554b992b3295322344907bf784afb5ff9c0,3725,"{""lemma"": ""nourishment""}",nourishment,,,
cet4_endict_2016_expanded.json,50143a67069cd69c0ce1221a6f7bb554b992b3295322344907bf784afb5ff9c0,3726,"{""lemma"": ""novel""}",novel,,,
cet4_endict_2016_expanded.json,50143a67069cd69c0ce1221a6f7bb554b992b3295322344907bf784afb5ff9c0,3727,"{""lemma"": ""novelist""}",novelist,,,
cet4_endict_2016_expanded.json,50143a67069cd69c0ce1221a6f7bb554b992b3295322344907bf784afb5ff9c0,3728,"{""lemma"": ""novelty""}",novelty,,,
cet4_endict_2016_expanded.json,50143a67069cd69c0ce1221a6f7bb554b992b3295322344907bf784afb5ff9c0,3729,"{""lemma"": ""November""}",November,,,
cet4_endict_2016_expanded.json,50143a67069cd69c0ce1221a6f7bb554b992b3295322344907bf784afb5ff9c0,3730,"{""lemma"": ""now""}",now,,,
cet4_endict_2016_expanded.json,50143a67069cd69c0ce1221a6f7bb554b992b3295322344907bf784afb5ff9c0,3731,"{""lemma"": ""nowadays""}",nowadays,,,
cet4_endict_2016_expanded.json,50143a67069cd69c0ce1221a6f7bb554b992b3295322344907bf784afb5ff9c0,3732,"{""lemma"": ""nowhere""}",nowhere,,,
cet4_endict_2016_expanded.json,50143a67069cd69c0ce1221a6f7bb554b992b3295322344907bf784afb5ff9c0,3733,"{""lemma"": ""nuclear""}",nuclear,,,
cet4_endict_2016_expanded.json,50143a67069cd69c0ce1221a6f7bb554b992b3295322344907bf784afb5ff9c0,3734,"{""lemma"": ""nucleus""}",nucleus,,,
cet4_endict_2016_expanded.json,50143a67069cd69c0ce1221a6f7bb554b992b3295322344907bf784afb5ff9c0,3735,"{""lemma"": ""nude""}",nude,,,
cet4_endict_2016_expanded.json,50143a67069cd69c0ce1221a6f7bb554b992b3295322344907bf784afb5ff9c0,3736,"{""lemma"": ""nudity""}",nudity,,,
cet4_endict_2016_expanded.json,50143a67069cd69c0ce1221a6f7bb554b992b3295322344907bf784afb5ff9c0,3737,"{""lemma"": ""nuisance""}",nuisance,,,
cet4_endict_2016_expanded.json,50143a67069cd69c0ce1221a6f7bb554b992b3295322344907bf784afb5ff9c0,3738,"{""lemma"": ""number""}",number,,,
cet4_endict_2016_expanded.json,50143a67069cd69c0ce1221a6f7bb554b992b3295322344907bf784afb5ff9c0,3739,"{""lemma"": ""numerous""}",numerous,,,
cet4_endict_2016_expanded.json,50143a67069cd69c0ce1221a6f7bb554b992b3295322344907bf784afb5ff9c0,3740,"{""lemma"": ""nurse""}",nurse,,,
cet4_endict_2016_expanded.json,50143a67069cd69c0ce1221a6f7bb554b992b3295322344907bf784afb5ff9c0,3741,"{""lemma"": ""nursery""}",nursery,,,
cet4_endict_2016_expanded.json,50143a67069cd69c0ce1221a6f7bb554b992b3295322344907bf784afb5ff9c0,3742,"{""lemma"": ""nut""}",nut,,,
cet4_endict_2016_expanded.json,50143a67069cd69c0ce1221a6f7bb554b992b3295322344907bf784afb5ff9c0,3743,"{""lemma"": ""nutrient""}",nutrient,,,
cet4_endict_2016_expanded.json,50143a67069cd69c0ce1221a6f7bb554b992b3295322344907bf784afb5ff9c0,3744,"{""lemma"": ""nutrition""}",nutrition,,,
cet4_endict_2016_expanded.json,50143a67069cd69c0ce1221a6f7bb554b992b3295322344907bf784afb5ff9c0,3745,"{""lemma"": ""obedience""}",obedience,,,
cet4_endict_2016_expanded.json,50143a67069cd69c0ce1221a6f7bb554b992b3295322344907bf784afb5ff9c0,3746,"{""lemma"": ""obedient""}",obedient,,,
cet4_endict_2016_expanded.json,50143a67069cd69c0ce1221a6f7bb554b992b3295322344907bf784afb5ff9c0,3747,"{""lemma"": ""obese""}",obese,,,
cet4_endict_2016_expanded.json,50143a67069cd69c0ce1221a6f7bb554b992b3295322344907bf784afb5ff9c0,3748,"{""lemma"": ""obesity""}",obesity,,,
cet4_endict_2016_expanded.json,50143a67069cd69c0ce1221a6f7bb554b992b3295322344907bf784afb5ff9c0,3749,"{""lemma"": ""obey""}",obey,,,
cet4_endict_2016_expanded.json,50143a67069cd69c0ce1221a6f7bb554b992b3295322344907bf784afb5ff9c0,3750,"{""lemma"": ""object""}",object,,,
cet4_endict_2016_expanded.json,50143a67069cd69c0ce1221a6f7bb554b992b3295322344907bf784afb5ff9c0,3751,"{""lemma"": ""objection""}",objection,,,
cet4_endict_2016_expanded.json,50143a67069cd69c0ce1221a6f7bb554b992b3295322344907bf784afb5ff9c0,3752,"{""lemma"": ""objective""}",objective,,,
cet4_endict_2016_expanded.json,50143a67069cd69c0ce1221a6f7bb554b992b3295322344907bf784afb5ff9c0,3753,"{""lemma"": ""obligation""}",obligation,,,
cet4_endict_2016_expanded.json,50143a67069cd69c0ce1221a6f7bb554b992b3295322344907bf784afb5ff9c0,3754,"{""lemma"": ""obligatory""}",obligatory,,,
cet4_endict_2016_expanded.json,50143a67069cd69c0ce1221a6f7bb554b992b3295322344907bf784afb5ff9c0,3755,"{""lemma"": ""oblige""}",oblige,,,
cet4_endict_2016_expanded.json,50143a67069cd69c0ce1221a6f7bb554b992b3295322344907bf784afb5ff9c0,3756,"{""lemma"": ""observant""}",observant,,,
cet4_endict_2016_expanded.json,50143a67069cd69c0ce1221a6f7bb554b992b3295322344907bf784afb5ff9c0,3757,"{""lemma"": ""observation""}",observation,,,
cet4_endict_2016_expanded.json,50143a67069cd69c0ce1221a6f7bb554b992b3295322344907bf784afb5ff9c0,3758,"{""lemma"": ""observe""}",observe,,,
cet4_endict_2016_expanded.json,50143a67069cd69c0ce1221a6f7bb554b992b3295322344907bf784afb5ff9c0,3759,"{""lemma"": ""observer""}",observer,,,
cet4_endict_2016_expanded.json,50143a67069cd69c0ce1221a6f7bb554b992b3295322344907bf784afb5ff9c0,3760,"{""lemma"": ""obstacle""}",obstacle,,,
cet4_endict_2016_expanded.json,50143a67069cd69c0ce1221a6f7bb554b992b3295322344907bf784afb5ff9c0,3761,"{""lemma"": ""obtain""}",obtain,,,
cet4_endict_2016_expanded.json,50143a67069cd69c0ce1221a6f7bb554b992b3295322344907bf784afb5ff9c0,3762,"{""lemma"": ""obvious""}",obvious,,,
cet4_endict_2016_expanded.json,50143a67069cd69c0ce1221a6f7bb554b992b3295322344907bf784afb5ff9c0,3763,"{""lemma"": ""obviously""}",obviously,,,
cet4_endict_2016_expanded.json,50143a67069cd69c0ce1221a6f7bb554b992b3295322344907bf784afb5ff9c0,3764,"{""lemma"": ""occasion""}",occasion,,,
cet4_endict_2016_expanded.json,50143a67069cd69c0ce1221a6f7bb554b992b3295322344907bf784afb5ff9c0,3765,"{""lemma"": ""occasional""}",occasional,,,
cet4_endict_2016_expanded.json,50143a67069cd69c0ce1221a6f7bb554b992b3295322344907bf784afb5ff9c0,3766,"{""lemma"": ""occasionally""}",occasionally,,,
cet4_endict_2016_expanded.json,50143a67069cd69c0ce1221a6f7bb554b992b3295322344907bf784afb5ff9c0,3767,"{""lemma"": ""occupancy""}",occupancy,,,
cet4_endict_2016_expanded.json,50143a67069cd69c0ce1221a6f7bb554b992b3295322344907bf784afb5ff9c0,3768,"{""lemma"": ""occupant""}",occupant,,,
cet4_endict_2016_expanded.json,50143a67069cd69c0ce1221a6f7bb554b992b3295322344907bf784afb5ff9c0,3769,"{""lemma"": ""occupation""}",occupation,,,
cet4_endict_2016_expanded.json,50143a67069cd69c0ce1221a6f7bb554b992b3295322344907bf784afb5ff9c0,3770,"{""lemma"": ""occupational""}",occupational,,,
cet4_endict_2016_expanded.json,50143a67069cd69c0ce1221a6f7bb554b992b3295322344907bf784afb5ff9c0,3771,"{""lemma"": ""occupy""}",occupy,,,
cet4_endict_2016_expanded.json,50143a67069cd69c0ce1221a6f7bb554b992b3295322344907bf784afb5ff9c0,3772,"{""lemma"": ""occur""}",occur,,,
cet4_endict_2016_expanded.json,50143a67069cd69c0ce1221a6f7bb554b992b3295322344907bf784afb5ff9c0,3773,"{""lemma"": ""occurrence""}",occurrence,,,
cet4_endict_2016_expanded.json,50143a67069cd69c0ce1221a6f7bb554b992b3295322344907bf784afb5ff9c0,3774,"{""lemma"": ""ocean""}",ocean,,,
cet4_endict_2016_expanded.json,50143a67069cd69c0ce1221a6f7bb554b992b3295322344907bf784afb5ff9c0,3775,"{""lemma"": ""oceanic""}",oceanic,,,
cet4_endict_2016_expanded.json,50143a67069cd69c0ce1221a6f7bb554b992b3295322344907bf784afb5ff9c0,3776,"{""lemma"": ""October""}",October,,,
cet4_endict_2016_expanded.json,50143a67069cd69c0ce1221a6f7bb554b992b3295322344907bf784afb5ff9c0,3777,"{""lemma"": ""odd""}",odd,,,
cet4_endict_2016_expanded.json,50143a67069cd69c0ce1221a6f7bb554b992b3295322344907bf784afb5ff9c0,3778,"{""lemma"": ""oddity""}",oddity,,,
cet4_endict_2016_expanded.json,50143a67069cd69c0ce1221a6f7bb554b992b3295322344907bf784afb5ff9c0,3779,"{""lemma"": ""odds""}",odds,,,
cet4_endict_2016_expanded.json,50143a67069cd69c0ce1221a6f7bb554b992b3295322344907bf784afb5ff9c0,3780,"{""lemma"": ""odor""}",odor,,,
cet4_endict_2016_expanded.json,50143a67069cd69c0ce1221a6f7bb554b992b3295322344907bf784afb5ff9c0,3781,"{""lemma"": ""odorous""}",odorous,,,
cet4_endict_2016_expanded.json,50143a67069cd69c0ce1221a6f7bb554b992b3295322344907bf784afb5ff9c0,3782,"{""lemma"": ""of""}",of,,,
cet4_endict_2016_expanded.json,50143a67069cd69c0ce1221a6f7bb554b992b3295322344907bf784afb5ff9c0,3783,"{""lemma"": ""off""}",off,,,
cet4_endict_2016_expanded.json,50143a67069cd69c0ce1221a6f7bb554b992b3295322344907bf784afb5ff9c0,3784,"{""lemma"": ""offence""}",offence,,,
cet4_endict_2016_expanded.json,50143a67069cd69c0ce1221a6f7bb554b992b3295322344907bf784afb5ff9c0,3785,"{""lemma"": ""offend""}",offend,,,
cet4_endict_2016_expanded.json,50143a67069cd69c0ce1221a6f7bb554b992b3295322344907bf784afb5ff9c0,3786,"{""lemma"": ""offender""}",offender,,,
cet4_endict_2016_expanded.json,50143a67069cd69c0ce1221a6f7bb554b992b3295322344907bf784afb5ff9c0,3787,"{""lemma"": ""offensive""}",offensive,,,
cet4_endict_2016_expanded.json,50143a67069cd69c0ce1221a6f7bb554b992b3295322344907bf784afb5ff9c0,3788,"{""lemma"": ""offer""}",offer,,,
cet4_endict_2016_expanded.json,50143a67069cd69c0ce1221a6f7bb554b992b3295322344907bf784afb5ff9c0,3789,"{""lemma"": ""offering""}",offering,,,
cet4_endict_2016_expanded.json,50143a67069cd69c0ce1221a6f7bb554b992b3295322344907bf784afb5ff9c0,3790,"{""lemma"": ""office""}",office,,,
cet4_endict_2016_expanded.json,50143a67069cd69c0ce1221a6f7bb554b992b3295322344907bf784afb5ff9c0,3791,"{""lemma"": ""officer""}",officer,,,
cet4_endict_2016_expanded.json,50143a67069cd69c0ce1221a6f7bb554b992b3295322344907bf784afb5ff9c0,3792,"{""lemma"": ""official""}",official,,,
cet4_endict_2016_expanded.json,50143a67069cd69c0ce1221a6f7bb554b992b3295322344907bf784afb5ff9c0,3793,"{""lemma"": ""often""}",often,,,
cet4_endict_2016_expanded.json,50143a67069cd69c0ce1221a6f7bb554b992b3295322344907bf784afb5ff9c0,3794,"{""lemma"": ""oftentimes""}",oftentimes,,,
cet4_endict_2016_expanded.json,50143a67069cd69c0ce1221a6f7bb554b992b3295322344907bf784afb5ff9c0,3795,"{""lemma"": ""oil""}",oil,,,
cet4_endict_2016_expanded.json,50143a67069cd69c0ce1221a6f7bb554b992b3295322344907bf784afb5ff9c0,3796,"{""lemma"": ""oily""}",oily,,,
cet4_endict_2016_expanded.json,50143a67069cd69c0ce1221a6f7bb554b992b3295322344907bf784afb5ff9c0,3797,"{""lemma"": ""okay""}",okay,,,
cet4_endict_2016_expanded.json,50143a67069cd69c0ce1221a6f7bb554b992b3295322344907bf784afb5ff9c0,3798,"{""lemma"": ""old""}",old,,,
cet4_endict_2016_expanded.json,50143a67069cd69c0ce1221a6f7bb554b992b3295322344907bf784afb5ff9c0,3799,"{""lemma"": ""old-fashioned""}",old-fashioned,,,
cet4_endict_2016_expanded.json,50143a67069cd69c0ce1221a6f7bb554b992b3295322344907bf784afb5ff9c0,3800,"{""lemma"": ""Olympiad""}",Olympiad,,,
cet4_endict_2016_expanded.json,50143a67069cd69c0ce1221a6f7bb554b992b3295322344907bf784afb5ff9c0,3801,"{""lemma"": ""Olympic""}",Olympic,,,
cet4_endict_2016_expanded.json,50143a67069cd69c0ce1221a6f7bb554b992b3295322344907bf784afb5ff9c0,3802,"{""lemma"": ""Olympics""}",Olympics,,,
cet4_endict_2016_expanded.json,50143a67069cd69c0ce1221a6f7bb554b992b3295322344907bf784afb5ff9c0,3803,"{""lemma"": ""omission""}",omission,,,
cet4_endict_2016_expanded.json,50143a67069cd69c0ce1221a6f7bb554b992b3295322344907bf784afb5ff9c0,3804,"{""lemma"": ""omit""}",omit,,,
cet4_endict_2016_expanded.json,50143a67069cd69c0ce1221a6f7bb554b992b3295322344907bf784afb5ff9c0,3805,"{""lemma"": ""on""}",on,,,
cet4_endict_2016_expanded.json,50143a67069cd69c0ce1221a6f7bb554b992b3295322344907bf784afb5ff9c0,3806,"{""lemma"": ""once""}",once,,,
cet4_endict_2016_expanded.json,50143a67069cd69c0ce1221a6f7bb554b992b3295322344907bf784afb5ff9c0,3807,"{""lemma"": ""one""}",one,,,
cet4_endict_2016_expanded.json,50143a67069cd69c0ce1221a6f7bb554b992b3295322344907bf784afb5ff9c0,3808,"{""lemma"": ""oneself""}",oneself,,,
cet4_endict_2016_expanded.json,50143a67069cd69c0ce1221a6f7bb554b992b3295322344907bf784afb5ff9c0,3809,"{""lemma"": ""ongoing""}",ongoing,,,
cet4_endict_2016_expanded.json,50143a67069cd69c0ce1221a6f7bb554b992b3295322344907bf784afb5ff9c0,3810,"{""lemma"": ""onion""}",onion,,,
cet4_endict_2016_expanded.json,50143a67069cd69c0ce1221a6f7bb554b992b3295322344907bf784afb5ff9c0,3811,"{""lemma"": ""online""}",online,,,
cet4_endict_2016_expanded.json,50143a67069cd69c0ce1221a6f7bb554b992b3295322344907bf784afb5ff9c0,3812,"{""lemma"": ""only""}",only,,,
cet4_endict_2016_expanded.json,50143a67069cd69c0ce1221a6f7bb554b992b3295322344907bf784afb5ff9c0,3813,"{""lemma"": ""onto""}",onto,,,
cet4_endict_2016_expanded.json,50143a67069cd69c0ce1221a6f7bb554b992b3295322344907bf784afb5ff9c0,3814,"{""lemma"": ""onward""}",onward,,,
cet4_endict_2016_expanded.json,50143a67069cd69c0ce1221a6f7bb554b992b3295322344907bf784afb5ff9c0,3815,"{""lemma"": ""open""}",open,,,
cet4_endict_2016_expanded.json,50143a67069cd69c0ce1221a6f7bb554b992b3295322344907bf784afb5ff9c0,3816,"{""lemma"": ""opener""}",opener,,,
cet4_endict_2016_expanded.json,50143a67069cd69c0ce1221a6f7bb554b992b3295322344907bf784afb5ff9c0,3817,"{""lemma"": ""opening""}",opening,,,
cet4_endict_2016_expanded.json,50143a67069cd69c0ce1221a6f7bb554b992b3295322344907bf784afb5ff9c0,3818,"{""lemma"": ""openly""}",openly,,,
cet4_endict_2016_expanded.json,50143a67069cd69c0ce1221a6f7bb554b992b3295322344907bf784afb5ff9c0,3819,"{""lemma"": ""opera""}",opera,,,
cet4_endict_2016_expanded.json,50143a67069cd69c0ce1221a6f7bb554b992b3295322344907bf784afb5ff9c0,3820,"{""lemma"": ""operate""}",operate,,,
cet4_endict_2016_expanded.json,50143a67069cd69c0ce1221a6f7bb554b992b3295322344907bf784afb5ff9c0,3821,"{""lemma"": ""operation""}",operation,,,
cet4_endict_2016_expanded.json,50143a67069cd69c0ce1221a6f7bb554b992b3295322344907bf784afb5ff9c0,3822,"{""lemma"": ""operational""}",operational,,,
cet4_endict_2016_expanded.json,50143a67069cd69c0ce1221a6f7bb554b992b3295322344907bf784afb5ff9c0,3823,"{""lemma"": ""operator""}",operator,,,
cet4_endict_2016_expanded.json,50143a67069cd69c0ce1221a6f7bb554b992b3295322344907bf784afb5ff9c0,3824,"{""lemma"": ""opinion""}",opinion,,,
cet4_endict_2016_expanded.json,50143a67069cd69c0ce1221a6f7bb554b992b3295322344907bf784afb5ff9c0,3825,"{""lemma"": ""opponent""}",opponent,,,
cet4_endict_2016_expanded.json,50143a67069cd69c0ce1221a6f7bb554b992b3295322344907bf784afb5ff9c0,3826,"{""lemma"": ""opportunity""}",opportunity,,,
cet4_endict_2016_expanded.json,50143a67069cd69c0ce1221a6f7bb554b992b3295322344907bf784afb5ff9c0,3827,"{""lemma"": ""oppose""}",oppose,,,
cet4_endict_2016_expanded.json,50143a67069cd69c0ce1221a6f7bb554b992b3295322344907bf784afb5ff9c0,3828,"{""lemma"": ""opposite""}",opposite,,,
cet4_endict_2016_expanded.json,50143a67069cd69c0ce1221a6f7bb554b992b3295322344907bf784afb5ff9c0,3829,"{""lemma"": ""opposition""}",opposition,,,
cet4_endict_2016_expanded.json,50143a67069cd69c0ce1221a6f7bb554b992b3295322344907bf784afb5ff9c0,3830,"{""lemma"": ""opt""}",opt,,,
cet4_endict_2016_expanded.json,50143a67069cd69c0ce1221a6f7bb554b992b3295322344907bf784afb5ff9c0,3831,"{""lemma"": ""optimism""}",optimism,,,
cet4_endict_2016_expanded.json,50143a67069cd69c0ce1221a6f7bb554b992b3295322344907bf784afb5ff9c0,3832,"{""lemma"": ""optimist""}",optimist,,,
cet4_endict_2016_expanded.json,50143a67069cd69c0ce1221a6f7bb554b992b3295322344907bf784afb5ff9c0,3833,"{""lemma"": ""optimistic""}",optimistic,,,
cet4_endict_2016_expanded.json,50143a67069cd69c0ce1221a6f7bb554b992b3295322344907bf784afb5ff9c0,3834,"{""lemma"": ""option""}",option,,,
cet4_endict_2016_expanded.json,50143a67069cd69c0ce1221a6f7bb554b992b3295322344907bf784afb5ff9c0,3835,"{""lemma"": ""optional""}",optional,,,
cet4_endict_2016_expanded.json,50143a67069cd69c0ce1221a6f7bb554b992b3295322344907bf784afb5ff9c0,3836,"{""lemma"": ""or""}",or,,,
cet4_endict_2016_expanded.json,50143a67069cd69c0ce1221a6f7bb554b992b3295322344907bf784afb5ff9c0,3837,"{""lemma"": ""oral""}",oral,,,
cet4_endict_2016_expanded.json,50143a67069cd69c0ce1221a6f7bb554b992b3295322344907bf784afb5ff9c0,3838,"{""lemma"": ""orange""}",orange,,,
cet4_endict_2016_expanded.json,50143a67069cd69c0ce1221a6f7bb554b992b3295322344907bf784afb5ff9c0,3839,"{""lemma"": ""orbit""}",orbit,,,
cet4_endict_2016_expanded.json,50143a67069cd69c0ce1221a6f7bb554b992b3295322344907bf784afb5ff9c0,3840,"{""lemma"": ""orbital""}",orbital,,,
cet4_endict_2016_expanded.json,50143a67069cd69c0ce1221a6f7bb554b992b3295322344907bf784afb5ff9c0,3841,"{""lemma"": ""orchestra""}",orchestra,,,
cet4_endict_2016_expanded.json,50143a67069cd69c0ce1221a6f7bb554b992b3295322344907bf784afb5ff9c0,3842,"{""lemma"": ""order""}",order,,,
cet4_endict_2016_expanded.json,50143a67069cd69c0ce1221a6f7bb554b992b3295322344907bf784afb5ff9c0,3843,"{""lemma"": ""orderly""}",orderly,,,
cet4_endict_2016_expanded.json,50143a67069cd69c0ce1221a6f7bb554b992b3295322344907bf784afb5ff9c0,3844,"{""lemma"": ""ordinary""}",ordinary,,,
cet4_endict_2016_expanded.json,50143a67069cd69c0ce1221a6f7bb554b992b3295322344907bf784afb5ff9c0,3845,"{""lemma"": ""ore""}",ore,,,
cet4_endict_2016_expanded.json,50143a67069cd69c0ce1221a6f7bb554b992b3295322344907bf784afb5ff9c0,3846,"{""lemma"": ""organ""}",organ,,,
cet4_endict_2016_expanded.json,50143a67069cd69c0ce1221a6f7bb554b992b3295322344907bf784afb5ff9c0,3847,"{""lemma"": ""organic""}",organic,,,
cet4_endict_2016_expanded.json,50143a67069cd69c0ce1221a6f7bb554b992b3295322344907bf784afb5ff9c0,3848,"{""lemma"": ""organism""}",organism,,,
cet4_endict_2016_expanded.json,50143a67069cd69c0ce1221a6f7bb554b992b3295322344907bf784afb5ff9c0,3849,"{""lemma"": ""organization""}",organization,,,
cet4_endict_2016_expanded.json,50143a67069cd69c0ce1221a6f7bb554b992b3295322344907bf784afb5ff9c0,3850,"{""lemma"": ""organizational""}",organizational,,,
cet4_endict_2016_expanded.json,50143a67069cd69c0ce1221a6f7bb554b992b3295322344907bf784afb5ff9c0,3851,"{""lemma"": ""organize""}",organize,,,
cet4_endict_2016_expanded.json,50143a67069cd69c0ce1221a6f7bb554b992b3295322344907bf784afb5ff9c0,3852,"{""lemma"": ""orient""}",orient,,,
cet4_endict_2016_expanded.json,50143a67069cd69c0ce1221a6f7bb554b992b3295322344907bf784afb5ff9c0,3853,"{""lemma"": ""oriental""}",oriental,,,
cet4_endict_2016_expanded.json,50143a67069cd69c0ce1221a6f7bb554b992b3295322344907bf784afb5ff9c0,3854,"{""lemma"": ""orientation""}",orientation,,,
cet4_endict_2016_expanded.json,50143a67069cd69c0ce1221a6f7bb554b992b3295322344907bf784afb5ff9c0,3855,"{""lemma"": ""origin""}",origin,,,
cet4_endict_2016_expanded.json,50143a67069cd69c0ce1221a6f7bb554b992b3295322344907bf784afb5ff9c0,3856,"{""lemma"": ""original""}",original,,,
cet4_endict_2016_expanded.json,50143a67069cd69c0ce1221a6f7bb554b992b3295322344907bf784afb5ff9c0,3857,"{""lemma"": ""originality""}",originality,,,
cet4_endict_2016_expanded.json,50143a67069cd69c0ce1221a6f7bb554b992b3295322344907bf784afb5ff9c0,3858,"{""lemma"": ""originate""}",originate,,,
cet4_endict_2016_expanded.json,50143a67069cd69c0ce1221a6f7bb554b992b3295322344907bf784afb5ff9c0,3859,"{""lemma"": ""ornament""}",ornament,,,
cet4_endict_2016_expanded.json,50143a67069cd69c0ce1221a6f7bb554b992b3295322344907bf784afb5ff9c0,3860,"{""lemma"": ""ornamental""}",ornamental,,,
cet4_endict_2016_expanded.json,50143a67069cd69c0ce1221a6f7bb554b992b3295322344907bf784afb5ff9c0,3861,"{""lemma"": ""orphan""}",orphan,,,
cet4_endict_2016_expanded.json,50143a67069cd69c0ce1221a6f7bb554b992b3295322344907bf784afb5ff9c0,3862,"{""lemma"": ""orphanage""}",orphanage,,,
cet4_endict_2016_expanded.json,50143a67069cd69c0ce1221a6f7bb554b992b3295322344907bf784afb5ff9c0,3863,"{""lemma"": ""other""}",other,,,
cet4_endict_2016_expanded.json,50143a67069cd69c0ce1221a6f7bb554b992b3295322344907bf784afb5ff9c0,3864,"{""lemma"": ""otherwise""}",otherwise,,,
cet4_endict_2016_expanded.json,50143a67069cd69c0ce1221a6f7bb554b992b3295322344907bf784afb5ff9c0,3865,"{""lemma"": ""ought to""}",ought to,,,
cet4_endict_2016_expanded.json,50143a67069cd69c0ce1221a6f7bb554b992b3295322344907bf784afb5ff9c0,3866,"{""lemma"": ""ounce""}",ounce,,,
cet4_endict_2016_expanded.json,50143a67069cd69c0ce1221a6f7bb554b992b3295322344907bf784afb5ff9c0,3867,"{""lemma"": ""our""}",our,,,
cet4_endict_2016_expanded.json,50143a67069cd69c0ce1221a6f7bb554b992b3295322344907bf784afb5ff9c0,3868,"{""lemma"": ""ours""}",ours,,,
cet4_endict_2016_expanded.json,50143a67069cd69c0ce1221a6f7bb554b992b3295322344907bf784afb5ff9c0,3869,"{""lemma"": ""ourselves""}",ourselves,,,
cet4_endict_2016_expanded.json,50143a67069cd69c0ce1221a6f7bb554b992b3295322344907bf784afb5ff9c0,3870,"{""lemma"": ""out""}",out,,,
cet4_endict_2016_expanded.json,50143a67069cd69c0ce1221a6f7bb554b992b3295322344907bf784afb5ff9c0,3871,"{""lemma"": ""outbreak""}",outbreak,,,
cet4_endict_2016_expanded.json,50143a67069cd69c0ce1221a6f7bb554b992b3295322344907bf784afb5ff9c0,3872,"{""lemma"": ""outcome""}",outcome,,,
cet4_endict_2016_expanded.json,50143a67069cd69c0ce1221a6f7bb554b992b3295322344907bf784afb5ff9c0,3873,"{""lemma"": ""outdated""}",outdated,,,
cet4_endict_2016_expanded.json,50143a67069cd69c0ce1221a6f7bb554b992b3295322344907bf784afb5ff9c0,3874,"{""lemma"": ""outdoor""}",outdoor,,,
cet4_endict_2016_expanded.json,50143a67069cd69c0ce1221a6f7bb554b992b3295322344907bf784afb5ff9c0,3875,"{""lemma"": ""outdoors""}",outdoors,,,
cet4_endict_2016_expanded.json,50143a67069cd69c0ce1221a6f7bb554b992b3295322344907bf784afb5ff9c0,3876,"{""lemma"": ""outer""}",outer,,,
cet4_endict_2016_expanded.json,50143a67069cd69c0ce1221a6f7bb554b992b3295322344907bf784afb5ff9c0,3877,"{""lemma"": ""outgoing""}",outgoing,,,
cet4_endict_2016_expanded.json,50143a67069cd69c0ce1221a6f7bb554b992b3295322344907bf784afb5ff9c0,3878,"{""lemma"": ""outing""}",outing,,,
cet4_endict_2016_expanded.json,50143a67069cd69c0ce1221a6f7bb554b992b3295322344907bf784afb5ff9c0,3879,"{""lemma"": ""outlet""}",outlet,,,
cet4_endict_2016_expanded.json,50143a67069cd69c0ce1221a6f7bb554b992b3295322344907bf784afb5ff9c0,3880,"{""lemma"": ""outline""}",outline,,,
cet4_endict_2016_expanded.json,50143a67069cd69c0ce1221a6f7bb554b992b3295322344907bf784afb5ff9c0,3881,"{""lemma"": ""outlook""}",outlook,,,
cet4_endict_2016_expanded.json,50143a67069cd69c0ce1221a6f7bb554b992b3295322344907bf784afb5ff9c0,3882,"{""lemma"": ""output""}",output,,,
cet4_endict_2016_expanded.json,50143a67069cd69c0ce1221a6f7bb554b992b3295322344907bf784afb5ff9c0,3883,"{""lemma"": ""outset""}",outset,,,
cet4_endict_2016_expanded.json,50143a67069cd69c0ce1221a6f7bb554b992b3295322344907bf784afb5ff9c0,3884,"{""lemma"": ""outside""}",outside,,,
cet4_endict_2016_expanded.json,50143a67069cd69c0ce1221a6f7bb554b992b3295322344907bf784afb5ff9c0,3885,"{""lemma"": ""outsider""}",outsider,,,
cet4_endict_2016_expanded.json,50143a67069cd69c0ce1221a6f7bb554b992b3295322344907bf784afb5ff9c0,3886,"{""lemma"": ""outskirts""}",outskirts,,,
cet4_endict_2016_expanded.json,50143a67069cd69c0ce1221a6f7bb554b992b3295322344907bf784afb5ff9c0,3887,"{""lemma"": ""outstanding""}",outstanding,,,
cet4_endict_2016_expanded.json,50143a67069cd69c0ce1221a6f7bb554b992b3295322344907bf784afb5ff9c0,3888,"{""lemma"": ""outward""}",outward,,,
cet4_endict_2016_expanded.json,50143a67069cd69c0ce1221a6f7bb554b992b3295322344907bf784afb5ff9c0,3889,"{""lemma"": ""outwards""}",outwards,,,
cet4_endict_2016_expanded.json,50143a67069cd69c0ce1221a6f7bb554b992b3295322344907bf784afb5ff9c0,3890,"{""lemma"": ""oval""}",oval,,,
cet4_endict_2016_expanded.json,50143a67069cd69c0ce1221a6f7bb554b992b3295322344907bf784afb5ff9c0,3891,"{""lemma"": ""oven""}",oven,,,
cet4_endict_2016_expanded.json,50143a67069cd69c0ce1221a6f7bb554b992b3295322344907bf784afb5ff9c0,3892,"{""lemma"": ""over""}",over,,,
cet4_endict_2016_expanded.json,50143a67069cd69c0ce1221a6f7bb554b992b3295322344907bf784afb5ff9c0,3893,"{""lemma"": ""overall""}",overall,,,
cet4_endict_2016_expanded.json,50143a67069cd69c0ce1221a6f7bb554b992b3295322344907bf784afb5ff9c0,3894,"{""lemma"": ""overcoat""}",overcoat,,,
cet4_endict_2016_expanded.json,50143a67069cd69c0ce1221a6f7bb554b992b3295322344907bf784afb5ff9c0,3895,"{""lemma"": ""overcome""}",overcome,,,
cet4_endict_2016_expanded.json,50143a67069cd69c0ce1221a6f7bb554b992b3295322344907bf784afb5ff9c0,3896,"{""lemma"": ""overdue""}",overdue,,,
cet4_endict_2016_expanded.json,50143a67069cd69c0ce1221a6f7bb554b992b3295322344907bf784afb5ff9c0,3897,"{""lemma"": ""overhead""}",overhead,,,
cet4_endict_2016_expanded.json,50143a67069cd69c0ce1221a6f7bb554b992b3295322344907bf784afb5ff9c0,3898,"{""lemma"": ""overhear""}",overhear,,,
cet4_endict_2016_expanded.json,50143a67069cd69c0ce1221a6f7bb554b992b3295322344907bf784afb5ff9c0,3899,"{""lemma"": ""overlook""}",overlook,,,
cet4_endict_2016_expanded.json,50143a67069cd69c0ce1221a6f7bb554b992b3295322344907bf784afb5ff9c0,3900,"{""lemma"": ""overnight""}",overnight,,,
cet4_endict_2016_expanded.json,50143a67069cd69c0ce1221a6f7bb554b992b3295322344907bf784afb5ff9c0,3901,"{""lemma"": ""overseas""}",overseas,,,
cet4_endict_2016_expanded.json,50143a67069cd69c0ce1221a6f7bb554b992b3295322344907bf784afb5ff9c0,3902,"{""lemma"": ""oversee""}",oversee,,,
cet4_endict_2016_expanded.json,50143a67069cd69c0ce1221a6f7bb554b992b3295322344907bf784afb5ff9c0,3903,"{""lemma"": ""oversight""}",oversight,,,
cet4_endict_2016_expanded.json,50143a67069cd69c0ce1221a6f7bb554b992b3295322344907bf784afb5ff9c0,3904,"{""lemma"": ""overtake""}",overtake,,,
cet4_endict_2016_expanded.json,50143a67069cd69c0ce1221a6f7bb554b992b3295322344907bf784afb5ff9c0,3905,"{""lemma"": ""overthrow""}",overthrow,,,
cet4_endict_2016_expanded.json,50143a67069cd69c0ce1221a6f7bb554b992b3295322344907bf784afb5ff9c0,3906,"{""lemma"": ""overtime""}",overtime,,,
cet4_endict_2016_expanded.json,50143a67069cd69c0ce1221a6f7bb554b992b3295322344907bf784afb5ff9c0,3907,"{""lemma"": ""overwhelm""}",overwhelm,,,
cet4_endict_2016_expanded.json,50143a67069cd69c0ce1221a6f7bb554b992b3295322344907bf784afb5ff9c0,3908,"{""lemma"": ""overwhelming""}",overwhelming,,,
cet4_endict_2016_expanded.json,50143a67069cd69c0ce1221a6f7bb554b992b3295322344907bf784afb5ff9c0,3909,"{""lemma"": ""overwhelmingly""}",overwhelmingly,,,
cet4_endict_2016_expanded.json,50143a67069cd69c0ce1221a6f7bb554b992b3295322344907bf784afb5ff9c0,3910,"{""lemma"": ""owe""}",owe,,,
cet4_endict_2016_expanded.json,50143a67069cd69c0ce1221a6f7bb554b992b3295322344907bf784afb5ff9c0,3911,"{""lemma"": ""owing to""}",owing to,,,
cet4_endict_2016_expanded.json,50143a67069cd69c0ce1221a6f7bb554b992b3295322344907bf784afb5ff9c0,3912,"{""lemma"": ""own""}",own,,,
cet4_endict_2016_expanded.json,50143a67069cd69c0ce1221a6f7bb554b992b3295322344907bf784afb5ff9c0,3913,"{""lemma"": ""owner""}",owner,,,
cet4_endict_2016_expanded.json,50143a67069cd69c0ce1221a6f7bb554b992b3295322344907bf784afb5ff9c0,3914,"{""lemma"": ""ownership""}",ownership,,,
cet4_endict_2016_expanded.json,50143a67069cd69c0ce1221a6f7bb554b992b3295322344907bf784afb5ff9c0,3915,"{""lemma"": ""ox""}",ox,,,
cet4_endict_2016_expanded.json,50143a67069cd69c0ce1221a6f7bb554b992b3295322344907bf784afb5ff9c0,3916,"{""lemma"": ""oxygen""}",oxygen,,,
cet4_endict_2016_expanded.json,50143a67069cd69c0ce1221a6f7bb554b992b3295322344907bf784afb5ff9c0,3917,"{""lemma"": ""ozone""}",ozone,,,
cet4_endict_2016_expanded.json,50143a67069cd69c0ce1221a6f7bb554b992b3295322344907bf784afb5ff9c0,3918,"{""lemma"": ""pace""}",pace,,,
cet4_endict_2016_expanded.json,50143a67069cd69c0ce1221a6f7bb554b992b3295322344907bf784afb5ff9c0,3919,"{""lemma"": ""pack""}",pack,,,
cet4_endict_2016_expanded.json,50143a67069cd69c0ce1221a6f7bb554b992b3295322344907bf784afb5ff9c0,3920,"{""lemma"": ""package""}",package,,,
cet4_endict_2016_expanded.json,50143a67069cd69c0ce1221a6f7bb554b992b3295322344907bf784afb5ff9c0,3921,"{""lemma"": ""packet""}",packet,,,
cet4_endict_2016_expanded.json,50143a67069cd69c0ce1221a6f7bb554b992b3295322344907bf784afb5ff9c0,3922,"{""lemma"": ""pad""}",pad,,,
cet4_endict_2016_expanded.json,50143a67069cd69c0ce1221a6f7bb554b992b3295322344907bf784afb5ff9c0,3923,"{""lemma"": ""paddy""}",paddy,,,
cet4_endict_2016_expanded.json,50143a67069cd69c0ce1221a6f7bb554b992b3295322344907bf784afb5ff9c0,3924,"{""lemma"": ""page""}",page,,,
cet4_endict_2016_expanded.json,50143a67069cd69c0ce1221a6f7bb554b992b3295322344907bf784afb5ff9c0,3925,"{""lemma"": ""pain""}",pain,,,
cet4_endict_2016_expanded.json,50143a67069cd69c0ce1221a6f7bb554b992b3295322344907bf784afb5ff9c0,3926,"{""lemma"": ""painful""}",painful,,,
cet4_endict_2016_expanded.json,50143a67069cd69c0ce1221a6f7bb554b992b3295322344907bf784afb5ff9c0,3927,"{""lemma"": ""paint""}",paint,,,
cet4_endict_2016_expanded.json,50143a67069cd69c0ce1221a6f7bb554b992b3295322344907bf784afb5ff9c0,3928,"{""lemma"": ""painter""}",painter,,,
cet4_endict_2016_expanded.json,50143a67069cd69c0ce1221a6f7bb554b992b3295322344907bf784afb5ff9c0,3929,"{""lemma"": ""painting""}",painting,,,
cet4_endict_2016_expanded.json,50143a67069cd69c0ce1221a6f7bb554b992b3295322344907bf784afb5ff9c0,3930,"{""lemma"": ""pair""}",pair,,,
cet4_endict_2016_expanded.json,50143a67069cd69c0ce1221a6f7bb554b992b3295322344907bf784afb5ff9c0,3931,"{""lemma"": ""palace""}",palace,,,
cet4_endict_2016_expanded.json,50143a67069cd69c0ce1221a6f7bb554b992b3295322344907bf784afb5ff9c0,3932,"{""lemma"": ""pale""}",pale,,,
cet4_endict_2016_expanded.json,50143a67069cd69c0ce1221a6f7bb554b992b3295322344907bf784afb5ff9c0,3933,"{""lemma"": ""palm""}",palm,,,
cet4_endict_2016_expanded.json,50143a67069cd69c0ce1221a6f7bb554b992b3295322344907bf784afb5ff9c0,3934,"{""lemma"": ""pan""}",pan,,,
cet4_endict_2016_expanded.json,50143a67069cd69c0ce1221a6f7bb554b992b3295322344907bf784afb5ff9c0,3935,"{""lemma"": ""panda""}",panda,,,
cet4_endict_2016_expanded.json,50143a67069cd69c0ce1221a6f7bb554b992b3295322344907bf784afb5ff9c0,3936,"{""lemma"": ""panel""}",panel,,,
cet4_endict_2016_expanded.json,50143a67069cd69c0ce1221a6f7bb554b992b3295322344907bf784afb5ff9c0,3937,"{""lemma"": ""panic""}",panic,,,
cet4_endict_2016_expanded.json,50143a67069cd69c0ce1221a6f7bb554b992b3295322344907bf784afb5ff9c0,3938,"{""lemma"": ""pants""}",pants,,,
cet4_endict_2016_expanded.json,50143a67069cd69c0ce1221a6f7bb554b992b3295322344907bf784afb5ff9c0,3939,"{""lemma"": ""paper""}",paper,,,
cet4_endict_2016_expanded.json,50143a67069cd69c0ce1221a6f7bb554b992b3295322344907bf784afb5ff9c0,3940,"{""lemma"": ""paperback""}",paperback,,,
cet4_endict_2016_expanded.json,50143a67069cd69c0ce1221a6f7bb554b992b3295322344907bf784afb5ff9c0,3941,"{""lemma"": ""parade""}",parade,,,
cet4_endict_2016_expanded.json,50143a67069cd69c0ce1221a6f7bb554b992b3295322344907bf784afb5ff9c0,3942,"{""lemma"": ""paradox""}",paradox,,,
cet4_endict_2016_expanded.json,50143a67069cd69c0ce1221a6f7bb554b992b3295322344907bf784afb5ff9c0,3943,"{""lemma"": ""paradoxical""}",paradoxical,,,
cet4_endict_2016_expanded.json,50143a67069cd69c0ce1221a6f7bb554b992b3295322344907bf784afb5ff9c0,3944,"{""lemma"": ""paragraph""}",paragraph,,,
cet4_endict_2016_expanded.json,50143a67069cd69c0ce1221a6f7bb554b992b3295322344907bf784afb5ff9c0,3945,"{""lemma"": ""parallel""}",parallel,,,
cet4_endict_2016_expanded.json,50143a67069cd69c0ce1221a6f7bb554b992b3295322344907bf784afb5ff9c0,3946,"{""lemma"": ""parcel""}",parcel,,,
cet4_endict_2016_expanded.json,50143a67069cd69c0ce1221a6f7bb554b992b3295322344907bf784afb5ff9c0,3947,"{""lemma"": ""pardon""}",pardon,,,
cet4_endict_2016_expanded.json,50143a67069cd69c0ce1221a6f7bb554b992b3295322344907bf784afb5ff9c0,3948,"{""lemma"": ""parent""}",parent,,,
cet4_endict_2016_expanded.json,50143a67069cd69c0ce1221a6f7bb554b992b3295322344907bf784afb5ff9c0,3949,"{""lemma"": ""parental""}",parental,,,
cet4_endict_2016_expanded.json,50143a67069cd69c0ce1221a6f7bb554b992b3295322344907bf784afb5ff9c0,3950,"{""lemma"": ""parenting""}",parenting,,,
cet4_endict_2016_expanded.json,50143a67069cd69c0ce1221a6f7bb554b992b3295322344907bf784afb5ff9c0,3951,"{""lemma"": ""park""}",park,,,
cet4_endict_2016_expanded.json,50143a67069cd69c0ce1221a6f7bb554b992b3295322344907bf784afb5ff9c0,3952,"{""lemma"": ""parking""}",parking,,,
cet4_endict_2016_expanded.json,50143a67069cd69c0ce1221a6f7bb554b992b3295322344907bf784afb5ff9c0,3953,"{""lemma"": ""parliament""}",parliament,,,
cet4_endict_2016_expanded.json,50143a67069cd69c0ce1221a6f7bb554b992b3295322344907bf784afb5ff9c0,3954,"{""lemma"": ""parliamentary""}",parliamentary,,,
cet4_endict_2016_expanded.json,50143a67069cd69c0ce1221a6f7bb554b992b3295322344907bf784afb5ff9c0,3955,"{""lemma"": ""part""}",part,,,
cet4_endict_2016_expanded.json,50143a67069cd69c0ce1221a6f7bb554b992b3295322344907bf784afb5ff9c0,3956,"{""lemma"": ""partial""}",partial,,,
cet4_endict_2016_expanded.json,50143a67069cd69c0ce1221a6f7bb554b992b3295322344907bf784afb5ff9c0,3957,"{""lemma"": ""partially""}",partially,,,
cet4_endict_2016_expanded.json,50143a67069cd69c0ce1221a6f7bb554b992b3295322344907bf784afb5ff9c0,3958,"{""lemma"": ""participant""}",participant,,,
cet4_endict_2016_expanded.json,50143a67069cd69c0ce1221a6f7bb554b992b3295322344907bf784afb5ff9c0,3959,"{""lemma"": ""participate""}",participate,,,
cet4_endict_2016_expanded.json,50143a67069cd69c0ce1221a6f7bb554b992b3295322344907bf784afb5ff9c0,3960,"{""lemma"": ""participation""}",participation,,,
cet4_endict_2016_expanded.json,50143a67069cd69c0ce1221a6f7bb554b992b3295322344907bf784afb5ff9c0,3961,"{""lemma"": ""particle""}",particle,,,
cet4_endict_2016_expanded.json,50143a67069cd69c0ce1221a6f7bb554b992b3295322344907bf784afb5ff9c0,3962,"{""lemma"": ""particular""}",particular,,,
cet4_endict_2016_expanded.json,50143a67069cd69c0ce1221a6f7bb554b992b3295322344907bf784afb5ff9c0,3963,"{""lemma"": ""particularly""}",particularly,,,
cet4_endict_2016_expanded.json,50143a67069cd69c0ce1221a6f7bb554b992b3295322344907bf784afb5ff9c0,3964,"{""lemma"": ""partly""}",partly,,,
cet4_endict_2016_expanded.json,50143a67069cd69c0ce1221a6f7bb554b992b3295322344907bf784afb5ff9c0,3965,"{""lemma"": ""partner""}",partner,,,
cet4_endict_2016_expanded.json,50143a67069cd69c0ce1221a6f7bb554b992b3295322344907bf784afb5ff9c0,3966,"{""lemma"": ""partnership""}",partnership,,,
cet4_endict_2016_expanded.json,50143a67069cd69c0ce1221a6f7bb554b992b3295322344907bf784afb5ff9c0,3967,"{""lemma"": ""party""}",party,,,
cet4_endict_2016_expanded.json,50143a67069cd69c0ce1221a6f7bb554b992b3295322344907bf784afb5ff9c0,3968,"{""lemma"": ""pass""}",pass,,,
cet4_endict_2016_expanded.json,50143a67069cd69c0ce1221a6f7bb554b992b3295322344907bf784afb5ff9c0,3969,"{""lemma"": ""passage""}",passage,,,
cet4_endict_2016_expanded.json,50143a67069cd69c0ce1221a6f7bb554b992b3295322344907bf784afb5ff9c0,3970,"{""lemma"": ""passenger""}",passenger,,,
cet4_endict_2016_expanded.json,50143a67069cd69c0ce1221a6f7bb554b992b3295322344907bf784afb5ff9c0,3971,"{""lemma"": ""passion""}",passion,,,
cet4_endict_2016_expanded.json,50143a67069cd69c0ce1221a6f7bb554b992b3295322344907bf784afb5ff9c0,3972,"{""lemma"": ""passionate""}",passionate,,,
cet4_endict_2016_expanded.json,50143a67069cd69c0ce1221a6f7bb554b992b3295322344907bf784afb5ff9c0,3973,"{""lemma"": ""passive""}",passive,,,
cet4_endict_2016_expanded.json,50143a67069cd69c0ce1221a6f7bb554b992b3295322344907bf784afb5ff9c0,3974,"{""lemma"": ""passport""}",passport,,,
cet4_endict_2016_expanded.json,50143a67069cd69c0ce1221a6f7bb554b992b3295322344907bf784afb5ff9c0,3975,"{""lemma"": ""password""}",password,,,
cet4_endict_2016_expanded.json,50143a67069cd69c0ce1221a6f7bb554b992b3295322344907bf784afb5ff9c0,3976,"{""lemma"": ""past""}",past,,,
cet4_endict_2016_expanded.json,50143a67069cd69c0ce1221a6f7bb554b992b3295322344907bf784afb5ff9c0,3977,"{""lemma"": ""paste""}",paste,,,
cet4_endict_2016_expanded.json,50143a67069cd69c0ce1221a6f7bb554b992b3295322344907bf784afb5ff9c0,3978,"{""lemma"": ""pastime""}",pastime,,,
cet4_endict_2016_expanded.json,50143a67069cd69c0ce1221a6f7bb554b992b3295322344907bf784afb5ff9c0,3979,"{""lemma"": ""pat""}",pat,,,
cet4_endict_2016_expanded.json,50143a67069cd69c0ce1221a6f7bb554b992b3295322344907bf784afb5ff9c0,3980,"{""lemma"": ""patch""}",patch,,,
cet4_endict_2016_expanded.json,50143a67069cd69c0ce1221a6f7bb554b992b3295322344907bf784afb5ff9c0,3981,"{""lemma"": ""patent""}",patent,,,
cet4_endict_2016_expanded.json,50143a67069cd69c0ce1221a6f7bb554b992b3295322344907bf784afb5ff9c0,3982,"{""lemma"": ""path""}",path,,,
cet4_endict_2016_expanded.json,50143a67069cd69c0ce1221a6f7bb554b992b3295322344907bf784afb5ff9c0,3983,"{""lemma"": ""patience""}",patience,,,
cet4_endict_2016_expanded.json,50143a67069cd69c0ce1221a6f7bb554b992b3295322344907bf784afb5ff9c0,3984,"{""lemma"": ""patient""}",patient,,,
cet4_endict_2016_expanded.json,50143a67069cd69c0ce1221a6f7bb554b992b3295322344907bf784afb5ff9c0,3985,"{""lemma"": ""pattern""}",pattern,,,
cet4_endict_2016_expanded.json,50143a67069cd69c0ce1221a6f7bb554b992b3295322344907bf784afb5ff9c0,3986,"{""lemma"": ""pause""}",pause,,,
cet4_endict_2016_expanded.json,50143a67069cd69c0ce1221a6f7bb554b992b3295322344907bf784afb5ff9c0,3987,"{""lemma"": ""pave""}",pave,,,
cet4_endict_2016_expanded.json,50143a67069cd69c0ce1221a6f7bb554b992b3295322344907bf784afb5ff9c0,3988,"{""lemma"": ""pavement""}",pavement,,,
cet4_endict_2016_expanded.json,50143a67069cd69c0ce1221a6f7bb554b992b3295322344907bf784afb5ff9c0,3989,"{""lemma"": ""paw""}",paw,,,
cet4_endict_2016_expanded.json,50143a67069cd69c0ce1221a6f7bb554b992b3295322344907bf784afb5ff9c0,3990,"{""lemma"": ""pay""}",pay,,,
cet4_endict_2016_expanded.json,50143a67069cd69c0ce1221a6f7bb554b992b3295322344907bf784afb5ff9c0,3991,"{""lemma"": ""payment""}",payment,,,
cet4_endict_2016_expanded.json,50143a67069cd69c0ce1221a6f7bb554b992b3295322344907bf784afb5ff9c0,3992,"{""lemma"": ""payroll""}",payroll,,,
cet4_endict_2016_expanded.json,50143a67069cd69c0ce1221a6f7bb554b992b3295322344907bf784afb5ff9c0,3993,"{""lemma"": ""pea""}",pea,,,
cet4_endict_2016_expanded.json,50143a67069cd69c0ce1221a6f7bb554b992b3295322344907bf784afb5ff9c0,3994,"{""lemma"": ""peace""}",peace,,,
cet4_endict_2016_expanded.json,50143a67069cd69c0ce1221a6f7bb554b992b3295322344907bf784afb5ff9c0,3995,"{""lemma"": ""peaceful""}",peaceful,,,
cet4_endict_2016_expanded.json,50143a67069cd69c0ce1221a6f7bb554b992b3295322344907bf784afb5ff9c0,3996,"{""lemma"": ""peach""}",peach,,,
cet4_endict_2016_expanded.json,50143a67069cd69c0ce1221a6f7bb554b992b3295322344907bf784afb5ff9c0,3997,"{""lemma"": ""peak""}",peak,,,
cet4_endict_2016_expanded.json,50143a67069cd69c0ce1221a6f7bb554b992b3295322344907bf784afb5ff9c0,3998,"{""lemma"": ""peanut""}",peanut,,,
cet4_endict_2016_expanded.json,50143a67069cd69c0ce1221a6f7bb554b992b3295322344907bf784afb5ff9c0,3999,"{""lemma"": ""pear""}",pear,,,
cet4_endict_2016_expanded.json,50143a67069cd69c0ce1221a6f7bb554b992b3295322344907bf784afb5ff9c0,4000,"{""lemma"": ""pearl""}",pearl,,,
cet4_endict_2016_expanded.json,50143a67069cd69c0ce1221a6f7bb554b992b3295322344907bf784afb5ff9c0,4001,"{""lemma"": ""peasant""}",peasant,,,
cet4_endict_2016_expanded.json,50143a67069cd69c0ce1221a6f7bb554b992b3295322344907bf784afb5ff9c0,4002,"{""lemma"": ""peculiar""}",peculiar,,,
cet4_endict_2016_expanded.json,50143a67069cd69c0ce1221a6f7bb554b992b3295322344907bf784afb5ff9c0,4003,"{""lemma"": ""peculiarity""}",peculiarity,,,
cet4_endict_2016_expanded.json,50143a67069cd69c0ce1221a6f7bb554b992b3295322344907bf784afb5ff9c0,4004,"{""lemma"": ""pedestrian""}",pedestrian,,,
cet4_endict_2016_expanded.json,50143a67069cd69c0ce1221a6f7bb554b992b3295322344907bf784afb5ff9c0,4005,"{""lemma"": ""peer""}",peer,,,
cet4_endict_2016_expanded.json,50143a67069cd69c0ce1221a6f7bb554b992b3295322344907bf784afb5ff9c0,4006,"{""lemma"": ""pen""}",pen,,,
cet4_endict_2016_expanded.json,50143a67069cd69c0ce1221a6f7bb554b992b3295322344907bf784afb5ff9c0,4007,"{""lemma"": ""penalize""}",penalize,,,
cet4_endict_2016_expanded.json,50143a67069cd69c0ce1221a6f7bb554b992b3295322344907bf784afb5ff9c0,4008,"{""lemma"": ""penalty""}",penalty,,,
cet4_endict_2016_expanded.json,50143a67069cd69c0ce1221a6f7bb554b992b3295322344907bf784afb5ff9c0,4009,"{""lemma"": ""pencil""}",pencil,,,
cet4_endict_2016_expanded.json,50143a67069cd69c0ce1221a6f7bb554b992b3295322344907bf784afb5ff9c0,4010,"{""lemma"": ""penetrate""}",penetrate,,,
cet4_endict_2016_expanded.json,50143a67069cd69c0ce1221a6f7bb554b992b3295322344907bf784afb5ff9c0,4011,"{""lemma"": ""penetration""}",penetration,,,
cet4_endict_2016_expanded.json,50143a67069cd69c0ce1221a6f7bb554b992b3295322344907bf784afb5ff9c0,4012,"{""lemma"": ""penny""}",penny,,,
cet4_endict_2016_expanded.json,50143a67069cd69c0ce1221a6f7bb554b992b3295322344907bf784afb5ff9c0,4013,"{""lemma"": ""pension""}",pension,,,
cet4_endict_2016_expanded.json,50143a67069cd69c0ce1221a6f7bb554b992b3295322344907bf784afb5ff9c0,4014,"{""lemma"": ""pensioner""}",pensioner,,,
cet4_endict_2016_expanded.json,50143a67069cd69c0ce1221a6f7bb554b992b3295322344907bf784afb5ff9c0,4015,"{""lemma"": ""people""}",people,,,
cet4_endict_2016_expanded.json,50143a67069cd69c0ce1221a6f7bb554b992b3295322344907bf784afb5ff9c0,4016,"{""lemma"": ""pepper""}",pepper,,,
cet4_endict_2016_expanded.json,50143a67069cd69c0ce1221a6f7bb554b992b3295322344907bf784afb5ff9c0,4017,"{""lemma"": ""per""}",per,,,
cet4_endict_2016_expanded.json,50143a67069cd69c0ce1221a6f7bb554b992b3295322344907bf784afb5ff9c0,4018,"{""lemma"": ""perceive""}",perceive,,,
cet4_endict_2016_expanded.json,50143a67069cd69c0ce1221a6f7bb554b992b3295322344907bf784afb5ff9c0,4019,"{""lemma"": ""percent""}",percent,,,
cet4_endict_2016_expanded.json,50143a67069cd69c0ce1221a6f7bb554b992b3295322344907bf784afb5ff9c0,4020,"{""lemma"": ""percentage""}",percentage,,,
cet4_endict_2016_expanded.json,50143a67069cd69c0ce1221a6f7bb554b992b3295322344907bf784afb5ff9c0,4021,"{""lemma"": ""perception""}",perception,,,
cet4_endict_2016_expanded.json,50143a67069cd69c0ce1221a6f7bb554b992b3295322344907bf784afb5ff9c0,4022,"{""lemma"": ""perceptive""}",perceptive,,,
cet4_endict_2016_expanded.json,50143a67069cd69c0ce1221a6f7bb554b992b3295322344907bf784afb5ff9c0,4023,"{""lemma"": ""perfect""}",perfect,,,
cet4_endict_2016_expanded.json,50143a67069cd69c0ce1221a6f7bb554b992b3295322344907bf784afb5ff9c0,4024,"{""lemma"": ""perfection""}",perfection,,,
cet4_endict_2016_expanded.json,50143a67069cd69c0ce1221a6f7bb554b992b3295322344907bf784afb5ff9c0,4025,"{""lemma"": ""perform""}",perform,,,
cet4_endict_2016_expanded.json,50143a67069cd69c0ce1221a6f7bb554b992b3295322344907bf784afb5ff9c0,4026,"{""lemma"": ""performance""}",performance,,,
cet4_endict_2016_expanded.json,50143a67069cd69c0ce1221a6f7bb554b992b3295322344907bf784afb5ff9c0,4027,"{""lemma"": ""performer""}",performer,,,
cet4_endict_2016_expanded.json,50143a67069cd69c0ce1221a6f7bb554b992b3295322344907bf784afb5ff9c0,4028,"{""lemma"": ""perhaps""}",perhaps,,,
cet4_endict_2016_expanded.json,50143a67069cd69c0ce1221a6f7bb554b992b3295322344907bf784afb5ff9c0,4029,"{""lemma"": ""peril""}",peril,,,
cet4_endict_2016_expanded.json,50143a67069cd69c0ce1221a6f7bb554b992b3295322344907bf784afb5ff9c0,4030,"{""lemma"": ""perilous""}",perilous,,,
cet4_endict_2016_expanded.json,50143a67069cd69c0ce1221a6f7bb554b992b3295322344907bf784afb5ff9c0,4031,"{""lemma"": ""period""}",period,,,
cet4_endict_2016_expanded.json,50143a67069cd69c0ce1221a6f7bb554b992b3295322344907bf784afb5ff9c0,4032,"{""lemma"": ""periodic""}",periodic,,,
cet4_endict_2016_expanded.json,50143a67069cd69c0ce1221a6f7bb554b992b3295322344907bf784afb5ff9c0,4033,"{""lemma"": ""periodical""}",periodical,,,
cet4_endict_2016_expanded.json,50143a67069cd69c0ce1221a6f7bb554b992b3295322344907bf784afb5ff9c0,4034,"{""lemma"": ""permanence""}",permanence,,,
cet4_endict_2016_expanded.json,50143a67069cd69c0ce1221a6f7bb554b992b3295322344907bf784afb5ff9c0,4035,"{""lemma"": ""permanent""}",permanent,,,
cet4_endict_2016_expanded.json,50143a67069cd69c0ce1221a6f7bb554b992b3295322344907bf784afb5ff9c0,4036,"{""lemma"": ""permissible""}",permissible,,,
cet4_endict_2016_expanded.json,50143a67069cd69c0ce1221a6f7bb554b992b3295322344907bf784afb5ff9c0,4037,"{""lemma"": ""permission""}",permission,,,
cet4_endict_2016_expanded.json,50143a67069cd69c0ce1221a6f7bb554b992b3295322344907bf784afb5ff9c0,4038,"{""lemma"": ""permissive""}",permissive,,,
cet4_endict_2016_expanded.json,50143a67069cd69c0ce1221a6f7bb554b992b3295322344907bf784afb5ff9c0,4039,"{""lemma"": ""permit""}",permit,,,
cet4_endict_2016_expanded.json,50143a67069cd69c0ce1221a6f7bb554b992b3295322344907bf784afb5ff9c0,4040,"{""lemma"": ""perseverance""}",perseverance,,,
cet4_endict_2016_expanded.json,50143a67069cd69c0ce1221a6f7bb554b992b3295322344907bf784afb5ff9c0,4041,"{""lemma"": ""persevere""}",persevere,,,
cet4_endict_2016_expanded.json,50143a67069cd69c0ce1221a6f7bb554b992b3295322344907bf784afb5ff9c0,4042,"{""lemma"": ""persist""}",persist,,,
cet4_endict_2016_expanded.json,50143a67069cd69c0ce1221a6f7bb554b992b3295322344907bf784afb5ff9c0,4043,"{""lemma"": ""persistence""}",persistence,,,
cet4_endict_2016_expanded.json,50143a67069cd69c0ce1221a6f7bb554b992b3295322344907bf784afb5ff9c0,4044,"{""lemma"": ""persistent""}",persistent,,,
cet4_endict_2016_expanded.json,50143a67069cd69c0ce1221a6f7bb554b992b3295322344907bf784afb5ff9c0,4045,"{""lemma"": ""person""}",person,,,
cet4_endict_2016_expanded.json,50143a67069cd69c0ce1221a6f7bb554b992b3295322344907bf784afb5ff9c0,4046,"{""lemma"": ""personal""}",personal,,,
cet4_endict_2016_expanded.json,50143a67069cd69c0ce1221a6f7bb554b992b3295322344907bf784afb5ff9c0,4047,"{""lemma"": ""personality""}",personality,,,
cet4_endict_2016_expanded.json,50143a67069cd69c0ce1221a6f7bb554b992b3295322344907bf784afb5ff9c0,4048,"{""lemma"": ""personally""}",personally,,,
cet4_endict_2016_expanded.json,50143a67069cd69c0ce1221a6f7bb554b992b3295322344907bf784afb5ff9c0,4049,"{""lemma"": ""personnel""}",personnel,,,
cet4_endict_2016_expanded.json,50143a67069cd69c0ce1221a6f7bb554b992b3295322344907bf784afb5ff9c0,4050,"{""lemma"": ""perspective""}",perspective,,,
cet4_endict_2016_expanded.json,50143a67069cd69c0ce1221a6f7bb554b992b3295322344907bf784afb5ff9c0,4051,"{""lemma"": ""persuade""}",persuade,,,
cet4_endict_2016_expanded.json,50143a67069cd69c0ce1221a6f7bb554b992b3295322344907bf784afb5ff9c0,4052,"{""lemma"": ""persuasion""}",persuasion,,,
cet4_endict_2016_expanded.json,50143a67069cd69c0ce1221a6f7bb554b992b3295322344907bf784afb5ff9c0,4053,"{""lemma"": ""persuasive""}",persuasive,,,
cet4_endict_2016_expanded.json,50143a67069cd69c0ce1221a6f7bb554b992b3295322344907bf784afb5ff9c0,4054,"{""lemma"": ""pessimism""}",pessimism,,,
cet4_endict_2016_expanded.json,50143a67069cd69c0ce1221a6f7bb554b992b3295322344907bf784afb5ff9c0,4055,"{""lemma"": ""pessimist""}",pessimist,,,
cet4_endict_2016_expanded.json,50143a67069cd69c0ce1221a6f7bb554b992b3295322344907bf784afb5ff9c0,4056,"{""lemma"": ""pessimistic""}",pessimistic,,,
cet4_endict_2016_expanded.json,50143a67069cd69c0ce1221a6f7bb554b992b3295322344907bf784afb5ff9c0,4057,"{""lemma"": ""pet""}",pet,,,
cet4_endict_2016_expanded.json,50143a67069cd69c0ce1221a6f7bb554b992b3295322344907bf784afb5ff9c0,4058,"{""lemma"": ""petrol""}",petrol,,,
cet4_endict_2016_expanded.json,50143a67069cd69c0ce1221a6f7bb554b992b3295322344907bf784afb5ff9c0,4059,"{""lemma"": ""petroleum""}",petroleum,,,
cet4_endict_2016_expanded.json,50143a67069cd69c0ce1221a6f7bb554b992b3295322344907bf784afb5ff9c0,4060,"{""lemma"": ""petty""}",petty,,,
cet4_endict_2016_expanded.json,50143a67069cd69c0ce1221a6f7bb554b992b3295322344907bf784afb5ff9c0,4061,"{""lemma"": ""phase""}",phase,,,
cet4_endict_2016_expanded.json,50143a67069cd69c0ce1221a6f7bb554b992b3295322344907bf784afb5ff9c0,4062,"{""lemma"": ""phenomenon""}",phenomenon,,,
cet4_endict_2016_expanded.json,50143a67069cd69c0ce1221a6f7bb554b992b3295322344907bf784afb5ff9c0,4063,"{""lemma"": ""philosopher""}",philosopher,,,
cet4_endict_2016_expanded.json,50143a67069cd69c0ce1221a6f7bb554b992b3295322344907bf784afb5ff9c0,4064,"{""lemma"": ""philosophical""}",philosophical,,,
cet4_endict_2016_expanded.json,50143a67069cd69c0ce1221a6f7bb554b992b3295322344907bf784afb5ff9c0,4065,"{""lemma"": ""philosophy""}",philosophy,,,
cet4_endict_2016_expanded.json,50143a67069cd69c0ce1221a6f7bb554b992b3295322344907bf784afb5ff9c0,4066,"{""lemma"": ""phone""}",phone,,,
cet4_endict_2016_expanded.json,50143a67069cd69c0ce1221a6f7bb554b992b3295322344907bf784afb5ff9c0,4067,"{""lemma"": ""photo""}",photo,,,
cet4_endict_2016_expanded.json,50143a67069cd69c0ce1221a6f7bb554b992b3295322344907bf784afb5ff9c0,4068,"{""lemma"": ""photograph""}",photograph,,,
cet4_endict_2016_expanded.json,50143a67069cd69c0ce1221a6f7bb554b992b3295322344907bf784afb5ff9c0,4069,"{""lemma"": ""photographer""}",photographer,,,
cet4_endict_2016_expanded.json,50143a67069cd69c0ce1221a6f7bb554b992b3295322344907bf784afb5ff9c0,4070,"{""lemma"": ""photographic""}",photographic,,,
cet4_endict_2016_expanded.json,50143a67069cd69c0ce1221a6f7bb554b992b3295322344907bf784afb5ff9c0,4071,"{""lemma"": ""photography""}",photography,,,
cet4_endict_2016_expanded.json,50143a67069cd69c0ce1221a6f7bb554b992b3295322344907bf784afb5ff9c0,4072,"{""lemma"": ""phrasal""}",phrasal,,,
cet4_endict_2016_expanded.json,50143a67069cd69c0ce1221a6f7bb554b992b3295322344907bf784afb5ff9c0,4073,"{""lemma"": ""phrase""}",phrase,,,
cet4_endict_2016_expanded.json,50143a67069cd69c0ce1221a6f7bb554b992b3295322344907bf784afb5ff9c0,4074,"{""lemma"": ""physical""}",physical,,,
cet4_endict_2016_expanded.json,50143a67069cd69c0ce1221a6f7bb554b992b3295322344907bf784afb5ff9c0,4075,"{""lemma"": ""physician""}",physician,,,
cet4_endict_2016_expanded.json,50143a67069cd69c0ce1221a6f7bb554b992b3295322344907bf784afb5ff9c0,4076,"{""lemma"": ""physicist""}",physicist,,,
cet4_endict_2016_expanded.json,50143a67069cd69c0ce1221a6f7bb554b992b3295322344907bf784afb5ff9c0,4077,"{""lemma"": ""physics""}",physics,,,
cet4_endict_2016_expanded.json,50143a67069cd69c0ce1221a6f7bb554b992b3295322344907bf784afb5ff9c0,4078,"{""lemma"": ""pianist""}",pianist,,,
cet4_endict_2016_expanded.json,50143a67069cd69c0ce1221a6f7bb554b992b3295322344907bf784afb5ff9c0,4079,"{""lemma"": ""piano""}",piano,,,
cet4_endict_2016_expanded.json,50143a67069cd69c0ce1221a6f7bb554b992b3295322344907bf784afb5ff9c0,4080,"{""lemma"": ""pick""}",pick,,,
cet4_endict_2016_expanded.json,50143a67069cd69c0ce1221a6f7bb554b992b3295322344907bf784afb5ff9c0,4081,"{""lemma"": ""picky""}",picky,,,
cet4_endict_2016_expanded.json,50143a67069cd69c0ce1221a6f7bb554b992b3295322344907bf784afb5ff9c0,4082,"{""lemma"": ""picnic""}",picnic,,,
cet4_endict_2016_expanded.json,50143a67069cd69c0ce1221a6f7bb554b992b3295322344907bf784afb5ff9c0,4083,"{""lemma"": ""picture""}",picture,,,
cet4_endict_2016_expanded.json,50143a67069cd69c0ce1221a6f7bb554b992b3295322344907bf784afb5ff9c0,4084,"{""lemma"": ""picturesque""}",picturesque,,,
cet4_endict_2016_expanded.json,50143a67069cd69c0ce1221a6f7bb554b992b3295322344907bf784afb5ff9c0,4085,"{""lemma"": ""pie""}",pie,,,
cet4_endict_2016_expanded.json,50143a67069cd69c0ce1221a6f7bb554b992b3295322344907bf784afb5ff9c0,4086,"{""lemma"": ""piece""}",piece,,,
cet4_endict_2016_expanded.json,50143a67069cd69c0ce1221a6f7bb554b992b3295322344907bf784afb5ff9c0,4087,"{""lemma"": ""pierce""}",pierce,,,
cet4_endict_2016_expanded.json,50143a67069cd69c0ce1221a6f7bb554b992b3295322344907bf784afb5ff9c0,4088,"{""lemma"": ""pig""}",pig,,,
cet4_endict_2016_expanded.json,50143a67069cd69c0ce1221a6f7bb554b992b3295322344907bf784afb5ff9c0,4089,"{""lemma"": ""pigeon""}",pigeon,,,
cet4_endict_2016_expanded.json,50143a67069cd69c0ce1221a6f7bb554b992b3295322344907bf784afb5ff9c0,4090,"{""lemma"": ""pile""}",pile,,,
cet4_endict_2016_expanded.json,50143a67069cd69c0ce1221a6f7bb554b992b3295322344907bf784afb5ff9c0,4091,"{""lemma"": ""pill""}",pill,,,
cet4_endict_2016_expanded.json,50143a67069cd69c0ce1221a6f7bb554b992b3295322344907bf784afb5ff9c0,4092,"{""lemma"": ""pillar""}",pillar,,,
cet4_endict_2016_expanded.json,50143a67069cd69c0ce1221a6f7bb554b992b3295322344907bf784afb5ff9c0,4093,"{""lemma"": ""pillow""}",pillow,,,
cet4_endict_2016_expanded.json,50143a67069cd69c0ce1221a6f7bb554b992b3295322344907bf784afb5ff9c0,4094,"{""lemma"": ""pilot""}",pilot,,,
cet4_endict_2016_expanded.json,50143a67069cd69c0ce1221a6f7bb554b992b3295322344907bf784afb5ff9c0,4095,"{""lemma"": ""pin""}",pin,,,
cet4_endict_2016_expanded.json,50143a67069cd69c0ce1221a6f7bb554b992b3295322344907bf784afb5ff9c0,4096,"{""lemma"": ""pinch""}",pinch,,,
cet4_endict_2016_expanded.json,50143a67069cd69c0ce1221a6f7bb554b992b3295322344907bf784afb5ff9c0,4097,"{""lemma"": ""pine""}",pine,,,
cet4_endict_2016_expanded.json,50143a67069cd69c0ce1221a6f7bb554b992b3295322344907bf784afb5ff9c0,4098,"{""lemma"": ""pink""}",pink,,,
cet4_endict_2016_expanded.json,50143a67069cd69c0ce1221a6f7bb554b992b3295322344907bf784afb5ff9c0,4099,"{""lemma"": ""pint""}",pint,,,
cet4_endict_2016_expanded.json,50143a67069cd69c0ce1221a6f7bb554b992b3295322344907bf784afb5ff9c0,4100,"{""lemma"": ""pioneer""}",pioneer,,,
cet4_endict_2016_expanded.json,50143a67069cd69c0ce1221a6f7bb554b992b3295322344907bf784afb5ff9c0,4101,"{""lemma"": ""pipe""}",pipe,,,
cet4_endict_2016_expanded.json,50143a67069cd69c0ce1221a6f7bb554b992b3295322344907bf784afb5ff9c0,4102,"{""lemma"": ""piracy""}",piracy,,,
cet4_endict_2016_expanded.json,50143a67069cd69c0ce1221a6f7bb554b992b3295322344907bf784afb5ff9c0,4103,"{""lemma"": ""pirate""}",pirate,,,
cet4_endict_2016_expanded.json,50143a67069cd69c0ce1221a6f7bb554b992b3295322344907bf784afb5ff9c0,4104,"{""lemma"": ""pistol""}",pistol,,,
cet4_endict_2016_expanded.json,50143a67069cd69c0ce1221a6f7bb554b992b3295322344907bf784afb5ff9c0,4105,"{""lemma"": ""pit""}",pit,,,
cet4_endict_2016_expanded.json,50143a67069cd69c0ce1221a6f7bb554b992b3295322344907bf784afb5ff9c0,4106,"{""lemma"": ""pitch""}",pitch,,,
cet4_endict_2016_expanded.json,50143a67069cd69c0ce1221a6f7bb554b992b3295322344907bf784afb5ff9c0,4107,"{""lemma"": ""pity""}",pity,,,
cet4_endict_2016_expanded.json,50143a67069cd69c0ce1221a6f7bb554b992b3295322344907bf784afb5ff9c0,4108,"{""lemma"": ""pizza""}",pizza,,,
cet4_endict_2016_expanded.json,50143a67069cd69c0ce1221a6f7bb554b992b3295322344907bf784afb5ff9c0,4109,"{""lemma"": ""place""}",place,,,
cet4_endict_2016_expanded.json,50143a67069cd69c0ce1221a6f7bb554b992b3295322344907bf784afb5ff9c0,4110,"{""lemma"": ""placement""}",placement,,,
cet4_endict_2016_expanded.json,50143a67069cd69c0ce1221a6f7bb554b992b3295322344907bf784afb5ff9c0,4111,"{""lemma"": ""plague""}",plague,,,
cet4_endict_2016_expanded.json,50143a67069cd69c0ce1221a6f7bb554b992b3295322344907bf784afb5ff9c0,4112,"{""lemma"": ""plain""}",plain,,,
cet4_endict_2016_expanded.json,50143a67069cd69c0ce1221a6f7bb554b992b3295322344907bf784afb5ff9c0,4113,"{""lemma"": ""plan""}",plan,,,
cet4_endict_2016_expanded.json,50143a67069cd69c0ce1221a6f7bb554b992b3295322344907bf784afb5ff9c0,4114,"{""lemma"": ""plane""}",plane,,,
cet4_endict_2016_expanded.json,50143a67069cd69c0ce1221a6f7bb554b992b3295322344907bf784afb5ff9c0,4115,"{""lemma"": ""planet""}",planet,,,
cet4_endict_2016_expanded.json,50143a67069cd69c0ce1221a6f7bb554b992b3295322344907bf784afb5ff9c0,4116,"{""lemma"": ""planetary""}",planetary,,,
cet4_endict_2016_expanded.json,50143a67069cd69c0ce1221a6f7bb554b992b3295322344907bf784afb5ff9c0,4117,"{""lemma"": ""planner""}",planner,,,
cet4_endict_2016_expanded.json,50143a67069cd69c0ce1221a6f7bb554b992b3295322344907bf784afb5ff9c0,4118,"{""lemma"": ""planning""}",planning,,,
cet4_endict_2016_expanded.json,50143a67069cd69c0ce1221a6f7bb554b992b3295322344907bf784afb5ff9c0,4119,"{""lemma"": ""plant""}",plant,,,
cet4_endict_2016_expanded.json,50143a67069cd69c0ce1221a6f7bb554b992b3295322344907bf784afb5ff9c0,4120,"{""lemma"": ""plantation""}",plantation,,,
cet4_endict_2016_expanded.json,50143a67069cd69c0ce1221a6f7bb554b992b3295322344907bf784afb5ff9c0,4121,"{""lemma"": ""plastic""}",plastic,,,
cet4_endict_2016_expanded.json,50143a67069cd69c0ce1221a6f7bb554b992b3295322344907bf784afb5ff9c0,4122,"{""lemma"": ""plate""}",plate,,,
cet4_endict_2016_expanded.json,50143a67069cd69c0ce1221a6f7bb554b992b3295322344907bf784afb5ff9c0,4123,"{""lemma"": ""platform""}",platform,,,
cet4_endict_2016_expanded.json,50143a67069cd69c0ce1221a6f7bb554b992b3295322344907bf784afb5ff9c0,4124,"{""lemma"": ""play""}",play,,,
cet4_endict_2016_expanded.json,50143a67069cd69c0ce1221a6f7bb554b992b3295322344907bf784afb5ff9c0,4125,"{""lemma"": ""player""}",player,,,
cet4_endict_2016_expanded.json,50143a67069cd69c0ce1221a6f7bb554b992b3295322344907bf784afb5ff9c0,4126,"{""lemma"": ""playground""}",playground,,,
cet4_endict_2016_expanded.json,50143a67069cd69c0ce1221a6f7bb554b992b3295322344907bf784afb5ff9c0,4127,"{""lemma"": ""pleasant""}",pleasant,,,
cet4_endict_2016_expanded.json,50143a67069cd69c0ce1221a6f7bb554b992b3295322344907bf784afb5ff9c0,4128,"{""lemma"": ""please""}",please,,,
cet4_endict_2016_expanded.json,50143a67069cd69c0ce1221a6f7bb554b992b3295322344907bf784afb5ff9c0,4129,"{""lemma"": ""pleasing""}",pleasing,,,
cet4_endict_2016_expanded.json,50143a67069cd69c0ce1221a6f7bb554b992b3295322344907bf784afb5ff9c0,4130,"{""lemma"": ""pleasure""}",pleasure,,,
cet4_endict_2016_expanded.json,50143a67069cd69c0ce1221a6f7bb554b992b3295322344907bf784afb5ff9c0,4131,"{""lemma"": ""pledge""}",pledge,,,
cet4_endict_2016_expanded.json,50143a67069cd69c0ce1221a6f7bb554b992b3295322344907bf784afb5ff9c0,4132,"{""lemma"": ""plentiful""}",plentiful,,,
cet4_endict_2016_expanded.json,50143a67069cd69c0ce1221a6f7bb554b992b3295322344907bf784afb5ff9c0,4133,"{""lemma"": ""plenty""}",plenty,,,
cet4_endict_2016_expanded.json,50143a67069cd69c0ce1221a6f7bb554b992b3295322344907bf784afb5ff9c0,4134,"{""lemma"": ""plot""}",plot,,,
cet4_endict_2016_expanded.json,50143a67069cd69c0ce1221a6f7bb554b992b3295322344907bf784afb5ff9c0,4135,"{""lemma"": ""plough""}",plough,,,
cet4_endict_2016_expanded.json,50143a67069cd69c0ce1221a6f7bb554b992b3295322344907bf784afb5ff9c0,4136,"{""lemma"": ""plow""}",plow,,,
cet4_endict_2016_expanded.json,50143a67069cd69c0ce1221a6f7bb554b992b3295322344907bf784afb5ff9c0,4137,"{""lemma"": ""plug""}",plug,,,
cet4_endict_2016_expanded.json,50143a67069cd69c0ce1221a6f7bb554b992b3295322344907bf784afb5ff9c0,4138,"{""lemma"": ""plunge""}",plunge,,,
cet4_endict_2016_expanded.json,50143a67069cd69c0ce1221a6f7bb554b992b3295322344907bf784afb5ff9c0,4139,"{""lemma"": ""plural""}",plural,,,
cet4_endict_2016_expanded.json,50143a67069cd69c0ce1221a6f7bb554b992b3295322344907bf784afb5ff9c0,4140,"{""lemma"": ""plus""}",plus,,,
cet4_endict_2016_expanded.json,50143a67069cd69c0ce1221a6f7bb554b992b3295322344907bf784afb5ff9c0,4141,"{""lemma"": ""pocket""}",pocket,,,
cet4_endict_2016_expanded.json,50143a67069cd69c0ce1221a6f7bb554b992b3295322344907bf784afb5ff9c0,4142,"{""lemma"": ""podcast""}",podcast,,,
cet4_endict_2016_expanded.json,50143a67069cd69c0ce1221a6f7bb554b992b3295322344907bf784afb5ff9c0,4143,"{""lemma"": ""poem""}",poem,,,
cet4_endict_2016_expanded.json,50143a67069cd69c0ce1221a6f7bb554b992b3295322344907bf784afb5ff9c0,4144,"{""lemma"": ""poet""}",poet,,,
cet4_endict_2016_expanded.json,50143a67069cd69c0ce1221a6f7bb554b992b3295322344907bf784afb5ff9c0,4145,"{""lemma"": ""poetic""}",poetic,,,
cet4_endict_2016_expanded.json,50143a67069cd69c0ce1221a6f7bb554b992b3295322344907bf784afb5ff9c0,4146,"{""lemma"": ""poetry""}",poetry,,,
cet4_endict_2016_expanded.json,50143a67069cd69c0ce1221a6f7bb554b992b3295322344907bf784afb5ff9c0,4147,"{""lemma"": ""point""}",point,,,
cet4_endict_2016_expanded.json,50143a67069cd69c0ce1221a6f7bb554b992b3295322344907bf784afb5ff9c0,4148,"{""lemma"": ""pointless""}",pointless,,,
cet4_endict_2016_expanded.json,50143a67069cd69c0ce1221a6f7bb554b992b3295322344907bf784afb5ff9c0,4149,"{""lemma"": ""poison""}",poison,,,
cet4_endict_2016_expanded.json,50143a67069cd69c0ce1221a6f7bb554b992b3295322344907bf784afb5ff9c0,4150,"{""lemma"": ""poisonous""}",poisonous,,,
cet4_endict_2016_expanded.json,50143a67069cd69c0ce1221a6f7bb554b992b3295322344907bf784afb5ff9c0,4151,"{""lemma"": ""polar""}",polar,,,
cet4_endict_2016_expanded.json,50143a67069cd69c0ce1221a6f7bb554b992b3295322344907bf784afb5ff9c0,4152,"{""lemma"": ""pole""}",pole,,,
cet4_endict_2016_expanded.json,50143a67069cd69c0ce1221a6f7bb554b992b3295322344907bf784afb5ff9c0,4153,"{""lemma"": ""police""}",police,,,
cet4_endict_2016_expanded.json,50143a67069cd69c0ce1221a6f7bb554b992b3295322344907bf784afb5ff9c0,4154,"{""lemma"": ""policeman""}",policeman,,,
cet4_endict_2016_expanded.json,50143a67069cd69c0ce1221a6f7bb554b992b3295322344907bf784afb5ff9c0,4155,"{""lemma"": ""policy""}",policy,,,
cet4_endict_2016_expanded.json,50143a67069cd69c0ce1221a6f7bb554b992b3295322344907bf784afb5ff9c0,4156,"{""lemma"": ""polish""}",polish,,,
cet4_endict_2016_expanded.json,50143a67069cd69c0ce1221a6f7bb554b992b3295322344907bf784afb5ff9c0,4157,"{""lemma"": ""polite""}",polite,,,
cet4_endict_2016_expanded.json,50143a67069cd69c0ce1221a6f7bb554b992b3295322344907bf784afb5ff9c0,4158,"{""lemma"": ""political""}",political,,,
cet4_endict_2016_expanded.json,50143a67069cd69c0ce1221a6f7bb554b992b3295322344907bf784afb5ff9c0,4159,"{""lemma"": ""politician""}",politician,,,
cet4_endict_2016_expanded.json,50143a67069cd69c0ce1221a6f7bb554b992b3295322344907bf784afb5ff9c0,4160,"{""lemma"": ""politics""}",politics,,,
cet4_endict_2016_expanded.json,50143a67069cd69c0ce1221a6f7bb554b992b3295322344907bf784afb5ff9c0,4161,"{""lemma"": ""poll""}",poll,,,
cet4_endict_2016_expanded.json,50143a67069cd69c0ce1221a6f7bb554b992b3295322344907bf784afb5ff9c0,4162,"{""lemma"": ""pollster""}",pollster,,,
cet4_endict_2016_expanded.json,50143a67069cd69c0ce1221a6f7bb554b992b3295322344907bf784afb5ff9c0,4163,"{""lemma"": ""pollutant""}",pollutant,,,
cet4_endict_2016_expanded.json,50143a67069cd69c0ce1221a6f7bb554b992b3295322344907bf784afb5ff9c0,4164,"{""lemma"": ""pollute""}",pollute,,,
cet4_endict_2016_expanded.json,50143a67069cd69c0ce1221a6f7bb554b992b3295322344907bf784afb5ff9c0,4165,"{""lemma"": ""pollution""}",pollution,,,
cet4_endict_2016_expanded.json,50143a67069cd69c0ce1221a6f7bb554b992b3295322344907bf784afb5ff9c0,4166,"{""lemma"": ""pond""}",pond,,,
cet4_endict_2016_expanded.json,50143a67069cd69c0ce1221a6f7bb554b992b3295322344907bf784afb5ff9c0,4167,"{""lemma"": ""pool""}",pool,,,
cet4_endict_2016_expanded.json,50143a67069cd69c0ce1221a6f7bb554b992b3295322344907bf784afb5ff9c0,4168,"{""lemma"": ""poor""}",poor,,,
cet4_endict_2016_expanded.json,50143a67069cd69c0ce1221a6f7bb554b992b3295322344907bf784afb5ff9c0,4169,"{""lemma"": ""pop""}",pop,,,
cet4_endict_2016_expanded.json,50143a67069cd69c0ce1221a6f7bb554b992b3295322344907bf784afb5ff9c0,4170,"{""lemma"": ""popular""}",popular,,,
cet4_endict_2016_expanded.json,50143a67069cd69c0ce1221a6f7bb554b992b3295322344907bf784afb5ff9c0,4171,"{""lemma"": ""popularity""}",popularity,,,
cet4_endict_2016_expanded.json,50143a67069cd69c0ce1221a6f7bb554b992b3295322344907bf784afb5ff9c0,4172,"{""lemma"": ""populate""}",populate,,,
cet4_endict_2016_expanded.json,50143a67069cd69c0ce1221a6f7bb554b992b3295322344907bf784afb5ff9c0,4173,"{""lemma"": ""population""}",population,,,
cet4_endict_2016_expanded.json,50143a67069cd69c0ce1221a6f7bb554b992b3295322344907bf784afb5ff9c0,4174,"{""lemma"": ""populous""}",populous,,,
cet4_endict_2016_expanded.json,50143a67069cd69c0ce1221a6f7bb554b992b3295322344907bf784afb5ff9c0,4175,"{""lemma"": ""pork""}",pork,,,
cet4_endict_2016_expanded.json,50143a67069cd69c0ce1221a6f7bb554b992b3295322344907bf784afb5ff9c0,4176,"{""lemma"": ""port""}",port,,,
cet4_endict_2016_expanded.json,50143a67069cd69c0ce1221a6f7bb554b992b3295322344907bf784afb5ff9c0,4177,"{""lemma"": ""portable""}",portable,,,
cet4_endict_2016_expanded.json,50143a67069cd69c0ce1221a6f7bb554b992b3295322344907bf784afb5ff9c0,4178,"{""lemma"": ""porter""}",porter,,,
cet4_endict_2016_expanded.json,50143a67069cd69c0ce1221a6f7bb554b992b3295322344907bf784afb5ff9c0,4179,"{""lemma"": ""portion""}",portion,,,
cet4_endict_2016_expanded.json,50143a67069cd69c0ce1221a6f7bb554b992b3295322344907bf784afb5ff9c0,4180,"{""lemma"": ""pose""}",pose,,,
cet4_endict_2016_expanded.json,50143a67069cd69c0ce1221a6f7bb554b992b3295322344907bf784afb5ff9c0,4181,"{""lemma"": ""position""}",position,,,
cet4_endict_2016_expanded.json,50143a67069cd69c0ce1221a6f7bb554b992b3295322344907bf784afb5ff9c0,4182,"{""lemma"": ""positive""}",positive,,,
cet4_endict_2016_expanded.json,50143a67069cd69c0ce1221a6f7bb554b992b3295322344907bf784afb5ff9c0,4183,"{""lemma"": ""possess""}",possess,,,
cet4_endict_2016_expanded.json,50143a67069cd69c0ce1221a6f7bb554b992b3295322344907bf784afb5ff9c0,4184,"{""lemma"": ""possession""}",possession,,,
cet4_endict_2016_expanded.json,50143a67069cd69c0ce1221a6f7bb554b992b3295322344907bf784afb5ff9c0,4185,"{""lemma"": ""possessive""}",possessive,,,
cet4_endict_2016_expanded.json,50143a67069cd69c0ce1221a6f7bb554b992b3295322344907bf784afb5ff9c0,4186,"{""lemma"": ""possibility""}",possibility,,,
cet4_endict_2016_expanded.json,50143a67069cd69c0ce1221a6f7bb554b992b3295322344907bf784afb5ff9c0,4187,"{""lemma"": ""possible""}",possible,,,
cet4_endict_2016_expanded.json,50143a67069cd69c0ce1221a6f7bb554b992b3295322344907bf784afb5ff9c0,4188,"{""lemma"": ""possibly""}",possibly,,,
cet4_endict_2016_expanded.json,50143a67069cd69c0ce1221a6f7bb554b992b3295322344907bf784afb5ff9c0,4189,"{""lemma"": ""post""}",post,,,
cet4_endict_2016_expanded.json,50143a67069cd69c0ce1221a6f7bb554b992b3295322344907bf784afb5ff9c0,4190,"{""lemma"": ""postage""}",postage,,,
cet4_endict_2016_expanded.json,50143a67069cd69c0ce1221a6f7bb554b992b3295322344907bf784afb5ff9c0,4191,"{""lemma"": ""postcard""}",postcard,,,
cet4_endict_2016_expanded.json,50143a67069cd69c0ce1221a6f7bb554b992b3295322344907bf784afb5ff9c0,4192,"{""lemma"": ""poster""}",poster,,,
cet4_endict_2016_expanded.json,50143a67069cd69c0ce1221a6f7bb554b992b3295322344907bf784afb5ff9c0,4193,"{""lemma"": ""postman""}",postman,,,
cet4_endict_2016_expanded.json,50143a67069cd69c0ce1221a6f7bb554b992b3295322344907bf784afb5ff9c0,4194,"{""lemma"": ""postpone""}",postpone,,,
cet4_endict_2016_expanded.json,50143a67069cd69c0ce1221a6f7bb554b992b3295322344907bf784afb5ff9c0,4195,"{""lemma"": ""postponement""}",postponement,,,
cet4_endict_2016_expanded.json,50143a67069cd69c0ce1221a6f7bb554b992b3295322344907bf784afb5ff9c0,4196,"{""lemma"": ""posture""}",posture,,,
cet4_endict_2016_expanded.json,50143a67069cd69c0ce1221a6f7bb554b992b3295322344907bf784afb5ff9c0,4197,"{""lemma"": ""pot""}",pot,,,
cet4_endict_2016_expanded.json,50143a67069cd69c0ce1221a6f7bb554b992b3295322344907bf784afb5ff9c0,4198,"{""lemma"": ""potato""}",potato,,,
cet4_endict_2016_expanded.json,50143a67069cd69c0ce1221a6f7bb554b992b3295322344907bf784afb5ff9c0,4199,"{""lemma"": ""potential""}",potential,,,
cet4_endict_2016_expanded.json,50143a67069cd69c0ce1221a6f7bb554b992b3295322344907bf784afb5ff9c0,4200,"{""lemma"": ""potentiality""}",potentiality,,,
cet4_endict_2016_expanded.json,50143a67069cd69c0ce1221a6f7bb554b992b3295322344907bf784afb5ff9c0,4201,"{""lemma"": ""pound""}",pound,,,
cet4_endict_2016_expanded.json,50143a67069cd69c0ce1221a6f7bb554b992b3295322344907bf784afb5ff9c0,4202,"{""lemma"": ""pour""}",pour,,,
cet4_endict_2016_expanded.json,50143a67069cd69c0ce1221a6f7bb554b992b3295322344907bf784afb5ff9c0,4203,"{""lemma"": ""poverty""}",poverty,,,
cet4_endict_2016_expanded.json,50143a67069cd69c0ce1221a6f7bb554b992b3295322344907bf784afb5ff9c0,4204,"{""lemma"": ""powder""}",powder,,,
cet4_endict_2016_expanded.json,50143a67069cd69c0ce1221a6f7bb554b992b3295322344907bf784afb5ff9c0,4205,"{""lemma"": ""power""}",power,,,
cet4_endict_2016_expanded.json,50143a67069cd69c0ce1221a6f7bb554b992b3295322344907bf784afb5ff9c0,4206,"{""lemma"": ""powerful""}",powerful,,,
cet4_endict_2016_expanded.json,50143a67069cd69c0ce1221a6f7bb554b992b3295322344907bf784afb5ff9c0,4207,"{""lemma"": ""practicable""}",practicable,,,
cet4_endict_2016_expanded.json,50143a67069cd69c0ce1221a6f7bb554b992b3295322344907bf784afb5ff9c0,4208,"{""lemma"": ""practical""}",practical,,,
cet4_endict_2016_expanded.json,50143a67069cd69c0ce1221a6f7bb554b992b3295322344907bf784afb5ff9c0,4209,"{""lemma"": ""practicality""}",practicality,,,
cet4_endict_2016_expanded.json,50143a67069cd69c0ce1221a6f7bb554b992b3295322344907bf784afb5ff9c0,4210,"{""lemma"": ""practice""}",practice,,,
cet4_endict_2016_expanded.json,50143a67069cd69c0ce1221a6f7bb554b992b3295322344907bf784afb5ff9c0,4211,"{""lemma"": ""praise""}",praise,,,
cet4_endict_2016_expanded.json,50143a67069cd69c0ce1221a6f7bb554b992b3295322344907bf784afb5ff9c0,4212,"{""lemma"": ""pray""}",pray,,,
cet4_endict_2016_expanded.json,50143a67069cd69c0ce1221a6f7bb554b992b3295322344907bf784afb5ff9c0,4213,"{""lemma"": ""prayer""}",prayer,,,
cet4_endict_2016_expanded.json,50143a67069cd69c0ce1221a6f7bb554b992b3295322344907bf784afb5ff9c0,4214,"{""lemma"": ""preach""}",preach,,,
cet4_endict_2016_expanded.json,50143a67069cd69c0ce1221a6f7bb554b992b3295322344907bf784afb5ff9c0,4215,"{""lemma"": ""preacher""}",preacher,,,
cet4_endict_2016_expanded.json,50143a67069cd69c0ce1221a6f7bb554b992b3295322344907bf784afb5ff9c0,4216,"{""lemma"": ""precaution""}",precaution,,,
cet4_endict_2016_expanded.json,50143a67069cd69c0ce1221a6f7bb554b992b3295322344907bf784afb5ff9c0,4217,"{""lemma"": ""precautionary""}",precautionary,,,
cet4_endict_2016_expanded.json,50143a67069cd69c0ce1221a6f7bb554b992b3295322344907bf784afb5ff9c0,4218,"{""lemma"": ""precious""}",precious,,,
cet4_endict_2016_expanded.json,50143a67069cd69c0ce1221a6f7bb554b992b3295322344907bf784afb5ff9c0,4219,"{""lemma"": ""precise""}",precise,,,
cet4_endict_2016_expanded.json,50143a67069cd69c0ce1221a6f7bb554b992b3295322344907bf784afb5ff9c0,4220,"{""lemma"": ""precisely""}",precisely,,,
cet4_endict_2016_expanded.json,50143a67069cd69c0ce1221a6f7bb554b992b3295322344907bf784afb5ff9c0,4221,"{""lemma"": ""precision""}",precision,,,
cet4_endict_2016_expanded.json,50143a67069cd69c0ce1221a6f7bb554b992b3295322344907bf784afb5ff9c0,4222,"{""lemma"": ""predict""}",predict,,,
cet4_endict_2016_expanded.json,50143a67069cd69c0ce1221a6f7bb554b992b3295322344907bf784afb5ff9c0,4223,"{""lemma"": ""predictable""}",predictable,,,
cet4_endict_2016_expanded.json,50143a67069cd69c0ce1221a6f7bb554b992b3295322344907bf784afb5ff9c0,4224,"{""lemma"": ""prediction""}",prediction,,,
cet4_endict_2016_expanded.json,50143a67069cd69c0ce1221a6f7bb554b992b3295322344907bf784afb5ff9c0,4225,"{""lemma"": ""preface""}",preface,,,
cet4_endict_2016_expanded.json,50143a67069cd69c0ce1221a6f7bb554b992b3295322344907bf784afb5ff9c0,4226,"{""lemma"": ""prefer""}",prefer,,,
cet4_endict_2016_expanded.json,50143a67069cd69c0ce1221a6f7bb554b992b3295322344907bf784afb5ff9c0,4227,"{""lemma"": ""preferable""}",preferable,,,
cet4_endict_2016_expanded.json,50143a67069cd69c0ce1221a6f7bb554b992b3295322344907bf784afb5ff9c0,4228,"{""lemma"": ""preference""}",preference,,,
cet4_endict_2016_expanded.json,50143a67069cd69c0ce1221a6f7bb554b992b3295322344907bf784afb5ff9c0,4229,"{""lemma"": ""preferential""}",preferential,,,
cet4_endict_2016_expanded.json,50143a67069cd69c0ce1221a6f7bb554b992b3295322344907bf784afb5ff9c0,4230,"{""lemma"": ""pregnancy""}",pregnancy,,,
cet4_endict_2016_expanded.json,50143a67069cd69c0ce1221a6f7bb554b992b3295322344907bf784afb5ff9c0,4231,"{""lemma"": ""pregnant""}",pregnant,,,
cet4_endict_2016_expanded.json,50143a67069cd69c0ce1221a6f7bb554b992b3295322344907bf784afb5ff9c0,4232,"{""lemma"": ""prejudice""}",prejudice,,,
cet4_endict_2016_expanded.json,50143a67069cd69c0ce1221a6f7bb554b992b3295322344907bf784afb5ff9c0,4233,"{""lemma"": ""preliminary""}",preliminary,,,
cet4_endict_2016_expanded.json,50143a67069cd69c0ce1221a6f7bb554b992b3295322344907bf784afb5ff9c0,4234,"{""lemma"": ""premier""}",premier,,,
cet4_endict_2016_expanded.json,50143a67069cd69c0ce1221a6f7bb554b992b3295322344907bf784afb5ff9c0,4235,"{""lemma"": ""preparation""}",preparation,,,
cet4_endict_2016_expanded.json,50143a67069cd69c0ce1221a6f7bb554b992b3295322344907bf784afb5ff9c0,4236,"{""lemma"": ""preparatory""}",preparatory,,,
cet4_endict_2016_expanded.json,50143a67069cd69c0ce1221a6f7bb554b992b3295322344907bf784afb5ff9c0,4237,"{""lemma"": ""prepare""}",prepare,,,
cet4_endict_2016_expanded.json,50143a67069cd69c0ce1221a6f7bb554b992b3295322344907bf784afb5ff9c0,4238,"{""lemma"": ""preposition""}",preposition,,,
cet4_endict_2016_expanded.json,50143a67069cd69c0ce1221a6f7bb554b992b3295322344907bf784afb5ff9c0,4239,"{""lemma"": ""prescribe""}",prescribe,,,
cet4_endict_2016_expanded.json,50143a67069cd69c0ce1221a6f7bb554b992b3295322344907bf784afb5ff9c0,4240,"{""lemma"": ""prescription""}",prescription,,,
cet4_endict_2016_expanded.json,50143a67069cd69c0ce1221a6f7bb554b992b3295322344907bf784afb5ff9c0,4241,"{""lemma"": ""presence""}",presence,,,
cet4_endict_2016_expanded.json,50143a67069cd69c0ce1221a6f7bb554b992b3295322344907bf784afb5ff9c0,4242,"{""lemma"": ""present""}",present,,,
cet4_endict_2016_expanded.json,50143a67069cd69c0ce1221a6f7bb554b992b3295322344907bf784afb5ff9c0,4243,"{""lemma"": ""presentation""}",presentation,,,
cet4_endict_2016_expanded.json,50143a67069cd69c0ce1221a6f7bb554b992b3295322344907bf784afb5ff9c0,4244,"{""lemma"": ""presently""}",presently,,,
cet4_endict_2016_expanded.json,50143a67069cd69c0ce1221a6f7bb554b992b3295322344907bf784afb5ff9c0,4245,"{""lemma"": ""preservation""}",preservation,,,
cet4_endict_2016_expanded.json,50143a67069cd69c0ce1221a6f7bb554b992b3295322344907bf784afb5ff9c0,4246,"{""lemma"": ""preservative""}",preservative,,,
cet4_endict_2016_expanded.json,50143a67069cd69c0ce1221a6f7bb554b992b3295322344907bf784afb5ff9c0,4247,"{""lemma"": ""preserve""}",preserve,,,
cet4_endict_2016_expanded.json,50143a67069cd69c0ce1221a6f7bb554b992b3295322344907bf784afb5ff9c0,4248,"{""lemma"": ""presidency""}",presidency,,,
cet4_endict_2016_expanded.json,50143a67069cd69c0ce1221a6f7bb554b992b3295322344907bf784afb5ff9c0,4249,"{""lemma"": ""president""}",president,,,
cet4_endict_2016_expanded.json,50143a67069cd69c0ce1221a6f7bb554b992b3295322344907bf784afb5ff9c0,4250,"{""lemma"": ""presidential""}",presidential,,,
cet4_endict_2016_expanded.json,50143a67069cd69c0ce1221a6f7bb554b992b3295322344907bf784afb5ff9c0,4251,"{""lemma"": ""press""}",press,,,
cet4_endict_2016_expanded.json,50143a67069cd69c0ce1221a6f7bb554b992b3295322344907bf784afb5ff9c0,4252,"{""lemma"": ""pressing""}",pressing,,,
cet4_endict_2016_expanded.json,50143a67069cd69c0ce1221a6f7bb554b992b3295322344907bf784afb5ff9c0,4253,"{""lemma"": ""pressure""}",pressure,,,
cet4_endict_2016_expanded.json,50143a67069cd69c0ce1221a6f7bb554b992b3295322344907bf784afb5ff9c0,4254,"{""lemma"": ""pretence""}",pretence,,,
cet4_endict_2016_expanded.json,50143a67069cd69c0ce1221a6f7bb554b992b3295322344907bf784afb5ff9c0,4255,"{""lemma"": ""pretend""}",pretend,,,
cet4_endict_2016_expanded.json,50143a67069cd69c0ce1221a6f7bb554b992b3295322344907bf784afb5ff9c0,4256,"{""lemma"": ""pretty""}",pretty,,,
cet4_endict_2016_expanded.json,50143a67069cd69c0ce1221a6f7bb554b992b3295322344907bf784afb5ff9c0,4257,"{""lemma"": ""prevail""}",prevail,,,
cet4_endict_2016_expanded.json,50143a67069cd69c0ce1221a6f7bb554b992b3295322344907bf784afb5ff9c0,4258,"{""lemma"": ""prevalence""}",prevalence,,,
cet4_endict_2016_expanded.json,50143a67069cd69c0ce1221a6f7bb554b992b3295322344907bf784afb5ff9c0,4259,"{""lemma"": ""prevalent""}",prevalent,,,
cet4_endict_2016_expanded.json,50143a67069cd69c0ce1221a6f7bb554b992b3295322344907bf784afb5ff9c0,4260,"{""lemma"": ""prevent""}",prevent,,,
cet4_endict_2016_expanded.json,50143a67069cd69c0ce1221a6f7bb554b992b3295322344907bf784afb5ff9c0,4261,"{""lemma"": ""prevention""}",prevention,,,
cet4_endict_2016_expanded.json,50143a67069cd69c0ce1221a6f7bb554b992b3295322344907bf784afb5ff9c0,4262,"{""lemma"": ""preventive""}",preventive,,,
cet4_endict_2016_expanded.json,50143a67069cd69c0ce1221a6f7bb554b992b3295322344907bf784afb5ff9c0,4263,"{""lemma"": ""preview""}",preview,,,
cet4_endict_2016_expanded.json,50143a67069cd69c0ce1221a6f7bb554b992b3295322344907bf784afb5ff9c0,4264,"{""lemma"": ""previous""}",previous,,,
cet4_endict_2016_expanded.json,50143a67069cd69c0ce1221a6f7bb554b992b3295322344907bf784afb5ff9c0,4265,"{""lemma"": ""price""}",price,,,
cet4_endict_2016_expanded.json,50143a67069cd69c0ce1221a6f7bb554b992b3295322344907bf784afb5ff9c0,4266,"{""lemma"": ""priceless""}",priceless,,,
cet4_endict_2016_expanded.json,50143a67069cd69c0ce1221a6f7bb554b992b3295322344907bf784afb5ff9c0,4267,"{""lemma"": ""pride""}",pride,,,
cet4_endict_2016_expanded.json,50143a67069cd69c0ce1221a6f7bb554b992b3295322344907bf784afb5ff9c0,4268,"{""lemma"": ""priest""}",priest,,,
cet4_endict_2016_expanded.json,50143a67069cd69c0ce1221a6f7bb554b992b3295322344907bf784afb5ff9c0,4269,"{""lemma"": ""primarily""}",primarily,,,
cet4_endict_2016_expanded.json,50143a67069cd69c0ce1221a6f7bb554b992b3295322344907bf784afb5ff9c0,4270,"{""lemma"": ""primary""}",primary,,,
cet4_endict_2016_expanded.json,50143a67069cd69c0ce1221a6f7bb554b992b3295322344907bf784afb5ff9c0,4271,"{""lemma"": ""prime""}",prime,,,
cet4_endict_2016_expanded.json,50143a67069cd69c0ce1221a6f7bb554b992b3295322344907bf784afb5ff9c0,4272,"{""lemma"": ""primitive""}",primitive,,,
cet4_endict_2016_expanded.json,50143a67069cd69c0ce1221a6f7bb554b992b3295322344907bf784afb5ff9c0,4273,"{""lemma"": ""prince""}",prince,,,
cet4_endict_2016_expanded.json,50143a67069cd69c0ce1221a6f7bb554b992b3295322344907bf784afb5ff9c0,4274,"{""lemma"": ""princess""}",princess,,,
cet4_endict_2016_expanded.json,50143a67069cd69c0ce1221a6f7bb554b992b3295322344907bf784afb5ff9c0,4275,"{""lemma"": ""principal""}",principal,,,
cet4_endict_2016_expanded.json,50143a67069cd69c0ce1221a6f7bb554b992b3295322344907bf784afb5ff9c0,4276,"{""lemma"": ""principle""}",principle,,,
cet4_endict_2016_expanded.json,50143a67069cd69c0ce1221a6f7bb554b992b3295322344907bf784afb5ff9c0,4277,"{""lemma"": ""print""}",print,,,
cet4_endict_2016_expanded.json,50143a67069cd69c0ce1221a6f7bb554b992b3295322344907bf784afb5ff9c0,4278,"{""lemma"": ""printer""}",printer,,,
cet4_endict_2016_expanded.json,50143a67069cd69c0ce1221a6f7bb554b992b3295322344907bf784afb5ff9c0,4279,"{""lemma"": ""printing""}",printing,,,
cet4_endict_2016_expanded.json,50143a67069cd69c0ce1221a6f7bb554b992b3295322344907bf784afb5ff9c0,4280,"{""lemma"": ""prior""}",prior,,,
cet4_endict_2016_expanded.json,50143a67069cd69c0ce1221a6f7bb554b992b3295322344907bf784afb5ff9c0,4281,"{""lemma"": ""priority""}",priority,,,
cet4_endict_2016_expanded.json,50143a67069cd69c0ce1221a6f7bb554b992b3295322344907bf784afb5ff9c0,4282,"{""lemma"": ""prison""}",prison,,,
cet4_endict_2016_expanded.json,50143a67069cd69c0ce1221a6f7bb554b992b3295322344907bf784afb5ff9c0,4283,"{""lemma"": ""prisoner""}",prisoner,,,
cet4_endict_2016_expanded.json,50143a67069cd69c0ce1221a6f7bb554b992b3295322344907bf784afb5ff9c0,4284,"{""lemma"": ""privacy""}",privacy,,,
cet4_endict_2016_expanded.json,50143a67069cd69c0ce1221a6f7bb554b992b3295322344907bf784afb5ff9c0,4285,"{""lemma"": ""private""}",private,,,
cet4_endict_2016_expanded.json,50143a67069cd69c0ce1221a6f7bb554b992b3295322344907bf784afb5ff9c0,4286,"{""lemma"": ""privatization""}",privatization,,,
cet4_endict_2016_expanded.json,50143a67069cd69c0ce1221a6f7bb554b992b3295322344907bf784afb5ff9c0,4287,"{""lemma"": ""privatize""}",privatize,,,
cet4_endict_2016_expanded.json,50143a67069cd69c0ce1221a6f7bb554b992b3295322344907bf784afb5ff9c0,4288,"{""lemma"": ""privilege""}",privilege,,,
cet4_endict_2016_expanded.json,50143a67069cd69c0ce1221a6f7bb554b992b3295322344907bf784afb5ff9c0,4289,"{""lemma"": ""privileged""}",privileged,,,
cet4_endict_2016_expanded.json,50143a67069cd69c0ce1221a6f7bb554b992b3295322344907bf784afb5ff9c0,4290,"{""lemma"": ""prize""}",prize,,,
cet4_endict_2016_expanded.json,50143a67069cd69c0ce1221a6f7bb554b992b3295322344907bf784afb5ff9c0,4291,"{""lemma"": ""probability""}",probability,,,
cet4_endict_2016_expanded.json,50143a67069cd69c0ce1221a6f7bb554b992b3295322344907bf784afb5ff9c0,4292,"{""lemma"": ""probable""}",probable,,,
cet4_endict_2016_expanded.json,50143a67069cd69c0ce1221a6f7bb554b992b3295322344907bf784afb5ff9c0,4293,"{""lemma"": ""probably""}",probably,,,
cet4_endict_2016_expanded.json,50143a67069cd69c0ce1221a6f7bb554b992b3295322344907bf784afb5ff9c0,4294,"{""lemma"": ""problem""}",problem,,,
cet4_endict_2016_expanded.json,50143a67069cd69c0ce1221a6f7bb554b992b3295322344907bf784afb5ff9c0,4295,"{""lemma"": ""problematic""}",problematic,,,
cet4_endict_2016_expanded.json,50143a67069cd69c0ce1221a6f7bb554b992b3295322344907bf784afb5ff9c0,4296,"{""lemma"": ""procedure""}",procedure,,,
cet4_endict_2016_expanded.json,50143a67069cd69c0ce1221a6f7bb554b992b3295322344907bf784afb5ff9c0,4297,"{""lemma"": ""proceed""}",proceed,,,
cet4_endict_2016_expanded.json,50143a67069cd69c0ce1221a6f7bb554b992b3295322344907bf784afb5ff9c0,4298,"{""lemma"": ""process""}",process,,,
cet4_endict_2016_expanded.json,50143a67069cd69c0ce1221a6f7bb554b992b3295322344907bf784afb5ff9c0,4299,"{""lemma"": ""procession""}",procession,,,
cet4_endict_2016_expanded.json,50143a67069cd69c0ce1221a6f7bb554b992b3295322344907bf784afb5ff9c0,4300,"{""lemma"": ""processor""}",processor,,,
cet4_endict_2016_expanded.json,50143a67069cd69c0ce1221a6f7bb554b992b3295322344907bf784afb5ff9c0,4301,"{""lemma"": ""proclaim""}",proclaim,,,
cet4_endict_2016_expanded.json,50143a67069cd69c0ce1221a6f7bb554b992b3295322344907bf784afb5ff9c0,4302,"{""lemma"": ""proclamation""}",proclamation,,,
cet4_endict_2016_expanded.json,50143a67069cd69c0ce1221a6f7bb554b992b3295322344907bf784afb5ff9c0,4303,"{""lemma"": ""produce""}",produce,,,
cet4_endict_2016_expanded.json,50143a67069cd69c0ce1221a6f7bb554b992b3295322344907bf784afb5ff9c0,4304,"{""lemma"": ""product""}",product,,,
cet4_endict_2016_expanded.json,50143a67069cd69c0ce1221a6f7bb554b992b3295322344907bf784afb5ff9c0,4305,"{""lemma"": ""production""}",production,,,
cet4_endict_2016_expanded.json,50143a67069cd69c0ce1221a6f7bb554b992b3295322344907bf784afb5ff9c0,4306,"{""lemma"": ""productive""}",productive,,,
cet4_endict_2016_expanded.json,50143a67069cd69c0ce1221a6f7bb554b992b3295322344907bf784afb5ff9c0,4307,"{""lemma"": ""productivity""}",productivity,,,
cet4_endict_2016_expanded.json,50143a67069cd69c0ce1221a6f7bb554b992b3295322344907bf784afb5ff9c0,4308,"{""lemma"": ""profession""}",profession,,,
cet4_endict_2016_expanded.json,50143a67069cd69c0ce1221a6f7bb554b992b3295322344907bf784afb5ff9c0,4309,"{""lemma"": ""professional""}",professional,,,
cet4_endict_2016_expanded.json,50143a67069cd69c0ce1221a6f7bb554b992b3295322344907bf784afb5ff9c0,4310,"{""lemma"": ""professor""}",professor,,,
cet4_endict_2016_expanded.json,50143a67069cd69c0ce1221a6f7bb554b992b3295322344907bf784afb5ff9c0,4311,"{""lemma"": ""proficiency""}",proficiency,,,
cet4_endict_2016_expanded.json,50143a67069cd69c0ce1221a6f7bb554b992b3295322344907bf784afb5ff9c0,4312,"{""lemma"": ""proficient""}",proficient,,,
cet4_endict_2016_expanded.json,50143a67069cd69c0ce1221a6f7bb554b992b3295322344907bf784afb5ff9c0,4313,"{""lemma"": ""profit""}",profit,,,
cet4_endict_2016_expanded.json,50143a67069cd69c0ce1221a6f7bb554b992b3295322344907bf784afb5ff9c0,4314,"{""lemma"": ""profitable""}",profitable,,,
cet4_endict_2016_expanded.json,50143a67069cd69c0ce1221a6f7bb554b992b3295322344907bf784afb5ff9c0,4315,"{""lemma"": ""profound""}",profound,,,
cet4_endict_2016_expanded.json,50143a67069cd69c0ce1221a6f7bb554b992b3295322344907bf784afb5ff9c0,4316,"{""lemma"": ""program""}",program,,,
cet4_endict_2016_expanded.json,50143a67069cd69c0ce1221a6f7bb554b992b3295322344907bf784afb5ff9c0,4317,"{""lemma"": ""progress""}",progress,,,
cet4_endict_2016_expanded.json,50143a67069cd69c0ce1221a6f7bb554b992b3295322344907bf784afb5ff9c0,4318,"{""lemma"": ""progression""}",progression,,,
cet4_endict_2016_expanded.json,50143a67069cd69c0ce1221a6f7bb554b992b3295322344907bf784afb5ff9c0,4319,"{""lemma"": ""progressive""}",progressive,,,
cet4_endict_2016_expanded.json,50143a67069cd69c0ce1221a6f7bb554b992b3295322344907bf784afb5ff9c0,4320,"{""lemma"": ""prohibit""}",prohibit,,,
cet4_endict_2016_expanded.json,50143a67069cd69c0ce1221a6f7bb554b992b3295322344907bf784afb5ff9c0,4321,"{""lemma"": ""prohibition""}",prohibition,,,
cet4_endict_2016_expanded.json,50143a67069cd69c0ce1221a6f7bb554b992b3295322344907bf784afb5ff9c0,4322,"{""lemma"": ""prohibitive""}",prohibitive,,,
cet4_endict_2016_expanded.json,50143a67069cd69c0ce1221a6f7bb554b992b3295322344907bf784afb5ff9c0,4323,"{""lemma"": ""project""}",project,,,
cet4_endict_2016_expanded.json,50143a67069cd69c0ce1221a6f7bb554b992b3295322344907bf784afb5ff9c0,4324,"{""lemma"": ""projection""}",projection,,,
cet4_endict_2016_expanded.json,50143a67069cd69c0ce1221a6f7bb554b992b3295322344907bf784afb5ff9c0,4325,"{""lemma"": ""projector""}",projector,,,
cet4_endict_2016_expanded.json,50143a67069cd69c0ce1221a6f7bb554b992b3295322344907bf784afb5ff9c0,4326,"{""lemma"": ""prominence""}",prominence,,,
cet4_endict_2016_expanded.json,50143a67069cd69c0ce1221a6f7bb554b992b3295322344907bf784afb5ff9c0,4327,"{""lemma"": ""prominent""}",prominent,,,
cet4_endict_2016_expanded.json,50143a67069cd69c0ce1221a6f7bb554b992b3295322344907bf784afb5ff9c0,4328,"{""lemma"": ""promise""}",promise,,,
cet4_endict_2016_expanded.json,50143a67069cd69c0ce1221a6f7bb554b992b3295322344907bf784afb5ff9c0,4329,"{""lemma"": ""promising""}",promising,,,
cet4_endict_2016_expanded.json,50143a67069cd69c0ce1221a6f7bb554b992b3295322344907bf784afb5ff9c0,4330,"{""lemma"": ""promote""}",promote,,,
cet4_endict_2016_expanded.json,50143a67069cd69c0ce1221a6f7bb554b992b3295322344907bf784afb5ff9c0,4331,"{""lemma"": ""promotion""}",promotion,,,
cet4_endict_2016_expanded.json,50143a67069cd69c0ce1221a6f7bb554b992b3295322344907bf784afb5ff9c0,4332,"{""lemma"": ""prompt""}",prompt,,,
cet4_endict_2016_expanded.json,50143a67069cd69c0ce1221a6f7bb554b992b3295322344907bf784afb5ff9c0,4333,"{""lemma"": ""pronoun""}",pronoun,,,
cet4_endict_2016_expanded.json,50143a67069cd69c0ce1221a6f7bb554b992b3295322344907bf784afb5ff9c0,4334,"{""lemma"": ""pronounce""}",pronounce,,,
cet4_endict_2016_expanded.json,50143a67069cd69c0ce1221a6f7bb554b992b3295322344907bf784afb5ff9c0,4335,"{""lemma"": ""pronunciation""}",pronunciation,,,
cet4_endict_2016_expanded.json,50143a67069cd69c0ce1221a6f7bb554b992b3295322344907bf784afb5ff9c0,4336,"{""lemma"": ""proof""}",proof,,,
cet4_endict_2016_expanded.json,50143a67069cd69c0ce1221a6f7bb554b992b3295322344907bf784afb5ff9c0,4337,"{""lemma"": ""proper""}",proper,,,
cet4_endict_2016_expanded.json,50143a67069cd69c0ce1221a6f7bb554b992b3295322344907bf784afb5ff9c0,4338,"{""lemma"": ""property""}",property,,,
cet4_endict_2016_expanded.json,50143a67069cd69c0ce1221a6f7bb554b992b3295322344907bf784afb5ff9c0,4339,"{""lemma"": ""proportion""}",proportion,,,
cet4_endict_2016_expanded.json,50143a67069cd69c0ce1221a6f7bb554b992b3295322344907bf784afb5ff9c0,4340,"{""lemma"": ""proportional""}",proportional,,,
cet4_endict_2016_expanded.json,50143a67069cd69c0ce1221a6f7bb554b992b3295322344907bf784afb5ff9c0,4341,"{""lemma"": ""proposal""}",proposal,,,
cet4_endict_2016_expanded.json,50143a67069cd69c0ce1221a6f7bb554b992b3295322344907bf784afb5ff9c0,4342,"{""lemma"": ""propose""}",propose,,,
cet4_endict_2016_expanded.json,50143a67069cd69c0ce1221a6f7bb554b992b3295322344907bf784afb5ff9c0,4343,"{""lemma"": ""proposition""}",proposition,,,
cet4_endict_2016_expanded.json,50143a67069cd69c0ce1221a6f7bb554b992b3295322344907bf784afb5ff9c0,4344,"{""lemma"": ""prose""}",prose,,,
cet4_endict_2016_expanded.json,50143a67069cd69c0ce1221a6f7bb554b992b3295322344907bf784afb5ff9c0,4345,"{""lemma"": ""prospect""}",prospect,,,
cet4_endict_2016_expanded.json,50143a67069cd69c0ce1221a6f7bb554b992b3295322344907bf784afb5ff9c0,4346,"{""lemma"": ""prospective""}",prospective,,,
cet4_endict_2016_expanded.json,50143a67069cd69c0ce1221a6f7bb554b992b3295322344907bf784afb5ff9c0,4347,"{""lemma"": ""protect""}",protect,,,
cet4_endict_2016_expanded.json,50143a67069cd69c0ce1221a6f7bb554b992b3295322344907bf784afb5ff9c0,4348,"{""lemma"": ""protection""}",protection,,,
cet4_endict_2016_expanded.json,50143a67069cd69c0ce1221a6f7bb554b992b3295322344907bf784afb5ff9c0,4349,"{""lemma"": ""protective""}",protective,,,
cet4_endict_2016_expanded.json,50143a67069cd69c0ce1221a6f7bb554b992b3295322344907bf784afb5ff9c0,4350,"{""lemma"": ""protein""}",protein,,,
cet4_endict_2016_expanded.json,50143a67069cd69c0ce1221a6f7bb554b992b3295322344907bf784afb5ff9c0,4351,"{""lemma"": ""protest""}",protest,,,
cet4_endict_2016_expanded.json,50143a67069cd69c0ce1221a6f7bb554b992b3295322344907bf784afb5ff9c0,4352,"{""lemma"": ""proud""}",proud,,,
cet4_endict_2016_expanded.json,50143a67069cd69c0ce1221a6f7bb554b992b3295322344907bf784afb5ff9c0,4353,"{""lemma"": ""prove""}",prove,,,
cet4_endict_2016_expanded.json,50143a67069cd69c0ce1221a6f7bb554b992b3295322344907bf784afb5ff9c0,4354,"{""lemma"": ""proverb""}",proverb,,,
cet4_endict_2016_expanded.json,50143a67069cd69c0ce1221a6f7bb554b992b3295322344907bf784afb5ff9c0,4355,"{""lemma"": ""proverbial""}",proverbial,,,
cet4_endict_2016_expanded.json,50143a67069cd69c0ce1221a6f7bb554b992b3295322344907bf784afb5ff9c0,4356,"{""lemma"": ""provide""}",provide,,,
cet4_endict_2016_expanded.json,50143a67069cd69c0ce1221a6f7bb554b992b3295322344907bf784afb5ff9c0,4357,"{""lemma"": ""provided""}",provided,,,
cet4_endict_2016_expanded.json,50143a67069cd69c0ce1221a6f7bb554b992b3295322344907bf784afb5ff9c0,4358,"{""lemma"": ""province""}",province,,,
cet4_endict_2016_expanded.json,50143a67069cd69c0ce1221a6f7bb554b992b3295322344907bf784afb5ff9c0,4359,"{""lemma"": ""provincial""}",provincial,,,
cet4_endict_2016_expanded.json,50143a67069cd69c0ce1221a6f7bb554b992b3295322344907bf784afb5ff9c0,4360,"{""lemma"": ""provision""}",provision,,,
cet4_endict_2016_expanded.json,50143a67069cd69c0ce1221a6f7bb554b992b3295322344907bf784afb5ff9c0,4361,"{""lemma"": ""provocation""}",provocation,,,
cet4_endict_2016_expanded.json,50143a67069cd69c0ce1221a6f7bb554b992b3295322344907bf784afb5ff9c0,4362,"{""lemma"": ""provocative""}",provocative,,,
cet4_endict_2016_expanded.json,50143a67069cd69c0ce1221a6f7bb554b992b3295322344907bf784afb5ff9c0,4363,"{""lemma"": ""provoke""}",provoke,,,
cet4_endict_2016_expanded.json,50143a67069cd69c0ce1221a6f7bb554b992b3295322344907bf784afb5ff9c0,4364,"{""lemma"": ""psychological""}",psychological,,,
cet4_endict_2016_expanded.json,50143a67069cd69c0ce1221a6f7bb554b992b3295322344907bf784afb5ff9c0,4365,"{""lemma"": ""psychologist""}",psychologist,,,
cet4_endict_2016_expanded.json,50143a67069cd69c0ce1221a6f7bb554b992b3295322344907bf784afb5ff9c0,4366,"{""lemma"": ""psychology""}",psychology,,,
cet4_endict_2016_expanded.json,50143a67069cd69c0ce1221a6f7bb554b992b3295322344907bf784afb5ff9c0,4367,"{""lemma"": ""pub""}",pub,,,
cet4_endict_2016_expanded.json,50143a67069cd69c0ce1221a6f7bb554b992b3295322344907bf784afb5ff9c0,4368,"{""lemma"": ""public""}",public,,,
cet4_endict_2016_expanded.json,50143a67069cd69c0ce1221a6f7bb554b992b3295322344907bf784afb5ff9c0,4369,"{""lemma"": ""publication""}",publication,,,
cet4_endict_2016_expanded.json,50143a67069cd69c0ce1221a6f7bb554b992b3295322344907bf784afb5ff9c0,4370,"{""lemma"": ""publicity""}",publicity,,,
cet4_endict_2016_expanded.json,50143a67069cd69c0ce1221a6f7bb554b992b3295322344907bf784afb5ff9c0,4371,"{""lemma"": ""publicize""}",publicize,,,
cet4_endict_2016_expanded.json,50143a67069cd69c0ce1221a6f7bb554b992b3295322344907bf784afb5ff9c0,4372,"{""lemma"": ""publicly""}",publicly,,,
cet4_endict_2016_expanded.json,50143a67069cd69c0ce1221a6f7bb554b992b3295322344907bf784afb5ff9c0,4373,"{""lemma"": ""publish""}",publish,,,
cet4_endict_2016_expanded.json,50143a67069cd69c0ce1221a6f7bb554b992b3295322344907bf784afb5ff9c0,4374,"{""lemma"": ""pull""}",pull,,,
cet4_endict_2016_expanded.json,50143a67069cd69c0ce1221a6f7bb554b992b3295322344907bf784afb5ff9c0,4375,"{""lemma"": ""pulse""}",pulse,,,
cet4_endict_2016_expanded.json,50143a67069cd69c0ce1221a6f7bb554b992b3295322344907bf784afb5ff9c0,4376,"{""lemma"": ""pump""}",pump,,,
cet4_endict_2016_expanded.json,50143a67069cd69c0ce1221a6f7bb554b992b3295322344907bf784afb5ff9c0,4377,"{""lemma"": ""punch""}",punch,,,
cet4_endict_2016_expanded.json,50143a67069cd69c0ce1221a6f7bb554b992b3295322344907bf784afb5ff9c0,4378,"{""lemma"": ""punctual""}",punctual,,,
cet4_endict_2016_expanded.json,50143a67069cd69c0ce1221a6f7bb554b992b3295322344907bf784afb5ff9c0,4379,"{""lemma"": ""punctuality""}",punctuality,,,
cet4_endict_2016_expanded.json,50143a67069cd69c0ce1221a6f7bb554b992b3295322344907bf784afb5ff9c0,4380,"{""lemma"": ""punish""}",punish,,,
cet4_endict_2016_expanded.json,50143a67069cd69c0ce1221a6f7bb554b992b3295322344907bf784afb5ff9c0,4381,"{""lemma"": ""punishment""}",punishment,,,
cet4_endict_2016_expanded.json,50143a67069cd69c0ce1221a6f7bb554b992b3295322344907bf784afb5ff9c0,4382,"{""lemma"": ""pupil""}",pupil,,,
cet4_endict_2016_expanded.json,50143a67069cd69c0ce1221a6f7bb554b992b3295322344907bf784afb5ff9c0,4383,"{""lemma"": ""purchase""}",purchase,,,
cet4_endict_2016_expanded.json,50143a67069cd69c0ce1221a6f7bb554b992b3295322344907bf784afb5ff9c0,4384,"{""lemma"": ""pure""}",pure,,,
cet4_endict_2016_expanded.json,50143a67069cd69c0ce1221a6f7bb554b992b3295322344907bf784afb5ff9c0,4385,"{""lemma"": ""purify""}",purify,,,
cet4_endict_2016_expanded.json,50143a67069cd69c0ce1221a6f7bb554b992b3295322344907bf784afb5ff9c0,4386,"{""lemma"": ""purity""}",purity,,,
cet4_endict_2016_expanded.json,50143a67069cd69c0ce1221a6f7bb554b992b3295322344907bf784afb5ff9c0,4387,"{""lemma"": ""purple""}",purple,,,
cet4_endict_2016_expanded.json,50143a67069cd69c0ce1221a6f7bb554b992b3295322344907bf784afb5ff9c0,4388,"{""lemma"": ""purpose""}",purpose,,,
cet4_endict_2016_expanded.json,50143a67069cd69c0ce1221a6f7bb554b992b3295322344907bf784afb5ff9c0,4389,"{""lemma"": ""purposeful""}",purposeful,,,
cet4_endict_2016_expanded.json,50143a67069cd69c0ce1221a6f7bb554b992b3295322344907bf784afb5ff9c0,4390,"{""lemma"": ""purse""}",purse,,,
cet4_endict_2016_expanded.json,50143a67069cd69c0ce1221a6f7bb554b992b3295322344907bf784afb5ff9c0,4391,"{""lemma"": ""pursue""}",pursue,,,
cet4_endict_2016_expanded.json,50143a67069cd69c0ce1221a6f7bb554b992b3295322344907bf784afb5ff9c0,4392,"{""lemma"": ""pursuit""}",pursuit,,,
cet4_endict_2016_expanded.json,50143a67069cd69c0ce1221a6f7bb554b992b3295322344907bf784afb5ff9c0,4393,"{""lemma"": ""push""}",push,,,
cet4_endict_2016_expanded.json,50143a67069cd69c0ce1221a6f7bb554b992b3295322344907bf784afb5ff9c0,4394,"{""lemma"": ""pushy""}",pushy,,,
cet4_endict_2016_expanded.json,50143a67069cd69c0ce1221a6f7bb554b992b3295322344907bf784afb5ff9c0,4395,"{""lemma"": ""put""}",put,,,
cet4_endict_2016_expanded.json,50143a67069cd69c0ce1221a6f7bb554b992b3295322344907bf784afb5ff9c0,4396,"{""lemma"": ""puzzle""}",puzzle,,,
cet4_endict_2016_expanded.json,50143a67069cd69c0ce1221a6f7bb554b992b3295322344907bf784afb5ff9c0,4397,"{""lemma"": ""puzzlement""}",puzzlement,,,
cet4_endict_2016_expanded.json,50143a67069cd69c0ce1221a6f7bb554b992b3295322344907bf784afb5ff9c0,4398,"{""lemma"": ""quake""}",quake,,,
cet4_endict_2016_expanded.json,50143a67069cd69c0ce1221a6f7bb554b992b3295322344907bf784afb5ff9c0,4399,"{""lemma"": ""qualification""}",qualification,,,
cet4_endict_2016_expanded.json,50143a67069cd69c0ce1221a6f7bb554b992b3295322344907bf784afb5ff9c0,4400,"{""lemma"": ""qualify""}",qualify,,,
cet4_endict_2016_expanded.json,50143a67069cd69c0ce1221a6f7bb554b992b3295322344907bf784afb5ff9c0,4401,"{""lemma"": ""qualitative""}",qualitative,,,
cet4_endict_2016_expanded.json,50143a67069cd69c0ce1221a6f7bb554b992b3295322344907bf784afb5ff9c0,4402,"{""lemma"": ""quality""}",quality,,,
cet4_endict_2016_expanded.json,50143a67069cd69c0ce1221a6f7bb554b992b3295322344907bf784afb5ff9c0,4403,"{""lemma"": ""quantification""}",quantification,,,
cet4_endict_2016_expanded.json,50143a67069cd69c0ce1221a6f7bb554b992b3295322344907bf784afb5ff9c0,4404,"{""lemma"": ""quantify""}",quantify,,,
cet4_endict_2016_expanded.json,50143a67069cd69c0ce1221a6f7bb554b992b3295322344907bf784afb5ff9c0,4405,"{""lemma"": ""quantitative""}",quantitative,,,
cet4_endict_2016_expanded.json,50143a67069cd69c0ce1221a6f7bb554b992b3295322344907bf784afb5ff9c0,4406,"{""lemma"": ""quantity""}",quantity,,,
cet4_endict_2016_expanded.json,50143a67069cd69c0ce1221a6f7bb554b992b3295322344907bf784afb5ff9c0,4407,"{""lemma"": ""quarrel""}",quarrel,,,
cet4_endict_2016_expanded.json,50143a67069cd69c0ce1221a6f7bb554b992b3295322344907bf784afb5ff9c0,4408,"{""lemma"": ""quarrelsome""}",quarrelsome,,,
cet4_endict_2016_expanded.json,50143a67069cd69c0ce1221a6f7bb554b992b3295322344907bf784afb5ff9c0,4409,"{""lemma"": ""quarter""}",quarter,,,
cet4_endict_2016_expanded.json,50143a67069cd69c0ce1221a6f7bb554b992b3295322344907bf784afb5ff9c0,4410,"{""lemma"": ""quarterly""}",quarterly,,,
cet4_endict_2016_expanded.json,50143a67069cd69c0ce1221a6f7bb554b992b3295322344907bf784afb5ff9c0,4411,"{""lemma"": ""queen""}",queen,,,
cet4_endict_2016_expanded.json,50143a67069cd69c0ce1221a6f7bb554b992b3295322344907bf784afb5ff9c0,4412,"{""lemma"": ""question""}",question,,,
cet4_endict_2016_expanded.json,50143a67069cd69c0ce1221a6f7bb554b992b3295322344907bf784afb5ff9c0,4413,"{""lemma"": ""questionnaire""}",questionnaire,,,
cet4_endict_2016_expanded.json,50143a67069cd69c0ce1221a6f7bb554b992b3295322344907bf784afb5ff9c0,4414,"{""lemma"": ""queue""}",queue,,,
cet4_endict_2016_expanded.json,50143a67069cd69c0ce1221a6f7bb554b992b3295322344907bf784afb5ff9c0,4415,"{""lemma"": ""quick""}",quick,,,
cet4_endict_2016_expanded.json,50143a67069cd69c0ce1221a6f7bb554b992b3295322344907bf784afb5ff9c0,4416,"{""lemma"": ""quiet""}",quiet,,,
cet4_endict_2016_expanded.json,50143a67069cd69c0ce1221a6f7bb554b992b3295322344907bf784afb5ff9c0,4417,"{""lemma"": ""quit""}",quit,,,
cet4_endict_2016_expanded.json,50143a67069cd69c0ce1221a6f7bb554b992b3295322344907bf784afb5ff9c0,4418,"{""lemma"": ""quite""}",quite,,,
cet4_endict_2016_expanded.json,50143a67069cd69c0ce1221a6f7bb554b992b3295322344907bf784afb5ff9c0,4419,"{""lemma"": ""quiz""}",quiz,,,
cet4_endict_2016_expanded.json,50143a67069cd69c0ce1221a6f7bb554b992b3295322344907bf784afb5ff9c0,4420,"{""lemma"": ""quota""}",quota,,,
cet4_endict_2016_expanded.json,50143a67069cd69c0ce1221a6f7bb554b992b3295322344907bf784afb5ff9c0,4421,"{""lemma"": ""quotation""}",quotation,,,
cet4_endict_2016_expanded.json,50143a67069cd69c0ce1221a6f7bb554b992b3295322344907bf784afb5ff9c0,4422,"{""lemma"": ""quote""}",quote,,,
cet4_endict_2016_expanded.json,50143a67069cd69c0ce1221a6f7bb554b992b3295322344907bf784afb5ff9c0,4423,"{""lemma"": ""rabbit""}",rabbit,,,
cet4_endict_2016_expanded.json,50143a67069cd69c0ce1221a6f7bb554b992b3295322344907bf784afb5ff9c0,4424,"{""lemma"": ""race""}",race,,,
cet4_endict_2016_expanded.json,50143a67069cd69c0ce1221a6f7bb554b992b3295322344907bf784afb5ff9c0,4425,"{""lemma"": ""racial""}",racial,,,
cet4_endict_2016_expanded.json,50143a67069cd69c0ce1221a6f7bb554b992b3295322344907bf784afb5ff9c0,4426,"{""lemma"": ""racism""}",racism,,,
cet4_endict_2016_expanded.json,50143a67069cd69c0ce1221a6f7bb554b992b3295322344907bf784afb5ff9c0,4427,"{""lemma"": ""racist""}",racist,,,
cet4_endict_2016_expanded.json,50143a67069cd69c0ce1221a6f7bb554b992b3295322344907bf784afb5ff9c0,4428,"{""lemma"": ""rack""}",rack,,,
cet4_endict_2016_expanded.json,50143a67069cd69c0ce1221a6f7bb554b992b3295322344907bf784afb5ff9c0,4429,"{""lemma"": ""radar""}",radar,,,
cet4_endict_2016_expanded.json,50143a67069cd69c0ce1221a6f7bb554b992b3295322344907bf784afb5ff9c0,4430,"{""lemma"": ""radical""}",radical,,,
cet4_endict_2016_expanded.json,50143a67069cd69c0ce1221a6f7bb554b992b3295322344907bf784afb5ff9c0,4431,"{""lemma"": ""radio""}",radio,,,
cet4_endict_2016_expanded.json,50143a67069cd69c0ce1221a6f7bb554b992b3295322344907bf784afb5ff9c0,4432,"{""lemma"": ""rag""}",rag,,,
cet4_endict_2016_expanded.json,50143a67069cd69c0ce1221a6f7bb554b992b3295322344907bf784afb5ff9c0,4433,"{""lemma"": ""rage""}",rage,,,
cet4_endict_2016_expanded.json,50143a67069cd69c0ce1221a6f7bb554b992b3295322344907bf784afb5ff9c0,4434,"{""lemma"": ""ragged""}",ragged,,,
cet4_endict_2016_expanded.json,50143a67069cd69c0ce1221a6f7bb554b992b3295322344907bf784afb5ff9c0,4435,"{""lemma"": ""raging""}",raging,,,
cet4_endict_2016_expanded.json,50143a67069cd69c0ce1221a6f7bb554b992b3295322344907bf784afb5ff9c0,4436,"{""lemma"": ""raid""}",raid,,,
cet4_endict_2016_expanded.json,50143a67069cd69c0ce1221a6f7bb554b992b3295322344907bf784afb5ff9c0,4437,"{""lemma"": ""rail""}",rail,,,
cet4_endict_2016_expanded.json,50143a67069cd69c0ce1221a6f7bb554b992b3295322344907bf784afb5ff9c0,4438,"{""lemma"": ""railroad""}",railroad,,,
cet4_endict_2016_expanded.json,50143a67069cd69c0ce1221a6f7bb554b992b3295322344907bf784afb5ff9c0,4439,"{""lemma"": ""railway""}",railway,,,
cet4_endict_2016_expanded.json,50143a67069cd69c0ce1221a6f7bb554b992b3295322344907bf784afb5ff9c0,4440,"{""lemma"": ""rain""}",rain,,,
cet4_endict_2016_expanded.json,50143a67069cd69c0ce1221a6f7bb554b992b3295322344907bf784afb5ff9c0,4441,"{""lemma"": ""rainbow""}",rainbow,,,
cet4_endict_2016_expanded.json,50143a67069cd69c0ce1221a6f7bb554b992b3295322344907bf784afb5ff9c0,4442,"{""lemma"": ""raincoat""}",raincoat,,,
cet4_endict_2016_expanded.json,50143a67069cd69c0ce1221a6f7bb554b992b3295322344907bf784afb5ff9c0,4443,"{""lemma"": ""rainy""}",rainy,,,
cet4_endict_2016_expanded.json,50143a67069cd69c0ce1221a6f7bb554b992b3295322344907bf784afb5ff9c0,4444,"{""lemma"": ""raise""}",raise,,,
cet4_endict_2016_expanded.json,50143a67069cd69c0ce1221a6f7bb554b992b3295322344907bf784afb5ff9c0,4445,"{""lemma"": ""rally""}",rally,,,
cet4_endict_2016_expanded.json,50143a67069cd69c0ce1221a6f7bb554b992b3295322344907bf784afb5ff9c0,4446,"{""lemma"": ""range""}",range,,,
cet4_endict_2016_expanded.json,50143a67069cd69c0ce1221a6f7bb554b992b3295322344907bf784afb5ff9c0,4447,"{""lemma"": ""rank""}",rank,,,
cet4_endict_2016_expanded.json,50143a67069cd69c0ce1221a6f7bb554b992b3295322344907bf784afb5ff9c0,4448,"{""lemma"": ""rapid""}",rapid,,,
cet4_endict_2016_expanded.json,50143a67069cd69c0ce1221a6f7bb554b992b3295322344907bf784afb5ff9c0,4449,"{""lemma"": ""rapidity""}",rapidity,,,
cet4_endict_2016_expanded.json,50143a67069cd69c0ce1221a6f7bb554b992b3295322344907bf784afb5ff9c0,4450,"{""lemma"": ""rare""}",rare,,,
cet4_endict_2016_expanded.json,50143a67069cd69c0ce1221a6f7bb554b992b3295322344907bf784afb5ff9c0,4451,"{""lemma"": ""rarely""}",rarely,,,
cet4_endict_2016_expanded.json,50143a67069cd69c0ce1221a6f7bb554b992b3295322344907bf784afb5ff9c0,4452,"{""lemma"": ""rarity""}",rarity,,,
cet4_endict_2016_expanded.json,50143a67069cd69c0ce1221a6f7bb554b992b3295322344907bf784afb5ff9c0,4453,"{""lemma"": ""rat""}",rat,,,
cet4_endict_2016_expanded.json,50143a67069cd69c0ce1221a6f7bb554b992b3295322344907bf784afb5ff9c0,4454,"{""lemma"": ""rate""}",rate,,,
cet4_endict_2016_expanded.json,50143a67069cd69c0ce1221a6f7bb554b992b3295322344907bf784afb5ff9c0,4455,"{""lemma"": ""rather""}",rather,,,
cet4_endict_2016_expanded.json,50143a67069cd69c0ce1221a6f7bb554b992b3295322344907bf784afb5ff9c0,4456,"{""lemma"": ""rating""}",rating,,,
cet4_endict_2016_expanded.json,50143a67069cd69c0ce1221a6f7bb554b992b3295322344907bf784afb5ff9c0,4457,"{""lemma"": ""ratio""}",ratio,,,
cet4_endict_2016_expanded.json,50143a67069cd69c0ce1221a6f7bb554b992b3295322344907bf784afb5ff9c0,4458,"{""lemma"": ""rational""}",rational,,,
cet4_endict_2016_expanded.json,50143a67069cd69c0ce1221a6f7bb554b992b3295322344907bf784afb5ff9c0,4459,"{""lemma"": ""raw""}",raw,,,
cet4_endict_2016_expanded.json,50143a67069cd69c0ce1221a6f7bb554b992b3295322344907bf784afb5ff9c0,4460,"{""lemma"": ""ray""}",ray,,,
cet4_endict_2016_expanded.json,50143a67069cd69c0ce1221a6f7bb554b992b3295322344907bf784afb5ff9c0,4461,"{""lemma"": ""reach""}",reach,,,
cet4_endict_2016_expanded.json,50143a67069cd69c0ce1221a6f7bb554b992b3295322344907bf784afb5ff9c0,4462,"{""lemma"": ""react""}",react,,,
cet4_endict_2016_expanded.json,50143a67069cd69c0ce1221a6f7bb554b992b3295322344907bf784afb5ff9c0,4463,"{""lemma"": ""reaction""}",reaction,,,
cet4_endict_2016_expanded.json,50143a67069cd69c0ce1221a6f7bb554b992b3295322344907bf784afb5ff9c0,4464,"{""lemma"": ""reactionary""}",reactionary,,,
cet4_endict_2016_expanded.json,50143a67069cd69c0ce1221a6f7bb554b992b3295322344907bf784afb5ff9c0,4465,"{""lemma"": ""read""}",read,,,
cet4_endict_2016_expanded.json,50143a67069cd69c0ce1221a6f7bb554b992b3295322344907bf784afb5ff9c0,4466,"{""lemma"": ""reader""}",reader,,,
cet4_endict_2016_expanded.json,50143a67069cd69c0ce1221a6f7bb554b992b3295322344907bf784afb5ff9c0,4467,"{""lemma"": ""readily""}",readily,,,
cet4_endict_2016_expanded.json,50143a67069cd69c0ce1221a6f7bb554b992b3295322344907bf784afb5ff9c0,4468,"{""lemma"": ""reading""}",reading,,,
cet4_endict_2016_expanded.json,50143a67069cd69c0ce1221a6f7bb554b992b3295322344907bf784afb5ff9c0,4469,"{""lemma"": ""ready""}",ready,,,
cet4_endict_2016_expanded.json,50143a67069cd69c0ce1221a6f7bb554b992b3295322344907bf784afb5ff9c0,4470,"{""lemma"": ""real""}",real,,,
cet4_endict_2016_expanded.json,50143a67069cd69c0ce1221a6f7bb554b992b3295322344907bf784afb5ff9c0,4471,"{""lemma"": ""realism""}",realism,,,
cet4_endict_2016_expanded.json,50143a67069cd69c0ce1221a6f7bb554b992b3295322344907bf784afb5ff9c0,4472,"{""lemma"": ""realistic""}",realistic,,,
cet4_endict_2016_expanded.json,50143a67069cd69c0ce1221a6f7bb554b992b3295322344907bf784afb5ff9c0,4473,"{""lemma"": ""reality""}",reality,,,
cet4_endict_2016_expanded.json,50143a67069cd69c0ce1221a6f7bb554b992b3295322344907bf784afb5ff9c0,4474,"{""lemma"": ""realization""}",realization,,,
cet4_endict_2016_expanded.json,50143a67069cd69c0ce1221a6f7bb554b992b3295322344907bf784afb5ff9c0,4475,"{""lemma"": ""realize""}",realize,,,
cet4_endict_2016_expanded.json,50143a67069cd69c0ce1221a6f7bb554b992b3295322344907bf784afb5ff9c0,4476,"{""lemma"": ""really""}",really,,,
cet4_endict_2016_expanded.json,50143a67069cd69c0ce1221a6f7bb554b992b3295322344907bf784afb5ff9c0,4477,"{""lemma"": ""realm""}",realm,,,
cet4_endict_2016_expanded.json,50143a67069cd69c0ce1221a6f7bb554b992b3295322344907bf784afb5ff9c0,4478,"{""lemma"": ""reap""}",reap,,,
cet4_endict_2016_expanded.json,50143a67069cd69c0ce1221a6f7bb554b992b3295322344907bf784afb5ff9c0,4479,"{""lemma"": ""rear""}",rear,,,
cet4_endict_2016_expanded.json,50143a67069cd69c0ce1221a6f7bb554b992b3295322344907bf784afb5ff9c0,4480,"{""lemma"": ""reason""}",reason,,,
cet4_endict_2016_expanded.json,50143a67069cd69c0ce1221a6f7bb554b992b3295322344907bf784afb5ff9c0,4481,"{""lemma"": ""reasonable""}",reasonable,,,
cet4_endict_2016_expanded.json,50143a67069cd69c0ce1221a6f7bb554b992b3295322344907bf784afb5ff9c0,4482,"{""lemma"": ""rebel""}",rebel,,,
cet4_endict_2016_expanded.json,50143a67069cd69c0ce1221a6f7bb554b992b3295322344907bf784afb5ff9c0,4483,"{""lemma"": ""rebellion""}",rebellion,,,
cet4_endict_2016_expanded.json,50143a67069cd69c0ce1221a6f7bb554b992b3295322344907bf784afb5ff9c0,4484,"{""lemma"": ""rebellious""}",rebellious,,,
cet4_endict_2016_expanded.json,50143a67069cd69c0ce1221a6f7bb554b992b3295322344907bf784afb5ff9c0,4485,"{""lemma"": ""recall""}",recall,,,
cet4_endict_2016_expanded.json,50143a67069cd69c0ce1221a6f7bb554b992b3295322344907bf784afb5ff9c0,4486,"{""lemma"": ""receipt""}",receipt,,,
cet4_endict_2016_expanded.json,50143a67069cd69c0ce1221a6f7bb554b992b3295322344907bf784afb5ff9c0,4487,"{""lemma"": ""receive""}",receive,,,
cet4_endict_2016_expanded.json,50143a67069cd69c0ce1221a6f7bb554b992b3295322344907bf784afb5ff9c0,4488,"{""lemma"": ""receiver""}",receiver,,,
cet4_endict_2016_expanded.json,50143a67069cd69c0ce1221a6f7bb554b992b3295322344907bf784afb5ff9c0,4489,"{""lemma"": ""recent""}",recent,,,
cet4_endict_2016_expanded.json,50143a67069cd69c0ce1221a6f7bb554b992b3295322344907bf784afb5ff9c0,4490,"{""lemma"": ""recently""}",recently,,,
cet4_endict_2016_expanded.json,50143a67069cd69c0ce1221a6f7bb554b992b3295322344907bf784afb5ff9c0,4491,"{""lemma"": ""reception""}",reception,,,
cet4_endict_2016_expanded.json,50143a67069cd69c0ce1221a6f7bb554b992b3295322344907bf784afb5ff9c0,4492,"{""lemma"": ""receptionist""}",receptionist,,,
cet4_endict_2016_expanded.json,50143a67069cd69c0ce1221a6f7bb554b992b3295322344907bf784afb5ff9c0,4493,"{""lemma"": ""receptive""}",receptive,,,
cet4_endict_2016_expanded.json,50143a67069cd69c0ce1221a6f7bb554b992b3295322344907bf784afb5ff9c0,4494,"{""lemma"": ""recession""}",recession,,,
cet4_endict_2016_expanded.json,50143a67069cd69c0ce1221a6f7bb554b992b3295322344907bf784afb5ff9c0,4495,"{""lemma"": ""recipient""}",recipient,,,
cet4_endict_2016_expanded.json,50143a67069cd69c0ce1221a6f7bb554b992b3295322344907bf784afb5ff9c0,4496,"{""lemma"": ""recitation""}",recitation,,,
cet4_endict_2016_expanded.json,50143a67069cd69c0ce1221a6f7bb554b992b3295322344907bf784afb5ff9c0,4497,"{""lemma"": ""recite""}",recite,,,
cet4_endict_2016_expanded.json,50143a67069cd69c0ce1221a6f7bb554b992b3295322344907bf784afb5ff9c0,4498,"{""lemma"": ""reckon""}",reckon,,,
cet4_endict_2016_expanded.json,50143a67069cd69c0ce1221a6f7bb554b992b3295322344907bf784afb5ff9c0,4499,"{""lemma"": ""recognition""}",recognition,,,
cet4_endict_2016_expanded.json,50143a67069cd69c0ce1221a6f7bb554b992b3295322344907bf784afb5ff9c0,4500,"{""lemma"": ""recognize""}",recognize,,,
cet4_endict_2016_expanded.json,50143a67069cd69c0ce1221a6f7bb554b992b3295322344907bf784afb5ff9c0,4501,"{""lemma"": ""recommend""}",recommend,,,
cet4_endict_2016_expanded.json,50143a67069cd69c0ce1221a6f7bb554b992b3295322344907bf784afb5ff9c0,4502,"{""lemma"": ""recommendation""}",recommendation,,,
cet4_endict_2016_expanded.json,50143a67069cd69c0ce1221a6f7bb554b992b3295322344907bf784afb5ff9c0,4503,"{""lemma"": ""record""}",record,,,
cet4_endict_2016_expanded.json,50143a67069cd69c0ce1221a6f7bb554b992b3295322344907bf784afb5ff9c0,4504,"{""lemma"": ""recorder""}",recorder,,,
cet4_endict_2016_expanded.json,50143a67069cd69c0ce1221a6f7bb554b992b3295322344907bf784afb5ff9c0,4505,"{""lemma"": ""recording""}",recording,,,
cet4_endict_2016_expanded.json,50143a67069cd69c0ce1221a6f7bb554b992b3295322344907bf784afb5ff9c0,4506,"{""lemma"": ""recover""}",recover,,,
cet4_endict_2016_expanded.json,50143a67069cd69c0ce1221a6f7bb554b992b3295322344907bf784afb5ff9c0,4507,"{""lemma"": ""recovery""}",recovery,,,
cet4_endict_2016_expanded.json,50143a67069cd69c0ce1221a6f7bb554b992b3295322344907bf784afb5ff9c0,4508,"{""lemma"": ""recreation""}",recreation,,,
cet4_endict_2016_expanded.json,50143a67069cd69c0ce1221a6f7bb554b992b3295322344907bf784afb5ff9c0,4509,"{""lemma"": ""recreational""}",recreational,,,
cet4_endict_2016_expanded.json,50143a67069cd69c0ce1221a6f7bb554b992b3295322344907bf784afb5ff9c0,4510,"{""lemma"": ""recruit""}",recruit,,,
cet4_endict_2016_expanded.json,50143a67069cd69c0ce1221a6f7bb554b992b3295322344907bf784afb5ff9c0,4511,"{""lemma"": ""recruitment""}",recruitment,,,
cet4_endict_2016_expanded.json,50143a67069cd69c0ce1221a6f7bb554b992b3295322344907bf784afb5ff9c0,4512,"{""lemma"": ""recyclable""}",recyclable,,,
cet4_endict_2016_expanded.json,50143a67069cd69c0ce1221a6f7bb554b992b3295322344907bf784afb5ff9c0,4513,"{""lemma"": ""recycle""}",recycle,,,
cet4_endict_2016_expanded.json,50143a67069cd69c0ce1221a6f7bb554b992b3295322344907bf784afb5ff9c0,4514,"{""lemma"": ""red""}",red,,,
cet4_endict_2016_expanded.json,50143a67069cd69c0ce1221a6f7bb554b992b3295322344907bf784afb5ff9c0,4515,"{""lemma"": ""reduce""}",reduce,,,
cet4_endict_2016_expanded.json,50143a67069cd69c0ce1221a6f7bb554b992b3295322344907bf784afb5ff9c0,4516,"{""lemma"": ""reduction""}",reduction,,,
cet4_endict_2016_expanded.json,50143a67069cd69c0ce1221a6f7bb554b992b3295322344907bf784afb5ff9c0,4517,"{""lemma"": ""refer""}",refer,,,
cet4_endict_2016_expanded.json,50143a67069cd69c0ce1221a6f7bb554b992b3295322344907bf784afb5ff9c0,4518,"{""lemma"": ""reference""}",reference,,,
cet4_endict_2016_expanded.json,50143a67069cd69c0ce1221a6f7bb554b992b3295322344907bf784afb5ff9c0,4519,"{""lemma"": ""refine""}",refine,,,
cet4_endict_2016_expanded.json,50143a67069cd69c0ce1221a6f7bb554b992b3295322344907bf784afb5ff9c0,4520,"{""lemma"": ""refinement""}",refinement,,,
cet4_endict_2016_expanded.json,50143a67069cd69c0ce1221a6f7bb554b992b3295322344907bf784afb5ff9c0,4521,"{""lemma"": ""refinery""}",refinery,,,
cet4_endict_2016_expanded.json,50143a67069cd69c0ce1221a6f7bb554b992b3295322344907bf784afb5ff9c0,4522,"{""lemma"": ""reflect""}",reflect,,,
cet4_endict_2016_expanded.json,50143a67069cd69c0ce1221a6f7bb554b992b3295322344907bf784afb5ff9c0,4523,"{""lemma"": ""reflection""}",reflection,,,
cet4_endict_2016_expanded.json,50143a67069cd69c0ce1221a6f7bb554b992b3295322344907bf784afb5ff9c0,4524,"{""lemma"": ""reflective""}",reflective,,,
cet4_endict_2016_expanded.json,50143a67069cd69c0ce1221a6f7bb554b992b3295322344907bf784afb5ff9c0,4525,"{""lemma"": ""reform""}",reform,,,
cet4_endict_2016_expanded.json,50143a67069cd69c0ce1221a6f7bb554b992b3295322344907bf784afb5ff9c0,4526,"{""lemma"": ""reformation""}",reformation,,,
cet4_endict_2016_expanded.json,50143a67069cd69c0ce1221a6f7bb554b992b3295322344907bf784afb5ff9c0,4527,"{""lemma"": ""reformist""}",reformist,,,
cet4_endict_2016_expanded.json,50143a67069cd69c0ce1221a6f7bb554b992b3295322344907bf784afb5ff9c0,4528,"{""lemma"": ""refrain""}",refrain,,,
cet4_endict_2016_expanded.json,50143a67069cd69c0ce1221a6f7bb554b992b3295322344907bf784afb5ff9c0,4529,"{""lemma"": ""refresh""}",refresh,,,
cet4_endict_2016_expanded.json,50143a67069cd69c0ce1221a6f7bb554b992b3295322344907bf784afb5ff9c0,4530,"{""lemma"": ""refreshment""}",refreshment,,,
cet4_endict_2016_expanded.json,50143a67069cd69c0ce1221a6f7bb554b992b3295322344907bf784afb5ff9c0,4531,"{""lemma"": ""refrigeration""}",refrigeration,,,
cet4_endict_2016_expanded.json,50143a67069cd69c0ce1221a6f7bb554b992b3295322344907bf784afb5ff9c0,4532,"{""lemma"": ""refrigerator""}",refrigerator,,,
cet4_endict_2016_expanded.json,50143a67069cd69c0ce1221a6f7bb554b992b3295322344907bf784afb5ff9c0,4533,"{""lemma"": ""refusal""}",refusal,,,
cet4_endict_2016_expanded.json,50143a67069cd69c0ce1221a6f7bb554b992b3295322344907bf784afb5ff9c0,4534,"{""lemma"": ""refuse""}",refuse,,,
cet4_endict_2016_expanded.json,50143a67069cd69c0ce1221a6f7bb554b992b3295322344907bf784afb5ff9c0,4535,"{""lemma"": ""regard""}",regard,,,
cet4_endict_2016_expanded.json,50143a67069cd69c0ce1221a6f7bb554b992b3295322344907bf784afb5ff9c0,4536,"{""lemma"": ""regarding""}",regarding,,,
cet4_endict_2016_expanded.json,50143a67069cd69c0ce1221a6f7bb554b992b3295322344907bf784afb5ff9c0,4537,"{""lemma"": ""regardless""}",regardless,,,
cet4_endict_2016_expanded.json,50143a67069cd69c0ce1221a6f7bb554b992b3295322344907bf784afb5ff9c0,4538,"{""lemma"": ""region""}",region,,,
cet4_endict_2016_expanded.json,50143a67069cd69c0ce1221a6f7bb554b992b3295322344907bf784afb5ff9c0,4539,"{""lemma"": ""regional""}",regional,,,
cet4_endict_2016_expanded.json,50143a67069cd69c0ce1221a6f7bb554b992b3295322344907bf784afb5ff9c0,4540,"{""lemma"": ""register""}",register,,,
cet4_endict_2016_expanded.json,50143a67069cd69c0ce1221a6f7bb554b992b3295322344907bf784afb5ff9c0,4541,"{""lemma"": ""registrar""}",registrar,,,
cet4_endict_2016_expanded.json,50143a67069cd69c0ce1221a6f7bb554b992b3295322344907bf784afb5ff9c0,4542,"{""lemma"": ""registration""}",registration,,,
cet4_endict_2016_expanded.json,50143a67069cd69c0ce1221a6f7bb554b992b3295322344907bf784afb5ff9c0,4543,"{""lemma"": ""regret""}",regret,,,
cet4_endict_2016_expanded.json,50143a67069cd69c0ce1221a6f7bb554b992b3295322344907bf784afb5ff9c0,4544,"{""lemma"": ""regretful""}",regretful,,,
cet4_endict_2016_expanded.json,50143a67069cd69c0ce1221a6f7bb554b992b3295322344907bf784afb5ff9c0,4545,"{""lemma"": ""regrettable""}",regrettable,,,
cet4_endict_2016_expanded.json,50143a67069cd69c0ce1221a6f7bb554b992b3295322344907bf784afb5ff9c0,4546,"{""lemma"": ""regular""}",regular,,,
cet4_endict_2016_expanded.json,50143a67069cd69c0ce1221a6f7bb554b992b3295322344907bf784afb5ff9c0,4547,"{""lemma"": ""regularity""}",regularity,,,
cet4_endict_2016_expanded.json,50143a67069cd69c0ce1221a6f7bb554b992b3295322344907bf784afb5ff9c0,4548,"{""lemma"": ""regulate""}",regulate,,,
cet4_endict_2016_expanded.json,50143a67069cd69c0ce1221a6f7bb554b992b3295322344907bf784afb5ff9c0,4549,"{""lemma"": ""regulation""}",regulation,,,
cet4_endict_2016_expanded.json,50143a67069cd69c0ce1221a6f7bb554b992b3295322344907bf784afb5ff9c0,4550,"{""lemma"": ""regulator""}",regulator,,,
cet4_endict_2016_expanded.json,50143a67069cd69c0ce1221a6f7bb554b992b3295322344907bf784afb5ff9c0,4551,"{""lemma"": ""regulatory""}",regulatory,,,
cet4_endict_2016_expanded.json,50143a67069cd69c0ce1221a6f7bb554b992b3295322344907bf784afb5ff9c0,4552,"{""lemma"": ""reinforce""}",reinforce,,,
cet4_endict_2016_expanded.json,50143a67069cd69c0ce1221a6f7bb554b992b3295322344907bf784afb5ff9c0,4553,"{""lemma"": ""reinforcement""}",reinforcement,,,
cet4_endict_2016_expanded.json,50143a67069cd69c0ce1221a6f7bb554b992b3295322344907bf784afb5ff9c0,4554,"{""lemma"": ""reject""}",reject,,,
cet4_endict_2016_expanded.json,50143a67069cd69c0ce1221a6f7bb554b992b3295322344907bf784afb5ff9c0,4555,"{""lemma"": ""rejection""}",rejection,,,
cet4_endict_2016_expanded.json,50143a67069cd69c0ce1221a6f7bb554b992b3295322344907bf784afb5ff9c0,4556,"{""lemma"": ""relate""}",relate,,,
cet4_endict_2016_expanded.json,50143a67069cd69c0ce1221a6f7bb554b992b3295322344907bf784afb5ff9c0,4557,"{""lemma"": ""relation""}",relation,,,
cet4_endict_2016_expanded.json,50143a67069cd69c0ce1221a6f7bb554b992b3295322344907bf784afb5ff9c0,4558,"{""lemma"": ""relationship""}",relationship,,,
cet4_endict_2016_expanded.json,50143a67069cd69c0ce1221a6f7bb554b992b3295322344907bf784afb5ff9c0,4559,"{""lemma"": ""relative""}",relative,,,
cet4_endict_2016_expanded.json,50143a67069cd69c0ce1221a6f7bb554b992b3295322344907bf784afb5ff9c0,4560,"{""lemma"": ""relativity""}",relativity,,,
cet4_endict_2016_expanded.json,50143a67069cd69c0ce1221a6f7bb554b992b3295322344907bf784afb5ff9c0,4561,"{""lemma"": ""relax""}",relax,,,
cet4_endict_2016_expanded.json,50143a67069cd69c0ce1221a6f7bb554b992b3295322344907bf784afb5ff9c0,4562,"{""lemma"": ""relaxation""}",relaxation,,,
cet4_endict_2016_expanded.json,50143a67069cd69c0ce1221a6f7bb554b992b3295322344907bf784afb5ff9c0,4563,"{""lemma"": ""relay""}",relay,,,
cet4_endict_2016_expanded.json,50143a67069cd69c0ce1221a6f7bb554b992b3295322344907bf784afb5ff9c0,4564,"{""lemma"": ""release""}",release,,,
cet4_endict_2016_expanded.json,50143a67069cd69c0ce1221a6f7bb554b992b3295322344907bf784afb5ff9c0,4565,"{""lemma"": ""relevance""}",relevance,,,
cet4_endict_2016_expanded.json,50143a67069cd69c0ce1221a6f7bb554b992b3295322344907bf784afb5ff9c0,4566,"{""lemma"": ""relevant""}",relevant,,,
cet4_endict_2016_expanded.json,50143a67069cd69c0ce1221a6f7bb554b992b3295322344907bf784afb5ff9c0,4567,"{""lemma"": ""reliable""}",reliable,,,
cet4_endict_2016_expanded.json,50143a67069cd69c0ce1221a6f7bb554b992b3295322344907bf784afb5ff9c0,4568,"{""lemma"": ""reliance""}",reliance,,,
cet4_endict_2016_expanded.json,50143a67069cd69c0ce1221a6f7bb554b992b3295322344907bf784afb5ff9c0,4569,"{""lemma"": ""relief""}",relief,,,
cet4_endict_2016_expanded.json,50143a67069cd69c0ce1221a6f7bb554b992b3295322344907bf784afb5ff9c0,4570,"{""lemma"": ""relieve""}",relieve,,,
cet4_endict_2016_expanded.json,50143a67069cd69c0ce1221a6f7bb554b992b3295322344907bf784afb5ff9c0,4571,"{""lemma"": ""religion""}",religion,,,
cet4_endict_2016_expanded.json,50143a67069cd69c0ce1221a6f7bb554b992b3295322344907bf784afb5ff9c0,4572,"{""lemma"": ""religious""}",religious,,,
cet4_endict_2016_expanded.json,50143a67069cd69c0ce1221a6f7bb554b992b3295322344907bf784afb5ff9c0,4573,"{""lemma"": ""reluctance""}",reluctance,,,
cet4_endict_2016_expanded.json,50143a67069cd69c0ce1221a6f7bb554b992b3295322344907bf784afb5ff9c0,4574,"{""lemma"": ""reluctant""}",reluctant,,,
cet4_endict_2016_expanded.json,50143a67069cd69c0ce1221a6f7bb554b992b3295322344907bf784afb5ff9c0,4575,"{""lemma"": ""rely""}",rely,,,
cet4_endict_2016_expanded.json,50143a67069cd69c0ce1221a6f7bb554b992b3295322344907bf784afb5ff9c0,4576,"{""lemma"": ""remain""}",remain,,,
cet4_endict_2016_expanded.json,50143a67069cd69c0ce1221a6f7bb554b992b3295322344907bf784afb5ff9c0,4577,"{""lemma"": ""remainder""}",remainder,,,
cet4_endict_2016_expanded.json,50143a67069cd69c0ce1221a6f7bb554b992b3295322344907bf784afb5ff9c0,4578,"{""lemma"": ""remark""}",remark,,,
cet4_endict_2016_expanded.json,50143a67069cd69c0ce1221a6f7bb554b992b3295322344907bf784afb5ff9c0,4579,"{""lemma"": ""remarkable""}",remarkable,,,
cet4_endict_2016_expanded.json,50143a67069cd69c0ce1221a6f7bb554b992b3295322344907bf784afb5ff9c0,4580,"{""lemma"": ""remedial""}",remedial,,,
cet4_endict_2016_expanded.json,50143a67069cd69c0ce1221a6f7bb554b992b3295322344907bf784afb5ff9c0,4581,"{""lemma"": ""remedy""}",remedy,,,
cet4_endict_2016_expanded.json,50143a67069cd69c0ce1221a6f7bb554b992b3295322344907bf784afb5ff9c0,4582,"{""lemma"": ""remember""}",remember,,,
cet4_endict_2016_expanded.json,50143a67069cd69c0ce1221a6f7bb554b992b3295322344907bf784afb5ff9c0,4583,"{""lemma"": ""remembrance""}",remembrance,,,
cet4_endict_2016_expanded.json,50143a67069cd69c0ce1221a6f7bb554b992b3295322344907bf784afb5ff9c0,4584,"{""lemma"": ""remind""}",remind,,,
cet4_endict_2016_expanded.json,50143a67069cd69c0ce1221a6f7bb554b992b3295322344907bf784afb5ff9c0,4585,"{""lemma"": ""reminder""}",reminder,,,
cet4_endict_2016_expanded.json,50143a67069cd69c0ce1221a6f7bb554b992b3295322344907bf784afb5ff9c0,4586,"{""lemma"": ""remote""}",remote,,,
cet4_endict_2016_expanded.json,50143a67069cd69c0ce1221a6f7bb554b992b3295322344907bf784afb5ff9c0,4587,"{""lemma"": ""removal""}",removal,,,
cet4_endict_2016_expanded.json,50143a67069cd69c0ce1221a6f7bb554b992b3295322344907bf784afb5ff9c0,4588,"{""lemma"": ""remove""}",remove,,,
cet4_endict_2016_expanded.json,50143a67069cd69c0ce1221a6f7bb554b992b3295322344907bf784afb5ff9c0,4589,"{""lemma"": ""render""}",render,,,
cet4_endict_2016_expanded.json,50143a67069cd69c0ce1221a6f7bb554b992b3295322344907bf784afb5ff9c0,4590,"{""lemma"": ""rendering""}",rendering,,,
cet4_endict_2016_expanded.json,50143a67069cd69c0ce1221a6f7bb554b992b3295322344907bf784afb5ff9c0,4591,"{""lemma"": ""renew""}",renew,,,
cet4_endict_2016_expanded.json,50143a67069cd69c0ce1221a6f7bb554b992b3295322344907bf784afb5ff9c0,4592,"{""lemma"": ""renewable""}",renewable,,,
cet4_endict_2016_expanded.json,50143a67069cd69c0ce1221a6f7bb554b992b3295322344907bf784afb5ff9c0,4593,"{""lemma"": ""renewal""}",renewal,,,
cet4_endict_2016_expanded.json,50143a67069cd69c0ce1221a6f7bb554b992b3295322344907bf784afb5ff9c0,4594,"{""lemma"": ""renovate""}",renovate,,,
cet4_endict_2016_expanded.json,50143a67069cd69c0ce1221a6f7bb554b992b3295322344907bf784afb5ff9c0,4595,"{""lemma"": ""renovation""}",renovation,,,
cet4_endict_2016_expanded.json,50143a67069cd69c0ce1221a6f7bb554b992b3295322344907bf784afb5ff9c0,4596,"{""lemma"": ""rent""}",rent,,,
cet4_endict_2016_expanded.json,50143a67069cd69c0ce1221a6f7bb554b992b3295322344907bf784afb5ff9c0,4597,"{""lemma"": ""rental""}",rental,,,
cet4_endict_2016_expanded.json,50143a67069cd69c0ce1221a6f7bb554b992b3295322344907bf784afb5ff9c0,4598,"{""lemma"": ""repair""}",repair,,,
cet4_endict_2016_expanded.json,50143a67069cd69c0ce1221a6f7bb554b992b3295322344907bf784afb5ff9c0,4599,"{""lemma"": ""reparable""}",reparable,,,
cet4_endict_2016_expanded.json,50143a67069cd69c0ce1221a6f7bb554b992b3295322344907bf784afb5ff9c0,4600,"{""lemma"": ""repay""}",repay,,,
cet4_endict_2016_expanded.json,50143a67069cd69c0ce1221a6f7bb554b992b3295322344907bf784afb5ff9c0,4601,"{""lemma"": ""repayment""}",repayment,,,
cet4_endict_2016_expanded.json,50143a67069cd69c0ce1221a6f7bb554b992b3295322344907bf784afb5ff9c0,4602,"{""lemma"": ""repeat""}",repeat,,,
cet4_endict_2016_expanded.json,50143a67069cd69c0ce1221a6f7bb554b992b3295322344907bf784afb5ff9c0,4603,"{""lemma"": ""repeatedly""}",repeatedly,,,
cet4_endict_2016_expanded.json,50143a67069cd69c0ce1221a6f7bb554b992b3295322344907bf784afb5ff9c0,4604,"{""lemma"": ""repetition""}",repetition,,,
cet4_endict_2016_expanded.json,50143a67069cd69c0ce1221a6f7bb554b992b3295322344907bf784afb5ff9c0,4605,"{""lemma"": ""repetitive""}",repetitive,,,
cet4_endict_2016_expanded.json,50143a67069cd69c0ce1221a6f7bb554b992b3295322344907bf784afb5ff9c0,4606,"{""lemma"": ""replace""}",replace,,,
cet4_endict_2016_expanded.json,50143a67069cd69c0ce1221a6f7bb554b992b3295322344907bf784afb5ff9c0,4607,"{""lemma"": ""replacement""}",replacement,,,
cet4_endict_2016_expanded.json,50143a67069cd69c0ce1221a6f7bb554b992b3295322344907bf784afb5ff9c0,4608,"{""lemma"": ""reply""}",reply,,,
cet4_endict_2016_expanded.json,50143a67069cd69c0ce1221a6f7bb554b992b3295322344907bf784afb5ff9c0,4609,"{""lemma"": ""report""}",report,,,
cet4_endict_2016_expanded.json,50143a67069cd69c0ce1221a6f7bb554b992b3295322344907bf784afb5ff9c0,4610,"{""lemma"": ""reporter""}",reporter,,,
cet4_endict_2016_expanded.json,50143a67069cd69c0ce1221a6f7bb554b992b3295322344907bf784afb5ff9c0,4611,"{""lemma"": ""represent""}",represent,,,
cet4_endict_2016_expanded.json,50143a67069cd69c0ce1221a6f7bb554b992b3295322344907bf784afb5ff9c0,4612,"{""lemma"": ""representation""}",representation,,,
cet4_endict_2016_expanded.json,50143a67069cd69c0ce1221a6f7bb554b992b3295322344907bf784afb5ff9c0,4613,"{""lemma"": ""representative""}",representative,,,
cet4_endict_2016_expanded.json,50143a67069cd69c0ce1221a6f7bb554b992b3295322344907bf784afb5ff9c0,4614,"{""lemma"": ""reproduce""}",reproduce,,,
cet4_endict_2016_expanded.json,50143a67069cd69c0ce1221a6f7bb554b992b3295322344907bf784afb5ff9c0,4615,"{""lemma"": ""reproduction""}",reproduction,,,
cet4_endict_2016_expanded.json,50143a67069cd69c0ce1221a6f7bb554b992b3295322344907bf784afb5ff9c0,4616,"{""lemma"": ""reproductive""}",reproductive,,,
cet4_endict_2016_expanded.json,50143a67069cd69c0ce1221a6f7bb554b992b3295322344907bf784afb5ff9c0,4617,"{""lemma"": ""republic""}",republic,,,
cet4_endict_2016_expanded.json,50143a67069cd69c0ce1221a6f7bb554b992b3295322344907bf784afb5ff9c0,4618,"{""lemma"": ""republican""}",republican,,,
cet4_endict_2016_expanded.json,50143a67069cd69c0ce1221a6f7bb554b992b3295322344907bf784afb5ff9c0,4619,"{""lemma"": ""reputation""}",reputation,,,
cet4_endict_2016_expanded.json,50143a67069cd69c0ce1221a6f7bb554b992b3295322344907bf784afb5ff9c0,4620,"{""lemma"": ""request""}",request,,,
cet4_endict_2016_expanded.json,50143a67069cd69c0ce1221a6f7bb554b992b3295322344907bf784afb5ff9c0,4621,"{""lemma"": ""require""}",require,,,
cet4_endict_2016_expanded.json,50143a67069cd69c0ce1221a6f7bb554b992b3295322344907bf784afb5ff9c0,4622,"{""lemma"": ""requirement""}",requirement,,,
cet4_endict_2016_expanded.json,50143a67069cd69c0ce1221a6f7bb554b992b3295322344907bf784afb5ff9c0,4623,"{""lemma"": ""rescue""}",rescue,,,
cet4_endict_2016_expanded.json,50143a67069cd69c0ce1221a6f7bb554b992b3295322344907bf784afb5ff9c0,4624,"{""lemma"": ""research""}",research,,,
cet4_endict_2016_expanded.json,50143a67069cd69c0ce1221a6f7bb554b992b3295322344907bf784afb5ff9c0,4625,"{""lemma"": ""researcher""}",researcher,,,
cet4_endict_2016_expanded.json,50143a67069cd69c0ce1221a6f7bb554b992b3295322344907bf784afb5ff9c0,4626,"{""lemma"": ""resemblance""}",resemblance,,,
cet4_endict_2016_expanded.json,50143a67069cd69c0ce1221a6f7bb554b992b3295322344907bf784afb5ff9c0,4627,"{""lemma"": ""resemble""}",resemble,,,
cet4_endict_2016_expanded.json,50143a67069cd69c0ce1221a6f7bb554b992b3295322344907bf784afb5ff9c0,4628,"{""lemma"": ""resent""}",resent,,,
cet4_endict_2016_expanded.json,50143a67069cd69c0ce1221a6f7bb554b992b3295322344907bf784afb5ff9c0,4629,"{""lemma"": ""resentment""}",resentment,,,
cet4_endict_2016_expanded.json,50143a67069cd69c0ce1221a6f7bb554b992b3295322344907bf784afb5ff9c0,4630,"{""lemma"": ""reservation""}",reservation,,,
cet4_endict_2016_expanded.json,50143a67069cd69c0ce1221a6f7bb554b992b3295322344907bf784afb5ff9c0,4631,"{""lemma"": ""reserve""}",reserve,,,
cet4_endict_2016_expanded.json,50143a67069cd69c0ce1221a6f7bb554b992b3295322344907bf784afb5ff9c0,4632,"{""lemma"": ""reserved""}",reserved,,,
cet4_endict_2016_expanded.json,50143a67069cd69c0ce1221a6f7bb554b992b3295322344907bf784afb5ff9c0,4633,"{""lemma"": ""reside""}",reside,,,
cet4_endict_2016_expanded.json,50143a67069cd69c0ce1221a6f7bb554b992b3295322344907bf784afb5ff9c0,4634,"{""lemma"": ""residence""}",residence,,,
cet4_endict_2016_expanded.json,50143a67069cd69c0ce1221a6f7bb554b992b3295322344907bf784afb5ff9c0,4635,"{""lemma"": ""resident""}",resident,,,
cet4_endict_2016_expanded.json,50143a67069cd69c0ce1221a6f7bb554b992b3295322344907bf784afb5ff9c0,4636,"{""lemma"": ""residential""}",residential,,,
cet4_endict_2016_expanded.json,50143a67069cd69c0ce1221a6f7bb554b992b3295322344907bf784afb5ff9c0,4637,"{""lemma"": ""resign""}",resign,,,
cet4_endict_2016_expanded.json,50143a67069cd69c0ce1221a6f7bb554b992b3295322344907bf784afb5ff9c0,4638,"{""lemma"": ""resignation""}",resignation,,,
cet4_endict_2016_expanded.json,50143a67069cd69c0ce1221a6f7bb554b992b3295322344907bf784afb5ff9c0,4639,"{""lemma"": ""resist""}",resist,,,
cet4_endict_2016_expanded.json,50143a67069cd69c0ce1221a6f7bb554b992b3295322344907bf784afb5ff9c0,4640,"{""lemma"": ""resistance""}",resistance,,,
cet4_endict_2016_expanded.json,50143a67069cd69c0ce1221a6f7bb554b992b3295322344907bf784afb5ff9c0,4641,"{""lemma"": ""resistant""}",resistant,,,
cet4_endict_2016_expanded.json,50143a67069cd69c0ce1221a6f7bb554b992b3295322344907bf784afb5ff9c0,4642,"{""lemma"": ""resolute""}",resolute,,,
cet4_endict_2016_expanded.json,50143a67069cd69c0ce1221a6f7bb554b992b3295322344907bf784afb5ff9c0,4643,"{""lemma"": ""resolution""}",resolution,,,
cet4_endict_2016_expanded.json,50143a67069cd69c0ce1221a6f7bb554b992b3295322344907bf784afb5ff9c0,4644,"{""lemma"": ""resolve""}",resolve,,,
cet4_endict_2016_expanded.json,50143a67069cd69c0ce1221a6f7bb554b992b3295322344907bf784afb5ff9c0,4645,"{""lemma"": ""resort""}",resort,,,
cet4_endict_2016_expanded.json,50143a67069cd69c0ce1221a6f7bb554b992b3295322344907bf784afb5ff9c0,4646,"{""lemma"": ""resource""}",resource,,,
cet4_endict_2016_expanded.json,50143a67069cd69c0ce1221a6f7bb554b992b3295322344907bf784afb5ff9c0,4647,"{""lemma"": ""resourceful""}",resourceful,,,
cet4_endict_2016_expanded.json,50143a67069cd69c0ce1221a6f7bb554b992b3295322344907bf784afb5ff9c0,4648,"{""lemma"": ""respect""}",respect,,,
cet4_endict_2016_expanded.json,50143a67069cd69c0ce1221a6f7bb554b992b3295322344907bf784afb5ff9c0,4649,"{""lemma"": ""respectable""}",respectable,,,
cet4_endict_2016_expanded.json,50143a67069cd69c0ce1221a6f7bb554b992b3295322344907bf784afb5ff9c0,4650,"{""lemma"": ""respectful""}",respectful,,,
cet4_endict_2016_expanded.json,50143a67069cd69c0ce1221a6f7bb554b992b3295322344907bf784afb5ff9c0,4651,"{""lemma"": ""respective""}",respective,,,
cet4_endict_2016_expanded.json,50143a67069cd69c0ce1221a6f7bb554b992b3295322344907bf784afb5ff9c0,4652,"{""lemma"": ""respectively""}",respectively,,,
cet4_endict_2016_expanded.json,50143a67069cd69c0ce1221a6f7bb554b992b3295322344907bf784afb5ff9c0,4653,"{""lemma"": ""respond""}",respond,,,
cet4_endict_2016_expanded.json,50143a67069cd69c0ce1221a6f7bb554b992b3295322344907bf784afb5ff9c0,4654,"{""lemma"": ""respondent""}",respondent,,,
cet4_endict_2016_expanded.json,50143a67069cd69c0ce1221a6f7bb554b992b3295322344907bf784afb5ff9c0,4655,"{""lemma"": ""response""}",response,,,
cet4_endict_2016_expanded.json,50143a67069cd69c0ce1221a6f7bb554b992b3295322344907bf784afb5ff9c0,4656,"{""lemma"": ""responsibility""}",responsibility,,,
cet4_endict_2016_expanded.json,50143a67069cd69c0ce1221a6f7bb554b992b3295322344907bf784afb5ff9c0,4657,"{""lemma"": ""responsible""}",responsible,,,
cet4_endict_2016_expanded.json,50143a67069cd69c0ce1221a6f7bb554b992b3295322344907bf784afb5ff9c0,4658,"{""lemma"": ""responsive""}",responsive,,,
cet4_endict_2016_expanded.json,50143a67069cd69c0ce1221a6f7bb554b992b3295322344907bf784afb5ff9c0,4659,"{""lemma"": ""rest""}",rest,,,
cet4_endict_2016_expanded.json,50143a67069cd69c0ce1221a6f7bb554b992b3295322344907bf784afb5ff9c0,4660,"{""lemma"": ""restaurant""}",restaurant,,,
cet4_endict_2016_expanded.json,50143a67069cd69c0ce1221a6f7bb554b992b3295322344907bf784afb5ff9c0,4661,"{""lemma"": ""restoration""}",restoration,,,
cet4_endict_2016_expanded.json,50143a67069cd69c0ce1221a6f7bb554b992b3295322344907bf784afb5ff9c0,4662,"{""lemma"": ""restore""}",restore,,,
cet4_endict_2016_expanded.json,50143a67069cd69c0ce1221a6f7bb554b992b3295322344907bf784afb5ff9c0,4663,"{""lemma"": ""restrain""}",restrain,,,
cet4_endict_2016_expanded.json,50143a67069cd69c0ce1221a6f7bb554b992b3295322344907bf784afb5ff9c0,4664,"{""lemma"": ""restraint""}",restraint,,,
cet4_endict_2016_expanded.json,50143a67069cd69c0ce1221a6f7bb554b992b3295322344907bf784afb5ff9c0,4665,"{""lemma"": ""restrict""}",restrict,,,
cet4_endict_2016_expanded.json,50143a67069cd69c0ce1221a6f7bb554b992b3295322344907bf784afb5ff9c0,4666,"{""lemma"": ""restriction""}",restriction,,,
cet4_endict_2016_expanded.json,50143a67069cd69c0ce1221a6f7bb554b992b3295322344907bf784afb5ff9c0,4667,"{""lemma"": ""restrictive""}",restrictive,,,
cet4_endict_2016_expanded.json,50143a67069cd69c0ce1221a6f7bb554b992b3295322344907bf784afb5ff9c0,4668,"{""lemma"": ""result""}",result,,,
cet4_endict_2016_expanded.json,50143a67069cd69c0ce1221a6f7bb554b992b3295322344907bf784afb5ff9c0,4669,"{""lemma"": ""resultant""}",resultant,,,
cet4_endict_2016_expanded.json,50143a67069cd69c0ce1221a6f7bb554b992b3295322344907bf784afb5ff9c0,4670,"{""lemma"": ""resume""}",resume,,,
cet4_endict_2016_expanded.json,50143a67069cd69c0ce1221a6f7bb554b992b3295322344907bf784afb5ff9c0,4671,"{""lemma"": ""resumption""}",resumption,,,
cet4_endict_2016_expanded.json,50143a67069cd69c0ce1221a6f7bb554b992b3295322344907bf784afb5ff9c0,4672,"{""lemma"": ""retail""}",retail,,,
cet4_endict_2016_expanded.json,50143a67069cd69c0ce1221a6f7bb554b992b3295322344907bf784afb5ff9c0,4673,"{""lemma"": ""retailer""}",retailer,,,
cet4_endict_2016_expanded.json,50143a67069cd69c0ce1221a6f7bb554b992b3295322344907bf784afb5ff9c0,4674,"{""lemma"": ""retain""}",retain,,,
cet4_endict_2016_expanded.json,50143a67069cd69c0ce1221a6f7bb554b992b3295322344907bf784afb5ff9c0,4675,"{""lemma"": ""retell""}",retell,,,
cet4_endict_2016_expanded.json,50143a67069cd69c0ce1221a6f7bb554b992b3295322344907bf784afb5ff9c0,4676,"{""lemma"": ""retention""}",retention,,,
cet4_endict_2016_expanded.json,50143a67069cd69c0ce1221a6f7bb554b992b3295322344907bf784afb5ff9c0,4677,"{""lemma"": ""retire""}",retire,,,
cet4_endict_2016_expanded.json,50143a67069cd69c0ce1221a6f7bb554b992b3295322344907bf784afb5ff9c0,4678,"{""lemma"": ""retired""}",retired,,,
cet4_endict_2016_expanded.json,50143a67069cd69c0ce1221a6f7bb554b992b3295322344907bf784afb5ff9c0,4679,"{""lemma"": ""retirement""}",retirement,,,
cet4_endict_2016_expanded.json,50143a67069cd69c0ce1221a6f7bb554b992b3295322344907bf784afb5ff9c0,4680,"{""lemma"": ""retreat""}",retreat,,,
cet4_endict_2016_expanded.json,50143a67069cd69c0ce1221a6f7bb554b992b3295322344907bf784afb5ff9c0,4681,"{""lemma"": ""return""}",return,,,
cet4_endict_2016_expanded.json,50143a67069cd69c0ce1221a6f7bb554b992b3295322344907bf784afb5ff9c0,4682,"{""lemma"": ""reunification""}",reunification,,,
cet4_endict_2016_expanded.json,50143a67069cd69c0ce1221a6f7bb554b992b3295322344907bf784afb5ff9c0,4683,"{""lemma"": ""reunion""}",reunion,,,
cet4_endict_2016_expanded.json,50143a67069cd69c0ce1221a6f7bb554b992b3295322344907bf784afb5ff9c0,4684,"{""lemma"": ""reunite""}",reunite,,,
cet4_endict_2016_expanded.json,50143a67069cd69c0ce1221a6f7bb554b992b3295322344907bf784afb5ff9c0,4685,"{""lemma"": ""reveal""}",reveal,,,
cet4_endict_2016_expanded.json,50143a67069cd69c0ce1221a6f7bb554b992b3295322344907bf784afb5ff9c0,4686,"{""lemma"": ""revelation""}",revelation,,,
cet4_endict_2016_expanded.json,50143a67069cd69c0ce1221a6f7bb554b992b3295322344907bf784afb5ff9c0,4687,"{""lemma"": ""revenue""}",revenue,,,
cet4_endict_2016_expanded.json,50143a67069cd69c0ce1221a6f7bb554b992b3295322344907bf784afb5ff9c0,4688,"{""lemma"": ""reversal""}",reversal,,,
cet4_endict_2016_expanded.json,50143a67069cd69c0ce1221a6f7bb554b992b3295322344907bf784afb5ff9c0,4689,"{""lemma"": ""reverse""}",reverse,,,
cet4_endict_2016_expanded.json,50143a67069cd69c0ce1221a6f7bb554b992b3295322344907bf784afb5ff9c0,4690,"{""lemma"": ""reversible""}",reversible,,,
cet4_endict_2016_expanded.json,50143a67069cd69c0ce1221a6f7bb554b992b3295322344907bf784afb5ff9c0,4691,"{""lemma"": ""review""}",review,,,
cet4_endict_2016_expanded.json,50143a67069cd69c0ce1221a6f7bb554b992b3295322344907bf784afb5ff9c0,4692,"{""lemma"": ""reviewer""}",reviewer,,,
cet4_endict_2016_expanded.json,50143a67069cd69c0ce1221a6f7bb554b992b3295322344907bf784afb5ff9c0,4693,"{""lemma"": ""revise""}",revise,,,
cet4_endict_2016_expanded.json,50143a67069cd69c0ce1221a6f7bb554b992b3295322344907bf784afb5ff9c0,4694,"{""lemma"": ""revision""}",revision,,,
cet4_endict_2016_expanded.json,50143a67069cd69c0ce1221a6f7bb554b992b3295322344907bf784afb5ff9c0,4695,"{""lemma"": ""revolution""}",revolution,,,
cet4_endict_2016_expanded.json,50143a67069cd69c0ce1221a6f7bb554b992b3295322344907bf784afb5ff9c0,4696,"{""lemma"": ""revolutionary""}",revolutionary,,,
cet4_endict_2016_expanded.json,50143a67069cd69c0ce1221a6f7bb554b992b3295322344907bf784afb5ff9c0,4697,"{""lemma"": ""revolve""}",revolve,,,
cet4_endict_2016_expanded.json,50143a67069cd69c0ce1221a6f7bb554b992b3295322344907bf784afb5ff9c0,4698,"{""lemma"": ""reward""}",reward,,,
cet4_endict_2016_expanded.json,50143a67069cd69c0ce1221a6f7bb554b992b3295322344907bf784afb5ff9c0,4699,"{""lemma"": ""rewarding""}",rewarding,,,
cet4_endict_2016_expanded.json,50143a67069cd69c0ce1221a6f7bb554b992b3295322344907bf784afb5ff9c0,4700,"{""lemma"": ""rhythm""}",rhythm,,,
cet4_endict_2016_expanded.json,50143a67069cd69c0ce1221a6f7bb554b992b3295322344907bf784afb5ff9c0,4701,"{""lemma"": ""rhythmic""}",rhythmic,,,
cet4_endict_2016_expanded.json,50143a67069cd69c0ce1221a6f7bb554b992b3295322344907bf784afb5ff9c0,4702,"{""lemma"": ""rib""}",rib,,,
cet4_endict_2016_expanded.json,50143a67069cd69c0ce1221a6f7bb554b992b3295322344907bf784afb5ff9c0,4703,"{""lemma"": ""ribbon""}",ribbon,,,
cet4_endict_2016_expanded.json,50143a67069cd69c0ce1221a6f7bb554b992b3295322344907bf784afb5ff9c0,4704,"{""lemma"": ""rice""}",rice,,,
cet4_endict_2016_expanded.json,50143a67069cd69c0ce1221a6f7bb554b992b3295322344907bf784afb5ff9c0,4705,"{""lemma"": ""rich""}",rich,,,
cet4_endict_2016_expanded.json,50143a67069cd69c0ce1221a6f7bb554b992b3295322344907bf784afb5ff9c0,4706,"{""lemma"": ""rid""}",rid,,,
cet4_endict_2016_expanded.json,50143a67069cd69c0ce1221a6f7bb554b992b3295322344907bf784afb5ff9c0,4707,"{""lemma"": ""riddle""}",riddle,,,
cet4_endict_2016_expanded.json,50143a67069cd69c0ce1221a6f7bb554b992b3295322344907bf784afb5ff9c0,4708,"{""lemma"": ""ride""}",ride,,,
cet4_endict_2016_expanded.json,50143a67069cd69c0ce1221a6f7bb554b992b3295322344907bf784afb5ff9c0,4709,"{""lemma"": ""rider""}",rider,,,
cet4_endict_2016_expanded.json,50143a67069cd69c0ce1221a6f7bb554b992b3295322344907bf784afb5ff9c0,4710,"{""lemma"": ""ridicule""}",ridicule,,,
cet4_endict_2016_expanded.json,50143a67069cd69c0ce1221a6f7bb554b992b3295322344907bf784afb5ff9c0,4711,"{""lemma"": ""ridiculous""}",ridiculous,,,
cet4_endict_2016_expanded.json,50143a67069cd69c0ce1221a6f7bb554b992b3295322344907bf784afb5ff9c0,4712,"{""lemma"": ""rifle""}",rifle,,,
cet4_endict_2016_expanded.json,50143a67069cd69c0ce1221a6f7bb554b992b3295322344907bf784afb5ff9c0,4713,"{""lemma"": ""right""}",right,,,
cet4_endict_2016_expanded.json,50143a67069cd69c0ce1221a6f7bb554b992b3295322344907bf784afb5ff9c0,4714,"{""lemma"": ""ring""}",ring,,,
cet4_endict_2016_expanded.json,50143a67069cd69c0ce1221a6f7bb554b992b3295322344907bf784afb5ff9c0,4715,"{""lemma"": ""riot""}",riot,,,
cet4_endict_2016_expanded.json,50143a67069cd69c0ce1221a6f7bb554b992b3295322344907bf784afb5ff9c0,4716,"{""lemma"": ""riotous""}",riotous,,,
cet4_endict_2016_expanded.json,50143a67069cd69c0ce1221a6f7bb554b992b3295322344907bf784afb5ff9c0,4717,"{""lemma"": ""rip""}",rip,,,
cet4_endict_2016_expanded.json,50143a67069cd69c0ce1221a6f7bb554b992b3295322344907bf784afb5ff9c0,4718,"{""lemma"": ""ripe""}",ripe,,,
cet4_endict_2016_expanded.json,50143a67069cd69c0ce1221a6f7bb554b992b3295322344907bf784afb5ff9c0,4719,"{""lemma"": ""ripen""}",ripen,,,
cet4_endict_2016_expanded.json,50143a67069cd69c0ce1221a6f7bb554b992b3295322344907bf784afb5ff9c0,4720,"{""lemma"": ""rise""}",rise,,,
cet4_endict_2016_expanded.json,50143a67069cd69c0ce1221a6f7bb554b992b3295322344907bf784afb5ff9c0,4721,"{""lemma"": ""risk""}",risk,,,
cet4_endict_2016_expanded.json,50143a67069cd69c0ce1221a6f7bb554b992b3295322344907bf784afb5ff9c0,4722,"{""lemma"": ""risky""}",risky,,,
cet4_endict_2016_expanded.json,50143a67069cd69c0ce1221a6f7bb554b992b3295322344907bf784afb5ff9c0,4723,"{""lemma"": ""rival""}",rival,,,
cet4_endict_2016_expanded.json,50143a67069cd69c0ce1221a6f7bb554b992b3295322344907bf784afb5ff9c0,4724,"{""lemma"": ""rivalry""}",rivalry,,,
cet4_endict_2016_expanded.json,50143a67069cd69c0ce1221a6f7bb554b992b3295322344907bf784afb5ff9c0,4725,"{""lemma"": ""river""}",river,,,
cet4_endict_2016_expanded.json,50143a67069cd69c0ce1221a6f7bb554b992b3295322344907bf784afb5ff9c0,4726,"{""lemma"": ""road""}",road,,,
cet4_endict_2016_expanded.json,50143a67069cd69c0ce1221a6f7bb554b992b3295322344907bf784afb5ff9c0,4727,"{""lemma"": ""roar""}",roar,,,
cet4_endict_2016_expanded.json,50143a67069cd69c0ce1221a6f7bb554b992b3295322344907bf784afb5ff9c0,4728,"{""lemma"": ""roast""}",roast,,,
cet4_endict_2016_expanded.json,50143a67069cd69c0ce1221a6f7bb554b992b3295322344907bf784afb5ff9c0,4729,"{""lemma"": ""rob""}",rob,,,
cet4_endict_2016_expanded.json,50143a67069cd69c0ce1221a6f7bb554b992b3295322344907bf784afb5ff9c0,4730,"{""lemma"": ""robbery""}",robbery,,,
cet4_endict_2016_expanded.json,50143a67069cd69c0ce1221a6f7bb554b992b3295322344907bf784afb5ff9c0,4731,"{""lemma"": ""robot""}",robot,,,
cet4_endict_2016_expanded.json,50143a67069cd69c0ce1221a6f7bb554b992b3295322344907bf784afb5ff9c0,4732,"{""lemma"": ""robotic""}",robotic,,,
cet4_endict_2016_expanded.json,50143a67069cd69c0ce1221a6f7bb554b992b3295322344907bf784afb5ff9c0,4733,"{""lemma"": ""rock""}",rock,,,
cet4_endict_2016_expanded.json,50143a67069cd69c0ce1221a6f7bb554b992b3295322344907bf784afb5ff9c0,4734,"{""lemma"": ""rocket""}",rocket,,,
cet4_endict_2016_expanded.json,50143a67069cd69c0ce1221a6f7bb554b992b3295322344907bf784afb5ff9c0,4735,"{""lemma"": ""rocky""}",rocky,,,
cet4_endict_2016_expanded.json,50143a67069cd69c0ce1221a6f7bb554b992b3295322344907bf784afb5ff9c0,4736,"{""lemma"": ""rod""}",rod,,,
cet4_endict_2016_expanded.json,50143a67069cd69c0ce1221a6f7bb554b992b3295322344907bf784afb5ff9c0,4737,"{""lemma"": ""role""}",role,,,
cet4_endict_2016_expanded.json,50143a67069cd69c0ce1221a6f7bb554b992b3295322344907bf784afb5ff9c0,4738,"{""lemma"": ""roll""}",roll,,,
cet4_endict_2016_expanded.json,50143a67069cd69c0ce1221a6f7bb554b992b3295322344907bf784afb5ff9c0,4739,"{""lemma"": ""roller""}",roller,,,
cet4_endict_2016_expanded.json,50143a67069cd69c0ce1221a6f7bb554b992b3295322344907bf784afb5ff9c0,4740,"{""lemma"": ""romance""}",romance,,,
cet4_endict_2016_expanded.json,50143a67069cd69c0ce1221a6f7bb554b992b3295322344907bf784afb5ff9c0,4741,"{""lemma"": ""romantic""}",romantic,,,
cet4_endict_2016_expanded.json,50143a67069cd69c0ce1221a6f7bb554b992b3295322344907bf784afb5ff9c0,4742,"{""lemma"": ""roof""}",roof,,,
cet4_endict_2016_expanded.json,50143a67069cd69c0ce1221a6f7bb554b992b3295322344907bf784afb5ff9c0,4743,"{""lemma"": ""room""}",room,,,
cet4_endict_2016_expanded.json,50143a67069cd69c0ce1221a6f7bb554b992b3295322344907bf784afb5ff9c0,4744,"{""lemma"": ""root""}",root,,,
cet4_endict_2016_expanded.json,50143a67069cd69c0ce1221a6f7bb554b992b3295322344907bf784afb5ff9c0,4745,"{""lemma"": ""rope""}",rope,,,
cet4_endict_2016_expanded.json,50143a67069cd69c0ce1221a6f7bb554b992b3295322344907bf784afb5ff9c0,4746,"{""lemma"": ""rose""}",rose,,,
cet4_endict_2016_expanded.json,50143a67069cd69c0ce1221a6f7bb554b992b3295322344907bf784afb5ff9c0,4747,"{""lemma"": ""rosy""}",rosy,,,
cet4_endict_2016_expanded.json,50143a67069cd69c0ce1221a6f7bb554b992b3295322344907bf784afb5ff9c0,4748,"{""lemma"": ""rough""}",rough,,,
cet4_endict_2016_expanded.json,50143a67069cd69c0ce1221a6f7bb554b992b3295322344907bf784afb5ff9c0,4749,"{""lemma"": ""roughly""}",roughly,,,
cet4_endict_2016_expanded.json,50143a67069cd69c0ce1221a6f7bb554b992b3295322344907bf784afb5ff9c0,4750,"{""lemma"": ""round""}",round,,,
cet4_endict_2016_expanded.json,50143a67069cd69c0ce1221a6f7bb554b992b3295322344907bf784afb5ff9c0,4751,"{""lemma"": ""rouse""}",rouse,,,
cet4_endict_2016_expanded.json,50143a67069cd69c0ce1221a6f7bb554b992b3295322344907bf784afb5ff9c0,4752,"{""lemma"": ""route""}",route,,,
cet4_endict_2016_expanded.json,50143a67069cd69c0ce1221a6f7bb554b992b3295322344907bf784afb5ff9c0,4753,"{""lemma"": ""routine""}",routine,,,
cet4_endict_2016_expanded.json,50143a67069cd69c0ce1221a6f7bb554b992b3295322344907bf784afb5ff9c0,4754,"{""lemma"": ""row""}",row,,,
cet4_endict_2016_expanded.json,50143a67069cd69c0ce1221a6f7bb554b992b3295322344907bf784afb5ff9c0,4755,"{""lemma"": ""royal""}",royal,,,
cet4_endict_2016_expanded.json,50143a67069cd69c0ce1221a6f7bb554b992b3295322344907bf784afb5ff9c0,4756,"{""lemma"": ""royalty""}",royalty,,,
cet4_endict_2016_expanded.json,50143a67069cd69c0ce1221a6f7bb554b992b3295322344907bf784afb5ff9c0,4757,"{""lemma"": ""rub""}",rub,,,
cet4_endict_2016_expanded.json,50143a67069cd69c0ce1221a6f7bb554b992b3295322344907bf784afb5ff9c0,4758,"{""lemma"": ""rubber""}",rubber,,,
cet4_endict_2016_expanded.json,50143a67069cd69c0ce1221a6f7bb554b992b3295322344907bf784afb5ff9c0,4759,"{""lemma"": ""rubbish""}",rubbish,,,
cet4_endict_2016_expanded.json,50143a67069cd69c0ce1221a6f7bb554b992b3295322344907bf784afb5ff9c0,4760,"{""lemma"": ""rude""}",rude,,,
cet4_endict_2016_expanded.json,50143a67069cd69c0ce1221a6f7bb554b992b3295322344907bf784afb5ff9c0,4761,"{""lemma"": ""rug""}",rug,,,
cet4_endict_2016_expanded.json,50143a67069cd69c0ce1221a6f7bb554b992b3295322344907bf784afb5ff9c0,4762,"{""lemma"": ""ruin""}",ruin,,,
cet4_endict_2016_expanded.json,50143a67069cd69c0ce1221a6f7bb554b992b3295322344907bf784afb5ff9c0,4763,"{""lemma"": ""ruinous""}",ruinous,,,
cet4_endict_2016_expanded.json,50143a67069cd69c0ce1221a6f7bb554b992b3295322344907bf784afb5ff9c0,4764,"{""lemma"": ""rule""}",rule,,,
cet4_endict_2016_expanded.json,50143a67069cd69c0ce1221a6f7bb554b992b3295322344907bf784afb5ff9c0,4765,"{""lemma"": ""ruler""}",ruler,,,
cet4_endict_2016_expanded.json,50143a67069cd69c0ce1221a6f7bb554b992b3295322344907bf784afb5ff9c0,4766,"{""lemma"": ""ruling""}",ruling,,,
cet4_endict_2016_expanded.json,50143a67069cd69c0ce1221a6f7bb554b992b3295322344907bf784afb5ff9c0,4767,"{""lemma"": ""rumor""}",rumor,,,
cet4_endict_2016_expanded.json,50143a67069cd69c0ce1221a6f7bb554b992b3295322344907bf784afb5ff9c0,4768,"{""lemma"": ""run""}",run,,,
cet4_endict_2016_expanded.json,50143a67069cd69c0ce1221a6f7bb554b992b3295322344907bf784afb5ff9c0,4769,"{""lemma"": ""runner""}",runner,,,
cet4_endict_2016_expanded.json,50143a67069cd69c0ce1221a6f7bb554b992b3295322344907bf784afb5ff9c0,4770,"{""lemma"": ""running""}",running,,,
cet4_endict_2016_expanded.json,50143a67069cd69c0ce1221a6f7bb554b992b3295322344907bf784afb5ff9c0,4771,"{""lemma"": ""runway""}",runway,,,
cet4_endict_2016_expanded.json,50143a67069cd69c0ce1221a6f7bb554b992b3295322344907bf784afb5ff9c0,4772,"{""lemma"": ""rural""}",rural,,,
cet4_endict_2016_expanded.json,50143a67069cd69c0ce1221a6f7bb554b992b3295322344907bf784afb5ff9c0,4773,"{""lemma"": ""rush""}",rush,,,
cet4_endict_2016_expanded.json,50143a67069cd69c0ce1221a6f7bb554b992b3295322344907bf784afb5ff9c0,4774,"{""lemma"": ""sack""}",sack,,,
cet4_endict_2016_expanded.json,50143a67069cd69c0ce1221a6f7bb554b992b3295322344907bf784afb5ff9c0,4775,"{""lemma"": ""sacrifice""}",sacrifice,,,
cet4_endict_2016_expanded.json,50143a67069cd69c0ce1221a6f7bb554b992b3295322344907bf784afb5ff9c0,4776,"{""lemma"": ""sacrificial""}",sacrificial,,,
cet4_endict_2016_expanded.json,50143a67069cd69c0ce1221a6f7bb554b992b3295322344907bf784afb5ff9c0,4777,"{""lemma"": ""sad""}",sad,,,
cet4_endict_2016_expanded.json,50143a67069cd69c0ce1221a6f7bb554b992b3295322344907bf784afb5ff9c0,4778,"{""lemma"": ""sadden""}",sadden,,,
cet4_endict_2016_expanded.json,50143a67069cd69c0ce1221a6f7bb554b992b3295322344907bf784afb5ff9c0,4779,"{""lemma"": ""sadness""}",sadness,,,
cet4_endict_2016_expanded.json,50143a67069cd69c0ce1221a6f7bb554b992b3295322344907bf784afb5ff9c0,4780,"{""lemma"": ""safe""}",safe,,,
cet4_endict_2016_expanded.json,50143a67069cd69c0ce1221a6f7bb554b992b3295322344907bf784afb5ff9c0,4781,"{""lemma"": ""safety""}",safety,,,
cet4_endict_2016_expanded.json,50143a67069cd69c0ce1221a6f7bb554b992b3295322344907bf784afb5ff9c0,4782,"{""lemma"": ""sail""}",sail,,,
cet4_endict_2016_expanded.json,50143a67069cd69c0ce1221a6f7bb554b992b3295322344907bf784afb5ff9c0,4783,"{""lemma"": ""sailing""}",sailing,,,
cet4_endict_2016_expanded.json,50143a67069cd69c0ce1221a6f7bb554b992b3295322344907bf784afb5ff9c0,4784,"{""lemma"": ""sailor""}",sailor,,,
cet4_endict_2016_expanded.json,50143a67069cd69c0ce1221a6f7bb554b992b3295322344907bf784afb5ff9c0,4785,"{""lemma"": ""saint""}",saint,,,
cet4_endict_2016_expanded.json,50143a67069cd69c0ce1221a6f7bb554b992b3295322344907bf784afb5ff9c0,4786,"{""lemma"": ""sake""}",sake,,,
cet4_endict_2016_expanded.json,50143a67069cd69c0ce1221a6f7bb554b992b3295322344907bf784afb5ff9c0,4787,"{""lemma"": ""salad""}",salad,,,
cet4_endict_2016_expanded.json,50143a67069cd69c0ce1221a6f7bb554b992b3295322344907bf784afb5ff9c0,4788,"{""lemma"": ""salary""}",salary,,,
cet4_endict_2016_expanded.json,50143a67069cd69c0ce1221a6f7bb554b992b3295322344907bf784afb5ff9c0,4789,"{""lemma"": ""sale""}",sale,,,
cet4_endict_2016_expanded.json,50143a67069cd69c0ce1221a6f7bb554b992b3295322344907bf784afb5ff9c0,4790,"{""lemma"": ""salesman""}",salesman,,,
cet4_endict_2016_expanded.json,50143a67069cd69c0ce1221a6f7bb554b992b3295322344907bf784afb5ff9c0,4791,"{""lemma"": ""salt""}",salt,,,
cet4_endict_2016_expanded.json,50143a67069cd69c0ce1221a6f7bb554b992b3295322344907bf784afb5ff9c0,4792,"{""lemma"": ""salty""}",salty,,,
cet4_endict_2016_expanded.json,50143a67069cd69c0ce1221a6f7bb554b992b3295322344907bf784afb5ff9c0,4793,"{""lemma"": ""same""}",same,,,
cet4_endict_2016_expanded.json,50143a67069cd69c0ce1221a6f7bb554b992b3295322344907bf784afb5ff9c0,4794,"{""lemma"": ""sample""}",sample,,,
cet4_endict_2016_expanded.json,50143a67069cd69c0ce1221a6f7bb554b992b3295322344907bf784afb5ff9c0,4795,"{""lemma"": ""sand""}",sand,,,
cet4_endict_2016_expanded.json,50143a67069cd69c0ce1221a6f7bb554b992b3295322344907bf784afb5ff9c0,4796,"{""lemma"": ""sandwich""}",sandwich,,,
cet4_endict_2016_expanded.json,50143a67069cd69c0ce1221a6f7bb554b992b3295322344907bf784afb5ff9c0,4797,"{""lemma"": ""satellite""}",satellite,,,
cet4_endict_2016_expanded.json,50143a67069cd69c0ce1221a6f7bb554b992b3295322344907bf784afb5ff9c0,4798,"{""lemma"": ""satisfaction""}",satisfaction,,,
cet4_endict_2016_expanded.json,50143a67069cd69c0ce1221a6f7bb554b992b3295322344907bf784afb5ff9c0,4799,"{""lemma"": ""satisfactory""}",satisfactory,,,
cet4_endict_2016_expanded.json,50143a67069cd69c0ce1221a6f7bb554b992b3295322344907bf784afb5ff9c0,4800,"{""lemma"": ""satisfy""}",satisfy,,,
cet4_endict_2016_expanded.json,50143a67069cd69c0ce1221a6f7bb554b992b3295322344907bf784afb5ff9c0,4801,"{""lemma"": ""Saturday""}",Saturday,,,
cet4_endict_2016_expanded.json,50143a67069cd69c0ce1221a6f7bb554b992b3295322344907bf784afb5ff9c0,4802,"{""lemma"": ""sauce""}",sauce,,,
cet4_endict_2016_expanded.json,50143a67069cd69c0ce1221a6f7bb554b992b3295322344907bf784afb5ff9c0,4803,"{""lemma"": ""sausage""}",sausage,,,
cet4_endict_2016_expanded.json,50143a67069cd69c0ce1221a6f7bb554b992b3295322344907bf784afb5ff9c0,4804,"{""lemma"": ""save""}",save,,,
cet4_endict_2016_expanded.json,50143a67069cd69c0ce1221a6f7bb554b992b3295322344907bf784afb5ff9c0,4805,"{""lemma"": ""saving""}",saving,,,
cet4_endict_2016_expanded.json,50143a67069cd69c0ce1221a6f7bb554b992b3295322344907bf784afb5ff9c0,4806,"{""lemma"": ""say""}",say,,,
cet4_endict_2016_expanded.json,50143a67069cd69c0ce1221a6f7bb554b992b3295322344907bf784afb5ff9c0,4807,"{""lemma"": ""saying""}",saying,,,
cet4_endict_2016_expanded.json,50143a67069cd69c0ce1221a6f7bb554b992b3295322344907bf784afb5ff9c0,4808,"{""lemma"": ""scale""}",scale,,,
cet4_endict_2016_expanded.json,50143a67069cd69c0ce1221a6f7bb554b992b3295322344907bf784afb5ff9c0,4809,"{""lemma"": ""scan""}",scan,,,
cet4_endict_2016_expanded.json,50143a67069cd69c0ce1221a6f7bb554b992b3295322344907bf784afb5ff9c0,4810,"{""lemma"": ""scandal""}",scandal,,,
cet4_endict_2016_expanded.json,50143a67069cd69c0ce1221a6f7bb554b992b3295322344907bf784afb5ff9c0,4811,"{""lemma"": ""scandalous""}",scandalous,,,
cet4_endict_2016_expanded.json,50143a67069cd69c0ce1221a6f7bb554b992b3295322344907bf784afb5ff9c0,4812,"{""lemma"": ""scanner""}",scanner,,,
cet4_endict_2016_expanded.json,50143a67069cd69c0ce1221a6f7bb554b992b3295322344907bf784afb5ff9c0,4813,"{""lemma"": ""scar""}",scar,,,
cet4_endict_2016_expanded.json,50143a67069cd69c0ce1221a6f7bb554b992b3295322344907bf784afb5ff9c0,4814,"{""lemma"": ""scarce""}",scarce,,,
cet4_endict_2016_expanded.json,50143a67069cd69c0ce1221a6f7bb554b992b3295322344907bf784afb5ff9c0,4815,"{""lemma"": ""scarcely""}",scarcely,,,
cet4_endict_2016_expanded.json,50143a67069cd69c0ce1221a6f7bb554b992b3295322344907bf784afb5ff9c0,4816,"{""lemma"": ""scarcity""}",scarcity,,,
cet4_endict_2016_expanded.json,50143a67069cd69c0ce1221a6f7bb554b992b3295322344907bf784afb5ff9c0,4817,"{""lemma"": ""scare""}",scare,,,
cet4_endict_2016_expanded.json,50143a67069cd69c0ce1221a6f7bb554b992b3295322344907bf784afb5ff9c0,4818,"{""lemma"": ""scary""}",scary,,,
cet4_endict_2016_expanded.json,50143a67069cd69c0ce1221a6f7bb554b992b3295322344907bf784afb5ff9c0,4819,"{""lemma"": ""scatter""}",scatter,,,
cet4_endict_2016_expanded.json,50143a67069cd69c0ce1221a6f7bb554b992b3295322344907bf784afb5ff9c0,4820,"{""lemma"": ""scene""}",scene,,,
cet4_endict_2016_expanded.json,50143a67069cd69c0ce1221a6f7bb554b992b3295322344907bf784afb5ff9c0,4821,"{""lemma"": ""scenery""}",scenery,,,
cet4_endict_2016_expanded.json,50143a67069cd69c0ce1221a6f7bb554b992b3295322344907bf784afb5ff9c0,4822,"{""lemma"": ""scenic""}",scenic,,,
cet4_endict_2016_expanded.json,50143a67069cd69c0ce1221a6f7bb554b992b3295322344907bf784afb5ff9c0,4823,"{""lemma"": ""scent""}",scent,,,
cet4_endict_2016_expanded.json,50143a67069cd69c0ce1221a6f7bb554b992b3295322344907bf784afb5ff9c0,4824,"{""lemma"": ""schedule""}",schedule,,,
cet4_endict_2016_expanded.json,50143a67069cd69c0ce1221a6f7bb554b992b3295322344907bf784afb5ff9c0,4825,"{""lemma"": ""scheme""}",scheme,,,
cet4_endict_2016_expanded.json,50143a67069cd69c0ce1221a6f7bb554b992b3295322344907bf784afb5ff9c0,4826,"{""lemma"": ""scholar""}",scholar,,,
cet4_endict_2016_expanded.json,50143a67069cd69c0ce1221a6f7bb554b992b3295322344907bf784afb5ff9c0,4827,"{""lemma"": ""scholarly""}",scholarly,,,
cet4_endict_2016_expanded.json,50143a67069cd69c0ce1221a6f7bb554b992b3295322344907bf784afb5ff9c0,4828,"{""lemma"": ""scholarship""}",scholarship,,,
cet4_endict_2016_expanded.json,50143a67069cd69c0ce1221a6f7bb554b992b3295322344907bf784afb5ff9c0,4829,"{""lemma"": ""scholastic""}",scholastic,,,
cet4_endict_2016_expanded.json,50143a67069cd69c0ce1221a6f7bb554b992b3295322344907bf784afb5ff9c0,4830,"{""lemma"": ""school""}",school,,,
cet4_endict_2016_expanded.json,50143a67069cd69c0ce1221a6f7bb554b992b3295322344907bf784afb5ff9c0,4831,"{""lemma"": ""schooling""}",schooling,,,
cet4_endict_2016_expanded.json,50143a67069cd69c0ce1221a6f7bb554b992b3295322344907bf784afb5ff9c0,4832,"{""lemma"": ""science""}",science,,,
cet4_endict_2016_expanded.json,50143a67069cd69c0ce1221a6f7bb554b992b3295322344907bf784afb5ff9c0,4833,"{""lemma"": ""scientific""}",scientific,,,
cet4_endict_2016_expanded.json,50143a67069cd69c0ce1221a6f7bb554b992b3295322344907bf784afb5ff9c0,4834,"{""lemma"": ""scientist""}",scientist,,,
cet4_endict_2016_expanded.json,50143a67069cd69c0ce1221a6f7bb554b992b3295322344907bf784afb5ff9c0,4835,"{""lemma"": ""scissors""}",scissors,,,
cet4_endict_2016_expanded.json,50143a67069cd69c0ce1221a6f7bb554b992b3295322344907bf784afb5ff9c0,4836,"{""lemma"": ""scold""}",scold,,,
cet4_endict_2016_expanded.json,50143a67069cd69c0ce1221a6f7bb554b992b3295322344907bf784afb5ff9c0,4837,"{""lemma"": ""scope""}",scope,,,
cet4_endict_2016_expanded.json,50143a67069cd69c0ce1221a6f7bb554b992b3295322344907bf784afb5ff9c0,4838,"{""lemma"": ""score""}",score,,,
cet4_endict_2016_expanded.json,50143a67069cd69c0ce1221a6f7bb554b992b3295322344907bf784afb5ff9c0,4839,"{""lemma"": ""scout""}",scout,,,
cet4_endict_2016_expanded.json,50143a67069cd69c0ce1221a6f7bb554b992b3295322344907bf784afb5ff9c0,4840,"{""lemma"": ""scratch""}",scratch,,,
cet4_endict_2016_expanded.json,50143a67069cd69c0ce1221a6f7bb554b992b3295322344907bf784afb5ff9c0,4841,"{""lemma"": ""scream""}",scream,,,
cet4_endict_2016_expanded.json,50143a67069cd69c0ce1221a6f7bb554b992b3295322344907bf784afb5ff9c0,4842,"{""lemma"": ""screen""}",screen,,,
cet4_endict_2016_expanded.json,50143a67069cd69c0ce1221a6f7bb554b992b3295322344907bf784afb5ff9c0,4843,"{""lemma"": ""screw""}",screw,,,
cet4_endict_2016_expanded.json,50143a67069cd69c0ce1221a6f7bb554b992b3295322344907bf784afb5ff9c0,4844,"{""lemma"": ""script""}",script,,,
cet4_endict_2016_expanded.json,50143a67069cd69c0ce1221a6f7bb554b992b3295322344907bf784afb5ff9c0,4845,"{""lemma"": ""scripture""}",scripture,,,
cet4_endict_2016_expanded.json,50143a67069cd69c0ce1221a6f7bb554b992b3295322344907bf784afb5ff9c0,4846,"{""lemma"": ""sea""}",sea,,,
cet4_endict_2016_expanded.json,50143a67069cd69c0ce1221a6f7bb554b992b3295322344907bf784afb5ff9c0,4847,"{""lemma"": ""seal""}",seal,,,
cet4_endict_2016_expanded.json,50143a67069cd69c0ce1221a6f7bb554b992b3295322344907bf784afb5ff9c0,4848,"{""lemma"": ""search""}",search,,,
cet4_endict_2016_expanded.json,50143a67069cd69c0ce1221a6f7bb554b992b3295322344907bf784afb5ff9c0,4849,"{""lemma"": ""season""}",season,,,
cet4_endict_2016_expanded.json,50143a67069cd69c0ce1221a6f7bb554b992b3295322344907bf784afb5ff9c0,4850,"{""lemma"": ""seasonal""}",seasonal,,,
cet4_endict_2016_expanded.json,50143a67069cd69c0ce1221a6f7bb554b992b3295322344907bf784afb5ff9c0,4851,"{""lemma"": ""seat""}",seat,,,
cet4_endict_2016_expanded.json,50143a67069cd69c0ce1221a6f7bb554b992b3295322344907bf784afb5ff9c0,4852,"{""lemma"": ""second""}",second,,,
cet4_endict_2016_expanded.json,50143a67069cd69c0ce1221a6f7bb554b992b3295322344907bf784afb5ff9c0,4853,"{""lemma"": ""second hand""}",second hand,,,
cet4_endict_2016_expanded.json,50143a67069cd69c0ce1221a6f7bb554b992b3295322344907bf784afb5ff9c0,4854,"{""lemma"": ""secondary""}",secondary,,,
cet4_endict_2016_expanded.json,50143a67069cd69c0ce1221a6f7bb554b992b3295322344907bf784afb5ff9c0,4855,"{""lemma"": ""secrecy""}",secrecy,,,
cet4_endict_2016_expanded.json,50143a67069cd69c0ce1221a6f7bb554b992b3295322344907bf784afb5ff9c0,4856,"{""lemma"": ""secret""}",secret,,,
cet4_endict_2016_expanded.json,50143a67069cd69c0ce1221a6f7bb554b992b3295322344907bf784afb5ff9c0,4857,"{""lemma"": ""secretarial""}",secretarial,,,
cet4_endict_2016_expanded.json,50143a67069cd69c0ce1221a6f7bb554b992b3295322344907bf784afb5ff9c0,4858,"{""lemma"": ""secretary""}",secretary,,,
cet4_endict_2016_expanded.json,50143a67069cd69c0ce1221a6f7bb554b992b3295322344907bf784afb5ff9c0,4859,"{""lemma"": ""secretive""}",secretive,,,
cet4_endict_2016_expanded.json,50143a67069cd69c0ce1221a6f7bb554b992b3295322344907bf784afb5ff9c0,4860,"{""lemma"": ""section""}",section,,,
cet4_endict_2016_expanded.json,50143a67069cd69c0ce1221a6f7bb554b992b3295322344907bf784afb5ff9c0,4861,"{""lemma"": ""sector""}",sector,,,
cet4_endict_2016_expanded.json,50143a67069cd69c0ce1221a6f7bb554b992b3295322344907bf784afb5ff9c0,4862,"{""lemma"": ""secure""}",secure,,,
cet4_endict_2016_expanded.json,50143a67069cd69c0ce1221a6f7bb554b992b3295322344907bf784afb5ff9c0,4863,"{""lemma"": ""security""}",security,,,
cet4_endict_2016_expanded.json,50143a67069cd69c0ce1221a6f7bb554b992b3295322344907bf784afb5ff9c0,4864,"{""lemma"": ""see""}",see,,,
cet4_endict_2016_expanded.json,50143a67069cd69c0ce1221a6f7bb554b992b3295322344907bf784afb5ff9c0,4865,"{""lemma"": ""seed""}",seed,,,
cet4_endict_2016_expanded.json,50143a67069cd69c0ce1221a6f7bb554b992b3295322344907bf784afb5ff9c0,4866,"{""lemma"": ""seedling""}",seedling,,,
cet4_endict_2016_expanded.json,50143a67069cd69c0ce1221a6f7bb554b992b3295322344907bf784afb5ff9c0,4867,"{""lemma"": ""seek""}",seek,,,
cet4_endict_2016_expanded.json,50143a67069cd69c0ce1221a6f7bb554b992b3295322344907bf784afb5ff9c0,4868,"{""lemma"": ""seem""}",seem,,,
cet4_endict_2016_expanded.json,50143a67069cd69c0ce1221a6f7bb554b992b3295322344907bf784afb5ff9c0,4869,"{""lemma"": ""seeming""}",seeming,,,
cet4_endict_2016_expanded.json,50143a67069cd69c0ce1221a6f7bb554b992b3295322344907bf784afb5ff9c0,4870,"{""lemma"": ""seemingly""}",seemingly,,,
cet4_endict_2016_expanded.json,50143a67069cd69c0ce1221a6f7bb554b992b3295322344907bf784afb5ff9c0,4871,"{""lemma"": ""segment""}",segment,,,
cet4_endict_2016_expanded.json,50143a67069cd69c0ce1221a6f7bb554b992b3295322344907bf784afb5ff9c0,4872,"{""lemma"": ""segmental""}",segmental,,,
cet4_endict_2016_expanded.json,50143a67069cd69c0ce1221a6f7bb554b992b3295322344907bf784afb5ff9c0,4873,"{""lemma"": ""seize""}",seize,,,
cet4_endict_2016_expanded.json,50143a67069cd69c0ce1221a6f7bb554b992b3295322344907bf784afb5ff9c0,4874,"{""lemma"": ""seizure""}",seizure,,,
cet4_endict_2016_expanded.json,50143a67069cd69c0ce1221a6f7bb554b992b3295322344907bf784afb5ff9c0,4875,"{""lemma"": ""seldom""}",seldom,,,
cet4_endict_2016_expanded.json,50143a67069cd69c0ce1221a6f7bb554b992b3295322344907bf784afb5ff9c0,4876,"{""lemma"": ""select""}",select,,,
cet4_endict_2016_expanded.json,50143a67069cd69c0ce1221a6f7bb554b992b3295322344907bf784afb5ff9c0,4877,"{""lemma"": ""selection""}",selection,,,
cet4_endict_2016_expanded.json,50143a67069cd69c0ce1221a6f7bb554b992b3295322344907bf784afb5ff9c0,4878,"{""lemma"": ""selective""}",selective,,,
cet4_endict_2016_expanded.json,50143a67069cd69c0ce1221a6f7bb554b992b3295322344907bf784afb5ff9c0,4879,"{""lemma"": ""self""}",self,,,
cet4_endict_2016_expanded.json,50143a67069cd69c0ce1221a6f7bb554b992b3295322344907bf784afb5ff9c0,4880,"{""lemma"": ""selfish""}",selfish,,,
cet4_endict_2016_expanded.json,50143a67069cd69c0ce1221a6f7bb554b992b3295322344907bf784afb5ff9c0,4881,"{""lemma"": ""selfless""}",selfless,,,
cet4_endict_2016_expanded.json,50143a67069cd69c0ce1221a6f7bb554b992b3295322344907bf784afb5ff9c0,4882,"{""lemma"": ""sell""}",sell,,,
cet4_endict_2016_expanded.json,50143a67069cd69c0ce1221a6f7bb554b992b3295322344907bf784afb5ff9c0,4883,"{""lemma"": ""semester""}",semester,,,
cet4_endict_2016_expanded.json,50143a67069cd69c0ce1221a6f7bb554b992b3295322344907bf784afb5ff9c0,4884,"{""lemma"": ""semicolon""}",semicolon,,,
cet4_endict_2016_expanded.json,50143a67069cd69c0ce1221a6f7bb554b992b3295322344907bf784afb5ff9c0,4885,"{""lemma"": ""seminar""}",seminar,,,
cet4_endict_2016_expanded.json,50143a67069cd69c0ce1221a6f7bb554b992b3295322344907bf784afb5ff9c0,4886,"{""lemma"": ""senate""}",senate,,,
cet4_endict_2016_expanded.json,50143a67069cd69c0ce1221a6f7bb554b992b3295322344907bf784afb5ff9c0,4887,"{""lemma"": ""senator""}",senator,,,
cet4_endict_2016_expanded.json,50143a67069cd69c0ce1221a6f7bb554b992b3295322344907bf784afb5ff9c0,4888,"{""lemma"": ""send""}",send,,,
cet4_endict_2016_expanded.json,50143a67069cd69c0ce1221a6f7bb554b992b3295322344907bf784afb5ff9c0,4889,"{""lemma"": ""senior""}",senior,,,
cet4_endict_2016_expanded.json,50143a67069cd69c0ce1221a6f7bb554b992b3295322344907bf784afb5ff9c0,4890,"{""lemma"": ""seniority""}",seniority,,,
cet4_endict_2016_expanded.json,50143a67069cd69c0ce1221a6f7bb554b992b3295322344907bf784afb5ff9c0,4891,"{""lemma"": ""sense""}",sense,,,
cet4_endict_2016_expanded.json,50143a67069cd69c0ce1221a6f7bb554b992b3295322344907bf784afb5ff9c0,4892,"{""lemma"": ""sensible""}",sensible,,,
cet4_endict_2016_expanded.json,50143a67069cd69c0ce1221a6f7bb554b992b3295322344907bf784afb5ff9c0,4893,"{""lemma"": ""sensitive""}",sensitive,,,
cet4_endict_2016_expanded.json,50143a67069cd69c0ce1221a6f7bb554b992b3295322344907bf784afb5ff9c0,4894,"{""lemma"": ""sensitivity""}",sensitivity,,,
cet4_endict_2016_expanded.json,50143a67069cd69c0ce1221a6f7bb554b992b3295322344907bf784afb5ff9c0,4895,"{""lemma"": ""sensor""}",sensor,,,
cet4_endict_2016_expanded.json,50143a67069cd69c0ce1221a6f7bb554b992b3295322344907bf784afb5ff9c0,4896,"{""lemma"": ""sentence""}",sentence,,,
cet4_endict_2016_expanded.json,50143a67069cd69c0ce1221a6f7bb554b992b3295322344907bf784afb5ff9c0,4897,"{""lemma"": ""separate""}",separate,,,
cet4_endict_2016_expanded.json,50143a67069cd69c0ce1221a6f7bb554b992b3295322344907bf784afb5ff9c0,4898,"{""lemma"": ""separation""}",separation,,,
cet4_endict_2016_expanded.json,50143a67069cd69c0ce1221a6f7bb554b992b3295322344907bf784afb5ff9c0,4899,"{""lemma"": ""separatist""}",separatist,,,
cet4_endict_2016_expanded.json,50143a67069cd69c0ce1221a6f7bb554b992b3295322344907bf784afb5ff9c0,4900,"{""lemma"": ""September""}",September,,,
cet4_endict_2016_expanded.json,50143a67069cd69c0ce1221a6f7bb554b992b3295322344907bf784afb5ff9c0,4901,"{""lemma"": ""sequence""}",sequence,,,
cet4_endict_2016_expanded.json,50143a67069cd69c0ce1221a6f7bb554b992b3295322344907bf784afb5ff9c0,4902,"{""lemma"": ""sequential""}",sequential,,,
cet4_endict_2016_expanded.json,50143a67069cd69c0ce1221a6f7bb554b992b3295322344907bf784afb5ff9c0,4903,"{""lemma"": ""series""}",series,,,
cet4_endict_2016_expanded.json,50143a67069cd69c0ce1221a6f7bb554b992b3295322344907bf784afb5ff9c0,4904,"{""lemma"": ""serious""}",serious,,,
cet4_endict_2016_expanded.json,50143a67069cd69c0ce1221a6f7bb554b992b3295322344907bf784afb5ff9c0,4905,"{""lemma"": ""servant""}",servant,,,
cet4_endict_2016_expanded.json,50143a67069cd69c0ce1221a6f7bb554b992b3295322344907bf784afb5ff9c0,4906,"{""lemma"": ""serve""}",serve,,,
cet4_endict_2016_expanded.json,50143a67069cd69c0ce1221a6f7bb554b992b3295322344907bf784afb5ff9c0,4907,"{""lemma"": ""service""}",service,,,
cet4_endict_2016_expanded.json,50143a67069cd69c0ce1221a6f7bb554b992b3295322344907bf784afb5ff9c0,4908,"{""lemma"": ""serving""}",serving,,,
cet4_endict_2016_expanded.json,50143a67069cd69c0ce1221a6f7bb554b992b3295322344907bf784afb5ff9c0,4909,"{""lemma"": ""session""}",session,,,
cet4_endict_2016_expanded.json,50143a67069cd69c0ce1221a6f7bb554b992b3295322344907bf784afb5ff9c0,4910,"{""lemma"": ""set""}",set,,,
cet4_endict_2016_expanded.json,50143a67069cd69c0ce1221a6f7bb554b992b3295322344907bf784afb5ff9c0,4911,"{""lemma"": ""setback""}",setback,,,
cet4_endict_2016_expanded.json,50143a67069cd69c0ce1221a6f7bb554b992b3295322344907bf784afb5ff9c0,4912,"{""lemma"": ""setting""}",setting,,,
cet4_endict_2016_expanded.json,50143a67069cd69c0ce1221a6f7bb554b992b3295322344907bf784afb5ff9c0,4913,"{""lemma"": ""settle""}",settle,,,
cet4_endict_2016_expanded.json,50143a67069cd69c0ce1221a6f7bb554b992b3295322344907bf784afb5ff9c0,4914,"{""lemma"": ""settlement""}",settlement,,,
cet4_endict_2016_expanded.json,50143a67069cd69c0ce1221a6f7bb554b992b3295322344907bf784afb5ff9c0,4915,"{""lemma"": ""seven""}",seven,,,
cet4_endict_2016_expanded.json,50143a67069cd69c0ce1221a6f7bb554b992b3295322344907bf784afb5ff9c0,4916,"{""lemma"": ""seventeen""}",seventeen,,,
cet4_endict_2016_expanded.json,50143a67069cd69c0ce1221a6f7bb554b992b3295322344907bf784afb5ff9c0,4917,"{""lemma"": ""seventy""}",seventy,,,
cet4_endict_2016_expanded.json,50143a67069cd69c0ce1221a6f7bb554b992b3295322344907bf784afb5ff9c0,4918,"{""lemma"": ""several""}",several,,,
cet4_endict_2016_expanded.json,50143a67069cd69c0ce1221a6f7bb554b992b3295322344907bf784afb5ff9c0,4919,"{""lemma"": ""severe""}",severe,,,
cet4_endict_2016_expanded.json,50143a67069cd69c0ce1221a6f7bb554b992b3295322344907bf784afb5ff9c0,4920,"{""lemma"": ""severity""}",severity,,,
cet4_endict_2016_expanded.json,50143a67069cd69c0ce1221a6f7bb554b992b3295322344907bf784afb5ff9c0,4921,"{""lemma"": ""sew""}",sew,,,
cet4_endict_2016_expanded.json,50143a67069cd69c0ce1221a6f7bb554b992b3295322344907bf784afb5ff9c0,4922,"{""lemma"": ""sex""}",sex,,,
cet4_endict_2016_expanded.json,50143a67069cd69c0ce1221a6f7bb554b992b3295322344907bf784afb5ff9c0,4923,"{""lemma"": ""sexual""}",sexual,,,
cet4_endict_2016_expanded.json,50143a67069cd69c0ce1221a6f7bb554b992b3295322344907bf784afb5ff9c0,4924,"{""lemma"": ""sexy""}",sexy,,,
cet4_endict_2016_expanded.json,50143a67069cd69c0ce1221a6f7bb554b992b3295322344907bf784afb5ff9c0,4925,"{""lemma"": ""shade""}",shade,,,
cet4_endict_2016_expanded.json,50143a67069cd69c0ce1221a6f7bb554b992b3295322344907bf784afb5ff9c0,4926,"{""lemma"": ""shadow""}",shadow,,,
cet4_endict_2016_expanded.json,50143a67069cd69c0ce1221a6f7bb554b992b3295322344907bf784afb5ff9c0,4927,"{""lemma"": ""shady""}",shady,,,
cet4_endict_2016_expanded.json,50143a67069cd69c0ce1221a6f7bb554b992b3295322344907bf784afb5ff9c0,4928,"{""lemma"": ""shake""}",shake,,,
cet4_endict_2016_expanded.json,50143a67069cd69c0ce1221a6f7bb554b992b3295322344907bf784afb5ff9c0,4929,"{""lemma"": ""shaky""}",shaky,,,
cet4_endict_2016_expanded.json,50143a67069cd69c0ce1221a6f7bb554b992b3295322344907bf784afb5ff9c0,4930,"{""lemma"": ""shall""}",shall,,,
cet4_endict_2016_expanded.json,50143a67069cd69c0ce1221a6f7bb554b992b3295322344907bf784afb5ff9c0,4931,"{""lemma"": ""shallow""}",shallow,,,
cet4_endict_2016_expanded.json,50143a67069cd69c0ce1221a6f7bb554b992b3295322344907bf784afb5ff9c0,4932,"{""lemma"": ""shame""}",shame,,,
cet4_endict_2016_expanded.json,50143a67069cd69c0ce1221a6f7bb554b992b3295322344907bf784afb5ff9c0,4933,"{""lemma"": ""shameful""}",shameful,,,
cet4_endict_2016_expanded.json,50143a67069cd69c0ce1221a6f7bb554b992b3295322344907bf784afb5ff9c0,4934,"{""lemma"": ""shameless""}",shameless,,,
cet4_endict_2016_expanded.json,50143a67069cd69c0ce1221a6f7bb554b992b3295322344907bf784afb5ff9c0,4935,"{""lemma"": ""shape""}",shape,,,
cet4_endict_2016_expanded.json,50143a67069cd69c0ce1221a6f7bb554b992b3295322344907bf784afb5ff9c0,4936,"{""lemma"": ""share""}",share,,,
cet4_endict_2016_expanded.json,50143a67069cd69c0ce1221a6f7bb554b992b3295322344907bf784afb5ff9c0,4937,"{""lemma"": ""sharp""}",sharp,,,
cet4_endict_2016_expanded.json,50143a67069cd69c0ce1221a6f7bb554b992b3295322344907bf784afb5ff9c0,4938,"{""lemma"": ""sharpen""}",sharpen,,,
cet4_endict_2016_expanded.json,50143a67069cd69c0ce1221a6f7bb554b992b3295322344907bf784afb5ff9c0,4939,"{""lemma"": ""shave""}",shave,,,
cet4_endict_2016_expanded.json,50143a67069cd69c0ce1221a6f7bb554b992b3295322344907bf784afb5ff9c0,4940,"{""lemma"": ""shaver""}",shaver,,,
cet4_endict_2016_expanded.json,50143a67069cd69c0ce1221a6f7bb554b992b3295322344907bf784afb5ff9c0,4941,"{""lemma"": ""she""}",she,,,
cet4_endict_2016_expanded.json,50143a67069cd69c0ce1221a6f7bb554b992b3295322344907bf784afb5ff9c0,4942,"{""lemma"": ""shed""}",shed,,,
cet4_endict_2016_expanded.json,50143a67069cd69c0ce1221a6f7bb554b992b3295322344907bf784afb5ff9c0,4943,"{""lemma"": ""sheep""}",sheep,,,
cet4_endict_2016_expanded.json,50143a67069cd69c0ce1221a6f7bb554b992b3295322344907bf784afb5ff9c0,4944,"{""lemma"": ""sheer""}",sheer,,,
cet4_endict_2016_expanded.json,50143a67069cd69c0ce1221a6f7bb554b992b3295322344907bf784afb5ff9c0,4945,"{""lemma"": ""sheet""}",sheet,,,
cet4_endict_2016_expanded.json,50143a67069cd69c0ce1221a6f7bb554b992b3295322344907bf784afb5ff9c0,4946,"{""lemma"": ""shelf""}",shelf,,,
cet4_endict_2016_expanded.json,50143a67069cd69c0ce1221a6f7bb554b992b3295322344907bf784afb5ff9c0,4947,"{""lemma"": ""shell""}",shell,,,
cet4_endict_2016_expanded.json,50143a67069cd69c0ce1221a6f7bb554b992b3295322344907bf784afb5ff9c0,4948,"{""lemma"": ""shelter""}",shelter,,,
cet4_endict_2016_expanded.json,50143a67069cd69c0ce1221a6f7bb554b992b3295322344907bf784afb5ff9c0,4949,"{""lemma"": ""shift""}",shift,,,
cet4_endict_2016_expanded.json,50143a67069cd69c0ce1221a6f7bb554b992b3295322344907bf784afb5ff9c0,4950,"{""lemma"": ""shine""}",shine,,,
cet4_endict_2016_expanded.json,50143a67069cd69c0ce1221a6f7bb554b992b3295322344907bf784afb5ff9c0,4951,"{""lemma"": ""shiny""}",shiny,,,
cet4_endict_2016_expanded.json,50143a67069cd69c0ce1221a6f7bb554b992b3295322344907bf784afb5ff9c0,4952,"{""lemma"": ""ship""}",ship,,,
cet4_endict_2016_expanded.json,50143a67069cd69c0ce1221a6f7bb554b992b3295322344907bf784afb5ff9c0,4953,"{""lemma"": ""shipment""}",shipment,,,
cet4_endict_2016_expanded.json,50143a67069cd69c0ce1221a6f7bb554b992b3295322344907bf784afb5ff9c0,4954,"{""lemma"": ""shipping""}",shipping,,,
cet4_endict_2016_expanded.json,50143a67069cd69c0ce1221a6f7bb554b992b3295322344907bf784afb5ff9c0,4955,"{""lemma"": ""shirt""}",shirt,,,
cet4_endict_2016_expanded.json,50143a67069cd69c0ce1221a6f7bb554b992b3295322344907bf784afb5ff9c0,4956,"{""lemma"": ""shit""}",shit,,,
cet4_endict_2016_expanded.json,50143a67069cd69c0ce1221a6f7bb554b992b3295322344907bf784afb5ff9c0,4957,"{""lemma"": ""shiver""}",shiver,,,
cet4_endict_2016_expanded.json,50143a67069cd69c0ce1221a6f7bb554b992b3295322344907bf784afb5ff9c0,4958,"{""lemma"": ""shock""}",shock,,,
cet4_endict_2016_expanded.json,50143a67069cd69c0ce1221a6f7bb554b992b3295322344907bf784afb5ff9c0,4959,"{""lemma"": ""shoe""}",shoe,,,
cet4_endict_2016_expanded.json,50143a67069cd69c0ce1221a6f7bb554b992b3295322344907bf784afb5ff9c0,4960,"{""lemma"": ""shoot""}",shoot,,,
cet4_endict_2016_expanded.json,50143a67069cd69c0ce1221a6f7bb554b992b3295322344907bf784afb5ff9c0,4961,"{""lemma"": ""shop""}",shop,,,
cet4_endict_2016_expanded.json,50143a67069cd69c0ce1221a6f7bb554b992b3295322344907bf784afb5ff9c0,4962,"{""lemma"": ""shopping""}",shopping,,,
cet4_endict_2016_expanded.json,50143a67069cd69c0ce1221a6f7bb554b992b3295322344907bf784afb5ff9c0,4963,"{""lemma"": ""shore""}",shore,,,
cet4_endict_2016_expanded.json,50143a67069cd69c0ce1221a6f7bb554b992b3295322344907bf784afb5ff9c0,4964,"{""lemma"": ""short""}",short,,,
cet4_endict_2016_expanded.json,50143a67069cd69c0ce1221a6f7bb554b992b3295322344907bf784afb5ff9c0,4965,"{""lemma"": ""shortage""}",shortage,,,
cet4_endict_2016_expanded.json,50143a67069cd69c0ce1221a6f7bb554b992b3295322344907bf784afb5ff9c0,4966,"{""lemma"": ""shortcoming""}",shortcoming,,,
cet4_endict_2016_expanded.json,50143a67069cd69c0ce1221a6f7bb554b992b3295322344907bf784afb5ff9c0,4967,"{""lemma"": ""shortly""}",shortly,,,
cet4_endict_2016_expanded.json,50143a67069cd69c0ce1221a6f7bb554b992b3295322344907bf784afb5ff9c0,4968,"{""lemma"": ""shorts""}",shorts,,,
cet4_endict_2016_expanded.json,50143a67069cd69c0ce1221a6f7bb554b992b3295322344907bf784afb5ff9c0,4969,"{""lemma"": ""shot""}",shot,,,
cet4_endict_2016_expanded.json,50143a67069cd69c0ce1221a6f7bb554b992b3295322344907bf784afb5ff9c0,4970,"{""lemma"": ""should""}",should,,,
cet4_endict_2016_expanded.json,50143a67069cd69c0ce1221a6f7bb554b992b3295322344907bf784afb5ff9c0,4971,"{""lemma"": ""shoulder""}",shoulder,,,
cet4_endict_2016_expanded.json,50143a67069cd69c0ce1221a6f7bb554b992b3295322344907bf784afb5ff9c0,4972,"{""lemma"": ""shout""}",shout,,,
cet4_endict_2016_expanded.json,50143a67069cd69c0ce1221a6f7bb554b992b3295322344907bf784afb5ff9c0,4973,"{""lemma"": ""show""}",show,,,
cet4_endict_2016_expanded.json,50143a67069cd69c0ce1221a6f7bb554b992b3295322344907bf784afb5ff9c0,4974,"{""lemma"": ""shower""}",shower,,,
cet4_endict_2016_expanded.json,50143a67069cd69c0ce1221a6f7bb554b992b3295322344907bf784afb5ff9c0,4975,"{""lemma"": ""showy""}",showy,,,
cet4_endict_2016_expanded.json,50143a67069cd69c0ce1221a6f7bb554b992b3295322344907bf784afb5ff9c0,4976,"{""lemma"": ""shrimp""}",shrimp,,,
cet4_endict_2016_expanded.json,50143a67069cd69c0ce1221a6f7bb554b992b3295322344907bf784afb5ff9c0,4977,"{""lemma"": ""shrink""}",shrink,,,
cet4_endict_2016_expanded.json,50143a67069cd69c0ce1221a6f7bb554b992b3295322344907bf784afb5ff9c0,4978,"{""lemma"": ""shrug""}",shrug,,,
cet4_endict_2016_expanded.json,50143a67069cd69c0ce1221a6f7bb554b992b3295322344907bf784afb5ff9c0,4979,"{""lemma"": ""shut""}",shut,,,
cet4_endict_2016_expanded.json,50143a67069cd69c0ce1221a6f7bb554b992b3295322344907bf784afb5ff9c0,4980,"{""lemma"": ""shuttle""}",shuttle,,,
cet4_endict_2016_expanded.json,50143a67069cd69c0ce1221a6f7bb554b992b3295322344907bf784afb5ff9c0,4981,"{""lemma"": ""shy""}",shy,,,
cet4_endict_2016_expanded.json,50143a67069cd69c0ce1221a6f7bb554b992b3295322344907bf784afb5ff9c0,4982,"{""lemma"": ""sick""}",sick,,,
cet4_endict_2016_expanded.json,50143a67069cd69c0ce1221a6f7bb554b992b3295322344907bf784afb5ff9c0,4983,"{""lemma"": ""sicken""}",sicken,,,
cet4_endict_2016_expanded.json,50143a67069cd69c0ce1221a6f7bb554b992b3295322344907bf784afb5ff9c0,4984,"{""lemma"": ""side""}",side,,,
cet4_endict_2016_expanded.json,50143a67069cd69c0ce1221a6f7bb554b992b3295322344907bf784afb5ff9c0,4985,"{""lemma"": ""sideways""}",sideways,,,
cet4_endict_2016_expanded.json,50143a67069cd69c0ce1221a6f7bb554b992b3295322344907bf784afb5ff9c0,4986,"{""lemma"": ""siege""}",siege,,,
cet4_endict_2016_expanded.json,50143a67069cd69c0ce1221a6f7bb554b992b3295322344907bf784afb5ff9c0,4987,"{""lemma"": ""sigh""}",sigh,,,
cet4_endict_2016_expanded.json,50143a67069cd69c0ce1221a6f7bb554b992b3295322344907bf784afb5ff9c0,4988,"{""lemma"": ""sight""}",sight,,,
cet4_endict_2016_expanded.json,50143a67069cd69c0ce1221a6f7bb554b992b3295322344907bf784afb5ff9c0,4989,"{""lemma"": ""sightseeing""}",sightseeing,,,
cet4_endict_2016_expanded.json,50143a67069cd69c0ce1221a6f7bb554b992b3295322344907bf784afb5ff9c0,4990,"{""lemma"": ""sign""}",sign,,,
cet4_endict_2016_expanded.json,50143a67069cd69c0ce1221a6f7bb554b992b3295322344907bf784afb5ff9c0,4991,"{""lemma"": ""signal""}",signal,,,
cet4_endict_2016_expanded.json,50143a67069cd69c0ce1221a6f7bb554b992b3295322344907bf784afb5ff9c0,4992,"{""lemma"": ""signature""}",signature,,,
cet4_endict_2016_expanded.json,50143a67069cd69c0ce1221a6f7bb554b992b3295322344907bf784afb5ff9c0,4993,"{""lemma"": ""significance""}",significance,,,
cet4_endict_2016_expanded.json,50143a67069cd69c0ce1221a6f7bb554b992b3295322344907bf784afb5ff9c0,4994,"{""lemma"": ""significant""}",significant,,,
cet4_endict_2016_expanded.json,50143a67069cd69c0ce1221a6f7bb554b992b3295322344907bf784afb5ff9c0,4995,"{""lemma"": ""silence""}",silence,,,
cet4_endict_2016_expanded.json,50143a67069cd69c0ce1221a6f7bb554b992b3295322344907bf784afb5ff9c0,4996,"{""lemma"": ""silent""}",silent,,,
cet4_endict_2016_expanded.json,50143a67069cd69c0ce1221a6f7bb554b992b3295322344907bf784afb5ff9c0,4997,"{""lemma"": ""silicon""}",silicon,,,
cet4_endict_2016_expanded.json,50143a67069cd69c0ce1221a6f7bb554b992b3295322344907bf784afb5ff9c0,4998,"{""lemma"": ""silk""}",silk,,,
cet4_endict_2016_expanded.json,50143a67069cd69c0ce1221a6f7bb554b992b3295322344907bf784afb5ff9c0,4999,"{""lemma"": ""silky""}",silky,,,
cet4_endict_2016_expanded.json,50143a67069cd69c0ce1221a6f7bb554b992b3295322344907bf784afb5ff9c0,5000,"{""lemma"": ""silver""}",silver,,,
cet4_endict_2016_expanded.json,50143a67069cd69c0ce1221a6f7bb554b992b3295322344907bf784afb5ff9c0,5001,"{""lemma"": ""silvery""}",silvery,,,
cet4_endict_2016_expanded.json,50143a67069cd69c0ce1221a6f7bb554b992b3295322344907bf784afb5ff9c0,5002,"{""lemma"": ""similar""}",similar,,,
cet4_endict_2016_expanded.json,50143a67069cd69c0ce1221a6f7bb554b992b3295322344907bf784afb5ff9c0,5003,"{""lemma"": ""similarity""}",similarity,,,
cet4_endict_2016_expanded.json,50143a67069cd69c0ce1221a6f7bb554b992b3295322344907bf784afb5ff9c0,5004,"{""lemma"": ""simple""}",simple,,,
cet4_endict_2016_expanded.json,50143a67069cd69c0ce1221a6f7bb554b992b3295322344907bf784afb5ff9c0,5005,"{""lemma"": ""simplicity""}",simplicity,,,
cet4_endict_2016_expanded.json,50143a67069cd69c0ce1221a6f7bb554b992b3295322344907bf784afb5ff9c0,5006,"{""lemma"": ""simplify""}",simplify,,,
cet4_endict_2016_expanded.json,50143a67069cd69c0ce1221a6f7bb554b992b3295322344907bf784afb5ff9c0,5007,"{""lemma"": ""simply""}",simply,,,
cet4_endict_2016_expanded.json,50143a67069cd69c0ce1221a6f7bb554b992b3295322344907bf784afb5ff9c0,5008,"{""lemma"": ""sin""}",sin,,,
cet4_endict_2016_expanded.json,50143a67069cd69c0ce1221a6f7bb554b992b3295322344907bf784afb5ff9c0,5009,"{""lemma"": ""since""}",since,,,
cet4_endict_2016_expanded.json,50143a67069cd69c0ce1221a6f7bb554b992b3295322344907bf784afb5ff9c0,5010,"{""lemma"": ""sincere""}",sincere,,,
cet4_endict_2016_expanded.json,50143a67069cd69c0ce1221a6f7bb554b992b3295322344907bf784afb5ff9c0,5011,"{""lemma"": ""sincerity""}",sincerity,,,
cet4_endict_2016_expanded.json,50143a67069cd69c0ce1221a6f7bb554b992b3295322344907bf784afb5ff9c0,5012,"{""lemma"": ""sing""}",sing,,,
cet4_endict_2016_expanded.json,50143a67069cd69c0ce1221a6f7bb554b992b3295322344907bf784afb5ff9c0,5013,"{""lemma"": ""singer""}",singer,,,
cet4_endict_2016_expanded.json,50143a67069cd69c0ce1221a6f7bb554b992b3295322344907bf784afb5ff9c0,5014,"{""lemma"": ""single""}",single,,,
cet4_endict_2016_expanded.json,50143a67069cd69c0ce1221a6f7bb554b992b3295322344907bf784afb5ff9c0,5015,"{""lemma"": ""singular""}",singular,,,
cet4_endict_2016_expanded.json,50143a67069cd69c0ce1221a6f7bb554b992b3295322344907bf784afb5ff9c0,5016,"{""lemma"": ""singularity""}",singularity,,,
cet4_endict_2016_expanded.json,50143a67069cd69c0ce1221a6f7bb554b992b3295322344907bf784afb5ff9c0,5017,"{""lemma"": ""sink""}",sink,,,
cet4_endict_2016_expanded.json,50143a67069cd69c0ce1221a6f7bb554b992b3295322344907bf784afb5ff9c0,5018,"{""lemma"": ""sip""}",sip,,,
cet4_endict_2016_expanded.json,50143a67069cd69c0ce1221a6f7bb554b992b3295322344907bf784afb5ff9c0,5019,"{""lemma"": ""sir""}",sir,,,
cet4_endict_2016_expanded.json,50143a67069cd69c0ce1221a6f7bb554b992b3295322344907bf784afb5ff9c0,5020,"{""lemma"": ""sister""}",sister,,,
cet4_endict_2016_expanded.json,50143a67069cd69c0ce1221a6f7bb554b992b3295322344907bf784afb5ff9c0,5021,"{""lemma"": ""sit""}",sit,,,
cet4_endict_2016_expanded.json,50143a67069cd69c0ce1221a6f7bb554b992b3295322344907bf784afb5ff9c0,5022,"{""lemma"": ""site""}",site,,,
cet4_endict_2016_expanded.json,50143a67069cd69c0ce1221a6f7bb554b992b3295322344907bf784afb5ff9c0,5023,"{""lemma"": ""sitting""}",sitting,,,
cet4_endict_2016_expanded.json,50143a67069cd69c0ce1221a6f7bb554b992b3295322344907bf784afb5ff9c0,5024,"{""lemma"": ""situate""}",situate,,,
cet4_endict_2016_expanded.json,50143a67069cd69c0ce1221a6f7bb554b992b3295322344907bf784afb5ff9c0,5025,"{""lemma"": ""situation""}",situation,,,
cet4_endict_2016_expanded.json,50143a67069cd69c0ce1221a6f7bb554b992b3295322344907bf784afb5ff9c0,5026,"{""lemma"": ""six""}",six,,,
cet4_endict_2016_expanded.json,50143a67069cd69c0ce1221a6f7bb554b992b3295322344907bf784afb5ff9c0,5027,"{""lemma"": ""sixteen""}",sixteen,,,
cet4_endict_2016_expanded.json,50143a67069cd69c0ce1221a6f7bb554b992b3295322344907bf784afb5ff9c0,5028,"{""lemma"": ""sixty""}",sixty,,,
cet4_endict_2016_expanded.json,50143a67069cd69c0ce1221a6f7bb554b992b3295322344907bf784afb5ff9c0,5029,"{""lemma"": ""sizable""}",sizable,,,
cet4_endict_2016_expanded.json,50143a67069cd69c0ce1221a6f7bb554b992b3295322344907bf784afb5ff9c0,5030,"{""lemma"": ""size""}",size,,,
cet4_endict_2016_expanded.json,50143a67069cd69c0ce1221a6f7bb554b992b3295322344907bf784afb5ff9c0,5031,"{""lemma"": ""skate""}",skate,,,
cet4_endict_2016_expanded.json,50143a67069cd69c0ce1221a6f7bb554b992b3295322344907bf784afb5ff9c0,5032,"{""lemma"": ""skating""}",skating,,,
cet4_endict_2016_expanded.json,50143a67069cd69c0ce1221a6f7bb554b992b3295322344907bf784afb5ff9c0,5033,"{""lemma"": ""skeleton""}",skeleton,,,
cet4_endict_2016_expanded.json,50143a67069cd69c0ce1221a6f7bb554b992b3295322344907bf784afb5ff9c0,5034,"{""lemma"": ""sketch""}",sketch,,,
cet4_endict_2016_expanded.json,50143a67069cd69c0ce1221a6f7bb554b992b3295322344907bf784afb5ff9c0,5035,"{""lemma"": ""sketchy""}",sketchy,,,
cet4_endict_2016_expanded.json,50143a67069cd69c0ce1221a6f7bb554b992b3295322344907bf784afb5ff9c0,5036,"{""lemma"": ""ski""}",ski,,,
cet4_endict_2016_expanded.json,50143a67069cd69c0ce1221a6f7bb554b992b3295322344907bf784afb5ff9c0,5037,"{""lemma"": ""skiing""}",skiing,,,
cet4_endict_2016_expanded.json,50143a67069cd69c0ce1221a6f7bb554b992b3295322344907bf784afb5ff9c0,5038,"{""lemma"": ""skilful""}",skilful,,,
cet4_endict_2016_expanded.json,50143a67069cd69c0ce1221a6f7bb554b992b3295322344907bf784afb5ff9c0,5039,"{""lemma"": ""skill""}",skill,,,
cet4_endict_2016_expanded.json,50143a67069cd69c0ce1221a6f7bb554b992b3295322344907bf784afb5ff9c0,5040,"{""lemma"": ""skilled""}",skilled,,,
cet4_endict_2016_expanded.json,50143a67069cd69c0ce1221a6f7bb554b992b3295322344907bf784afb5ff9c0,5041,"{""lemma"": ""skin""}",skin,,,
cet4_endict_2016_expanded.json,50143a67069cd69c0ce1221a6f7bb554b992b3295322344907bf784afb5ff9c0,5042,"{""lemma"": ""skinny""}",skinny,,,
cet4_endict_2016_expanded.json,50143a67069cd69c0ce1221a6f7bb554b992b3295322344907bf784afb5ff9c0,5043,"{""lemma"": ""skip""}",skip,,,
cet4_endict_2016_expanded.json,50143a67069cd69c0ce1221a6f7bb554b992b3295322344907bf784afb5ff9c0,5044,"{""lemma"": ""skirt""}",skirt,,,
cet4_endict_2016_expanded.json,50143a67069cd69c0ce1221a6f7bb554b992b3295322344907bf784afb5ff9c0,5045,"{""lemma"": ""sky""}",sky,,,
cet4_endict_2016_expanded.json,50143a67069cd69c0ce1221a6f7bb554b992b3295322344907bf784afb5ff9c0,5046,"{""lemma"": ""skyline""}",skyline,,,
cet4_endict_2016_expanded.json,50143a67069cd69c0ce1221a6f7bb554b992b3295322344907bf784afb5ff9c0,5047,"{""lemma"": ""skyscraper""}",skyscraper,,,
cet4_endict_2016_expanded.json,50143a67069cd69c0ce1221a6f7bb554b992b3295322344907bf784afb5ff9c0,5048,"{""lemma"": ""slap""}",slap,,,
cet4_endict_2016_expanded.json,50143a67069cd69c0ce1221a6f7bb554b992b3295322344907bf784afb5ff9c0,5049,"{""lemma"": ""slave""}",slave,,,
cet4_endict_2016_expanded.json,50143a67069cd69c0ce1221a6f7bb554b992b3295322344907bf784afb5ff9c0,5050,"{""lemma"": ""slavery""}",slavery,,,
cet4_endict_2016_expanded.json,50143a67069cd69c0ce1221a6f7bb554b992b3295322344907bf784afb5ff9c0,5051,"{""lemma"": ""sleep""}",sleep,,,
cet4_endict_2016_expanded.json,50143a67069cd69c0ce1221a6f7bb554b992b3295322344907bf784afb5ff9c0,5052,"{""lemma"": ""sleepiness""}",sleepiness,,,
cet4_endict_2016_expanded.json,50143a67069cd69c0ce1221a6f7bb554b992b3295322344907bf784afb5ff9c0,5053,"{""lemma"": ""sleepy""}",sleepy,,,
cet4_endict_2016_expanded.json,50143a67069cd69c0ce1221a6f7bb554b992b3295322344907bf784afb5ff9c0,5054,"{""lemma"": ""sleeve""}",sleeve,,,
cet4_endict_2016_expanded.json,50143a67069cd69c0ce1221a6f7bb554b992b3295322344907bf784afb5ff9c0,5055,"{""lemma"": ""slender""}",slender,,,
cet4_endict_2016_expanded.json,50143a67069cd69c0ce1221a6f7bb554b992b3295322344907bf784afb5ff9c0,5056,"{""lemma"": ""slice""}",slice,,,
cet4_endict_2016_expanded.json,50143a67069cd69c0ce1221a6f7bb554b992b3295322344907bf784afb5ff9c0,5057,"{""lemma"": ""slide""}",slide,,,
cet4_endict_2016_expanded.json,50143a67069cd69c0ce1221a6f7bb554b992b3295322344907bf784afb5ff9c0,5058,"{""lemma"": ""slight""}",slight,,,
cet4_endict_2016_expanded.json,50143a67069cd69c0ce1221a6f7bb554b992b3295322344907bf784afb5ff9c0,5059,"{""lemma"": ""slightly""}",slightly,,,
cet4_endict_2016_expanded.json,50143a67069cd69c0ce1221a6f7bb554b992b3295322344907bf784afb5ff9c0,5060,"{""lemma"": ""slim""}",slim,,,
cet4_endict_2016_expanded.json,50143a67069cd69c0ce1221a6f7bb554b992b3295322344907bf784afb5ff9c0,5061,"{""lemma"": ""slip""}",slip,,,
cet4_endict_2016_expanded.json,50143a67069cd69c0ce1221a6f7bb554b992b3295322344907bf784afb5ff9c0,5062,"{""lemma"": ""slipper""}",slipper,,,
cet4_endict_2016_expanded.json,50143a67069cd69c0ce1221a6f7bb554b992b3295322344907bf784afb5ff9c0,5063,"{""lemma"": ""slippery""}",slippery,,,
cet4_endict_2016_expanded.json,50143a67069cd69c0ce1221a6f7bb554b992b3295322344907bf784afb5ff9c0,5064,"{""lemma"": ""slogan""}",slogan,,,
cet4_endict_2016_expanded.json,50143a67069cd69c0ce1221a6f7bb554b992b3295322344907bf784afb5ff9c0,5065,"{""lemma"": ""slope""}",slope,,,
cet4_endict_2016_expanded.json,50143a67069cd69c0ce1221a6f7bb554b992b3295322344907bf784afb5ff9c0,5066,"{""lemma"": ""slow""}",slow,,,
cet4_endict_2016_expanded.json,50143a67069cd69c0ce1221a6f7bb554b992b3295322344907bf784afb5ff9c0,5067,"{""lemma"": ""small""}",small,,,
cet4_endict_2016_expanded.json,50143a67069cd69c0ce1221a6f7bb554b992b3295322344907bf784afb5ff9c0,5068,"{""lemma"": ""smart""}",smart,,,
cet4_endict_2016_expanded.json,50143a67069cd69c0ce1221a6f7bb554b992b3295322344907bf784afb5ff9c0,5069,"{""lemma"": ""smash""}",smash,,,
cet4_endict_2016_expanded.json,50143a67069cd69c0ce1221a6f7bb554b992b3295322344907bf784afb5ff9c0,5070,"{""lemma"": ""smell""}",smell,,,
cet4_endict_2016_expanded.json,50143a67069cd69c0ce1221a6f7bb554b992b3295322344907bf784afb5ff9c0,5071,"{""lemma"": ""smelly""}",smelly,,,
cet4_endict_2016_expanded.json,50143a67069cd69c0ce1221a6f7bb554b992b3295322344907bf784afb5ff9c0,5072,"{""lemma"": ""smile""}",smile,,,
cet4_endict_2016_expanded.json,50143a67069cd69c0ce1221a6f7bb554b992b3295322344907bf784afb5ff9c0,5073,"{""lemma"": ""smog""}",smog,,,
cet4_endict_2016_expanded.json,50143a67069cd69c0ce1221a6f7bb554b992b3295322344907bf784afb5ff9c0,5074,"{""lemma"": ""smoggy""}",smoggy,,,
cet4_endict_2016_expanded.json,50143a67069cd69c0ce1221a6f7bb554b992b3295322344907bf784afb5ff9c0,5075,"{""lemma"": ""smoke""}",smoke,,,
cet4_endict_2016_expanded.json,50143a67069cd69c0ce1221a6f7bb554b992b3295322344907bf784afb5ff9c0,5076,"{""lemma"": ""smoky""}",smoky,,,
cet4_endict_2016_expanded.json,50143a67069cd69c0ce1221a6f7bb554b992b3295322344907bf784afb5ff9c0,5077,"{""lemma"": ""smooth""}",smooth,,,
cet4_endict_2016_expanded.json,50143a67069cd69c0ce1221a6f7bb554b992b3295322344907bf784afb5ff9c0,5078,"{""lemma"": ""snack""}",snack,,,
cet4_endict_2016_expanded.json,50143a67069cd69c0ce1221a6f7bb554b992b3295322344907bf784afb5ff9c0,5079,"{""lemma"": ""snake""}",snake,,,
cet4_endict_2016_expanded.json,50143a67069cd69c0ce1221a6f7bb554b992b3295322344907bf784afb5ff9c0,5080,"{""lemma"": ""snow""}",snow,,,
cet4_endict_2016_expanded.json,50143a67069cd69c0ce1221a6f7bb554b992b3295322344907bf784afb5ff9c0,5081,"{""lemma"": ""snowy""}",snowy,,,
cet4_endict_2016_expanded.json,50143a67069cd69c0ce1221a6f7bb554b992b3295322344907bf784afb5ff9c0,5082,"{""lemma"": ""so""}",so,,,
cet4_endict_2016_expanded.json,50143a67069cd69c0ce1221a6f7bb554b992b3295322344907bf784afb5ff9c0,5083,"{""lemma"": ""so-called""}",so-called,,,
cet4_endict_2016_expanded.json,50143a67069cd69c0ce1221a6f7bb554b992b3295322344907bf784afb5ff9c0,5084,"{""lemma"": ""soak""}",soak,,,
cet4_endict_2016_expanded.json,50143a67069cd69c0ce1221a6f7bb554b992b3295322344907bf784afb5ff9c0,5085,"{""lemma"": ""soap""}",soap,,,
cet4_endict_2016_expanded.json,50143a67069cd69c0ce1221a6f7bb554b992b3295322344907bf784afb5ff9c0,5086,"{""lemma"": ""soar""}",soar,,,
cet4_endict_2016_expanded.json,50143a67069cd69c0ce1221a6f7bb554b992b3295322344907bf784afb5ff9c0,5087,"{""lemma"": ""soccer""}",soccer,,,
cet4_endict_2016_expanded.json,50143a67069cd69c0ce1221a6f7bb554b992b3295322344907bf784afb5ff9c0,5088,"{""lemma"": ""sociable""}",sociable,,,
cet4_endict_2016_expanded.json,50143a67069cd69c0ce1221a6f7bb554b992b3295322344907bf784afb5ff9c0,5089,"{""lemma"": ""social""}",social,,,
cet4_endict_2016_expanded.json,50143a67069cd69c0ce1221a6f7bb554b992b3295322344907bf784afb5ff9c0,5090,"{""lemma"": ""socialism""}",socialism,,,
cet4_endict_2016_expanded.json,50143a67069cd69c0ce1221a6f7bb554b992b3295322344907bf784afb5ff9c0,5091,"{""lemma"": ""socialist""}",socialist,,,
cet4_endict_2016_expanded.json,50143a67069cd69c0ce1221a6f7bb554b992b3295322344907bf784afb5ff9c0,5092,"{""lemma"": ""socialize""}",socialize,,,
cet4_endict_2016_expanded.json,50143a67069cd69c0ce1221a6f7bb554b992b3295322344907bf784afb5ff9c0,5093,"{""lemma"": ""society""}",society,,,
cet4_endict_2016_expanded.json,50143a67069cd69c0ce1221a6f7bb554b992b3295322344907bf784afb5ff9c0,5094,"{""lemma"": ""sociologist""}",sociologist,,,
cet4_endict_2016_expanded.json,50143a67069cd69c0ce1221a6f7bb554b992b3295322344907bf784afb5ff9c0,5095,"{""lemma"": ""sociology""}",sociology,,,
cet4_endict_2016_expanded.json,50143a67069cd69c0ce1221a6f7bb554b992b3295322344907bf784afb5ff9c0,5096,"{""lemma"": ""sock""}",sock,,,
cet4_endict_2016_expanded.json,50143a67069cd69c0ce1221a6f7bb554b992b3295322344907bf784afb5ff9c0,5097,"{""lemma"": ""soda""}",soda,,,
cet4_endict_2016_expanded.json,50143a67069cd69c0ce1221a6f7bb554b992b3295322344907bf784afb5ff9c0,5098,"{""lemma"": ""sofa""}",sofa,,,
cet4_endict_2016_expanded.json,50143a67069cd69c0ce1221a6f7bb554b992b3295322344907bf784afb5ff9c0,5099,"{""lemma"": ""soft""}",soft,,,
cet4_endict_2016_expanded.json,50143a67069cd69c0ce1221a6f7bb554b992b3295322344907bf784afb5ff9c0,5100,"{""lemma"": ""soften""}",soften,,,
cet4_endict_2016_expanded.json,50143a67069cd69c0ce1221a6f7bb554b992b3295322344907bf784afb5ff9c0,5101,"{""lemma"": ""software""}",software,,,
cet4_endict_2016_expanded.json,50143a67069cd69c0ce1221a6f7bb554b992b3295322344907bf784afb5ff9c0,5102,"{""lemma"": ""soil""}",soil,,,
cet4_endict_2016_expanded.json,50143a67069cd69c0ce1221a6f7bb554b992b3295322344907bf784afb5ff9c0,5103,"{""lemma"": ""solar""}",solar,,,
cet4_endict_2016_expanded.json,50143a67069cd69c0ce1221a6f7bb554b992b3295322344907bf784afb5ff9c0,5104,"{""lemma"": ""soldier""}",soldier,,,
cet4_endict_2016_expanded.json,50143a67069cd69c0ce1221a6f7bb554b992b3295322344907bf784afb5ff9c0,5105,"{""lemma"": ""sole""}",sole,,,
cet4_endict_2016_expanded.json,50143a67069cd69c0ce1221a6f7bb554b992b3295322344907bf784afb5ff9c0,5106,"{""lemma"": ""solely""}",solely,,,
cet4_endict_2016_expanded.json,50143a67069cd69c0ce1221a6f7bb554b992b3295322344907bf784afb5ff9c0,5107,"{""lemma"": ""solemn""}",solemn,,,
cet4_endict_2016_expanded.json,50143a67069cd69c0ce1221a6f7bb554b992b3295322344907bf784afb5ff9c0,5108,"{""lemma"": ""solemnity""}",solemnity,,,
cet4_endict_2016_expanded.json,50143a67069cd69c0ce1221a6f7bb554b992b3295322344907bf784afb5ff9c0,5109,"{""lemma"": ""solid""}",solid,,,
cet4_endict_2016_expanded.json,50143a67069cd69c0ce1221a6f7bb554b992b3295322344907bf784afb5ff9c0,5110,"{""lemma"": ""solidify""}",solidify,,,
cet4_endict_2016_expanded.json,50143a67069cd69c0ce1221a6f7bb554b992b3295322344907bf784afb5ff9c0,5111,"{""lemma"": ""solidity""}",solidity,,,
cet4_endict_2016_expanded.json,50143a67069cd69c0ce1221a6f7bb554b992b3295322344907bf784afb5ff9c0,5112,"{""lemma"": ""soluble""}",soluble,,,
cet4_endict_2016_expanded.json,50143a67069cd69c0ce1221a6f7bb554b992b3295322344907bf784afb5ff9c0,5113,"{""lemma"": ""solution""}",solution,,,
cet4_endict_2016_expanded.json,50143a67069cd69c0ce1221a6f7bb554b992b3295322344907bf784afb5ff9c0,5114,"{""lemma"": ""solve""}",solve,,,
cet4_endict_2016_expanded.json,50143a67069cd69c0ce1221a6f7bb554b992b3295322344907bf784afb5ff9c0,5115,"{""lemma"": ""solvent""}",solvent,,,
cet4_endict_2016_expanded.json,50143a67069cd69c0ce1221a6f7bb554b992b3295322344907bf784afb5ff9c0,5116,"{""lemma"": ""some""}",some,,,
cet4_endict_2016_expanded.json,50143a67069cd69c0ce1221a6f7bb554b992b3295322344907bf784afb5ff9c0,5117,"{""lemma"": ""somebody""}",somebody,,,
cet4_endict_2016_expanded.json,50143a67069cd69c0ce1221a6f7bb554b992b3295322344907bf784afb5ff9c0,5118,"{""lemma"": ""somehow""}",somehow,,,
cet4_endict_2016_expanded.json,50143a67069cd69c0ce1221a6f7bb554b992b3295322344907bf784afb5ff9c0,5119,"{""lemma"": ""someone""}",someone,,,
cet4_endict_2016_expanded.json,50143a67069cd69c0ce1221a6f7bb554b992b3295322344907bf784afb5ff9c0,5120,"{""lemma"": ""something""}",something,,,
cet4_endict_2016_expanded.json,50143a67069cd69c0ce1221a6f7bb554b992b3295322344907bf784afb5ff9c0,5121,"{""lemma"": ""sometime""}",sometime,,,
cet4_endict_2016_expanded.json,50143a67069cd69c0ce1221a6f7bb554b992b3295322344907bf784afb5ff9c0,5122,"{""lemma"": ""sometimes""}",sometimes,,,
cet4_endict_2016_expanded.json,50143a67069cd69c0ce1221a6f7bb554b992b3295322344907bf784afb5ff9c0,5123,"{""lemma"": ""somewhat""}",somewhat,,,
cet4_endict_2016_expanded.json,50143a67069cd69c0ce1221a6f7bb554b992b3295322344907bf784afb5ff9c0,5124,"{""lemma"": ""somewhere""}",somewhere,,,
cet4_endict_2016_expanded.json,50143a67069cd69c0ce1221a6f7bb554b992b3295322344907bf784afb5ff9c0,5125,"{""lemma"": ""son""}",son,,,
cet4_endict_2016_expanded.json,50143a67069cd69c0ce1221a6f7bb554b992b3295322344907bf784afb5ff9c0,5126,"{""lemma"": ""song""}",song,,,
cet4_endict_2016_expanded.json,50143a67069cd69c0ce1221a6f7bb554b992b3295322344907bf784afb5ff9c0,5127,"{""lemma"": ""soon""}",soon,,,
cet4_endict_2016_expanded.json,50143a67069cd69c0ce1221a6f7bb554b992b3295322344907bf784afb5ff9c0,5128,"{""lemma"": ""sophisticated""}",sophisticated,,,
cet4_endict_2016_expanded.json,50143a67069cd69c0ce1221a6f7bb554b992b3295322344907bf784afb5ff9c0,5129,"{""lemma"": ""sophistication""}",sophistication,,,
cet4_endict_2016_expanded.json,50143a67069cd69c0ce1221a6f7bb554b992b3295322344907bf784afb5ff9c0,5130,"{""lemma"": ""sore""}",sore,,,
cet4_endict_2016_expanded.json,50143a67069cd69c0ce1221a6f7bb554b992b3295322344907bf784afb5ff9c0,5131,"{""lemma"": ""sorrow""}",sorrow,,,
cet4_endict_2016_expanded.json,50143a67069cd69c0ce1221a6f7bb554b992b3295322344907bf784afb5ff9c0,5132,"{""lemma"": ""sorrowful""}",sorrowful,,,
cet4_endict_2016_expanded.json,50143a67069cd69c0ce1221a6f7bb554b992b3295322344907bf784afb5ff9c0,5133,"{""lemma"": ""sorry""}",sorry,,,
cet4_endict_2016_expanded.json,50143a67069cd69c0ce1221a6f7bb554b992b3295322344907bf784afb5ff9c0,5134,"{""lemma"": ""sort""}",sort,,,
cet4_endict_2016_expanded.json,50143a67069cd69c0ce1221a6f7bb554b992b3295322344907bf784afb5ff9c0,5135,"{""lemma"": ""soul""}",soul,,,
cet4_endict_2016_expanded.json,50143a67069cd69c0ce1221a6f7bb554b992b3295322344907bf784afb5ff9c0,5136,"{""lemma"": ""sound""}",sound,,,
cet4_endict_2016_expanded.json,50143a67069cd69c0ce1221a6f7bb554b992b3295322344907bf784afb5ff9c0,5137,"{""lemma"": ""soup""}",soup,,,
cet4_endict_2016_expanded.json,50143a67069cd69c0ce1221a6f7bb554b992b3295322344907bf784afb5ff9c0,5138,"{""lemma"": ""sour""}",sour,,,
cet4_endict_2016_expanded.json,50143a67069cd69c0ce1221a6f7bb554b992b3295322344907bf784afb5ff9c0,5139,"{""lemma"": ""source""}",source,,,
cet4_endict_2016_expanded.json,50143a67069cd69c0ce1221a6f7bb554b992b3295322344907bf784afb5ff9c0,5140,"{""lemma"": ""south""}",south,,,
cet4_endict_2016_expanded.json,50143a67069cd69c0ce1221a6f7bb554b992b3295322344907bf784afb5ff9c0,5141,"{""lemma"": ""southeast""}",southeast,,,
cet4_endict_2016_expanded.json,50143a67069cd69c0ce1221a6f7bb554b992b3295322344907bf784afb5ff9c0,5142,"{""lemma"": ""southeastern""}",southeastern,,,
cet4_endict_2016_expanded.json,50143a67069cd69c0ce1221a6f7bb554b992b3295322344907bf784afb5ff9c0,5143,"{""lemma"": ""southern""}",southern,,,
cet4_endict_2016_expanded.json,50143a67069cd69c0ce1221a6f7bb554b992b3295322344907bf784afb5ff9c0,5144,"{""lemma"": ""southwest""}",southwest,,,
cet4_endict_2016_expanded.json,50143a67069cd69c0ce1221a6f7bb554b992b3295322344907bf784afb5ff9c0,5145,"{""lemma"": ""southwestern""}",southwestern,,,
cet4_endict_2016_expanded.json,50143a67069cd69c0ce1221a6f7bb554b992b3295322344907bf784afb5ff9c0,5146,"{""lemma"": ""souvenir""}",souvenir,,,
cet4_endict_2016_expanded.json,50143a67069cd69c0ce1221a6f7bb554b992b3295322344907bf784afb5ff9c0,5147,"{""lemma"": ""sow""}",sow,,,
cet4_endict_2016_expanded.json,50143a67069cd69c0ce1221a6f7bb554b992b3295322344907bf784afb5ff9c0,5148,"{""lemma"": ""space""}",space,,,
cet4_endict_2016_expanded.json,50143a67069cd69c0ce1221a6f7bb554b992b3295322344907bf784afb5ff9c0,5149,"{""lemma"": ""spacecraft""}",spacecraft,,,
cet4_endict_2016_expanded.json,50143a67069cd69c0ce1221a6f7bb554b992b3295322344907bf784afb5ff9c0,5150,"{""lemma"": ""spaceship""}",spaceship,,,
cet4_endict_2016_expanded.json,50143a67069cd69c0ce1221a6f7bb554b992b3295322344907bf784afb5ff9c0,5151,"{""lemma"": ""spacious""}",spacious,,,
cet4_endict_2016_expanded.json,50143a67069cd69c0ce1221a6f7bb554b992b3295322344907bf784afb5ff9c0,5152,"{""lemma"": ""spade""}",spade,,,
cet4_endict_2016_expanded.json,50143a67069cd69c0ce1221a6f7bb554b992b3295322344907bf784afb5ff9c0,5153,"{""lemma"": ""span""}",span,,,
cet4_endict_2016_expanded.json,50143a67069cd69c0ce1221a6f7bb554b992b3295322344907bf784afb5ff9c0,5154,"{""lemma"": ""spare""}",spare,,,
cet4_endict_2016_expanded.json,50143a67069cd69c0ce1221a6f7bb554b992b3295322344907bf784afb5ff9c0,5155,"{""lemma"": ""sparingly""}",sparingly,,,
cet4_endict_2016_expanded.json,50143a67069cd69c0ce1221a6f7bb554b992b3295322344907bf784afb5ff9c0,5156,"{""lemma"": ""spark""}",spark,,,
cet4_endict_2016_expanded.json,50143a67069cd69c0ce1221a6f7bb554b992b3295322344907bf784afb5ff9c0,5157,"{""lemma"": ""sparkle""}",sparkle,,,
cet4_endict_2016_expanded.json,50143a67069cd69c0ce1221a6f7bb554b992b3295322344907bf784afb5ff9c0,5158,"{""lemma"": ""spatial""}",spatial,,,
cet4_endict_2016_expanded.json,50143a67069cd69c0ce1221a6f7bb554b992b3295322344907bf784afb5ff9c0,5159,"{""lemma"": ""speak""}",speak,,,
cet4_endict_2016_expanded.json,50143a67069cd69c0ce1221a6f7bb554b992b3295322344907bf784afb5ff9c0,5160,"{""lemma"": ""speaker""}",speaker,,,
cet4_endict_2016_expanded.json,50143a67069cd69c0ce1221a6f7bb554b992b3295322344907bf784afb5ff9c0,5161,"{""lemma"": ""special""}",special,,,
cet4_endict_2016_expanded.json,50143a67069cd69c0ce1221a6f7bb554b992b3295322344907bf784afb5ff9c0,5162,"{""lemma"": ""specialist""}",specialist,,,
cet4_endict_2016_expanded.json,50143a67069cd69c0ce1221a6f7bb554b992b3295322344907bf784afb5ff9c0,5163,"{""lemma"": ""specialization""}",specialization,,,
cet4_endict_2016_expanded.json,50143a67069cd69c0ce1221a6f7bb554b992b3295322344907bf784afb5ff9c0,5164,"{""lemma"": ""specialize""}",specialize,,,
cet4_endict_2016_expanded.json,50143a67069cd69c0ce1221a6f7bb554b992b3295322344907bf784afb5ff9c0,5165,"{""lemma"": ""species""}",species,,,
cet4_endict_2016_expanded.json,50143a67069cd69c0ce1221a6f7bb554b992b3295322344907bf784afb5ff9c0,5166,"{""lemma"": ""specific""}",specific,,,
cet4_endict_2016_expanded.json,50143a67069cd69c0ce1221a6f7bb554b992b3295322344907bf784afb5ff9c0,5167,"{""lemma"": ""specifically""}",specifically,,,
cet4_endict_2016_expanded.json,50143a67069cd69c0ce1221a6f7bb554b992b3295322344907bf784afb5ff9c0,5168,"{""lemma"": ""specification""}",specification,,,
cet4_endict_2016_expanded.json,50143a67069cd69c0ce1221a6f7bb554b992b3295322344907bf784afb5ff9c0,5169,"{""lemma"": ""specify""}",specify,,,
cet4_endict_2016_expanded.json,50143a67069cd69c0ce1221a6f7bb554b992b3295322344907bf784afb5ff9c0,5170,"{""lemma"": ""specimen""}",specimen,,,
cet4_endict_2016_expanded.json,50143a67069cd69c0ce1221a6f7bb554b992b3295322344907bf784afb5ff9c0,5171,"{""lemma"": ""speculate""}",speculate,,,
cet4_endict_2016_expanded.json,50143a67069cd69c0ce1221a6f7bb554b992b3295322344907bf784afb5ff9c0,5172,"{""lemma"": ""speculation""}",speculation,,,
cet4_endict_2016_expanded.json,50143a67069cd69c0ce1221a6f7bb554b992b3295322344907bf784afb5ff9c0,5173,"{""lemma"": ""speculative""}",speculative,,,
cet4_endict_2016_expanded.json,50143a67069cd69c0ce1221a6f7bb554b992b3295322344907bf784afb5ff9c0,5174,"{""lemma"": ""speech""}",speech,,,
cet4_endict_2016_expanded.json,50143a67069cd69c0ce1221a6f7bb554b992b3295322344907bf784afb5ff9c0,5175,"{""lemma"": ""speechless""}",speechless,,,
cet4_endict_2016_expanded.json,50143a67069cd69c0ce1221a6f7bb554b992b3295322344907bf784afb5ff9c0,5176,"{""lemma"": ""speed""}",speed,,,
cet4_endict_2016_expanded.json,50143a67069cd69c0ce1221a6f7bb554b992b3295322344907bf784afb5ff9c0,5177,"{""lemma"": ""speeding""}",speeding,,,
cet4_endict_2016_expanded.json,50143a67069cd69c0ce1221a6f7bb554b992b3295322344907bf784afb5ff9c0,5178,"{""lemma"": ""speedy""}",speedy,,,
cet4_endict_2016_expanded.json,50143a67069cd69c0ce1221a6f7bb554b992b3295322344907bf784afb5ff9c0,5179,"{""lemma"": ""spell""}",spell,,,
cet4_endict_2016_expanded.json,50143a67069cd69c0ce1221a6f7bb554b992b3295322344907bf784afb5ff9c0,5180,"{""lemma"": ""spelling""}",spelling,,,
cet4_endict_2016_expanded.json,50143a67069cd69c0ce1221a6f7bb554b992b3295322344907bf784afb5ff9c0,5181,"{""lemma"": ""spend""}",spend,,,
cet4_endict_2016_expanded.json,50143a67069cd69c0ce1221a6f7bb554b992b3295322344907bf784afb5ff9c0,5182,"{""lemma"": ""spending""}",spending,,,
cet4_endict_2016_expanded.json,50143a67069cd69c0ce1221a6f7bb554b992b3295322344907bf784afb5ff9c0,5183,"{""lemma"": ""sphere""}",sphere,,,
cet4_endict_2016_expanded.json,50143a67069cd69c0ce1221a6f7bb554b992b3295322344907bf784afb5ff9c0,5184,"{""lemma"": ""spherical""}",spherical,,,
cet4_endict_2016_expanded.json,50143a67069cd69c0ce1221a6f7bb554b992b3295322344907bf784afb5ff9c0,5185,"{""lemma"": ""spill""}",spill,,,
cet4_endict_2016_expanded.json,50143a67069cd69c0ce1221a6f7bb554b992b3295322344907bf784afb5ff9c0,5186,"{""lemma"": ""spin""}",spin,,,
cet4_endict_2016_expanded.json,50143a67069cd69c0ce1221a6f7bb554b992b3295322344907bf784afb5ff9c0,5187,"{""lemma"": ""spirit""}",spirit,,,
cet4_endict_2016_expanded.json,50143a67069cd69c0ce1221a6f7bb554b992b3295322344907bf784afb5ff9c0,5188,"{""lemma"": ""spiritual""}",spiritual,,,
cet4_endict_2016_expanded.json,50143a67069cd69c0ce1221a6f7bb554b992b3295322344907bf784afb5ff9c0,5189,"{""lemma"": ""spit""}",spit,,,
cet4_endict_2016_expanded.json,50143a67069cd69c0ce1221a6f7bb554b992b3295322344907bf784afb5ff9c0,5190,"{""lemma"": ""spite""}",spite,,,
cet4_endict_2016_expanded.json,50143a67069cd69c0ce1221a6f7bb554b992b3295322344907bf784afb5ff9c0,5191,"{""lemma"": ""splash""}",splash,,,
cet4_endict_2016_expanded.json,50143a67069cd69c0ce1221a6f7bb554b992b3295322344907bf784afb5ff9c0,5192,"{""lemma"": ""splendid""}",splendid,,,
cet4_endict_2016_expanded.json,50143a67069cd69c0ce1221a6f7bb554b992b3295322344907bf784afb5ff9c0,5193,"{""lemma"": ""splendor""}",splendor,,,
cet4_endict_2016_expanded.json,50143a67069cd69c0ce1221a6f7bb554b992b3295322344907bf784afb5ff9c0,5194,"{""lemma"": ""split""}",split,,,
cet4_endict_2016_expanded.json,50143a67069cd69c0ce1221a6f7bb554b992b3295322344907bf784afb5ff9c0,5195,"{""lemma"": ""spoil""}",spoil,,,
cet4_endict_2016_expanded.json,50143a67069cd69c0ce1221a6f7bb554b992b3295322344907bf784afb5ff9c0,5196,"{""lemma"": ""spokesman""}",spokesman,,,
cet4_endict_2016_expanded.json,50143a67069cd69c0ce1221a6f7bb554b992b3295322344907bf784afb5ff9c0,5197,"{""lemma"": ""spokesperson""}",spokesperson,,,
cet4_endict_2016_expanded.json,50143a67069cd69c0ce1221a6f7bb554b992b3295322344907bf784afb5ff9c0,5198,"{""lemma"": ""spokeswoman""}",spokeswoman,,,
cet4_endict_2016_expanded.json,50143a67069cd69c0ce1221a6f7bb554b992b3295322344907bf784afb5ff9c0,5199,"{""lemma"": ""sponsor""}",sponsor,,,
cet4_endict_2016_expanded.json,50143a67069cd69c0ce1221a6f7bb554b992b3295322344907bf784afb5ff9c0,5200,"{""lemma"": ""sponsorship""}",sponsorship,,,
cet4_endict_2016_expanded.json,50143a67069cd69c0ce1221a6f7bb554b992b3295322344907bf784afb5ff9c0,5201,"{""lemma"": ""spontaneity""}",spontaneity,,,
cet4_endict_2016_expanded.json,50143a67069cd69c0ce1221a6f7bb554b992b3295322344907bf784afb5ff9c0,5202,"{""lemma"": ""spontaneous""}",spontaneous,,,
cet4_endict_2016_expanded.json,50143a67069cd69c0ce1221a6f7bb554b992b3295322344907bf784afb5ff9c0,5203,"{""lemma"": ""spoon""}",spoon,,,
cet4_endict_2016_expanded.json,50143a67069cd69c0ce1221a6f7bb554b992b3295322344907bf784afb5ff9c0,5204,"{""lemma"": ""spoonful""}",spoonful,,,
cet4_endict_2016_expanded.json,50143a67069cd69c0ce1221a6f7bb554b992b3295322344907bf784afb5ff9c0,5205,"{""lemma"": ""sport""}",sport,,,
cet4_endict_2016_expanded.json,50143a67069cd69c0ce1221a6f7bb554b992b3295322344907bf784afb5ff9c0,5206,"{""lemma"": ""sportsman""}",sportsman,,,
cet4_endict_2016_expanded.json,50143a67069cd69c0ce1221a6f7bb554b992b3295322344907bf784afb5ff9c0,5207,"{""lemma"": ""sportswoman""}",sportswoman,,,
cet4_endict_2016_expanded.json,50143a67069cd69c0ce1221a6f7bb554b992b3295322344907bf784afb5ff9c0,5208,"{""lemma"": ""spot""}",spot,,,
cet4_endict_2016_expanded.json,50143a67069cd69c0ce1221a6f7bb554b992b3295322344907bf784afb5ff9c0,5209,"{""lemma"": ""spouse""}",spouse,,,
cet4_endict_2016_expanded.json,50143a67069cd69c0ce1221a6f7bb554b992b3295322344907bf784afb5ff9c0,5210,"{""lemma"": ""spray""}",spray,,,
cet4_endict_2016_expanded.json,50143a67069cd69c0ce1221a6f7bb554b992b3295322344907bf784afb5ff9c0,5211,"{""lemma"": ""spread""}",spread,,,
cet4_endict_2016_expanded.json,50143a67069cd69c0ce1221a6f7bb554b992b3295322344907bf784afb5ff9c0,5212,"{""lemma"": ""spring""}",spring,,,
cet4_endict_2016_expanded.json,50143a67069cd69c0ce1221a6f7bb554b992b3295322344907bf784afb5ff9c0,5213,"{""lemma"": ""spur""}",spur,,,
cet4_endict_2016_expanded.json,50143a67069cd69c0ce1221a6f7bb554b992b3295322344907bf784afb5ff9c0,5214,"{""lemma"": ""spy""}",spy,,,
cet4_endict_2016_expanded.json,50143a67069cd69c0ce1221a6f7bb554b992b3295322344907bf784afb5ff9c0,5215,"{""lemma"": ""square""}",square,,,
cet4_endict_2016_expanded.json,50143a67069cd69c0ce1221a6f7bb554b992b3295322344907bf784afb5ff9c0,5216,"{""lemma"": ""squeeze""}",squeeze,,,
cet4_endict_2016_expanded.json,50143a67069cd69c0ce1221a6f7bb554b992b3295322344907bf784afb5ff9c0,5217,"{""lemma"": ""stability""}",stability,,,
cet4_endict_2016_expanded.json,50143a67069cd69c0ce1221a6f7bb554b992b3295322344907bf784afb5ff9c0,5218,"{""lemma"": ""stabilize""}",stabilize,,,
cet4_endict_2016_expanded.json,50143a67069cd69c0ce1221a6f7bb554b992b3295322344907bf784afb5ff9c0,5219,"{""lemma"": ""stable""}",stable,,,
cet4_endict_2016_expanded.json,50143a67069cd69c0ce1221a6f7bb554b992b3295322344907bf784afb5ff9c0,5220,"{""lemma"": ""stack""}",stack,,,
cet4_endict_2016_expanded.json,50143a67069cd69c0ce1221a6f7bb554b992b3295322344907bf784afb5ff9c0,5221,"{""lemma"": ""stadium""}",stadium,,,
cet4_endict_2016_expanded.json,50143a67069cd69c0ce1221a6f7bb554b992b3295322344907bf784afb5ff9c0,5222,"{""lemma"": ""staff""}",staff,,,
cet4_endict_2016_expanded.json,50143a67069cd69c0ce1221a6f7bb554b992b3295322344907bf784afb5ff9c0,5223,"{""lemma"": ""stage""}",stage,,,
cet4_endict_2016_expanded.json,50143a67069cd69c0ce1221a6f7bb554b992b3295322344907bf784afb5ff9c0,5224,"{""lemma"": ""stain""}",stain,,,
cet4_endict_2016_expanded.json,50143a67069cd69c0ce1221a6f7bb554b992b3295322344907bf784afb5ff9c0,5225,"{""lemma"": ""stainless""}",stainless,,,
cet4_endict_2016_expanded.json,50143a67069cd69c0ce1221a6f7bb554b992b3295322344907bf784afb5ff9c0,5226,"{""lemma"": ""stair""}",stair,,,
cet4_endict_2016_expanded.json,50143a67069cd69c0ce1221a6f7bb554b992b3295322344907bf784afb5ff9c0,5227,"{""lemma"": ""staircase""}",staircase,,,
cet4_endict_2016_expanded.json,50143a67069cd69c0ce1221a6f7bb554b992b3295322344907bf784afb5ff9c0,5228,"{""lemma"": ""stake""}",stake,,,
cet4_endict_2016_expanded.json,50143a67069cd69c0ce1221a6f7bb554b992b3295322344907bf784afb5ff9c0,5229,"{""lemma"": ""stale""}",stale,,,
cet4_endict_2016_expanded.json,50143a67069cd69c0ce1221a6f7bb554b992b3295322344907bf784afb5ff9c0,5230,"{""lemma"": ""stamp""}",stamp,,,
cet4_endict_2016_expanded.json,50143a67069cd69c0ce1221a6f7bb554b992b3295322344907bf784afb5ff9c0,5231,"{""lemma"": ""stand""}",stand,,,
cet4_endict_2016_expanded.json,50143a67069cd69c0ce1221a6f7bb554b992b3295322344907bf784afb5ff9c0,5232,"{""lemma"": ""standard""}",standard,,,
cet4_endict_2016_expanded.json,50143a67069cd69c0ce1221a6f7bb554b992b3295322344907bf784afb5ff9c0,5233,"{""lemma"": ""standardization""}",standardization,,,
cet4_endict_2016_expanded.json,50143a67069cd69c0ce1221a6f7bb554b992b3295322344907bf784afb5ff9c0,5234,"{""lemma"": ""standardize""}",standardize,,,
cet4_endict_2016_expanded.json,50143a67069cd69c0ce1221a6f7bb554b992b3295322344907bf784afb5ff9c0,5235,"{""lemma"": ""standpoint""}",standpoint,,,
cet4_endict_2016_expanded.json,50143a67069cd69c0ce1221a6f7bb554b992b3295322344907bf784afb5ff9c0,5236,"{""lemma"": ""staple""}",staple,,,
cet4_endict_2016_expanded.json,50143a67069cd69c0ce1221a6f7bb554b992b3295322344907bf784afb5ff9c0,5237,"{""lemma"": ""star""}",star,,,
cet4_endict_2016_expanded.json,50143a67069cd69c0ce1221a6f7bb554b992b3295322344907bf784afb5ff9c0,5238,"{""lemma"": ""stare""}",stare,,,
cet4_endict_2016_expanded.json,50143a67069cd69c0ce1221a6f7bb554b992b3295322344907bf784afb5ff9c0,5239,"{""lemma"": ""starry""}",starry,,,
cet4_endict_2016_expanded.json,50143a67069cd69c0ce1221a6f7bb554b992b3295322344907bf784afb5ff9c0,5240,"{""lemma"": ""start""}",start,,,
cet4_endict_2016_expanded.json,50143a67069cd69c0ce1221a6f7bb554b992b3295322344907bf784afb5ff9c0,5241,"{""lemma"": ""starter""}",starter,,,
cet4_endict_2016_expanded.json,50143a67069cd69c0ce1221a6f7bb554b992b3295322344907bf784afb5ff9c0,5242,"{""lemma"": ""startle""}",startle,,,
cet4_endict_2016_expanded.json,50143a67069cd69c0ce1221a6f7bb554b992b3295322344907bf784afb5ff9c0,5243,"{""lemma"": ""starvation""}",starvation,,,
cet4_endict_2016_expanded.json,50143a67069cd69c0ce1221a6f7bb554b992b3295322344907bf784afb5ff9c0,5244,"{""lemma"": ""starve""}",starve,,,
cet4_endict_2016_expanded.json,50143a67069cd69c0ce1221a6f7bb554b992b3295322344907bf784afb5ff9c0,5245,"{""lemma"": ""state""}",state,,,
cet4_endict_2016_expanded.json,50143a67069cd69c0ce1221a6f7bb554b992b3295322344907bf784afb5ff9c0,5246,"{""lemma"": ""statement""}",statement,,,
cet4_endict_2016_expanded.json,50143a67069cd69c0ce1221a6f7bb554b992b3295322344907bf784afb5ff9c0,5247,"{""lemma"": ""statesman""}",statesman,,,
cet4_endict_2016_expanded.json,50143a67069cd69c0ce1221a6f7bb554b992b3295322344907bf784afb5ff9c0,5248,"{""lemma"": ""station""}",station,,,
cet4_endict_2016_expanded.json,50143a67069cd69c0ce1221a6f7bb554b992b3295322344907bf784afb5ff9c0,5249,"{""lemma"": ""stationary""}",stationary,,,
cet4_endict_2016_expanded.json,50143a67069cd69c0ce1221a6f7bb554b992b3295322344907bf784afb5ff9c0,5250,"{""lemma"": ""statistic""}",statistic,,,
cet4_endict_2016_expanded.json,50143a67069cd69c0ce1221a6f7bb554b992b3295322344907bf784afb5ff9c0,5251,"{""lemma"": ""statistical""}",statistical,,,
cet4_endict_2016_expanded.json,50143a67069cd69c0ce1221a6f7bb554b992b3295322344907bf784afb5ff9c0,5252,"{""lemma"": ""statue""}",statue,,,
cet4_endict_2016_expanded.json,50143a67069cd69c0ce1221a6f7bb554b992b3295322344907bf784afb5ff9c0,5253,"{""lemma"": ""status""}",status,,,
cet4_endict_2016_expanded.json,50143a67069cd69c0ce1221a6f7bb554b992b3295322344907bf784afb5ff9c0,5254,"{""lemma"": ""stay""}",stay,,,
cet4_endict_2016_expanded.json,50143a67069cd69c0ce1221a6f7bb554b992b3295322344907bf784afb5ff9c0,5255,"{""lemma"": ""steadily""}",steadily,,,
cet4_endict_2016_expanded.json,50143a67069cd69c0ce1221a6f7bb554b992b3295322344907bf784afb5ff9c0,5256,"{""lemma"": ""steady""}",steady,,,
cet4_endict_2016_expanded.json,50143a67069cd69c0ce1221a6f7bb554b992b3295322344907bf784afb5ff9c0,5257,"{""lemma"": ""steak""}",steak,,,
cet4_endict_2016_expanded.json,50143a67069cd69c0ce1221a6f7bb554b992b3295322344907bf784afb5ff9c0,5258,"{""lemma"": ""steal""}",steal,,,
cet4_endict_2016_expanded.json,50143a67069cd69c0ce1221a6f7bb554b992b3295322344907bf784afb5ff9c0,5259,"{""lemma"": ""steam""}",steam,,,
cet4_endict_2016_expanded.json,50143a67069cd69c0ce1221a6f7bb554b992b3295322344907bf784afb5ff9c0,5260,"{""lemma"": ""steamer""}",steamer,,,
cet4_endict_2016_expanded.json,50143a67069cd69c0ce1221a6f7bb554b992b3295322344907bf784afb5ff9c0,5261,"{""lemma"": ""steamy""}",steamy,,,
cet4_endict_2016_expanded.json,50143a67069cd69c0ce1221a6f7bb554b992b3295322344907bf784afb5ff9c0,5262,"{""lemma"": ""steel""}",steel,,,
cet4_endict_2016_expanded.json,50143a67069cd69c0ce1221a6f7bb554b992b3295322344907bf784afb5ff9c0,5263,"{""lemma"": ""steep""}",steep,,,
cet4_endict_2016_expanded.json,50143a67069cd69c0ce1221a6f7bb554b992b3295322344907bf784afb5ff9c0,5264,"{""lemma"": ""steer""}",steer,,,
cet4_endict_2016_expanded.json,50143a67069cd69c0ce1221a6f7bb554b992b3295322344907bf784afb5ff9c0,5265,"{""lemma"": ""stem""}",stem,,,
cet4_endict_2016_expanded.json,50143a67069cd69c0ce1221a6f7bb554b992b3295322344907bf784afb5ff9c0,5266,"{""lemma"": ""step""}",step,,,
cet4_endict_2016_expanded.json,50143a67069cd69c0ce1221a6f7bb554b992b3295322344907bf784afb5ff9c0,5267,"{""lemma"": ""stick""}",stick,,,
cet4_endict_2016_expanded.json,50143a67069cd69c0ce1221a6f7bb554b992b3295322344907bf784afb5ff9c0,5268,"{""lemma"": ""sticky""}",sticky,,,
cet4_endict_2016_expanded.json,50143a67069cd69c0ce1221a6f7bb554b992b3295322344907bf784afb5ff9c0,5269,"{""lemma"": ""stiff""}",stiff,,,
cet4_endict_2016_expanded.json,50143a67069cd69c0ce1221a6f7bb554b992b3295322344907bf784afb5ff9c0,5270,"{""lemma"": ""stiffen""}",stiffen,,,
cet4_endict_2016_expanded.json,50143a67069cd69c0ce1221a6f7bb554b992b3295322344907bf784afb5ff9c0,5271,"{""lemma"": ""still""}",still,,,
cet4_endict_2016_expanded.json,50143a67069cd69c0ce1221a6f7bb554b992b3295322344907bf784afb5ff9c0,5272,"{""lemma"": ""stimulant""}",stimulant,,,
cet4_endict_2016_expanded.json,50143a67069cd69c0ce1221a6f7bb554b992b3295322344907bf784afb5ff9c0,5273,"{""lemma"": ""stimulate""}",stimulate,,,
cet4_endict_2016_expanded.json,50143a67069cd69c0ce1221a6f7bb554b992b3295322344907bf784afb5ff9c0,5274,"{""lemma"": ""stimulation""}",stimulation,,,
cet4_endict_2016_expanded.json,50143a67069cd69c0ce1221a6f7bb554b992b3295322344907bf784afb5ff9c0,5275,"{""lemma"": ""stimulus""}",stimulus,,,
cet4_endict_2016_expanded.json,50143a67069cd69c0ce1221a6f7bb554b992b3295322344907bf784afb5ff9c0,5276,"{""lemma"": ""sting""}",sting,,,
cet4_endict_2016_expanded.json,50143a67069cd69c0ce1221a6f7bb554b992b3295322344907bf784afb5ff9c0,5277,"{""lemma"": ""stir""}",stir,,,
cet4_endict_2016_expanded.json,50143a67069cd69c0ce1221a6f7bb554b992b3295322344907bf784afb5ff9c0,5278,"{""lemma"": ""stock""}",stock,,,
cet4_endict_2016_expanded.json,50143a67069cd69c0ce1221a6f7bb554b992b3295322344907bf784afb5ff9c0,5279,"{""lemma"": ""stocking""}",stocking,,,
cet4_endict_2016_expanded.json,50143a67069cd69c0ce1221a6f7bb554b992b3295322344907bf784afb5ff9c0,5280,"{""lemma"": ""stomach""}",stomach,,,
cet4_endict_2016_expanded.json,50143a67069cd69c0ce1221a6f7bb554b992b3295322344907bf784afb5ff9c0,5281,"{""lemma"": ""stone""}",stone,,,
cet4_endict_2016_expanded.json,50143a67069cd69c0ce1221a6f7bb554b992b3295322344907bf784afb5ff9c0,5282,"{""lemma"": ""stony""}",stony,,,
cet4_endict_2016_expanded.json,50143a67069cd69c0ce1221a6f7bb554b992b3295322344907bf784afb5ff9c0,5283,"{""lemma"": ""stool""}",stool,,,
cet4_endict_2016_expanded.json,50143a67069cd69c0ce1221a6f7bb554b992b3295322344907bf784afb5ff9c0,5284,"{""lemma"": ""stop""}",stop,,,
cet4_endict_2016_expanded.json,50143a67069cd69c0ce1221a6f7bb554b992b3295322344907bf784afb5ff9c0,5285,"{""lemma"": ""stoppage""}",stoppage,,,
cet4_endict_2016_expanded.json,50143a67069cd69c0ce1221a6f7bb554b992b3295322344907bf784afb5ff9c0,5286,"{""lemma"": ""storage""}",storage,,,
cet4_endict_2016_expanded.json,50143a67069cd69c0ce1221a6f7bb554b992b3295322344907bf784afb5ff9c0,5287,"{""lemma"": ""store""}",store,,,
cet4_endict_2016_expanded.json,50143a67069cd69c0ce1221a6f7bb554b992b3295322344907bf784afb5ff9c0,5288,"{""lemma"": ""storey""}",storey,,,
cet4_endict_2016_expanded.json,50143a67069cd69c0ce1221a6f7bb554b992b3295322344907bf784afb5ff9c0,5289,"{""lemma"": ""storm""}",storm,,,
cet4_endict_2016_expanded.json,50143a67069cd69c0ce1221a6f7bb554b992b3295322344907bf784afb5ff9c0,5290,"{""lemma"": ""stormy""}",stormy,,,
cet4_endict_2016_expanded.json,50143a67069cd69c0ce1221a6f7bb554b992b3295322344907bf784afb5ff9c0,5291,"{""lemma"": ""story""}",story,,,
cet4_endict_2016_expanded.json,50143a67069cd69c0ce1221a6f7bb554b992b3295322344907bf784afb5ff9c0,5292,"{""lemma"": ""stove""}",stove,,,
cet4_endict_2016_expanded.json,50143a67069cd69c0ce1221a6f7bb554b992b3295322344907bf784afb5ff9c0,5293,"{""lemma"": ""straight""}",straight,,,
cet4_endict_2016_expanded.json,50143a67069cd69c0ce1221a6f7bb554b992b3295322344907bf784afb5ff9c0,5294,"{""lemma"": ""straighten""}",straighten,,,
cet4_endict_2016_expanded.json,50143a67069cd69c0ce1221a6f7bb554b992b3295322344907bf784afb5ff9c0,5295,"{""lemma"": ""straightforward""}",straightforward,,,
cet4_endict_2016_expanded.json,50143a67069cd69c0ce1221a6f7bb554b992b3295322344907bf784afb5ff9c0,5296,"{""lemma"": ""strain""}",strain,,,
cet4_endict_2016_expanded.json,50143a67069cd69c0ce1221a6f7bb554b992b3295322344907bf784afb5ff9c0,5297,"{""lemma"": ""strange""}",strange,,,
cet4_endict_2016_expanded.json,50143a67069cd69c0ce1221a6f7bb554b992b3295322344907bf784afb5ff9c0,5298,"{""lemma"": ""stranger""}",stranger,,,
cet4_endict_2016_expanded.json,50143a67069cd69c0ce1221a6f7bb554b992b3295322344907bf784afb5ff9c0,5299,"{""lemma"": ""strap""}",strap,,,
cet4_endict_2016_expanded.json,50143a67069cd69c0ce1221a6f7bb554b992b3295322344907bf784afb5ff9c0,5300,"{""lemma"": ""strategic""}",strategic,,,
cet4_endict_2016_expanded.json,50143a67069cd69c0ce1221a6f7bb554b992b3295322344907bf784afb5ff9c0,5301,"{""lemma"": ""strategy""}",strategy,,,
cet4_endict_2016_expanded.json,50143a67069cd69c0ce1221a6f7bb554b992b3295322344907bf784afb5ff9c0,5302,"{""lemma"": ""straw""}",straw,,,
cet4_endict_2016_expanded.json,50143a67069cd69c0ce1221a6f7bb554b992b3295322344907bf784afb5ff9c0,5303,"{""lemma"": ""stream""}",stream,,,
cet4_endict_2016_expanded.json,50143a67069cd69c0ce1221a6f7bb554b992b3295322344907bf784afb5ff9c0,5304,"{""lemma"": ""street""}",street,,,
cet4_endict_2016_expanded.json,50143a67069cd69c0ce1221a6f7bb554b992b3295322344907bf784afb5ff9c0,5305,"{""lemma"": ""strength""}",strength,,,
cet4_endict_2016_expanded.json,50143a67069cd69c0ce1221a6f7bb554b992b3295322344907bf784afb5ff9c0,5306,"{""lemma"": ""strengthen""}",strengthen,,,
cet4_endict_2016_expanded.json,50143a67069cd69c0ce1221a6f7bb554b992b3295322344907bf784afb5ff9c0,5307,"{""lemma"": ""stress""}",stress,,,
cet4_endict_2016_expanded.json,50143a67069cd69c0ce1221a6f7bb554b992b3295322344907bf784afb5ff9c0,5308,"{""lemma"": ""stressful""}",stressful,,,
cet4_endict_2016_expanded.json,50143a67069cd69c0ce1221a6f7bb554b992b3295322344907bf784afb5ff9c0,5309,"{""lemma"": ""stretch""}",stretch,,,
cet4_endict_2016_expanded.json,50143a67069cd69c0ce1221a6f7bb554b992b3295322344907bf784afb5ff9c0,5310,"{""lemma"": ""strict""}",strict,,,
cet4_endict_2016_expanded.json,50143a67069cd69c0ce1221a6f7bb554b992b3295322344907bf784afb5ff9c0,5311,"{""lemma"": ""stride""}",stride,,,
cet4_endict_2016_expanded.json,50143a67069cd69c0ce1221a6f7bb554b992b3295322344907bf784afb5ff9c0,5312,"{""lemma"": ""strike""}",strike,,,
cet4_endict_2016_expanded.json,50143a67069cd69c0ce1221a6f7bb554b992b3295322344907bf784afb5ff9c0,5313,"{""lemma"": ""striking""}",striking,,,
cet4_endict_2016_expanded.json,50143a67069cd69c0ce1221a6f7bb554b992b3295322344907bf784afb5ff9c0,5314,"{""lemma"": ""string""}",string,,,
cet4_endict_2016_expanded.json,50143a67069cd69c0ce1221a6f7bb554b992b3295322344907bf784afb5ff9c0,5315,"{""lemma"": ""strip""}",strip,,,
cet4_endict_2016_expanded.json,50143a67069cd69c0ce1221a6f7bb554b992b3295322344907bf784afb5ff9c0,5316,"{""lemma"": ""stripe""}",stripe,,,
cet4_endict_2016_expanded.json,50143a67069cd69c0ce1221a6f7bb554b992b3295322344907bf784afb5ff9c0,5317,"{""lemma"": ""strive""}",strive,,,
cet4_endict_2016_expanded.json,50143a67069cd69c0ce1221a6f7bb554b992b3295322344907bf784afb5ff9c0,5318,"{""lemma"": ""stroke""}",stroke,,,
cet4_endict_2016_expanded.json,50143a67069cd69c0ce1221a6f7bb554b992b3295322344907bf784afb5ff9c0,5319,"{""lemma"": ""strong""}",strong,,,
cet4_endict_2016_expanded.json,50143a67069cd69c0ce1221a6f7bb554b992b3295322344907bf784afb5ff9c0,5320,"{""lemma"": ""structural""}",structural,,,
cet4_endict_2016_expanded.json,50143a67069cd69c0ce1221a6f7bb554b992b3295322344907bf784afb5ff9c0,5321,"{""lemma"": ""structure""}",structure,,,
cet4_endict_2016_expanded.json,50143a67069cd69c0ce1221a6f7bb554b992b3295322344907bf784afb5ff9c0,5322,"{""lemma"": ""struggle""}",struggle,,,
cet4_endict_2016_expanded.json,50143a67069cd69c0ce1221a6f7bb554b992b3295322344907bf784afb5ff9c0,5323,"{""lemma"": ""student""}",student,,,
cet4_endict_2016_expanded.json,50143a67069cd69c0ce1221a6f7bb554b992b3295322344907bf784afb5ff9c0,5324,"{""lemma"": ""studio""}",studio,,,
cet4_endict_2016_expanded.json,50143a67069cd69c0ce1221a6f7bb554b992b3295322344907bf784afb5ff9c0,5325,"{""lemma"": ""study""}",study,,,
cet4_endict_2016_expanded.json,50143a67069cd69c0ce1221a6f7bb554b992b3295322344907bf784afb5ff9c0,5326,"{""lemma"": ""stuff""}",stuff,,,
cet4_endict_2016_expanded.json,50143a67069cd69c0ce1221a6f7bb554b992b3295322344907bf784afb5ff9c0,5327,"{""lemma"": ""stuffing""}",stuffing,,,
cet4_endict_2016_expanded.json,50143a67069cd69c0ce1221a6f7bb554b992b3295322344907bf784afb5ff9c0,5328,"{""lemma"": ""stuffy""}",stuffy,,,
cet4_endict_2016_expanded.json,50143a67069cd69c0ce1221a6f7bb554b992b3295322344907bf784afb5ff9c0,5329,"{""lemma"": ""stupid""}",stupid,,,
cet4_endict_2016_expanded.json,50143a67069cd69c0ce1221a6f7bb554b992b3295322344907bf784afb5ff9c0,5330,"{""lemma"": ""stupidity""}",stupidity,,,
cet4_endict_2016_expanded.json,50143a67069cd69c0ce1221a6f7bb554b992b3295322344907bf784afb5ff9c0,5331,"{""lemma"": ""style""}",style,,,
cet4_endict_2016_expanded.json,50143a67069cd69c0ce1221a6f7bb554b992b3295322344907bf784afb5ff9c0,5332,"{""lemma"": ""stylish""}",stylish,,,
cet4_endict_2016_expanded.json,50143a67069cd69c0ce1221a6f7bb554b992b3295322344907bf784afb5ff9c0,5333,"{""lemma"": ""subject""}",subject,,,
cet4_endict_2016_expanded.json,50143a67069cd69c0ce1221a6f7bb554b992b3295322344907bf784afb5ff9c0,5334,"{""lemma"": ""subjective""}",subjective,,,
cet4_endict_2016_expanded.json,50143a67069cd69c0ce1221a6f7bb554b992b3295322344907bf784afb5ff9c0,5335,"{""lemma"": ""submission""}",submission,,,
cet4_endict_2016_expanded.json,50143a67069cd69c0ce1221a6f7bb554b992b3295322344907bf784afb5ff9c0,5336,"{""lemma"": ""submissive""}",submissive,,,
cet4_endict_2016_expanded.json,50143a67069cd69c0ce1221a6f7bb554b992b3295322344907bf784afb5ff9c0,5337,"{""lemma"": ""submit""}",submit,,,
cet4_endict_2016_expanded.json,50143a67069cd69c0ce1221a6f7bb554b992b3295322344907bf784afb5ff9c0,5338,"{""lemma"": ""subsequent""}",subsequent,,,
cet4_endict_2016_expanded.json,50143a67069cd69c0ce1221a6f7bb554b992b3295322344907bf784afb5ff9c0,5339,"{""lemma"": ""substance""}",substance,,,
cet4_endict_2016_expanded.json,50143a67069cd69c0ce1221a6f7bb554b992b3295322344907bf784afb5ff9c0,5340,"{""lemma"": ""substantial""}",substantial,,,
cet4_endict_2016_expanded.json,50143a67069cd69c0ce1221a6f7bb554b992b3295322344907bf784afb5ff9c0,5341,"{""lemma"": ""substitute""}",substitute,,,
cet4_endict_2016_expanded.json,50143a67069cd69c0ce1221a6f7bb554b992b3295322344907bf784afb5ff9c0,5342,"{""lemma"": ""substitution""}",substitution,,,
cet4_endict_2016_expanded.json,50143a67069cd69c0ce1221a6f7bb554b992b3295322344907bf784afb5ff9c0,5343,"{""lemma"": ""subtract""}",subtract,,,
cet4_endict_2016_expanded.json,50143a67069cd69c0ce1221a6f7bb554b992b3295322344907bf784afb5ff9c0,5344,"{""lemma"": ""subtraction""}",subtraction,,,
cet4_endict_2016_expanded.json,50143a67069cd69c0ce1221a6f7bb554b992b3295322344907bf784afb5ff9c0,5345,"{""lemma"": ""suburb""}",suburb,,,
cet4_endict_2016_expanded.json,50143a67069cd69c0ce1221a6f7bb554b992b3295322344907bf784afb5ff9c0,5346,"{""lemma"": ""suburban""}",suburban,,,
cet4_endict_2016_expanded.json,50143a67069cd69c0ce1221a6f7bb554b992b3295322344907bf784afb5ff9c0,5347,"{""lemma"": ""subway""}",subway,,,
cet4_endict_2016_expanded.json,50143a67069cd69c0ce1221a6f7bb554b992b3295322344907bf784afb5ff9c0,5348,"{""lemma"": ""succeed""}",succeed,,,
cet4_endict_2016_expanded.json,50143a67069cd69c0ce1221a6f7bb554b992b3295322344907bf784afb5ff9c0,5349,"{""lemma"": ""success""}",success,,,
cet4_endict_2016_expanded.json,50143a67069cd69c0ce1221a6f7bb554b992b3295322344907bf784afb5ff9c0,5350,"{""lemma"": ""successful""}",successful,,,
cet4_endict_2016_expanded.json,50143a67069cd69c0ce1221a6f7bb554b992b3295322344907bf784afb5ff9c0,5351,"{""lemma"": ""succession""}",succession,,,
cet4_endict_2016_expanded.json,50143a67069cd69c0ce1221a6f7bb554b992b3295322344907bf784afb5ff9c0,5352,"{""lemma"": ""successive""}",successive,,,
cet4_endict_2016_expanded.json,50143a67069cd69c0ce1221a6f7bb554b992b3295322344907bf784afb5ff9c0,5353,"{""lemma"": ""successor""}",successor,,,
cet4_endict_2016_expanded.json,50143a67069cd69c0ce1221a6f7bb554b992b3295322344907bf784afb5ff9c0,5354,"{""lemma"": ""such""}",such,,,
cet4_endict_2016_expanded.json,50143a67069cd69c0ce1221a6f7bb554b992b3295322344907bf784afb5ff9c0,5355,"{""lemma"": ""suck""}",suck,,,
cet4_endict_2016_expanded.json,50143a67069cd69c0ce1221a6f7bb554b992b3295322344907bf784afb5ff9c0,5356,"{""lemma"": ""sudden""}",sudden,,,
cet4_endict_2016_expanded.json,50143a67069cd69c0ce1221a6f7bb554b992b3295322344907bf784afb5ff9c0,5357,"{""lemma"": ""suddenly""}",suddenly,,,
cet4_endict_2016_expanded.json,50143a67069cd69c0ce1221a6f7bb554b992b3295322344907bf784afb5ff9c0,5358,"{""lemma"": ""suffer""}",suffer,,,
cet4_endict_2016_expanded.json,50143a67069cd69c0ce1221a6f7bb554b992b3295322344907bf784afb5ff9c0,5359,"{""lemma"": ""suffering""}",suffering,,,
cet4_endict_2016_expanded.json,50143a67069cd69c0ce1221a6f7bb554b992b3295322344907bf784afb5ff9c0,5360,"{""lemma"": ""sufficient""}",sufficient,,,
cet4_endict_2016_expanded.json,50143a67069cd69c0ce1221a6f7bb554b992b3295322344907bf784afb5ff9c0,5361,"{""lemma"": ""sugar""}",sugar,,,
cet4_endict_2016_expanded.json,50143a67069cd69c0ce1221a6f7bb554b992b3295322344907bf784afb5ff9c0,5362,"{""lemma"": ""suggest""}",suggest,,,
cet4_endict_2016_expanded.json,50143a67069cd69c0ce1221a6f7bb554b992b3295322344907bf784afb5ff9c0,5363,"{""lemma"": ""suggestion""}",suggestion,,,
cet4_endict_2016_expanded.json,50143a67069cd69c0ce1221a6f7bb554b992b3295322344907bf784afb5ff9c0,5364,"{""lemma"": ""suggestive""}",suggestive,,,
cet4_endict_2016_expanded.json,50143a67069cd69c0ce1221a6f7bb554b992b3295322344907bf784afb5ff9c0,5365,"{""lemma"": ""suit""}",suit,,,
cet4_endict_2016_expanded.json,50143a67069cd69c0ce1221a6f7bb554b992b3295322344907bf784afb5ff9c0,5366,"{""lemma"": ""suitable""}",suitable,,,
cet4_endict_2016_expanded.json,50143a67069cd69c0ce1221a6f7bb554b992b3295322344907bf784afb5ff9c0,5367,"{""lemma"": ""suitcase""}",suitcase,,,
cet4_endict_2016_expanded.json,50143a67069cd69c0ce1221a6f7bb554b992b3295322344907bf784afb5ff9c0,5368,"{""lemma"": ""sum""}",sum,,,
cet4_endict_2016_expanded.json,50143a67069cd69c0ce1221a6f7bb554b992b3295322344907bf784afb5ff9c0,5369,"{""lemma"": ""summarize""}",summarize,,,
cet4_endict_2016_expanded.json,50143a67069cd69c0ce1221a6f7bb554b992b3295322344907bf784afb5ff9c0,5370,"{""lemma"": ""summary""}",summary,,,
cet4_endict_2016_expanded.json,50143a67069cd69c0ce1221a6f7bb554b992b3295322344907bf784afb5ff9c0,5371,"{""lemma"": ""summer""}",summer,,,
cet4_endict_2016_expanded.json,50143a67069cd69c0ce1221a6f7bb554b992b3295322344907bf784afb5ff9c0,5372,"{""lemma"": ""summit""}",summit,,,
cet4_endict_2016_expanded.json,50143a67069cd69c0ce1221a6f7bb554b992b3295322344907bf784afb5ff9c0,5373,"{""lemma"": ""sun""}",sun,,,
cet4_endict_2016_expanded.json,50143a67069cd69c0ce1221a6f7bb554b992b3295322344907bf784afb5ff9c0,5374,"{""lemma"": ""Sunday""}",Sunday,,,
cet4_endict_2016_expanded.json,50143a67069cd69c0ce1221a6f7bb554b992b3295322344907bf784afb5ff9c0,5375,"{""lemma"": ""sunlight""}",sunlight,,,
cet4_endict_2016_expanded.json,50143a67069cd69c0ce1221a6f7bb554b992b3295322344907bf784afb5ff9c0,5376,"{""lemma"": ""sunny""}",sunny,,,
cet4_endict_2016_expanded.json,50143a67069cd69c0ce1221a6f7bb554b992b3295322344907bf784afb5ff9c0,5377,"{""lemma"": ""sunrise""}",sunrise,,,
cet4_endict_2016_expanded.json,50143a67069cd69c0ce1221a6f7bb554b992b3295322344907bf784afb5ff9c0,5378,"{""lemma"": ""sunset""}",sunset,,,
cet4_endict_2016_expanded.json,50143a67069cd69c0ce1221a6f7bb554b992b3295322344907bf784afb5ff9c0,5379,"{""lemma"": ""sunshine""}",sunshine,,,
cet4_endict_2016_expanded.json,50143a67069cd69c0ce1221a6f7bb554b992b3295322344907bf784afb5ff9c0,5380,"{""lemma"": ""super""}",super,,,
cet4_endict_2016_expanded.json,50143a67069cd69c0ce1221a6f7bb554b992b3295322344907bf784afb5ff9c0,5381,"{""lemma"": ""superb""}",superb,,,
cet4_endict_2016_expanded.json,50143a67069cd69c0ce1221a6f7bb554b992b3295322344907bf784afb5ff9c0,5382,"{""lemma"": ""superficial""}",superficial,,,
cet4_endict_2016_expanded.json,50143a67069cd69c0ce1221a6f7bb554b992b3295322344907bf784afb5ff9c0,5383,"{""lemma"": ""superior""}",superior,,,
cet4_endict_2016_expanded.json,50143a67069cd69c0ce1221a6f7bb554b992b3295322344907bf784afb5ff9c0,5384,"{""lemma"": ""superiority""}",superiority,,,
cet4_endict_2016_expanded.json,50143a67069cd69c0ce1221a6f7bb554b992b3295322344907bf784afb5ff9c0,5385,"{""lemma"": ""supermarket""}",supermarket,,,
cet4_endict_2016_expanded.json,50143a67069cd69c0ce1221a6f7bb554b992b3295322344907bf784afb5ff9c0,5386,"{""lemma"": ""supervise""}",supervise,,,
cet4_endict_2016_expanded.json,50143a67069cd69c0ce1221a6f7bb554b992b3295322344907bf784afb5ff9c0,5387,"{""lemma"": ""supervision""}",supervision,,,
cet4_endict_2016_expanded.json,50143a67069cd69c0ce1221a6f7bb554b992b3295322344907bf784afb5ff9c0,5388,"{""lemma"": ""supervisor""}",supervisor,,,
cet4_endict_2016_expanded.json,50143a67069cd69c0ce1221a6f7bb554b992b3295322344907bf784afb5ff9c0,5389,"{""lemma"": ""supper""}",supper,,,
cet4_endict_2016_expanded.json,50143a67069cd69c0ce1221a6f7bb554b992b3295322344907bf784afb5ff9c0,5390,"{""lemma"": ""supplement""}",supplement,,,
cet4_endict_2016_expanded.json,50143a67069cd69c0ce1221a6f7bb554b992b3295322344907bf784afb5ff9c0,5391,"{""lemma"": ""supplementary""}",supplementary,,,
cet4_endict_2016_expanded.json,50143a67069cd69c0ce1221a6f7bb554b992b3295322344907bf784afb5ff9c0,5392,"{""lemma"": ""supplier""}",supplier,,,
cet4_endict_2016_expanded.json,50143a67069cd69c0ce1221a6f7bb554b992b3295322344907bf784afb5ff9c0,5393,"{""lemma"": ""supply""}",supply,,,
cet4_endict_2016_expanded.json,50143a67069cd69c0ce1221a6f7bb554b992b3295322344907bf784afb5ff9c0,5394,"{""lemma"": ""support""}",support,,,
cet4_endict_2016_expanded.json,50143a67069cd69c0ce1221a6f7bb554b992b3295322344907bf784afb5ff9c0,5395,"{""lemma"": ""supporter""}",supporter,,,
cet4_endict_2016_expanded.json,50143a67069cd69c0ce1221a6f7bb554b992b3295322344907bf784afb5ff9c0,5396,"{""lemma"": ""supportive""}",supportive,,,
cet4_endict_2016_expanded.json,50143a67069cd69c0ce1221a6f7bb554b992b3295322344907bf784afb5ff9c0,5397,"{""lemma"": ""suppose""}",suppose,,,
cet4_endict_2016_expanded.json,50143a67069cd69c0ce1221a6f7bb554b992b3295322344907bf784afb5ff9c0,5398,"{""lemma"": ""supposedly""}",supposedly,,,
cet4_endict_2016_expanded.json,50143a67069cd69c0ce1221a6f7bb554b992b3295322344907bf784afb5ff9c0,5399,"{""lemma"": ""supposition""}",supposition,,,
cet4_endict_2016_expanded.json,50143a67069cd69c0ce1221a6f7bb554b992b3295322344907bf784afb5ff9c0,5400,"{""lemma"": ""supremacy""}",supremacy,,,
cet4_endict_2016_expanded.json,50143a67069cd69c0ce1221a6f7bb554b992b3295322344907bf784afb5ff9c0,5401,"{""lemma"": ""supreme""}",supreme,,,
cet4_endict_2016_expanded.json,50143a67069cd69c0ce1221a6f7bb554b992b3295322344907bf784afb5ff9c0,5402,"{""lemma"": ""sure""}",sure,,,
cet4_endict_2016_expanded.json,50143a67069cd69c0ce1221a6f7bb554b992b3295322344907bf784afb5ff9c0,5403,"{""lemma"": ""surf""}",surf,,,
cet4_endict_2016_expanded.json,50143a67069cd69c0ce1221a6f7bb554b992b3295322344907bf784afb5ff9c0,5404,"{""lemma"": ""surface""}",surface,,,
cet4_endict_2016_expanded.json,50143a67069cd69c0ce1221a6f7bb554b992b3295322344907bf784afb5ff9c0,5405,"{""lemma"": ""surfing""}",surfing,,,
cet4_endict_2016_expanded.json,50143a67069cd69c0ce1221a6f7bb554b992b3295322344907bf784afb5ff9c0,5406,"{""lemma"": ""surge""}",surge,,,
cet4_endict_2016_expanded.json,50143a67069cd69c0ce1221a6f7bb554b992b3295322344907bf784afb5ff9c0,5407,"{""lemma"": ""surgeon""}",surgeon,,,
cet4_endict_2016_expanded.json,50143a67069cd69c0ce1221a6f7bb554b992b3295322344907bf784afb5ff9c0,5408,"{""lemma"": ""surgery""}",surgery,,,
cet4_endict_2016_expanded.json,50143a67069cd69c0ce1221a6f7bb554b992b3295322344907bf784afb5ff9c0,5409,"{""lemma"": ""surgical""}",surgical,,,
cet4_endict_2016_expanded.json,50143a67069cd69c0ce1221a6f7bb554b992b3295322344907bf784afb5ff9c0,5410,"{""lemma"": ""surname""}",surname,,,
cet4_endict_2016_expanded.json,50143a67069cd69c0ce1221a6f7bb554b992b3295322344907bf784afb5ff9c0,5411,"{""lemma"": ""surplus""}",surplus,,,
cet4_endict_2016_expanded.json,50143a67069cd69c0ce1221a6f7bb554b992b3295322344907bf784afb5ff9c0,5412,"{""lemma"": ""surprise""}",surprise,,,
cet4_endict_2016_expanded.json,50143a67069cd69c0ce1221a6f7bb554b992b3295322344907bf784afb5ff9c0,5413,"{""lemma"": ""surrender""}",surrender,,,
cet4_endict_2016_expanded.json,50143a67069cd69c0ce1221a6f7bb554b992b3295322344907bf784afb5ff9c0,5414,"{""lemma"": ""surround""}",surround,,,
cet4_endict_2016_expanded.json,50143a67069cd69c0ce1221a6f7bb554b992b3295322344907bf784afb5ff9c0,5415,"{""lemma"": ""surroundings""}",surroundings,,,
cet4_endict_2016_expanded.json,50143a67069cd69c0ce1221a6f7bb554b992b3295322344907bf784afb5ff9c0,5416,"{""lemma"": ""survey""}",survey,,,
cet4_endict_2016_expanded.json,50143a67069cd69c0ce1221a6f7bb554b992b3295322344907bf784afb5ff9c0,5417,"{""lemma"": ""survival""}",survival,,,
cet4_endict_2016_expanded.json,50143a67069cd69c0ce1221a6f7bb554b992b3295322344907bf784afb5ff9c0,5418,"{""lemma"": ""survive""}",survive,,,
cet4_endict_2016_expanded.json,50143a67069cd69c0ce1221a6f7bb554b992b3295322344907bf784afb5ff9c0,5419,"{""lemma"": ""survivor""}",survivor,,,
cet4_endict_2016_expanded.json,50143a67069cd69c0ce1221a6f7bb554b992b3295322344907bf784afb5ff9c0,5420,"{""lemma"": ""suspect""}",suspect,,,
cet4_endict_2016_expanded.json,50143a67069cd69c0ce1221a6f7bb554b992b3295322344907bf784afb5ff9c0,5421,"{""lemma"": ""suspend""}",suspend,,,
cet4_endict_2016_expanded.json,50143a67069cd69c0ce1221a6f7bb554b992b3295322344907bf784afb5ff9c0,5422,"{""lemma"": ""suspense""}",suspense,,,
cet4_endict_2016_expanded.json,50143a67069cd69c0ce1221a6f7bb554b992b3295322344907bf784afb5ff9c0,5423,"{""lemma"": ""suspension""}",suspension,,,
cet4_endict_2016_expanded.json,50143a67069cd69c0ce1221a6f7bb554b992b3295322344907bf784afb5ff9c0,5424,"{""lemma"": ""suspicion""}",suspicion,,,
cet4_endict_2016_expanded.json,50143a67069cd69c0ce1221a6f7bb554b992b3295322344907bf784afb5ff9c0,5425,"{""lemma"": ""suspicious""}",suspicious,,,
cet4_endict_2016_expanded.json,50143a67069cd69c0ce1221a6f7bb554b992b3295322344907bf784afb5ff9c0,5426,"{""lemma"": ""sustain""}",sustain,,,
cet4_endict_2016_expanded.json,50143a67069cd69c0ce1221a6f7bb554b992b3295322344907bf784afb5ff9c0,5427,"{""lemma"": ""sustainable""}",sustainable,,,
cet4_endict_2016_expanded.json,50143a67069cd69c0ce1221a6f7bb554b992b3295322344907bf784afb5ff9c0,5428,"{""lemma"": ""swallow""}",swallow,,,
cet4_endict_2016_expanded.json,50143a67069cd69c0ce1221a6f7bb554b992b3295322344907bf784afb5ff9c0,5429,"{""lemma"": ""sway""}",sway,,,
cet4_endict_2016_expanded.json,50143a67069cd69c0ce1221a6f7bb554b992b3295322344907bf784afb5ff9c0,5430,"{""lemma"": ""swear""}",swear,,,
cet4_endict_2016_expanded.json,50143a67069cd69c0ce1221a6f7bb554b992b3295322344907bf784afb5ff9c0,5431,"{""lemma"": ""sweat""}",sweat,,,
cet4_endict_2016_expanded.json,50143a67069cd69c0ce1221a6f7bb554b992b3295322344907bf784afb5ff9c0,5432,"{""lemma"": ""sweater""}",sweater,,,
cet4_endict_2016_expanded.json,50143a67069cd69c0ce1221a6f7bb554b992b3295322344907bf784afb5ff9c0,5433,"{""lemma"": ""sweep""}",sweep,,,
cet4_endict_2016_expanded.json,50143a67069cd69c0ce1221a6f7bb554b992b3295322344907bf784afb5ff9c0,5434,"{""lemma"": ""sweet""}",sweet,,,
cet4_endict_2016_expanded.json,50143a67069cd69c0ce1221a6f7bb554b992b3295322344907bf784afb5ff9c0,5435,"{""lemma"": ""swell""}",swell,,,
cet4_endict_2016_expanded.json,50143a67069cd69c0ce1221a6f7bb554b992b3295322344907bf784afb5ff9c0,5436,"{""lemma"": ""swift""}",swift,,,
cet4_endict_2016_expanded.json,50143a67069cd69c0ce1221a6f7bb554b992b3295322344907bf784afb5ff9c0,5437,"{""lemma"": ""swim""}",swim,,,
cet4_endict_2016_expanded.json,50143a67069cd69c0ce1221a6f7bb554b992b3295322344907bf784afb5ff9c0,5438,"{""lemma"": ""swimmer""}",swimmer,,,
cet4_endict_2016_expanded.json,50143a67069cd69c0ce1221a6f7bb554b992b3295322344907bf784afb5ff9c0,5439,"{""lemma"": ""swimming""}",swimming,,,
cet4_endict_2016_expanded.json,50143a67069cd69c0ce1221a6f7bb554b992b3295322344907bf784afb5ff9c0,5440,"{""lemma"": ""swing""}",swing,,,
cet4_endict_2016_expanded.json,50143a67069cd69c0ce1221a6f7bb554b992b3295322344907bf784afb5ff9c0,5441,"{""lemma"": ""swipe""}",swipe,,,
cet4_endict_2016_expanded.json,50143a67069cd69c0ce1221a6f7bb554b992b3295322344907bf784afb5ff9c0,5442,"{""lemma"": ""switch""}",switch,,,
cet4_endict_2016_expanded.json,50143a67069cd69c0ce1221a6f7bb554b992b3295322344907bf784afb5ff9c0,5443,"{""lemma"": ""sword""}",sword,,,
cet4_endict_2016_expanded.json,50143a67069cd69c0ce1221a6f7bb554b992b3295322344907bf784afb5ff9c0,5444,"{""lemma"": ""symbol""}",symbol,,,
cet4_endict_2016_expanded.json,50143a67069cd69c0ce1221a6f7bb554b992b3295322344907bf784afb5ff9c0,5445,"{""lemma"": ""symbolic""}",symbolic,,,
cet4_endict_2016_expanded.json,50143a67069cd69c0ce1221a6f7bb554b992b3295322344907bf784afb5ff9c0,5446,"{""lemma"": ""sympathetic""}",sympathetic,,,
cet4_endict_2016_expanded.json,50143a67069cd69c0ce1221a6f7bb554b992b3295322344907bf784afb5ff9c0,5447,"{""lemma"": ""sympathize""}",sympathize,,,
cet4_endict_2016_expanded.json,50143a67069cd69c0ce1221a6f7bb554b992b3295322344907bf784afb5ff9c0,5448,"{""lemma"": ""sympathy""}",sympathy,,,
cet4_endict_2016_expanded.json,50143a67069cd69c0ce1221a6f7bb554b992b3295322344907bf784afb5ff9c0,5449,"{""lemma"": ""symptom""}",symptom,,,
cet4_endict_2016_expanded.json,50143a67069cd69c0ce1221a6f7bb554b992b3295322344907bf784afb5ff9c0,5450,"{""lemma"": ""system""}",system,,,
cet4_endict_2016_expanded.json,50143a67069cd69c0ce1221a6f7bb554b992b3295322344907bf784afb5ff9c0,5451,"{""lemma"": ""systematic""}",systematic,,,
cet4_endict_2016_expanded.json,50143a67069cd69c0ce1221a6f7bb554b992b3295322344907bf784afb5ff9c0,5452,"{""lemma"": ""systematically""}",systematically,,,
cet4_endict_2016_expanded.json,50143a67069cd69c0ce1221a6f7bb554b992b3295322344907bf784afb5ff9c0,5453,"{""lemma"": ""table""}",table,,,
cet4_endict_2016_expanded.json,50143a67069cd69c0ce1221a6f7bb554b992b3295322344907bf784afb5ff9c0,5454,"{""lemma"": ""tablet""}",tablet,,,
cet4_endict_2016_expanded.json,50143a67069cd69c0ce1221a6f7bb554b992b3295322344907bf784afb5ff9c0,5455,"{""lemma"": ""tackle""}",tackle,,,
cet4_endict_2016_expanded.json,50143a67069cd69c0ce1221a6f7bb554b992b3295322344907bf784afb5ff9c0,5456,"{""lemma"": ""tag""}",tag,,,
cet4_endict_2016_expanded.json,50143a67069cd69c0ce1221a6f7bb554b992b3295322344907bf784afb5ff9c0,5457,"{""lemma"": ""tail""}",tail,,,
cet4_endict_2016_expanded.json,50143a67069cd69c0ce1221a6f7bb554b992b3295322344907bf784afb5ff9c0,5458,"{""lemma"": ""tailor""}",tailor,,,
cet4_endict_2016_expanded.json,50143a67069cd69c0ce1221a6f7bb554b992b3295322344907bf784afb5ff9c0,5459,"{""lemma"": ""take""}",take,,,
cet4_endict_2016_expanded.json,50143a67069cd69c0ce1221a6f7bb554b992b3295322344907bf784afb5ff9c0,5460,"{""lemma"": ""takeoff""}",takeoff,,,
cet4_endict_2016_expanded.json,50143a67069cd69c0ce1221a6f7bb554b992b3295322344907bf784afb5ff9c0,5461,"{""lemma"": ""tale""}",tale,,,
cet4_endict_2016_expanded.json,50143a67069cd69c0ce1221a6f7bb554b992b3295322344907bf784afb5ff9c0,5462,"{""lemma"": ""talent""}",talent,,,
cet4_endict_2016_expanded.json,50143a67069cd69c0ce1221a6f7bb554b992b3295322344907bf784afb5ff9c0,5463,"{""lemma"": ""talented""}",talented,,,
cet4_endict_2016_expanded.json,50143a67069cd69c0ce1221a6f7bb554b992b3295322344907bf784afb5ff9c0,5464,"{""lemma"": ""talk""}",talk,,,
cet4_endict_2016_expanded.json,50143a67069cd69c0ce1221a6f7bb554b992b3295322344907bf784afb5ff9c0,5465,"{""lemma"": ""talkative""}",talkative,,,
cet4_endict_2016_expanded.json,50143a67069cd69c0ce1221a6f7bb554b992b3295322344907bf784afb5ff9c0,5466,"{""lemma"": ""tall""}",tall,,,
cet4_endict_2016_expanded.json,50143a67069cd69c0ce1221a6f7bb554b992b3295322344907bf784afb5ff9c0,5467,"{""lemma"": ""tame""}",tame,,,
cet4_endict_2016_expanded.json,50143a67069cd69c0ce1221a6f7bb554b992b3295322344907bf784afb5ff9c0,5468,"{""lemma"": ""tangible""}",tangible,,,
cet4_endict_2016_expanded.json,50143a67069cd69c0ce1221a6f7bb554b992b3295322344907bf784afb5ff9c0,5469,"{""lemma"": ""tank""}",tank,,,
cet4_endict_2016_expanded.json,50143a67069cd69c0ce1221a6f7bb554b992b3295322344907bf784afb5ff9c0,5470,"{""lemma"": ""tap""}",tap,,,
cet4_endict_2016_expanded.json,50143a67069cd69c0ce1221a6f7bb554b992b3295322344907bf784afb5ff9c0,5471,"{""lemma"": ""tape""}",tape,,,
cet4_endict_2016_expanded.json,50143a67069cd69c0ce1221a6f7bb554b992b3295322344907bf784afb5ff9c0,5472,"{""lemma"": ""target""}",target,,,
cet4_endict_2016_expanded.json,50143a67069cd69c0ce1221a6f7bb554b992b3295322344907bf784afb5ff9c0,5473,"{""lemma"": ""task""}",task,,,
cet4_endict_2016_expanded.json,50143a67069cd69c0ce1221a6f7bb554b992b3295322344907bf784afb5ff9c0,5474,"{""lemma"": ""taste""}",taste,,,
cet4_endict_2016_expanded.json,50143a67069cd69c0ce1221a6f7bb554b992b3295322344907bf784afb5ff9c0,5475,"{""lemma"": ""tasty""}",tasty,,,
cet4_endict_2016_expanded.json,50143a67069cd69c0ce1221a6f7bb554b992b3295322344907bf784afb5ff9c0,5476,"{""lemma"": ""tax""}",tax,,,
cet4_endict_2016_expanded.json,50143a67069cd69c0ce1221a6f7bb554b992b3295322344907bf784afb5ff9c0,5477,"{""lemma"": ""taxation""}",taxation,,,
cet4_endict_2016_expanded.json,50143a67069cd69c0ce1221a6f7bb554b992b3295322344907bf784afb5ff9c0,5478,"{""lemma"": ""taxi""}",taxi,,,
cet4_endict_2016_expanded.json,50143a67069cd69c0ce1221a6f7bb554b992b3295322344907bf784afb5ff9c0,5479,"{""lemma"": ""tea""}",tea,,,
cet4_endict_2016_expanded.json,50143a67069cd69c0ce1221a6f7bb554b992b3295322344907bf784afb5ff9c0,5480,"{""lemma"": ""teach""}",teach,,,
cet4_endict_2016_expanded.json,50143a67069cd69c0ce1221a6f7bb554b992b3295322344907bf784afb5ff9c0,5481,"{""lemma"": ""teacher""}",teacher,,,
cet4_endict_2016_expanded.json,50143a67069cd69c0ce1221a6f7bb554b992b3295322344907bf784afb5ff9c0,5482,"{""lemma"": ""teaching""}",teaching,,,
cet4_endict_2016_expanded.json,50143a67069cd69c0ce1221a6f7bb554b992b3295322344907bf784afb5ff9c0,5483,"{""lemma"": ""team""}",team,,,
cet4_endict_2016_expanded.json,50143a67069cd69c0ce1221a6f7bb554b992b3295322344907bf784afb5ff9c0,5484,"{""lemma"": ""tear""}",tear,,,
cet4_endict_2016_expanded.json,50143a67069cd69c0ce1221a6f7bb554b992b3295322344907bf784afb5ff9c0,5485,"{""lemma"": ""tech""}",tech,,,
cet4_endict_2016_expanded.json,50143a67069cd69c0ce1221a6f7bb554b992b3295322344907bf784afb5ff9c0,5486,"{""lemma"": ""technical""}",technical,,,
cet4_endict_2016_expanded.json,50143a67069cd69c0ce1221a6f7bb554b992b3295322344907bf784afb5ff9c0,5487,"{""lemma"": ""technician""}",technician,,,
cet4_endict_2016_expanded.json,50143a67069cd69c0ce1221a6f7bb554b992b3295322344907bf784afb5ff9c0,5488,"{""lemma"": ""technique""}",technique,,,
cet4_endict_2016_expanded.json,50143a67069cd69c0ce1221a6f7bb554b992b3295322344907bf784afb5ff9c0,5489,"{""lemma"": ""technological""}",technological,,,
cet4_endict_2016_expanded.json,50143a67069cd69c0ce1221a6f7bb554b992b3295322344907bf784afb5ff9c0,5490,"{""lemma"": ""technology""}",technology,,,
cet4_endict_2016_expanded.json,50143a67069cd69c0ce1221a6f7bb554b992b3295322344907bf784afb5ff9c0,5491,"{""lemma"": ""tedious""}",tedious,,,
cet4_endict_2016_expanded.json,50143a67069cd69c0ce1221a6f7bb554b992b3295322344907bf784afb5ff9c0,5492,"{""lemma"": ""teen""}",teen,,,
cet4_endict_2016_expanded.json,50143a67069cd69c0ce1221a6f7bb554b992b3295322344907bf784afb5ff9c0,5493,"{""lemma"": ""teenager""}",teenager,,,
cet4_endict_2016_expanded.json,50143a67069cd69c0ce1221a6f7bb554b992b3295322344907bf784afb5ff9c0,5494,"{""lemma"": ""telecommunications""}",telecommunications,,,
cet4_endict_2016_expanded.json,50143a67069cd69c0ce1221a6f7bb554b992b3295322344907bf784afb5ff9c0,5495,"{""lemma"": ""telephone""}",telephone,,,
cet4_endict_2016_expanded.json,50143a67069cd69c0ce1221a6f7bb554b992b3295322344907bf784afb5ff9c0,5496,"{""lemma"": ""telescope""}",telescope,,,
cet4_endict_2016_expanded.json,50143a67069cd69c0ce1221a6f7bb554b992b3295322344907bf784afb5ff9c0,5497,"{""lemma"": ""telescopic""}",telescopic,,,
cet4_endict_2016_expanded.json,50143a67069cd69c0ce1221a6f7bb554b992b3295322344907bf784afb5ff9c0,5498,"{""lemma"": ""television""}",television,,,
cet4_endict_2016_expanded.json,50143a67069cd69c0ce1221a6f7bb554b992b3295322344907bf784afb5ff9c0,5499,"{""lemma"": ""tell""}",tell,,,
cet4_endict_2016_expanded.json,50143a67069cd69c0ce1221a6f7bb554b992b3295322344907bf784afb5ff9c0,5500,"{""lemma"": ""teller""}",teller,,,
cet4_endict_2016_expanded.json,50143a67069cd69c0ce1221a6f7bb554b992b3295322344907bf784afb5ff9c0,5501,"{""lemma"": ""telling""}",telling,,,
cet4_endict_2016_expanded.json,50143a67069cd69c0ce1221a6f7bb554b992b3295322344907bf784afb5ff9c0,5502,"{""lemma"": ""temper""}",temper,,,
cet4_endict_2016_expanded.json,50143a67069cd69c0ce1221a6f7bb554b992b3295322344907bf784afb5ff9c0,5503,"{""lemma"": ""temperature""}",temperature,,,
cet4_endict_2016_expanded.json,50143a67069cd69c0ce1221a6f7bb554b992b3295322344907bf784afb5ff9c0,5504,"{""lemma"": ""temple""}",temple,,,
cet4_endict_2016_expanded.json,50143a67069cd69c0ce1221a6f7bb554b992b3295322344907bf784afb5ff9c0,5505,"{""lemma"": ""temporarily""}",temporarily,,,
cet4_endict_2016_expanded.json,50143a67069cd69c0ce1221a6f7bb554b992b3295322344907bf784afb5ff9c0,5506,"{""lemma"": ""temporary""}",temporary,,,
cet4_endict_2016_expanded.json,50143a67069cd69c0ce1221a6f7bb554b992b3295322344907bf784afb5ff9c0,5507,"{""lemma"": ""ten""}",ten,,,
cet4_endict_2016_expanded.json,50143a67069cd69c0ce1221a6f7bb554b992b3295322344907bf784afb5ff9c0,5508,"{""lemma"": ""tend""}",tend,,,
cet4_endict_2016_expanded.json,50143a67069cd69c0ce1221a6f7bb554b992b3295322344907bf784afb5ff9c0,5509,"{""lemma"": ""tendency""}",tendency,,,
cet4_endict_2016_expanded.json,50143a67069cd69c0ce1221a6f7bb554b992b3295322344907bf784afb5ff9c0,5510,"{""lemma"": ""tender""}",tender,,,
cet4_endict_2016_expanded.json,50143a67069cd69c0ce1221a6f7bb554b992b3295322344907bf784afb5ff9c0,5511,"{""lemma"": ""tennis""}",tennis,,,
cet4_endict_2016_expanded.json,50143a67069cd69c0ce1221a6f7bb554b992b3295322344907bf784afb5ff9c0,5512,"{""lemma"": ""tense""}",tense,,,
cet4_endict_2016_expanded.json,50143a67069cd69c0ce1221a6f7bb554b992b3295322344907bf784afb5ff9c0,5513,"{""lemma"": ""tension""}",tension,,,
cet4_endict_2016_expanded.json,50143a67069cd69c0ce1221a6f7bb554b992b3295322344907bf784afb5ff9c0,5514,"{""lemma"": ""tent""}",tent,,,
cet4_endict_2016_expanded.json,50143a67069cd69c0ce1221a6f7bb554b992b3295322344907bf784afb5ff9c0,5515,"{""lemma"": ""term""}",term,,,
cet4_endict_2016_expanded.json,50143a67069cd69c0ce1221a6f7bb554b992b3295322344907bf784afb5ff9c0,5516,"{""lemma"": ""terminal""}",terminal,,,
cet4_endict_2016_expanded.json,50143a67069cd69c0ce1221a6f7bb554b992b3295322344907bf784afb5ff9c0,5517,"{""lemma"": ""terrible""}",terrible,,,
cet4_endict_2016_expanded.json,50143a67069cd69c0ce1221a6f7bb554b992b3295322344907bf784afb5ff9c0,5518,"{""lemma"": ""terribly""}",terribly,,,
cet4_endict_2016_expanded.json,50143a67069cd69c0ce1221a6f7bb554b992b3295322344907bf784afb5ff9c0,5519,"{""lemma"": ""terrific""}",terrific,,,
cet4_endict_2016_expanded.json,50143a67069cd69c0ce1221a6f7bb554b992b3295322344907bf784afb5ff9c0,5520,"{""lemma"": ""terrify""}",terrify,,,
cet4_endict_2016_expanded.json,50143a67069cd69c0ce1221a6f7bb554b992b3295322344907bf784afb5ff9c0,5521,"{""lemma"": ""territorial""}",territorial,,,
cet4_endict_2016_expanded.json,50143a67069cd69c0ce1221a6f7bb554b992b3295322344907bf784afb5ff9c0,5522,"{""lemma"": ""territory""}",territory,,,
cet4_endict_2016_expanded.json,50143a67069cd69c0ce1221a6f7bb554b992b3295322344907bf784afb5ff9c0,5523,"{""lemma"": ""terror""}",terror,,,
cet4_endict_2016_expanded.json,50143a67069cd69c0ce1221a6f7bb554b992b3295322344907bf784afb5ff9c0,5524,"{""lemma"": ""terrorism""}",terrorism,,,
cet4_endict_2016_expanded.json,50143a67069cd69c0ce1221a6f7bb554b992b3295322344907bf784afb5ff9c0,5525,"{""lemma"": ""terrorist""}",terrorist,,,
cet4_endict_2016_expanded.json,50143a67069cd69c0ce1221a6f7bb554b992b3295322344907bf784afb5ff9c0,5526,"{""lemma"": ""test""}",test,,,
cet4_endict_2016_expanded.json,50143a67069cd69c0ce1221a6f7bb554b992b3295322344907bf784afb5ff9c0,5527,"{""lemma"": ""text""}",text,,,
cet4_endict_2016_expanded.json,50143a67069cd69c0ce1221a6f7bb554b992b3295322344907bf784afb5ff9c0,5528,"{""lemma"": ""textbook""}",textbook,,,
cet4_endict_2016_expanded.json,50143a67069cd69c0ce1221a6f7bb554b992b3295322344907bf784afb5ff9c0,5529,"{""lemma"": ""textile""}",textile,,,
cet4_endict_2016_expanded.json,50143a67069cd69c0ce1221a6f7bb554b992b3295322344907bf784afb5ff9c0,5530,"{""lemma"": ""than""}",than,,,
cet4_endict_2016_expanded.json,50143a67069cd69c0ce1221a6f7bb554b992b3295322344907bf784afb5ff9c0,5531,"{""lemma"": ""thank""}",thank,,,
cet4_endict_2016_expanded.json,50143a67069cd69c0ce1221a6f7bb554b992b3295322344907bf784afb5ff9c0,5532,"{""lemma"": ""thankful""}",thankful,,,
cet4_endict_2016_expanded.json,50143a67069cd69c0ce1221a6f7bb554b992b3295322344907bf784afb5ff9c0,5533,"{""lemma"": ""thanksgiving""}",thanksgiving,,,
cet4_endict_2016_expanded.json,50143a67069cd69c0ce1221a6f7bb554b992b3295322344907bf784afb5ff9c0,5534,"{""lemma"": ""that""}",that,,,
cet4_endict_2016_expanded.json,50143a67069cd69c0ce1221a6f7bb554b992b3295322344907bf784afb5ff9c0,5535,"{""lemma"": ""the""}",the,,,
cet4_endict_2016_expanded.json,50143a67069cd69c0ce1221a6f7bb554b992b3295322344907bf784afb5ff9c0,5536,"{""lemma"": ""theater""}",theater,,,
cet4_endict_2016_expanded.json,50143a67069cd69c0ce1221a6f7bb554b992b3295322344907bf784afb5ff9c0,5537,"{""lemma"": ""theatrical""}",theatrical,,,
cet4_endict_2016_expanded.json,50143a67069cd69c0ce1221a6f7bb554b992b3295322344907bf784afb5ff9c0,5538,"{""lemma"": ""theft""}",theft,,,
cet4_endict_2016_expanded.json,50143a67069cd69c0ce1221a6f7bb554b992b3295322344907bf784afb5ff9c0,5539,"{""lemma"": ""their""}",their,,,
cet4_endict_2016_expanded.json,50143a67069cd69c0ce1221a6f7bb554b992b3295322344907bf784afb5ff9c0,5540,"{""lemma"": ""theirs""}",theirs,,,
cet4_endict_2016_expanded.json,50143a67069cd69c0ce1221a6f7bb554b992b3295322344907bf784afb5ff9c0,5541,"{""lemma"": ""them""}",them,,,
cet4_endict_2016_expanded.json,50143a67069cd69c0ce1221a6f7bb554b992b3295322344907bf784afb5ff9c0,5542,"{""lemma"": ""theme""}",theme,,,
cet4_endict_2016_expanded.json,50143a67069cd69c0ce1221a6f7bb554b992b3295322344907bf784afb5ff9c0,5543,"{""lemma"": ""themselves""}",themselves,,,
cet4_endict_2016_expanded.json,50143a67069cd69c0ce1221a6f7bb554b992b3295322344907bf784afb5ff9c0,5544,"{""lemma"": ""then""}",then,,,
cet4_endict_2016_expanded.json,50143a67069cd69c0ce1221a6f7bb554b992b3295322344907bf784afb5ff9c0,5545,"{""lemma"": ""theoretical""}",theoretical,,,
cet4_endict_2016_expanded.json,50143a67069cd69c0ce1221a6f7bb554b992b3295322344907bf784afb5ff9c0,5546,"{""lemma"": ""theory""}",theory,,,
cet4_endict_2016_expanded.json,50143a67069cd69c0ce1221a6f7bb554b992b3295322344907bf784afb5ff9c0,5547,"{""lemma"": ""therapeutic""}",therapeutic,,,
cet4_endict_2016_expanded.json,50143a67069cd69c0ce1221a6f7bb554b992b3295322344907bf784afb5ff9c0,5548,"{""lemma"": ""therapist""}",therapist,,,
cet4_endict_2016_expanded.json,50143a67069cd69c0ce1221a6f7bb554b992b3295322344907bf784afb5ff9c0,5549,"{""lemma"": ""therapy""}",therapy,,,
cet4_endict_2016_expanded.json,50143a67069cd69c0ce1221a6f7bb554b992b3295322344907bf784afb5ff9c0,5550,"{""lemma"": ""there""}",there,,,
cet4_endict_2016_expanded.json,50143a67069cd69c0ce1221a6f7bb554b992b3295322344907bf784afb5ff9c0,5551,"{""lemma"": ""thereby""}",thereby,,,
cet4_endict_2016_expanded.json,50143a67069cd69c0ce1221a6f7bb554b992b3295322344907bf784afb5ff9c0,5552,"{""lemma"": ""therefore""}",therefore,,,
cet4_endict_2016_expanded.json,50143a67069cd69c0ce1221a6f7bb554b992b3295322344907bf784afb5ff9c0,5553,"{""lemma"": ""thermometer""}",thermometer,,,
cet4_endict_2016_expanded.json,50143a67069cd69c0ce1221a6f7bb554b992b3295322344907bf784afb5ff9c0,5554,"{""lemma"": ""these""}",these,,,
cet4_endict_2016_expanded.json,50143a67069cd69c0ce1221a6f7bb554b992b3295322344907bf784afb5ff9c0,5555,"{""lemma"": ""thesis""}",thesis,,,
cet4_endict_2016_expanded.json,50143a67069cd69c0ce1221a6f7bb554b992b3295322344907bf784afb5ff9c0,5556,"{""lemma"": ""they""}",they,,,
cet4_endict_2016_expanded.json,50143a67069cd69c0ce1221a6f7bb554b992b3295322344907bf784afb5ff9c0,5557,"{""lemma"": ""thick""}",thick,,,
cet4_endict_2016_expanded.json,50143a67069cd69c0ce1221a6f7bb554b992b3295322344907bf784afb5ff9c0,5558,"{""lemma"": ""thief""}",thief,,,
cet4_endict_2016_expanded.json,50143a67069cd69c0ce1221a6f7bb554b992b3295322344907bf784afb5ff9c0,5559,"{""lemma"": ""thin""}",thin,,,
cet4_endict_2016_expanded.json,50143a67069cd69c0ce1221a6f7bb554b992b3295322344907bf784afb5ff9c0,5560,"{""lemma"": ""thing""}",thing,,,
cet4_endict_2016_expanded.json,50143a67069cd69c0ce1221a6f7bb554b992b3295322344907bf784afb5ff9c0,5561,"{""lemma"": ""think""}",think,,,
cet4_endict_2016_expanded.json,50143a67069cd69c0ce1221a6f7bb554b992b3295322344907bf784afb5ff9c0,5562,"{""lemma"": ""thinking""}",thinking,,,
cet4_endict_2016_expanded.json,50143a67069cd69c0ce1221a6f7bb554b992b3295322344907bf784afb5ff9c0,5563,"{""lemma"": ""third""}",third,,,
cet4_endict_2016_expanded.json,50143a67069cd69c0ce1221a6f7bb554b992b3295322344907bf784afb5ff9c0,5564,"{""lemma"": ""thirst""}",thirst,,,
cet4_endict_2016_expanded.json,50143a67069cd69c0ce1221a6f7bb554b992b3295322344907bf784afb5ff9c0,5565,"{""lemma"": ""thirsty""}",thirsty,,,
cet4_endict_2016_expanded.json,50143a67069cd69c0ce1221a6f7bb554b992b3295322344907bf784afb5ff9c0,5566,"{""lemma"": ""thirteen""}",thirteen,,,
cet4_endict_2016_expanded.json,50143a67069cd69c0ce1221a6f7bb554b992b3295322344907bf784afb5ff9c0,5567,"{""lemma"": ""thirty""}",thirty,,,
cet4_endict_2016_expanded.json,50143a67069cd69c0ce1221a6f7bb554b992b3295322344907bf784afb5ff9c0,5568,"{""lemma"": ""this""}",this,,,
cet4_endict_2016_expanded.json,50143a67069cd69c0ce1221a6f7bb554b992b3295322344907bf784afb5ff9c0,5569,"{""lemma"": ""thorough""}",thorough,,,
cet4_endict_2016_expanded.json,50143a67069cd69c0ce1221a6f7bb554b992b3295322344907bf784afb5ff9c0,5570,"{""lemma"": ""those""}",those,,,
cet4_endict_2016_expanded.json,50143a67069cd69c0ce1221a6f7bb554b992b3295322344907bf784afb5ff9c0,5571,"{""lemma"": ""though""}",though,,,
cet4_endict_2016_expanded.json,50143a67069cd69c0ce1221a6f7bb554b992b3295322344907bf784afb5ff9c0,5572,"{""lemma"": ""thought""}",thought,,,
cet4_endict_2016_expanded.json,50143a67069cd69c0ce1221a6f7bb554b992b3295322344907bf784afb5ff9c0,5573,"{""lemma"": ""thoughtful""}",thoughtful,,,
cet4_endict_2016_expanded.json,50143a67069cd69c0ce1221a6f7bb554b992b3295322344907bf784afb5ff9c0,5574,"{""lemma"": ""thousand""}",thousand,,,
cet4_endict_2016_expanded.json,50143a67069cd69c0ce1221a6f7bb554b992b3295322344907bf784afb5ff9c0,5575,"{""lemma"": ""thread""}",thread,,,
cet4_endict_2016_expanded.json,50143a67069cd69c0ce1221a6f7bb554b992b3295322344907bf784afb5ff9c0,5576,"{""lemma"": ""threat""}",threat,,,
cet4_endict_2016_expanded.json,50143a67069cd69c0ce1221a6f7bb554b992b3295322344907bf784afb5ff9c0,5577,"{""lemma"": ""threaten""}",threaten,,,
cet4_endict_2016_expanded.json,50143a67069cd69c0ce1221a6f7bb554b992b3295322344907bf784afb5ff9c0,5578,"{""lemma"": ""three""}",three,,,
cet4_endict_2016_expanded.json,50143a67069cd69c0ce1221a6f7bb554b992b3295322344907bf784afb5ff9c0,5579,"{""lemma"": ""thrive""}",thrive,,,
cet4_endict_2016_expanded.json,50143a67069cd69c0ce1221a6f7bb554b992b3295322344907bf784afb5ff9c0,5580,"{""lemma"": ""throat""}",throat,,,
cet4_endict_2016_expanded.json,50143a67069cd69c0ce1221a6f7bb554b992b3295322344907bf784afb5ff9c0,5581,"{""lemma"": ""through""}",through,,,
cet4_endict_2016_expanded.json,50143a67069cd69c0ce1221a6f7bb554b992b3295322344907bf784afb5ff9c0,5582,"{""lemma"": ""throughout""}",throughout,,,
cet4_endict_2016_expanded.json,50143a67069cd69c0ce1221a6f7bb554b992b3295322344907bf784afb5ff9c0,5583,"{""lemma"": ""throw""}",throw,,,
cet4_endict_2016_expanded.json,50143a67069cd69c0ce1221a6f7bb554b992b3295322344907bf784afb5ff9c0,5584,"{""lemma"": ""thrust""}",thrust,,,
cet4_endict_2016_expanded.json,50143a67069cd69c0ce1221a6f7bb554b992b3295322344907bf784afb5ff9c0,5585,"{""lemma"": ""thumb""}",thumb,,,
cet4_endict_2016_expanded.json,50143a67069cd69c0ce1221a6f7bb554b992b3295322344907bf784afb5ff9c0,5586,"{""lemma"": ""thunder""}",thunder,,,
cet4_endict_2016_expanded.json,50143a67069cd69c0ce1221a6f7bb554b992b3295322344907bf784afb5ff9c0,5587,"{""lemma"": ""thunderous""}",thunderous,,,
cet4_endict_2016_expanded.json,50143a67069cd69c0ce1221a6f7bb554b992b3295322344907bf784afb5ff9c0,5588,"{""lemma"": ""Thursday""}",Thursday,,,
cet4_endict_2016_expanded.json,50143a67069cd69c0ce1221a6f7bb554b992b3295322344907bf784afb5ff9c0,5589,"{""lemma"": ""thus""}",thus,,,
cet4_endict_2016_expanded.json,50143a67069cd69c0ce1221a6f7bb554b992b3295322344907bf784afb5ff9c0,5590,"{""lemma"": ""tick""}",tick,,,
cet4_endict_2016_expanded.json,50143a67069cd69c0ce1221a6f7bb554b992b3295322344907bf784afb5ff9c0,5591,"{""lemma"": ""ticket""}",ticket,,,
cet4_endict_2016_expanded.json,50143a67069cd69c0ce1221a6f7bb554b992b3295322344907bf784afb5ff9c0,5592,"{""lemma"": ""tidal""}",tidal,,,
cet4_endict_2016_expanded.json,50143a67069cd69c0ce1221a6f7bb554b992b3295322344907bf784afb5ff9c0,5593,"{""lemma"": ""tide""}",tide,,,
cet4_endict_2016_expanded.json,50143a67069cd69c0ce1221a6f7bb554b992b3295322344907bf784afb5ff9c0,5594,"{""lemma"": ""tidy""}",tidy,,,
cet4_endict_2016_expanded.json,50143a67069cd69c0ce1221a6f7bb554b992b3295322344907bf784afb5ff9c0,5595,"{""lemma"": ""tie""}",tie,,,
cet4_endict_2016_expanded.json,50143a67069cd69c0ce1221a6f7bb554b992b3295322344907bf784afb5ff9c0,5596,"{""lemma"": ""tiger""}",tiger,,,
cet4_endict_2016_expanded.json,50143a67069cd69c0ce1221a6f7bb554b992b3295322344907bf784afb5ff9c0,5597,"{""lemma"": ""tight""}",tight,,,
cet4_endict_2016_expanded.json,50143a67069cd69c0ce1221a6f7bb554b992b3295322344907bf784afb5ff9c0,5598,"{""lemma"": ""tighten""}",tighten,,,
cet4_endict_2016_expanded.json,50143a67069cd69c0ce1221a6f7bb554b992b3295322344907bf784afb5ff9c0,5599,"{""lemma"": ""tigress""}",tigress,,,
cet4_endict_2016_expanded.json,50143a67069cd69c0ce1221a6f7bb554b992b3295322344907bf784afb5ff9c0,5600,"{""lemma"": ""till""}",till,,,
cet4_endict_2016_expanded.json,50143a67069cd69c0ce1221a6f7bb554b992b3295322344907bf784afb5ff9c0,5601,"{""lemma"": ""timber""}",timber,,,
cet4_endict_2016_expanded.json,50143a67069cd69c0ce1221a6f7bb554b992b3295322344907bf784afb5ff9c0,5602,"{""lemma"": ""time""}",time,,,
cet4_endict_2016_expanded.json,50143a67069cd69c0ce1221a6f7bb554b992b3295322344907bf784afb5ff9c0,5603,"{""lemma"": ""timely""}",timely,,,
cet4_endict_2016_expanded.json,50143a67069cd69c0ce1221a6f7bb554b992b3295322344907bf784afb5ff9c0,5604,"{""lemma"": ""timing""}",timing,,,
cet4_endict_2016_expanded.json,50143a67069cd69c0ce1221a6f7bb554b992b3295322344907bf784afb5ff9c0,5605,"{""lemma"": ""tin""}",tin,,,
cet4_endict_2016_expanded.json,50143a67069cd69c0ce1221a6f7bb554b992b3295322344907bf784afb5ff9c0,5606,"{""lemma"": ""tiny""}",tiny,,,
cet4_endict_2016_expanded.json,50143a67069cd69c0ce1221a6f7bb554b992b3295322344907bf784afb5ff9c0,5607,"{""lemma"": ""tip""}",tip,,,
cet4_endict_2016_expanded.json,50143a67069cd69c0ce1221a6f7bb554b992b3295322344907bf784afb5ff9c0,5608,"{""lemma"": ""tired""}",tired,,,
cet4_endict_2016_expanded.json,50143a67069cd69c0ce1221a6f7bb554b992b3295322344907bf784afb5ff9c0,5609,"{""lemma"": ""tireless""}",tireless,,,
cet4_endict_2016_expanded.json,50143a67069cd69c0ce1221a6f7bb554b992b3295322344907bf784afb5ff9c0,5610,"{""lemma"": ""tiresome""}",tiresome,,,
cet4_endict_2016_expanded.json,50143a67069cd69c0ce1221a6f7bb554b992b3295322344907bf784afb5ff9c0,5611,"{""lemma"": ""tiring""}",tiring,,,
cet4_endict_2016_expanded.json,50143a67069cd69c0ce1221a6f7bb554b992b3295322344907bf784afb5ff9c0,5612,"{""lemma"": ""tissue""}",tissue,,,
cet4_endict_2016_expanded.json,50143a67069cd69c0ce1221a6f7bb554b992b3295322344907bf784afb5ff9c0,5613,"{""lemma"": ""title""}",title,,,
cet4_endict_2016_expanded.json,50143a67069cd69c0ce1221a6f7bb554b992b3295322344907bf784afb5ff9c0,5614,"{""lemma"": ""to""}",to,,,
cet4_endict_2016_expanded.json,50143a67069cd69c0ce1221a6f7bb554b992b3295322344907bf784afb5ff9c0,5615,"{""lemma"": ""toast""}",toast,,,
cet4_endict_2016_expanded.json,50143a67069cd69c0ce1221a6f7bb554b992b3295322344907bf784afb5ff9c0,5616,"{""lemma"": ""tobacco""}",tobacco,,,
cet4_endict_2016_expanded.json,50143a67069cd69c0ce1221a6f7bb554b992b3295322344907bf784afb5ff9c0,5617,"{""lemma"": ""today""}",today,,,
cet4_endict_2016_expanded.json,50143a67069cd69c0ce1221a6f7bb554b992b3295322344907bf784afb5ff9c0,5618,"{""lemma"": ""toe""}",toe,,,
cet4_endict_2016_expanded.json,50143a67069cd69c0ce1221a6f7bb554b992b3295322344907bf784afb5ff9c0,5619,"{""lemma"": ""together""}",together,,,
cet4_endict_2016_expanded.json,50143a67069cd69c0ce1221a6f7bb554b992b3295322344907bf784afb5ff9c0,5620,"{""lemma"": ""toilet""}",toilet,,,
cet4_endict_2016_expanded.json,50143a67069cd69c0ce1221a6f7bb554b992b3295322344907bf784afb5ff9c0,5621,"{""lemma"": ""token""}",token,,,
cet4_endict_2016_expanded.json,50143a67069cd69c0ce1221a6f7bb554b992b3295322344907bf784afb5ff9c0,5622,"{""lemma"": ""tolerable""}",tolerable,,,
cet4_endict_2016_expanded.json,50143a67069cd69c0ce1221a6f7bb554b992b3295322344907bf784afb5ff9c0,5623,"{""lemma"": ""tolerance""}",tolerance,,,
cet4_endict_2016_expanded.json,50143a67069cd69c0ce1221a6f7bb554b992b3295322344907bf784afb5ff9c0,5624,"{""lemma"": ""tolerant""}",tolerant,,,
cet4_endict_2016_expanded.json,50143a67069cd69c0ce1221a6f7bb554b992b3295322344907bf784afb5ff9c0,5625,"{""lemma"": ""tolerate""}",tolerate,,,
cet4_endict_2016_expanded.json,50143a67069cd69c0ce1221a6f7bb554b992b3295322344907bf784afb5ff9c0,5626,"{""lemma"": ""toll""}",toll,,,
cet4_endict_2016_expanded.json,50143a67069cd69c0ce1221a6f7bb554b992b3295322344907bf784afb5ff9c0,5627,"{""lemma"": ""tomato""}",tomato,,,
cet4_endict_2016_expanded.json,50143a67069cd69c0ce1221a6f7bb554b992b3295322344907bf784afb5ff9c0,5628,"{""lemma"": ""tomorrow""}",tomorrow,,,
cet4_endict_2016_expanded.json,50143a67069cd69c0ce1221a6f7bb554b992b3295322344907bf784afb5ff9c0,5629,"{""lemma"": ""ton""}",ton,,,
cet4_endict_2016_expanded.json,50143a67069cd69c0ce1221a6f7bb554b992b3295322344907bf784afb5ff9c0,5630,"{""lemma"": ""tone""}",tone,,,
cet4_endict_2016_expanded.json,50143a67069cd69c0ce1221a6f7bb554b992b3295322344907bf784afb5ff9c0,5631,"{""lemma"": ""tongue""}",tongue,,,
cet4_endict_2016_expanded.json,50143a67069cd69c0ce1221a6f7bb554b992b3295322344907bf784afb5ff9c0,5632,"{""lemma"": ""tonight""}",tonight,,,
cet4_endict_2016_expanded.json,50143a67069cd69c0ce1221a6f7bb554b992b3295322344907bf784afb5ff9c0,5633,"{""lemma"": ""tonnage""}",tonnage,,,
cet4_endict_2016_expanded.json,50143a67069cd69c0ce1221a6f7bb554b992b3295322344907bf784afb5ff9c0,5634,"{""lemma"": ""too""}",too,,,
cet4_endict_2016_expanded.json,50143a67069cd69c0ce1221a6f7bb554b992b3295322344907bf784afb5ff9c0,5635,"{""lemma"": ""tool""}",tool,,,
cet4_endict_2016_expanded.json,50143a67069cd69c0ce1221a6f7bb554b992b3295322344907bf784afb5ff9c0,5636,"{""lemma"": ""tooth""}",tooth,,,
cet4_endict_2016_expanded.json,50143a67069cd69c0ce1221a6f7bb554b992b3295322344907bf784afb5ff9c0,5637,"{""lemma"": ""top""}",top,,,
cet4_endict_2016_expanded.json,50143a67069cd69c0ce1221a6f7bb554b992b3295322344907bf784afb5ff9c0,5638,"{""lemma"": ""topic""}",topic,,,
cet4_endict_2016_expanded.json,50143a67069cd69c0ce1221a6f7bb554b992b3295322344907bf784afb5ff9c0,5639,"{""lemma"": ""topical""}",topical,,,
cet4_endict_2016_expanded.json,50143a67069cd69c0ce1221a6f7bb554b992b3295322344907bf784afb5ff9c0,5640,"{""lemma"": ""torch""}",torch,,,
cet4_endict_2016_expanded.json,50143a67069cd69c0ce1221a6f7bb554b992b3295322344907bf784afb5ff9c0,5641,"{""lemma"": ""torture""}",torture,,,
cet4_endict_2016_expanded.json,50143a67069cd69c0ce1221a6f7bb554b992b3295322344907bf784afb5ff9c0,5642,"{""lemma"": ""toss""}",toss,,,
cet4_endict_2016_expanded.json,50143a67069cd69c0ce1221a6f7bb554b992b3295322344907bf784afb5ff9c0,5643,"{""lemma"": ""total""}",total,,,
cet4_endict_2016_expanded.json,50143a67069cd69c0ce1221a6f7bb554b992b3295322344907bf784afb5ff9c0,5644,"{""lemma"": ""touch""}",touch,,,
cet4_endict_2016_expanded.json,50143a67069cd69c0ce1221a6f7bb554b992b3295322344907bf784afb5ff9c0,5645,"{""lemma"": ""tough""}",tough,,,
cet4_endict_2016_expanded.json,50143a67069cd69c0ce1221a6f7bb554b992b3295322344907bf784afb5ff9c0,5646,"{""lemma"": ""tour""}",tour,,,
cet4_endict_2016_expanded.json,50143a67069cd69c0ce1221a6f7bb554b992b3295322344907bf784afb5ff9c0,5647,"{""lemma"": ""tourism""}",tourism,,,
cet4_endict_2016_expanded.json,50143a67069cd69c0ce1221a6f7bb554b992b3295322344907bf784afb5ff9c0,5648,"{""lemma"": ""tourist""}",tourist,,,
cet4_endict_2016_expanded.json,50143a67069cd69c0ce1221a6f7bb554b992b3295322344907bf784afb5ff9c0,5649,"{""lemma"": ""toward""}",toward,,,
cet4_endict_2016_expanded.json,50143a67069cd69c0ce1221a6f7bb554b992b3295322344907bf784afb5ff9c0,5650,"{""lemma"": ""towel""}",towel,,,
cet4_endict_2016_expanded.json,50143a67069cd69c0ce1221a6f7bb554b992b3295322344907bf784afb5ff9c0,5651,"{""lemma"": ""tower""}",tower,,,
cet4_endict_2016_expanded.json,50143a67069cd69c0ce1221a6f7bb554b992b3295322344907bf784afb5ff9c0,5652,"{""lemma"": ""town""}",town,,,
cet4_endict_2016_expanded.json,50143a67069cd69c0ce1221a6f7bb554b992b3295322344907bf784afb5ff9c0,5653,"{""lemma"": ""township""}",township,,,
cet4_endict_2016_expanded.json,50143a67069cd69c0ce1221a6f7bb554b992b3295322344907bf784afb5ff9c0,5654,"{""lemma"": ""toy""}",toy,,,
cet4_endict_2016_expanded.json,50143a67069cd69c0ce1221a6f7bb554b992b3295322344907bf784afb5ff9c0,5655,"{""lemma"": ""trace""}",trace,,,
cet4_endict_2016_expanded.json,50143a67069cd69c0ce1221a6f7bb554b992b3295322344907bf784afb5ff9c0,5656,"{""lemma"": ""track""}",track,,,
cet4_endict_2016_expanded.json,50143a67069cd69c0ce1221a6f7bb554b992b3295322344907bf784afb5ff9c0,5657,"{""lemma"": ""tractor""}",tractor,,,
cet4_endict_2016_expanded.json,50143a67069cd69c0ce1221a6f7bb554b992b3295322344907bf784afb5ff9c0,5658,"{""lemma"": ""trade""}",trade,,,
cet4_endict_2016_expanded.json,50143a67069cd69c0ce1221a6f7bb554b992b3295322344907bf784afb5ff9c0,5659,"{""lemma"": ""trademark""}",trademark,,,
cet4_endict_2016_expanded.json,50143a67069cd69c0ce1221a6f7bb554b992b3295322344907bf784afb5ff9c0,5660,"{""lemma"": ""tradition""}",tradition,,,
cet4_endict_2016_expanded.json,50143a67069cd69c0ce1221a6f7bb554b992b3295322344907bf784afb5ff9c0,5661,"{""lemma"": ""traditional""}",traditional,,,
cet4_endict_2016_expanded.json,50143a67069cd69c0ce1221a6f7bb554b992b3295322344907bf784afb5ff9c0,5662,"{""lemma"": ""traffic""}",traffic,,,
cet4_endict_2016_expanded.json,50143a67069cd69c0ce1221a6f7bb554b992b3295322344907bf784afb5ff9c0,5663,"{""lemma"": ""trafficking""}",trafficking,,,
cet4_endict_2016_expanded.json,50143a67069cd69c0ce1221a6f7bb554b992b3295322344907bf784afb5ff9c0,5664,"{""lemma"": ""tragedy""}",tragedy,,,
cet4_endict_2016_expanded.json,50143a67069cd69c0ce1221a6f7bb554b992b3295322344907bf784afb5ff9c0,5665,"{""lemma"": ""tragic""}",tragic,,,
cet4_endict_2016_expanded.json,50143a67069cd69c0ce1221a6f7bb554b992b3295322344907bf784afb5ff9c0,5666,"{""lemma"": ""tragically""}",tragically,,,
cet4_endict_2016_expanded.json,50143a67069cd69c0ce1221a6f7bb554b992b3295322344907bf784afb5ff9c0,5667,"{""lemma"": ""trail""}",trail,,,
cet4_endict_2016_expanded.json,50143a67069cd69c0ce1221a6f7bb554b992b3295322344907bf784afb5ff9c0,5668,"{""lemma"": ""trailer""}",trailer,,,
cet4_endict_2016_expanded.json,50143a67069cd69c0ce1221a6f7bb554b992b3295322344907bf784afb5ff9c0,5669,"{""lemma"": ""train""}",train,,,
cet4_endict_2016_expanded.json,50143a67069cd69c0ce1221a6f7bb554b992b3295322344907bf784afb5ff9c0,5670,"{""lemma"": ""trainee""}",trainee,,,
cet4_endict_2016_expanded.json,50143a67069cd69c0ce1221a6f7bb554b992b3295322344907bf784afb5ff9c0,5671,"{""lemma"": ""trainer""}",trainer,,,
cet4_endict_2016_expanded.json,50143a67069cd69c0ce1221a6f7bb554b992b3295322344907bf784afb5ff9c0,5672,"{""lemma"": ""training""}",training,,,
cet4_endict_2016_expanded.json,50143a67069cd69c0ce1221a6f7bb554b992b3295322344907bf784afb5ff9c0,5673,"{""lemma"": ""tram""}",tram,,,
cet4_endict_2016_expanded.json,50143a67069cd69c0ce1221a6f7bb554b992b3295322344907bf784afb5ff9c0,5674,"{""lemma"": ""transaction""}",transaction,,,
cet4_endict_2016_expanded.json,50143a67069cd69c0ce1221a6f7bb554b992b3295322344907bf784afb5ff9c0,5675,"{""lemma"": ""transcript""}",transcript,,,
cet4_endict_2016_expanded.json,50143a67069cd69c0ce1221a6f7bb554b992b3295322344907bf784afb5ff9c0,5676,"{""lemma"": ""transfer""}",transfer,,,
cet4_endict_2016_expanded.json,50143a67069cd69c0ce1221a6f7bb554b992b3295322344907bf784afb5ff9c0,5677,"{""lemma"": ""transference""}",transference,,,
cet4_endict_2016_expanded.json,50143a67069cd69c0ce1221a6f7bb554b992b3295322344907bf784afb5ff9c0,5678,"{""lemma"": ""transform""}",transform,,,
cet4_endict_2016_expanded.json,50143a67069cd69c0ce1221a6f7bb554b992b3295322344907bf784afb5ff9c0,5679,"{""lemma"": ""transformation""}",transformation,,,
cet4_endict_2016_expanded.json,50143a67069cd69c0ce1221a6f7bb554b992b3295322344907bf784afb5ff9c0,5680,"{""lemma"": ""transit""}",transit,,,
cet4_endict_2016_expanded.json,50143a67069cd69c0ce1221a6f7bb554b992b3295322344907bf784afb5ff9c0,5681,"{""lemma"": ""translate""}",translate,,,
cet4_endict_2016_expanded.json,50143a67069cd69c0ce1221a6f7bb554b992b3295322344907bf784afb5ff9c0,5682,"{""lemma"": ""translation""}",translation,,,
cet4_endict_2016_expanded.json,50143a67069cd69c0ce1221a6f7bb554b992b3295322344907bf784afb5ff9c0,5683,"{""lemma"": ""translator""}",translator,,,
cet4_endict_2016_expanded.json,50143a67069cd69c0ce1221a6f7bb554b992b3295322344907bf784afb5ff9c0,5684,"{""lemma"": ""transmission""}",transmission,,,
cet4_endict_2016_expanded.json,50143a67069cd69c0ce1221a6f7bb554b992b3295322344907bf784afb5ff9c0,5685,"{""lemma"": ""transmit""}",transmit,,,
cet4_endict_2016_expanded.json,50143a67069cd69c0ce1221a6f7bb554b992b3295322344907bf784afb5ff9c0,5686,"{""lemma"": ""transmitter""}",transmitter,,,
cet4_endict_2016_expanded.json,50143a67069cd69c0ce1221a6f7bb554b992b3295322344907bf784afb5ff9c0,5687,"{""lemma"": ""transparency""}",transparency,,,
cet4_endict_2016_expanded.json,50143a67069cd69c0ce1221a6f7bb554b992b3295322344907bf784afb5ff9c0,5688,"{""lemma"": ""transparent""}",transparent,,,
cet4_endict_2016_expanded.json,50143a67069cd69c0ce1221a6f7bb554b992b3295322344907bf784afb5ff9c0,5689,"{""lemma"": ""transplant""}",transplant,,,
cet4_endict_2016_expanded.json,50143a67069cd69c0ce1221a6f7bb554b992b3295322344907bf784afb5ff9c0,5690,"{""lemma"": ""transplantation""}",transplantation,,,
cet4_endict_2016_expanded.json,50143a67069cd69c0ce1221a6f7bb554b992b3295322344907bf784afb5ff9c0,5691,"{""lemma"": ""transport""}",transport,,,
cet4_endict_2016_expanded.json,50143a67069cd69c0ce1221a6f7bb554b992b3295322344907bf784afb5ff9c0,5692,"{""lemma"": ""transportation""}",transportation,,,
cet4_endict_2016_expanded.json,50143a67069cd69c0ce1221a6f7bb554b992b3295322344907bf784afb5ff9c0,5693,"{""lemma"": ""trap""}",trap,,,
cet4_endict_2016_expanded.json,50143a67069cd69c0ce1221a6f7bb554b992b3295322344907bf784afb5ff9c0,5694,"{""lemma"": ""trash""}",trash,,,
cet4_endict_2016_expanded.json,50143a67069cd69c0ce1221a6f7bb554b992b3295322344907bf784afb5ff9c0,5695,"{""lemma"": ""travel""}",travel,,,
cet4_endict_2016_expanded.json,50143a67069cd69c0ce1221a6f7bb554b992b3295322344907bf784afb5ff9c0,5696,"{""lemma"": ""tray""}",tray,,,
cet4_endict_2016_expanded.json,50143a67069cd69c0ce1221a6f7bb554b992b3295322344907bf784afb5ff9c0,5697,"{""lemma"": ""treasure""}",treasure,,,
cet4_endict_2016_expanded.json,50143a67069cd69c0ce1221a6f7bb554b992b3295322344907bf784afb5ff9c0,5698,"{""lemma"": ""treat""}",treat,,,
cet4_endict_2016_expanded.json,50143a67069cd69c0ce1221a6f7bb554b992b3295322344907bf784afb5ff9c0,5699,"{""lemma"": ""treatment""}",treatment,,,
cet4_endict_2016_expanded.json,50143a67069cd69c0ce1221a6f7bb554b992b3295322344907bf784afb5ff9c0,5700,"{""lemma"": ""treaty""}",treaty,,,
cet4_endict_2016_expanded.json,50143a67069cd69c0ce1221a6f7bb554b992b3295322344907bf784afb5ff9c0,5701,"{""lemma"": ""tree""}",tree,,,
cet4_endict_2016_expanded.json,50143a67069cd69c0ce1221a6f7bb554b992b3295322344907bf784afb5ff9c0,5702,"{""lemma"": ""tremble""}",tremble,,,
cet4_endict_2016_expanded.json,50143a67069cd69c0ce1221a6f7bb554b992b3295322344907bf784afb5ff9c0,5703,"{""lemma"": ""tremendous""}",tremendous,,,
cet4_endict_2016_expanded.json,50143a67069cd69c0ce1221a6f7bb554b992b3295322344907bf784afb5ff9c0,5704,"{""lemma"": ""trend""}",trend,,,
cet4_endict_2016_expanded.json,50143a67069cd69c0ce1221a6f7bb554b992b3295322344907bf784afb5ff9c0,5705,"{""lemma"": ""trial""}",trial,,,
cet4_endict_2016_expanded.json,50143a67069cd69c0ce1221a6f7bb554b992b3295322344907bf784afb5ff9c0,5706,"{""lemma"": ""triangle""}",triangle,,,
cet4_endict_2016_expanded.json,50143a67069cd69c0ce1221a6f7bb554b992b3295322344907bf784afb5ff9c0,5707,"{""lemma"": ""triangular""}",triangular,,,
cet4_endict_2016_expanded.json,50143a67069cd69c0ce1221a6f7bb554b992b3295322344907bf784afb5ff9c0,5708,"{""lemma"": ""trick""}",trick,,,
cet4_endict_2016_expanded.json,50143a67069cd69c0ce1221a6f7bb554b992b3295322344907bf784afb5ff9c0,5709,"{""lemma"": ""tricky""}",tricky,,,
cet4_endict_2016_expanded.json,50143a67069cd69c0ce1221a6f7bb554b992b3295322344907bf784afb5ff9c0,5710,"{""lemma"": ""trifle""}",trifle,,,
cet4_endict_2016_expanded.json,50143a67069cd69c0ce1221a6f7bb554b992b3295322344907bf784afb5ff9c0,5711,"{""lemma"": ""trigger""}",trigger,,,
cet4_endict_2016_expanded.json,50143a67069cd69c0ce1221a6f7bb554b992b3295322344907bf784afb5ff9c0,5712,"{""lemma"": ""trip""}",trip,,,
cet4_endict_2016_expanded.json,50143a67069cd69c0ce1221a6f7bb554b992b3295322344907bf784afb5ff9c0,5713,"{""lemma"": ""triple""}",triple,,,
cet4_endict_2016_expanded.json,50143a67069cd69c0ce1221a6f7bb554b992b3295322344907bf784afb5ff9c0,5714,"{""lemma"": ""triumph""}",triumph,,,
cet4_endict_2016_expanded.json,50143a67069cd69c0ce1221a6f7bb554b992b3295322344907bf784afb5ff9c0,5715,"{""lemma"": ""triumphant""}",triumphant,,,
cet4_endict_2016_expanded.json,50143a67069cd69c0ce1221a6f7bb554b992b3295322344907bf784afb5ff9c0,5716,"{""lemma"": ""trolley""}",trolley,,,
cet4_endict_2016_expanded.json,50143a67069cd69c0ce1221a6f7bb554b992b3295322344907bf784afb5ff9c0,5717,"{""lemma"": ""troop""}",troop,,,
cet4_endict_2016_expanded.json,50143a67069cd69c0ce1221a6f7bb554b992b3295322344907bf784afb5ff9c0,5718,"{""lemma"": ""trouble""}",trouble,,,
cet4_endict_2016_expanded.json,50143a67069cd69c0ce1221a6f7bb554b992b3295322344907bf784afb5ff9c0,5719,"{""lemma"": ""troublesome""}",troublesome,,,
cet4_endict_2016_expanded.json,50143a67069cd69c0ce1221a6f7bb554b992b3295322344907bf784afb5ff9c0,5720,"{""lemma"": ""trousers""}",trousers,,,
cet4_endict_2016_expanded.json,50143a67069cd69c0ce1221a6f7bb554b992b3295322344907bf784afb5ff9c0,5721,"{""lemma"": ""truck""}",truck,,,
cet4_endict_2016_expanded.json,50143a67069cd69c0ce1221a6f7bb554b992b3295322344907bf784afb5ff9c0,5722,"{""lemma"": ""true""}",true,,,
cet4_endict_2016_expanded.json,50143a67069cd69c0ce1221a6f7bb554b992b3295322344907bf784afb5ff9c0,5723,"{""lemma"": ""truly""}",truly,,,
cet4_endict_2016_expanded.json,50143a67069cd69c0ce1221a6f7bb554b992b3295322344907bf784afb5ff9c0,5724,"{""lemma"": ""trunk""}",trunk,,,
cet4_endict_2016_expanded.json,50143a67069cd69c0ce1221a6f7bb554b992b3295322344907bf784afb5ff9c0,5725,"{""lemma"": ""trust""}",trust,,,
cet4_endict_2016_expanded.json,50143a67069cd69c0ce1221a6f7bb554b992b3295322344907bf784afb5ff9c0,5726,"{""lemma"": ""trustee""}",trustee,,,
cet4_endict_2016_expanded.json,50143a67069cd69c0ce1221a6f7bb554b992b3295322344907bf784afb5ff9c0,5727,"{""lemma"": ""truth""}",truth,,,
cet4_endict_2016_expanded.json,50143a67069cd69c0ce1221a6f7bb554b992b3295322344907bf784afb5ff9c0,5728,"{""lemma"": ""truthful""}",truthful,,,
cet4_endict_2016_expanded.json,50143a67069cd69c0ce1221a6f7bb554b992b3295322344907bf784afb5ff9c0,5729,"{""lemma"": ""try""}",try,,,
cet4_endict_2016_expanded.json,50143a67069cd69c0ce1221a6f7bb554b992b3295322344907bf784afb5ff9c0,5730,"{""lemma"": ""trying""}",trying,,,
cet4_endict_2016_expanded.json,50143a67069cd69c0ce1221a6f7bb554b992b3295322344907bf784afb5ff9c0,5731,"{""lemma"": ""tube""}",tube,,,
cet4_endict_2016_expanded.json,50143a67069cd69c0ce1221a6f7bb554b992b3295322344907bf784afb5ff9c0,5732,"{""lemma"": ""Tuesday""}",Tuesday,,,
cet4_endict_2016_expanded.json,50143a67069cd69c0ce1221a6f7bb554b992b3295322344907bf784afb5ff9c0,5733,"{""lemma"": ""tuition""}",tuition,,,
cet4_endict_2016_expanded.json,50143a67069cd69c0ce1221a6f7bb554b992b3295322344907bf784afb5ff9c0,5734,"{""lemma"": ""tumor""}",tumor,,,
cet4_endict_2016_expanded.json,50143a67069cd69c0ce1221a6f7bb554b992b3295322344907bf784afb5ff9c0,5735,"{""lemma"": ""tune""}",tune,,,
cet4_endict_2016_expanded.json,50143a67069cd69c0ce1221a6f7bb554b992b3295322344907bf784afb5ff9c0,5736,"{""lemma"": ""tunnel""}",tunnel,,,
cet4_endict_2016_expanded.json,50143a67069cd69c0ce1221a6f7bb554b992b3295322344907bf784afb5ff9c0,5737,"{""lemma"": ""turkey""}",turkey,,,
cet4_endict_2016_expanded.json,50143a67069cd69c0ce1221a6f7bb554b992b3295322344907bf784afb5ff9c0,5738,"{""lemma"": ""turn""}",turn,,,
cet4_endict_2016_expanded.json,50143a67069cd69c0ce1221a6f7bb554b992b3295322344907bf784afb5ff9c0,5739,"{""lemma"": ""tutor""}",tutor,,,
cet4_endict_2016_expanded.json,50143a67069cd69c0ce1221a6f7bb554b992b3295322344907bf784afb5ff9c0,5740,"{""lemma"": ""tutorial""}",tutorial,,,
cet4_endict_2016_expanded.json,50143a67069cd69c0ce1221a6f7bb554b992b3295322344907bf784afb5ff9c0,5741,"{""lemma"": ""twelfth""}",twelfth,,,
cet4_endict_2016_expanded.json,50143a67069cd69c0ce1221a6f7bb554b992b3295322344907bf784afb5ff9c0,5742,"{""lemma"": ""twelve""}",twelve,,,
cet4_endict_2016_expanded.json,50143a67069cd69c0ce1221a6f7bb554b992b3295322344907bf784afb5ff9c0,5743,"{""lemma"": ""twentieth""}",twentieth,,,
cet4_endict_2016_expanded.json,50143a67069cd69c0ce1221a6f7bb554b992b3295322344907bf784afb5ff9c0,5744,"{""lemma"": ""twenty""}",twenty,,,
cet4_endict_2016_expanded.json,50143a67069cd69c0ce1221a6f7bb554b992b3295322344907bf784afb5ff9c0,5745,"{""lemma"": ""twice""}",twice,,,
cet4_endict_2016_expanded.json,50143a67069cd69c0ce1221a6f7bb554b992b3295322344907bf784afb5ff9c0,5746,"{""lemma"": ""twin""}",twin,,,
cet4_endict_2016_expanded.json,50143a67069cd69c0ce1221a6f7bb554b992b3295322344907bf784afb5ff9c0,5747,"{""lemma"": ""twist""}",twist,,,
cet4_endict_2016_expanded.json,50143a67069cd69c0ce1221a6f7bb554b992b3295322344907bf784afb5ff9c0,5748,"{""lemma"": ""two""}",two,,,
cet4_endict_2016_expanded.json,50143a67069cd69c0ce1221a6f7bb554b992b3295322344907bf784afb5ff9c0,5749,"{""lemma"": ""type""}",type,,,
cet4_endict_2016_expanded.json,50143a67069cd69c0ce1221a6f7bb554b992b3295322344907bf784afb5ff9c0,5750,"{""lemma"": ""typewriter""}",typewriter,,,
cet4_endict_2016_expanded.json,50143a67069cd69c0ce1221a6f7bb554b992b3295322344907bf784afb5ff9c0,5751,"{""lemma"": ""typical""}",typical,,,
cet4_endict_2016_expanded.json,50143a67069cd69c0ce1221a6f7bb554b992b3295322344907bf784afb5ff9c0,5752,"{""lemma"": ""typist""}",typist,,,
cet4_endict_2016_expanded.json,50143a67069cd69c0ce1221a6f7bb554b992b3295322344907bf784afb5ff9c0,5753,"{""lemma"": ""tyre""}",tyre,,,
cet4_endict_2016_expanded.json,50143a67069cd69c0ce1221a6f7bb554b992b3295322344907bf784afb5ff9c0,5754,"{""lemma"": ""ugliness""}",ugliness,,,
cet4_endict_2016_expanded.json,50143a67069cd69c0ce1221a6f7bb554b992b3295322344907bf784afb5ff9c0,5755,"{""lemma"": ""ugly""}",ugly,,,
cet4_endict_2016_expanded.json,50143a67069cd69c0ce1221a6f7bb554b992b3295322344907bf784afb5ff9c0,5756,"{""lemma"": ""ultimate""}",ultimate,,,
cet4_endict_2016_expanded.json,50143a67069cd69c0ce1221a6f7bb554b992b3295322344907bf784afb5ff9c0,5757,"{""lemma"": ""ultimately""}",ultimately,,,
cet4_endict_2016_expanded.json,50143a67069cd69c0ce1221a6f7bb554b992b3295322344907bf784afb5ff9c0,5758,"{""lemma"": ""umbrella""}",umbrella,,,
cet4_endict_2016_expanded.json,50143a67069cd69c0ce1221a6f7bb554b992b3295322344907bf784afb5ff9c0,5759,"{""lemma"": ""uncertain""}",uncertain,,,
cet4_endict_2016_expanded.json,50143a67069cd69c0ce1221a6f7bb554b992b3295322344907bf784afb5ff9c0,5760,"{""lemma"": ""uncertainty""}",uncertainty,,,
cet4_endict_2016_expanded.json,50143a67069cd69c0ce1221a6f7bb554b992b3295322344907bf784afb5ff9c0,5761,"{""lemma"": ""uncle""}",uncle,,,
cet4_endict_2016_expanded.json,50143a67069cd69c0ce1221a6f7bb554b992b3295322344907bf784afb5ff9c0,5762,"{""lemma"": ""uncover""}",uncover,,,
cet4_endict_2016_expanded.json,50143a67069cd69c0ce1221a6f7bb554b992b3295322344907bf784afb5ff9c0,5763,"{""lemma"": ""under""}",under,,,
cet4_endict_2016_expanded.json,50143a67069cd69c0ce1221a6f7bb554b992b3295322344907bf784afb5ff9c0,5764,"{""lemma"": ""underdeveloped""}",underdeveloped,,,
cet4_endict_2016_expanded.json,50143a67069cd69c0ce1221a6f7bb554b992b3295322344907bf784afb5ff9c0,5765,"{""lemma"": ""underestimate""}",underestimate,,,
cet4_endict_2016_expanded.json,50143a67069cd69c0ce1221a6f7bb554b992b3295322344907bf784afb5ff9c0,5766,"{""lemma"": ""undergo""}",undergo,,,
cet4_endict_2016_expanded.json,50143a67069cd69c0ce1221a6f7bb554b992b3295322344907bf784afb5ff9c0,5767,"{""lemma"": ""undergraduate""}",undergraduate,,,
cet4_endict_2016_expanded.json,50143a67069cd69c0ce1221a6f7bb554b992b3295322344907bf784afb5ff9c0,5768,"{""lemma"": ""underground""}",underground,,,
cet4_endict_2016_expanded.json,50143a67069cd69c0ce1221a6f7bb554b992b3295322344907bf784afb5ff9c0,5769,"{""lemma"": ""underline""}",underline,,,
cet4_endict_2016_expanded.json,50143a67069cd69c0ce1221a6f7bb554b992b3295322344907bf784afb5ff9c0,5770,"{""lemma"": ""undermine""}",undermine,,,
cet4_endict_2016_expanded.json,50143a67069cd69c0ce1221a6f7bb554b992b3295322344907bf784afb5ff9c0,5771,"{""lemma"": ""underneath""}",underneath,,,
cet4_endict_2016_expanded.json,50143a67069cd69c0ce1221a6f7bb554b992b3295322344907bf784afb5ff9c0,5772,"{""lemma"": ""understand""}",understand,,,
cet4_endict_2016_expanded.json,50143a67069cd69c0ce1221a6f7bb554b992b3295322344907bf784afb5ff9c0,5773,"{""lemma"": ""understanding""}",understanding,,,
cet4_endict_2016_expanded.json,50143a67069cd69c0ce1221a6f7bb554b992b3295322344907bf784afb5ff9c0,5774,"{""lemma"": ""undertake""}",undertake,,,
cet4_endict_2016_expanded.json,50143a67069cd69c0ce1221a6f7bb554b992b3295322344907bf784afb5ff9c0,5775,"{""lemma"": ""undertaking""}",undertaking,,,
cet4_endict_2016_expanded.json,50143a67069cd69c0ce1221a6f7bb554b992b3295322344907bf784afb5ff9c0,5776,"{""lemma"": ""underwear""}",underwear,,,
cet4_endict_2016_expanded.json,50143a67069cd69c0ce1221a6f7bb554b992b3295322344907bf784afb5ff9c0,5777,"{""lemma"": ""undo""}",undo,,,
cet4_endict_2016_expanded.json,50143a67069cd69c0ce1221a6f7bb554b992b3295322344907bf784afb5ff9c0,5778,"{""lemma"": ""undoubtedly""}",undoubtedly,,,
cet4_endict_2016_expanded.json,50143a67069cd69c0ce1221a6f7bb554b992b3295322344907bf784afb5ff9c0,5779,"{""lemma"": ""uneasy""}",uneasy,,,
cet4_endict_2016_expanded.json,50143a67069cd69c0ce1221a6f7bb554b992b3295322344907bf784afb5ff9c0,5780,"{""lemma"": ""unemployed""}",unemployed,,,
cet4_endict_2016_expanded.json,50143a67069cd69c0ce1221a6f7bb554b992b3295322344907bf784afb5ff9c0,5781,"{""lemma"": ""unemployment""}",unemployment,,,
cet4_endict_2016_expanded.json,50143a67069cd69c0ce1221a6f7bb554b992b3295322344907bf784afb5ff9c0,5782,"{""lemma"": ""uniform""}",uniform,,,
cet4_endict_2016_expanded.json,50143a67069cd69c0ce1221a6f7bb554b992b3295322344907bf784afb5ff9c0,5783,"{""lemma"": ""uniformity""}",uniformity,,,
cet4_endict_2016_expanded.json,50143a67069cd69c0ce1221a6f7bb554b992b3295322344907bf784afb5ff9c0,5784,"{""lemma"": ""union""}",union,,,
cet4_endict_2016_expanded.json,50143a67069cd69c0ce1221a6f7bb554b992b3295322344907bf784afb5ff9c0,5785,"{""lemma"": ""unique""}",unique,,,
cet4_endict_2016_expanded.json,50143a67069cd69c0ce1221a6f7bb554b992b3295322344907bf784afb5ff9c0,5786,"{""lemma"": ""unit""}",unit,,,
cet4_endict_2016_expanded.json,50143a67069cd69c0ce1221a6f7bb554b992b3295322344907bf784afb5ff9c0,5787,"{""lemma"": ""unite""}",unite,,,
cet4_endict_2016_expanded.json,50143a67069cd69c0ce1221a6f7bb554b992b3295322344907bf784afb5ff9c0,5788,"{""lemma"": ""unity""}",unity,,,
cet4_endict_2016_expanded.json,50143a67069cd69c0ce1221a6f7bb554b992b3295322344907bf784afb5ff9c0,5789,"{""lemma"": ""universal""}",universal,,,
cet4_endict_2016_expanded.json,50143a67069cd69c0ce1221a6f7bb554b992b3295322344907bf784afb5ff9c0,5790,"{""lemma"": ""universe""}",universe,,,
cet4_endict_2016_expanded.json,50143a67069cd69c0ce1221a6f7bb554b992b3295322344907bf784afb5ff9c0,5791,"{""lemma"": ""university""}",university,,,
cet4_endict_2016_expanded.json,50143a67069cd69c0ce1221a6f7bb554b992b3295322344907bf784afb5ff9c0,5792,"{""lemma"": ""unless""}",unless,,,
cet4_endict_2016_expanded.json,50143a67069cd69c0ce1221a6f7bb554b992b3295322344907bf784afb5ff9c0,5793,"{""lemma"": ""until""}",until,,,
cet4_endict_2016_expanded.json,50143a67069cd69c0ce1221a6f7bb554b992b3295322344907bf784afb5ff9c0,5794,"{""lemma"": ""up""}",up,,,
cet4_endict_2016_expanded.json,50143a67069cd69c0ce1221a6f7bb554b992b3295322344907bf784afb5ff9c0,5795,"{""lemma"": ""up-to-date""}",up-to-date,,,
cet4_endict_2016_expanded.json,50143a67069cd69c0ce1221a6f7bb554b992b3295322344907bf784afb5ff9c0,5796,"{""lemma"": ""update""}",update,,,
cet4_endict_2016_expanded.json,50143a67069cd69c0ce1221a6f7bb554b992b3295322344907bf784afb5ff9c0,5797,"{""lemma"": ""upgrade""}",upgrade,,,
cet4_endict_2016_expanded.json,50143a67069cd69c0ce1221a6f7bb554b992b3295322344907bf784afb5ff9c0,5798,"{""lemma"": ""upload""}",upload,,,
cet4_endict_2016_expanded.json,50143a67069cd69c0ce1221a6f7bb554b992b3295322344907bf784afb5ff9c0,5799,"{""lemma"": ""upon""}",upon,,,
cet4_endict_2016_expanded.json,50143a67069cd69c0ce1221a6f7bb554b992b3295322344907bf784afb5ff9c0,5800,"{""lemma"": ""upper""}",upper,,,
cet4_endict_2016_expanded.json,50143a67069cd69c0ce1221a6f7bb554b992b3295322344907bf784afb5ff9c0,5801,"{""lemma"": ""upright""}",upright,,,
cet4_endict_2016_expanded.json,50143a67069cd69c0ce1221a6f7bb554b992b3295322344907bf784afb5ff9c0,5802,"{""lemma"": ""upset""}",upset,,,
cet4_endict_2016_expanded.json,50143a67069cd69c0ce1221a6f7bb554b992b3295322344907bf784afb5ff9c0,5803,"{""lemma"": ""upstairs""}",upstairs,,,
cet4_endict_2016_expanded.json,50143a67069cd69c0ce1221a6f7bb554b992b3295322344907bf784afb5ff9c0,5804,"{""lemma"": ""upward""}",upward,,,
cet4_endict_2016_expanded.json,50143a67069cd69c0ce1221a6f7bb554b992b3295322344907bf784afb5ff9c0,5805,"{""lemma"": ""upwards""}",upwards,,,
cet4_endict_2016_expanded.json,50143a67069cd69c0ce1221a6f7bb554b992b3295322344907bf784afb5ff9c0,5806,"{""lemma"": ""urban""}",urban,,,
cet4_endict_2016_expanded.json,50143a67069cd69c0ce1221a6f7bb554b992b3295322344907bf784afb5ff9c0,5807,"{""lemma"": ""urbanization""}",urbanization,,,
cet4_endict_2016_expanded.json,50143a67069cd69c0ce1221a6f7bb554b992b3295322344907bf784afb5ff9c0,5808,"{""lemma"": ""urbanize""}",urbanize,,,
cet4_endict_2016_expanded.json,50143a67069cd69c0ce1221a6f7bb554b992b3295322344907bf784afb5ff9c0,5809,"{""lemma"": ""urge""}",urge,,,
cet4_endict_2016_expanded.json,50143a67069cd69c0ce1221a6f7bb554b992b3295322344907bf784afb5ff9c0,5810,"{""lemma"": ""urgency""}",urgency,,,
cet4_endict_2016_expanded.json,50143a67069cd69c0ce1221a6f7bb554b992b3295322344907bf784afb5ff9c0,5811,"{""lemma"": ""urgent""}",urgent,,,
cet4_endict_2016_expanded.json,50143a67069cd69c0ce1221a6f7bb554b992b3295322344907bf784afb5ff9c0,5812,"{""lemma"": ""us""}",us,,,
cet4_endict_2016_expanded.json,50143a67069cd69c0ce1221a6f7bb554b992b3295322344907bf784afb5ff9c0,5813,"{""lemma"": ""usage""}",usage,,,
cet4_endict_2016_expanded.json,50143a67069cd69c0ce1221a6f7bb554b992b3295322344907bf784afb5ff9c0,5814,"{""lemma"": ""use""}",use,,,
cet4_endict_2016_expanded.json,50143a67069cd69c0ce1221a6f7bb554b992b3295322344907bf784afb5ff9c0,5815,"{""lemma"": ""used""}",used,,,
cet4_endict_2016_expanded.json,50143a67069cd69c0ce1221a6f7bb554b992b3295322344907bf784afb5ff9c0,5816,"{""lemma"": ""useful""}",useful,,,
cet4_endict_2016_expanded.json,50143a67069cd69c0ce1221a6f7bb554b992b3295322344907bf784afb5ff9c0,5817,"{""lemma"": ""useless""}",useless,,,
cet4_endict_2016_expanded.json,50143a67069cd69c0ce1221a6f7bb554b992b3295322344907bf784afb5ff9c0,5818,"{""lemma"": ""user""}",user,,,
cet4_endict_2016_expanded.json,50143a67069cd69c0ce1221a6f7bb554b992b3295322344907bf784afb5ff9c0,5819,"{""lemma"": ""usual""}",usual,,,
cet4_endict_2016_expanded.json,50143a67069cd69c0ce1221a6f7bb554b992b3295322344907bf784afb5ff9c0,5820,"{""lemma"": ""usually""}",usually,,,
cet4_endict_2016_expanded.json,50143a67069cd69c0ce1221a6f7bb554b992b3295322344907bf784afb5ff9c0,5821,"{""lemma"": ""utility""}",utility,,,
cet4_endict_2016_expanded.json,50143a67069cd69c0ce1221a6f7bb554b992b3295322344907bf784afb5ff9c0,5822,"{""lemma"": ""utilization""}",utilization,,,
cet4_endict_2016_expanded.json,50143a67069cd69c0ce1221a6f7bb554b992b3295322344907bf784afb5ff9c0,5823,"{""lemma"": ""utilize""}",utilize,,,
cet4_endict_2016_expanded.json,50143a67069cd69c0ce1221a6f7bb554b992b3295322344907bf784afb5ff9c0,5824,"{""lemma"": ""utmost""}",utmost,,,
cet4_endict_2016_expanded.json,50143a67069cd69c0ce1221a6f7bb554b992b3295322344907bf784afb5ff9c0,5825,"{""lemma"": ""utter""}",utter,,,
cet4_endict_2016_expanded.json,50143a67069cd69c0ce1221a6f7bb554b992b3295322344907bf784afb5ff9c0,5826,"{""lemma"": ""utterly""}",utterly,,,
cet4_endict_2016_expanded.json,50143a67069cd69c0ce1221a6f7bb554b992b3295322344907bf784afb5ff9c0,5827,"{""lemma"": ""vacancy""}",vacancy,,,
cet4_endict_2016_expanded.json,50143a67069cd69c0ce1221a6f7bb554b992b3295322344907bf784afb5ff9c0,5828,"{""lemma"": ""vacant""}",vacant,,,
cet4_endict_2016_expanded.json,50143a67069cd69c0ce1221a6f7bb554b992b3295322344907bf784afb5ff9c0,5829,"{""lemma"": ""vacation""}",vacation,,,
cet4_endict_2016_expanded.json,50143a67069cd69c0ce1221a6f7bb554b992b3295322344907bf784afb5ff9c0,5830,"{""lemma"": ""vacuum""}",vacuum,,,
cet4_endict_2016_expanded.json,50143a67069cd69c0ce1221a6f7bb554b992b3295322344907bf784afb5ff9c0,5831,"{""lemma"": ""vague""}",vague,,,
cet4_endict_2016_expanded.json,50143a67069cd69c0ce1221a6f7bb554b992b3295322344907bf784afb5ff9c0,5832,"{""lemma"": ""vain""}",vain,,,
cet4_endict_2016_expanded.json,50143a67069cd69c0ce1221a6f7bb554b992b3295322344907bf784afb5ff9c0,5833,"{""lemma"": ""valid""}",valid,,,
cet4_endict_2016_expanded.json,50143a67069cd69c0ce1221a6f7bb554b992b3295322344907bf784afb5ff9c0,5834,"{""lemma"": ""validate""}",validate,,,
cet4_endict_2016_expanded.json,50143a67069cd69c0ce1221a6f7bb554b992b3295322344907bf784afb5ff9c0,5835,"{""lemma"": ""validity""}",validity,,,
cet4_endict_2016_expanded.json,50143a67069cd69c0ce1221a6f7bb554b992b3295322344907bf784afb5ff9c0,5836,"{""lemma"": ""valley""}",valley,,,
cet4_endict_2016_expanded.json,50143a67069cd69c0ce1221a6f7bb554b992b3295322344907bf784afb5ff9c0,5837,"{""lemma"": ""valuable""}",valuable,,,
cet4_endict_2016_expanded.json,50143a67069cd69c0ce1221a6f7bb554b992b3295322344907bf784afb5ff9c0,5838,"{""lemma"": ""value""}",value,,,
cet4_endict_2016_expanded.json,50143a67069cd69c0ce1221a6f7bb554b992b3295322344907bf784afb5ff9c0,5839,"{""lemma"": ""van""}",van,,,
cet4_endict_2016_expanded.json,50143a67069cd69c0ce1221a6f7bb554b992b3295322344907bf784afb5ff9c0,5840,"{""lemma"": ""vanish""}",vanish,,,
cet4_endict_2016_expanded.json,50143a67069cd69c0ce1221a6f7bb554b992b3295322344907bf784afb5ff9c0,5841,"{""lemma"": ""vanity""}",vanity,,,
cet4_endict_2016_expanded.json,50143a67069cd69c0ce1221a6f7bb554b992b3295322344907bf784afb5ff9c0,5842,"{""lemma"": ""vapor""}",vapor,,,
cet4_endict_2016_expanded.json,50143a67069cd69c0ce1221a6f7bb554b992b3295322344907bf784afb5ff9c0,5843,"{""lemma"": ""vapour""}",vapour,,,
cet4_endict_2016_expanded.json,50143a67069cd69c0ce1221a6f7bb554b992b3295322344907bf784afb5ff9c0,5844,"{""lemma"": ""variable""}",variable,,,
cet4_endict_2016_expanded.json,50143a67069cd69c0ce1221a6f7bb554b992b3295322344907bf784afb5ff9c0,5845,"{""lemma"": ""variant""}",variant,,,
cet4_endict_2016_expanded.json,50143a67069cd69c0ce1221a6f7bb554b992b3295322344907bf784afb5ff9c0,5846,"{""lemma"": ""variation""}",variation,,,
cet4_endict_2016_expanded.json,50143a67069cd69c0ce1221a6f7bb554b992b3295322344907bf784afb5ff9c0,5847,"{""lemma"": ""variety""}",variety,,,
cet4_endict_2016_expanded.json,50143a67069cd69c0ce1221a6f7bb554b992b3295322344907bf784afb5ff9c0,5848,"{""lemma"": ""various""}",various,,,
cet4_endict_2016_expanded.json,50143a67069cd69c0ce1221a6f7bb554b992b3295322344907bf784afb5ff9c0,5849,"{""lemma"": ""vary""}",vary,,,
cet4_endict_2016_expanded.json,50143a67069cd69c0ce1221a6f7bb554b992b3295322344907bf784afb5ff9c0,5850,"{""lemma"": ""vast""}",vast,,,
cet4_endict_2016_expanded.json,50143a67069cd69c0ce1221a6f7bb554b992b3295322344907bf784afb5ff9c0,5851,"{""lemma"": ""vegetable""}",vegetable,,,
cet4_endict_2016_expanded.json,50143a67069cd69c0ce1221a6f7bb554b992b3295322344907bf784afb5ff9c0,5852,"{""lemma"": ""vegetarian""}",vegetarian,,,
cet4_endict_2016_expanded.json,50143a67069cd69c0ce1221a6f7bb554b992b3295322344907bf784afb5ff9c0,5853,"{""lemma"": ""vehicle""}",vehicle,,,
cet4_endict_2016_expanded.json,50143a67069cd69c0ce1221a6f7bb554b992b3295322344907bf784afb5ff9c0,5854,"{""lemma"": ""veil""}",veil,,,
cet4_endict_2016_expanded.json,50143a67069cd69c0ce1221a6f7bb554b992b3295322344907bf784afb5ff9c0,5855,"{""lemma"": ""vendor""}",vendor,,,
cet4_endict_2016_expanded.json,50143a67069cd69c0ce1221a6f7bb554b992b3295322344907bf784afb5ff9c0,5856,"{""lemma"": ""venture""}",venture,,,
cet4_endict_2016_expanded.json,50143a67069cd69c0ce1221a6f7bb554b992b3295322344907bf784afb5ff9c0,5857,"{""lemma"": ""verb""}",verb,,,
cet4_endict_2016_expanded.json,50143a67069cd69c0ce1221a6f7bb554b992b3295322344907bf784afb5ff9c0,5858,"{""lemma"": ""verbal""}",verbal,,,
cet4_endict_2016_expanded.json,50143a67069cd69c0ce1221a6f7bb554b992b3295322344907bf784afb5ff9c0,5859,"{""lemma"": ""verification""}",verification,,,
cet4_endict_2016_expanded.json,50143a67069cd69c0ce1221a6f7bb554b992b3295322344907bf784afb5ff9c0,5860,"{""lemma"": ""verify""}",verify,,,
cet4_endict_2016_expanded.json,50143a67069cd69c0ce1221a6f7bb554b992b3295322344907bf784afb5ff9c0,5861,"{""lemma"": ""version""}",version,,,
cet4_endict_2016_expanded.json,50143a67069cd69c0ce1221a6f7bb554b992b3295322344907bf784afb5ff9c0,5862,"{""lemma"": ""versus""}",versus,,,
cet4_endict_2016_expanded.json,50143a67069cd69c0ce1221a6f7bb554b992b3295322344907bf784afb5ff9c0,5863,"{""lemma"": ""vertical""}",vertical,,,
cet4_endict_2016_expanded.json,50143a67069cd69c0ce1221a6f7bb554b992b3295322344907bf784afb5ff9c0,5864,"{""lemma"": ""very""}",very,,,
cet4_endict_2016_expanded.json,50143a67069cd69c0ce1221a6f7bb554b992b3295322344907bf784afb5ff9c0,5865,"{""lemma"": ""vessel""}",vessel,,,
cet4_endict_2016_expanded.json,50143a67069cd69c0ce1221a6f7bb554b992b3295322344907bf784afb5ff9c0,5866,"{""lemma"": ""veteran""}",veteran,,,
cet4_endict_2016_expanded.json,50143a67069cd69c0ce1221a6f7bb554b992b3295322344907bf784afb5ff9c0,5867,"{""lemma"": ""veto""}",veto,,,
cet4_endict_2016_expanded.json,50143a67069cd69c0ce1221a6f7bb554b992b3295322344907bf784afb5ff9c0,5868,"{""lemma"": ""via""}",via,,,
cet4_endict_2016_expanded.json,50143a67069cd69c0ce1221a6f7bb554b992b3295322344907bf784afb5ff9c0,5869,"{""lemma"": ""victim""}",victim,,,
cet4_endict_2016_expanded.json,50143a67069cd69c0ce1221a6f7bb554b992b3295322344907bf784afb5ff9c0,5870,"{""lemma"": ""victimize""}",victimize,,,
cet4_endict_2016_expanded.json,50143a67069cd69c0ce1221a6f7bb554b992b3295322344907bf784afb5ff9c0,5871,"{""lemma"": ""victorious""}",victorious,,,
cet4_endict_2016_expanded.json,50143a67069cd69c0ce1221a6f7bb554b992b3295322344907bf784afb5ff9c0,5872,"{""lemma"": ""victory""}",victory,,,
cet4_endict_2016_expanded.json,50143a67069cd69c0ce1221a6f7bb554b992b3295322344907bf784afb5ff9c0,5873,"{""lemma"": ""video""}",video,,,
cet4_endict_2016_expanded.json,50143a67069cd69c0ce1221a6f7bb554b992b3295322344907bf784afb5ff9c0,5874,"{""lemma"": ""view""}",view,,,
cet4_endict_2016_expanded.json,50143a67069cd69c0ce1221a6f7bb554b992b3295322344907bf784afb5ff9c0,5875,"{""lemma"": ""viewpoint""}",viewpoint,,,
cet4_endict_2016_expanded.json,50143a67069cd69c0ce1221a6f7bb554b992b3295322344907bf784afb5ff9c0,5876,"{""lemma"": ""vigor""}",vigor,,,
cet4_endict_2016_expanded.json,50143a67069cd69c0ce1221a6f7bb554b992b3295322344907bf784afb5ff9c0,5877,"{""lemma"": ""vigorous""}",vigorous,,,
cet4_endict_2016_expanded.json,50143a67069cd69c0ce1221a6f7bb554b992b3295322344907bf784afb5ff9c0,5878,"{""lemma"": ""village""}",village,,,
cet4_endict_2016_expanded.json,50143a67069cd69c0ce1221a6f7bb554b992b3295322344907bf784afb5ff9c0,5879,"{""lemma"": ""villager""}",villager,,,
cet4_endict_2016_expanded.json,50143a67069cd69c0ce1221a6f7bb554b992b3295322344907bf784afb5ff9c0,5880,"{""lemma"": ""vinegar""}",vinegar,,,
cet4_endict_2016_expanded.json,50143a67069cd69c0ce1221a6f7bb554b992b3295322344907bf784afb5ff9c0,5881,"{""lemma"": ""violate""}",violate,,,
cet4_endict_2016_expanded.json,50143a67069cd69c0ce1221a6f7bb554b992b3295322344907bf784afb5ff9c0,5882,"{""lemma"": ""violation""}",violation,,,
cet4_endict_2016_expanded.json,50143a67069cd69c0ce1221a6f7bb554b992b3295322344907bf784afb5ff9c0,5883,"{""lemma"": ""violence""}",violence,,,
cet4_endict_2016_expanded.json,50143a67069cd69c0ce1221a6f7bb554b992b3295322344907bf784afb5ff9c0,5884,"{""lemma"": ""violent""}",violent,,,
cet4_endict_2016_expanded.json,50143a67069cd69c0ce1221a6f7bb554b992b3295322344907bf784afb5ff9c0,5885,"{""lemma"": ""violin""}",violin,,,
cet4_endict_2016_expanded.json,50143a67069cd69c0ce1221a6f7bb554b992b3295322344907bf784afb5ff9c0,5886,"{""lemma"": ""violinist""}",violinist,,,
cet4_endict_2016_expanded.json,50143a67069cd69c0ce1221a6f7bb554b992b3295322344907bf784afb5ff9c0,5887,"{""lemma"": ""virtual""}",virtual,,,
cet4_endict_2016_expanded.json,50143a67069cd69c0ce1221a6f7bb554b992b3295322344907bf784afb5ff9c0,5888,"{""lemma"": ""virtually""}",virtually,,,
cet4_endict_2016_expanded.json,50143a67069cd69c0ce1221a6f7bb554b992b3295322344907bf784afb5ff9c0,5889,"{""lemma"": ""virtue""}",virtue,,,
cet4_endict_2016_expanded.json,50143a67069cd69c0ce1221a6f7bb554b992b3295322344907bf784afb5ff9c0,5890,"{""lemma"": ""virtuous""}",virtuous,,,
cet4_endict_2016_expanded.json,50143a67069cd69c0ce1221a6f7bb554b992b3295322344907bf784afb5ff9c0,5891,"{""lemma"": ""virus""}",virus,,,
cet4_endict_2016_expanded.json,50143a67069cd69c0ce1221a6f7bb554b992b3295322344907bf784afb5ff9c0,5892,"{""lemma"": ""visa""}",visa,,,
cet4_endict_2016_expanded.json,50143a67069cd69c0ce1221a6f7bb554b992b3295322344907bf784afb5ff9c0,5893,"{""lemma"": ""visibility""}",visibility,,,
cet4_endict_2016_expanded.json,50143a67069cd69c0ce1221a6f7bb554b992b3295322344907bf784afb5ff9c0,5894,"{""lemma"": ""visible""}",visible,,,
cet4_endict_2016_expanded.json,50143a67069cd69c0ce1221a6f7bb554b992b3295322344907bf784afb5ff9c0,5895,"{""lemma"": ""vision""}",vision,,,
cet4_endict_2016_expanded.json,50143a67069cd69c0ce1221a6f7bb554b992b3295322344907bf784afb5ff9c0,5896,"{""lemma"": ""visionary""}",visionary,,,
cet4_endict_2016_expanded.json,50143a67069cd69c0ce1221a6f7bb554b992b3295322344907bf784afb5ff9c0,5897,"{""lemma"": ""visit""}",visit,,,
cet4_endict_2016_expanded.json,50143a67069cd69c0ce1221a6f7bb554b992b3295322344907bf784afb5ff9c0,5898,"{""lemma"": ""visitor""}",visitor,,,
cet4_endict_2016_expanded.json,50143a67069cd69c0ce1221a6f7bb554b992b3295322344907bf784afb5ff9c0,5899,"{""lemma"": ""visual""}",visual,,,
cet4_endict_2016_expanded.json,50143a67069cd69c0ce1221a6f7bb554b992b3295322344907bf784afb5ff9c0,5900,"{""lemma"": ""visualise""}",visualise,,,
cet4_endict_2016_expanded.json,50143a67069cd69c0ce1221a6f7bb554b992b3295322344907bf784afb5ff9c0,5901,"{""lemma"": ""visualize""}",visualize,,,
cet4_endict_2016_expanded.json,50143a67069cd69c0ce1221a6f7bb554b992b3295322344907bf784afb5ff9c0,5902,"{""lemma"": ""vital""}",vital,,,
cet4_endict_2016_expanded.json,50143a67069cd69c0ce1221a6f7bb554b992b3295322344907bf784afb5ff9c0,5903,"{""lemma"": ""vitality""}",vitality,,,
cet4_endict_2016_expanded.json,50143a67069cd69c0ce1221a6f7bb554b992b3295322344907bf784afb5ff9c0,5904,"{""lemma"": ""vitamin""}",vitamin,,,
cet4_endict_2016_expanded.json,50143a67069cd69c0ce1221a6f7bb554b992b3295322344907bf784afb5ff9c0,5905,"{""lemma"": ""vivid""}",vivid,,,
cet4_endict_2016_expanded.json,50143a67069cd69c0ce1221a6f7bb554b992b3295322344907bf784afb5ff9c0,5906,"{""lemma"": ""vocabulary""}",vocabulary,,,
cet4_endict_2016_expanded.json,50143a67069cd69c0ce1221a6f7bb554b992b3295322344907bf784afb5ff9c0,5907,"{""lemma"": ""vocation""}",vocation,,,
cet4_endict_2016_expanded.json,50143a67069cd69c0ce1221a6f7bb554b992b3295322344907bf784afb5ff9c0,5908,"{""lemma"": ""vocational""}",vocational,,,
cet4_endict_2016_expanded.json,50143a67069cd69c0ce1221a6f7bb554b992b3295322344907bf784afb5ff9c0,5909,"{""lemma"": ""voice""}",voice,,,
cet4_endict_2016_expanded.json,50143a67069cd69c0ce1221a6f7bb554b992b3295322344907bf784afb5ff9c0,5910,"{""lemma"": ""volcanic""}",volcanic,,,
cet4_endict_2016_expanded.json,50143a67069cd69c0ce1221a6f7bb554b992b3295322344907bf784afb5ff9c0,5911,"{""lemma"": ""volcano""}",volcano,,,
cet4_endict_2016_expanded.json,50143a67069cd69c0ce1221a6f7bb554b992b3295322344907bf784afb5ff9c0,5912,"{""lemma"": ""volleyball""}",volleyball,,,
cet4_endict_2016_expanded.json,50143a67069cd69c0ce1221a6f7bb554b992b3295322344907bf784afb5ff9c0,5913,"{""lemma"": ""volt""}",volt,,,
cet4_endict_2016_expanded.json,50143a67069cd69c0ce1221a6f7bb554b992b3295322344907bf784afb5ff9c0,5914,"{""lemma"": ""voltage""}",voltage,,,
cet4_endict_2016_expanded.json,50143a67069cd69c0ce1221a6f7bb554b992b3295322344907bf784afb5ff9c0,5915,"{""lemma"": ""volume""}",volume,,,
cet4_endict_2016_expanded.json,50143a67069cd69c0ce1221a6f7bb554b992b3295322344907bf784afb5ff9c0,5916,"{""lemma"": ""voluminous""}",voluminous,,,
cet4_endict_2016_expanded.json,50143a67069cd69c0ce1221a6f7bb554b992b3295322344907bf784afb5ff9c0,5917,"{""lemma"": ""voluntary""}",voluntary,,,
cet4_endict_2016_expanded.json,50143a67069cd69c0ce1221a6f7bb554b992b3295322344907bf784afb5ff9c0,5918,"{""lemma"": ""volunteer""}",volunteer,,,
cet4_endict_2016_expanded.json,50143a67069cd69c0ce1221a6f7bb554b992b3295322344907bf784afb5ff9c0,5919,"{""lemma"": ""vote""}",vote,,,
cet4_endict_2016_expanded.json,50143a67069cd69c0ce1221a6f7bb554b992b3295322344907bf784afb5ff9c0,5920,"{""lemma"": ""voter""}",voter,,,
cet4_endict_2016_expanded.json,50143a67069cd69c0ce1221a6f7bb554b992b3295322344907bf784afb5ff9c0,5921,"{""lemma"": ""voyage""}",voyage,,,
cet4_endict_2016_expanded.json,50143a67069cd69c0ce1221a6f7bb554b992b3295322344907bf784afb5ff9c0,5922,"{""lemma"": ""vulnerability""}",vulnerability,,,
cet4_endict_2016_expanded.json,50143a67069cd69c0ce1221a6f7bb554b992b3295322344907bf784afb5ff9c0,5923,"{""lemma"": ""vulnerable""}",vulnerable,,,
cet4_endict_2016_expanded.json,50143a67069cd69c0ce1221a6f7bb554b992b3295322344907bf784afb5ff9c0,5924,"{""lemma"": ""wage""}",wage,,,
cet4_endict_2016_expanded.json,50143a67069cd69c0ce1221a6f7bb554b992b3295322344907bf784afb5ff9c0,5925,"{""lemma"": ""wagon""}",wagon,,,
cet4_endict_2016_expanded.json,50143a67069cd69c0ce1221a6f7bb554b992b3295322344907bf784afb5ff9c0,5926,"{""lemma"": ""waist""}",waist,,,
cet4_endict_2016_expanded.json,50143a67069cd69c0ce1221a6f7bb554b992b3295322344907bf784afb5ff9c0,5927,"{""lemma"": ""wait""}",wait,,,
cet4_endict_2016_expanded.json,50143a67069cd69c0ce1221a6f7bb554b992b3295322344907bf784afb5ff9c0,5928,"{""lemma"": ""waiter""}",waiter,,,
cet4_endict_2016_expanded.json,50143a67069cd69c0ce1221a6f7bb554b992b3295322344907bf784afb5ff9c0,5929,"{""lemma"": ""waitress""}",waitress,,,
cet4_endict_2016_expanded.json,50143a67069cd69c0ce1221a6f7bb554b992b3295322344907bf784afb5ff9c0,5930,"{""lemma"": ""wake""}",wake,,,
cet4_endict_2016_expanded.json,50143a67069cd69c0ce1221a6f7bb554b992b3295322344907bf784afb5ff9c0,5931,"{""lemma"": ""waken""}",waken,,,
cet4_endict_2016_expanded.json,50143a67069cd69c0ce1221a6f7bb554b992b3295322344907bf784afb5ff9c0,5932,"{""lemma"": ""walk""}",walk,,,
cet4_endict_2016_expanded.json,50143a67069cd69c0ce1221a6f7bb554b992b3295322344907bf784afb5ff9c0,5933,"{""lemma"": ""wall""}",wall,,,
cet4_endict_2016_expanded.json,50143a67069cd69c0ce1221a6f7bb554b992b3295322344907bf784afb5ff9c0,5934,"{""lemma"": ""wallet""}",wallet,,,
cet4_endict_2016_expanded.json,50143a67069cd69c0ce1221a6f7bb554b992b3295322344907bf784afb5ff9c0,5935,"{""lemma"": ""wander""}",wander,,,
cet4_endict_2016_expanded.json,50143a67069cd69c0ce1221a6f7bb554b992b3295322344907bf784afb5ff9c0,5936,"{""lemma"": ""want""}",want,,,
cet4_endict_2016_expanded.json,50143a67069cd69c0ce1221a6f7bb554b992b3295322344907bf784afb5ff9c0,5937,"{""lemma"": ""war""}",war,,,
cet4_endict_2016_expanded.json,50143a67069cd69c0ce1221a6f7bb554b992b3295322344907bf784afb5ff9c0,5938,"{""lemma"": ""ward""}",ward,,,
cet4_endict_2016_expanded.json,50143a67069cd69c0ce1221a6f7bb554b992b3295322344907bf784afb5ff9c0,5939,"{""lemma"": ""ware""}",ware,,,
cet4_endict_2016_expanded.json,50143a67069cd69c0ce1221a6f7bb554b992b3295322344907bf784afb5ff9c0,5940,"{""lemma"": ""warehouse""}",warehouse,,,
cet4_endict_2016_expanded.json,50143a67069cd69c0ce1221a6f7bb554b992b3295322344907bf784afb5ff9c0,5941,"{""lemma"": ""warfare""}",warfare,,,
cet4_endict_2016_expanded.json,50143a67069cd69c0ce1221a6f7bb554b992b3295322344907bf784afb5ff9c0,5942,"{""lemma"": ""warm""}",warm,,,
cet4_endict_2016_expanded.json,50143a67069cd69c0ce1221a6f7bb554b992b3295322344907bf784afb5ff9c0,5943,"{""lemma"": ""warmth""}",warmth,,,
cet4_endict_2016_expanded.json,50143a67069cd69c0ce1221a6f7bb554b992b3295322344907bf784afb5ff9c0,5944,"{""lemma"": ""warn""}",warn,,,
cet4_endict_2016_expanded.json,50143a67069cd69c0ce1221a6f7bb554b992b3295322344907bf784afb5ff9c0,5945,"{""lemma"": ""warning""}",warning,,,
cet4_endict_2016_expanded.json,50143a67069cd69c0ce1221a6f7bb554b992b3295322344907bf784afb5ff9c0,5946,"{""lemma"": ""warrior""}",warrior,,,
cet4_endict_2016_expanded.json,50143a67069cd69c0ce1221a6f7bb554b992b3295322344907bf784afb5ff9c0,5947,"{""lemma"": ""wary""}",wary,,,
cet4_endict_2016_expanded.json,50143a67069cd69c0ce1221a6f7bb554b992b3295322344907bf784afb5ff9c0,5948,"{""lemma"": ""wash""}",wash,,,
cet4_endict_2016_expanded.json,50143a67069cd69c0ce1221a6f7bb554b992b3295322344907bf784afb5ff9c0,5949,"{""lemma"": ""washing""}",washing,,,
cet4_endict_2016_expanded.json,50143a67069cd69c0ce1221a6f7bb554b992b3295322344907bf784afb5ff9c0,5950,"{""lemma"": ""waste""}",waste,,,
cet4_endict_2016_expanded.json,50143a67069cd69c0ce1221a6f7bb554b992b3295322344907bf784afb5ff9c0,5951,"{""lemma"": ""wasteful""}",wasteful,,,
cet4_endict_2016_expanded.json,50143a67069cd69c0ce1221a6f7bb554b992b3295322344907bf784afb5ff9c0,5952,"{""lemma"": ""watch""}",watch,,,
cet4_endict_2016_expanded.json,50143a67069cd69c0ce1221a6f7bb554b992b3295322344907bf784afb5ff9c0,5953,"{""lemma"": ""watchful""}",watchful,,,
cet4_endict_2016_expanded.json,50143a67069cd69c0ce1221a6f7bb554b992b3295322344907bf784afb5ff9c0,5954,"{""lemma"": ""water""}",water,,,
cet4_endict_2016_expanded.json,50143a67069cd69c0ce1221a6f7bb554b992b3295322344907bf784afb5ff9c0,5955,"{""lemma"": ""waterproof""}",waterproof,,,
cet4_endict_2016_expanded.json,50143a67069cd69c0ce1221a6f7bb554b992b3295322344907bf784afb5ff9c0,5956,"{""lemma"": ""watertight""}",watertight,,,
cet4_endict_2016_expanded.json,50143a67069cd69c0ce1221a6f7bb554b992b3295322344907bf784afb5ff9c0,5957,"{""lemma"": ""wave""}",wave,,,
cet4_endict_2016_expanded.json,50143a67069cd69c0ce1221a6f7bb554b992b3295322344907bf784afb5ff9c0,5958,"{""lemma"": ""wavy""}",wavy,,,
cet4_endict_2016_expanded.json,50143a67069cd69c0ce1221a6f7bb554b992b3295322344907bf784afb5ff9c0,5959,"{""lemma"": ""wax""}",wax,,,
cet4_endict_2016_expanded.json,50143a67069cd69c0ce1221a6f7bb554b992b3295322344907bf784afb5ff9c0,5960,"{""lemma"": ""way""}",way,,,
cet4_endict_2016_expanded.json,50143a67069cd69c0ce1221a6f7bb554b992b3295322344907bf784afb5ff9c0,5961,"{""lemma"": ""we""}",we,,,
cet4_endict_2016_expanded.json,50143a67069cd69c0ce1221a6f7bb554b992b3295322344907bf784afb5ff9c0,5962,"{""lemma"": ""weak""}",weak,,,
cet4_endict_2016_expanded.json,50143a67069cd69c0ce1221a6f7bb554b992b3295322344907bf784afb5ff9c0,5963,"{""lemma"": ""weaken""}",weaken,,,
cet4_endict_2016_expanded.json,50143a67069cd69c0ce1221a6f7bb554b992b3295322344907bf784afb5ff9c0,5964,"{""lemma"": ""weakness""}",weakness,,,
cet4_endict_2016_expanded.json,50143a67069cd69c0ce1221a6f7bb554b992b3295322344907bf784afb5ff9c0,5965,"{""lemma"": ""wealth""}",wealth,,,
cet4_endict_2016_expanded.json,50143a67069cd69c0ce1221a6f7bb554b992b3295322344907bf784afb5ff9c0,5966,"{""lemma"": ""wealthy""}",wealthy,,,
cet4_endict_2016_expanded.json,50143a67069cd69c0ce1221a6f7bb554b992b3295322344907bf784afb5ff9c0,5967,"{""lemma"": ""weapon""}",weapon,,,
cet4_endict_2016_expanded.json,50143a67069cd69c0ce1221a6f7bb554b992b3295322344907bf784afb5ff9c0,5968,"{""lemma"": ""wear""}",wear,,,
cet4_endict_2016_expanded.json,50143a67069cd69c0ce1221a6f7bb554b992b3295322344907bf784afb5ff9c0,5969,"{""lemma"": ""weather""}",weather,,,
cet4_endict_2016_expanded.json,50143a67069cd69c0ce1221a6f7bb554b992b3295322344907bf784afb5ff9c0,5970,"{""lemma"": ""weave""}",weave,,,
cet4_endict_2016_expanded.json,50143a67069cd69c0ce1221a6f7bb554b992b3295322344907bf784afb5ff9c0,5971,"{""lemma"": ""web""}",web,,,
cet4_endict_2016_expanded.json,50143a67069cd69c0ce1221a6f7bb554b992b3295322344907bf784afb5ff9c0,5972,"{""lemma"": ""webcast""}",webcast,,,
cet4_endict_2016_expanded.json,50143a67069cd69c0ce1221a6f7bb554b992b3295322344907bf784afb5ff9c0,5973,"{""lemma"": ""website""}",website,,,
cet4_endict_2016_expanded.json,50143a67069cd69c0ce1221a6f7bb554b992b3295322344907bf784afb5ff9c0,5974,"{""lemma"": ""wed""}",wed,,,
cet4_endict_2016_expanded.json,50143a67069cd69c0ce1221a6f7bb554b992b3295322344907bf784afb5ff9c0,5975,"{""lemma"": ""wedding""}",wedding,,,
cet4_endict_2016_expanded.json,50143a67069cd69c0ce1221a6f7bb554b992b3295322344907bf784afb5ff9c0,5976,"{""lemma"": ""Wednesday""}",Wednesday,,,
cet4_endict_2016_expanded.json,50143a67069cd69c0ce1221a6f7bb554b992b3295322344907bf784afb5ff9c0,5977,"{""lemma"": ""weed""}",weed,,,
cet4_endict_2016_expanded.json,50143a67069cd69c0ce1221a6f7bb554b992b3295322344907bf784afb5ff9c0,5978,"{""lemma"": ""week""}",week,,,
cet4_endict_2016_expanded.json,50143a67069cd69c0ce1221a6f7bb554b992b3295322344907bf784afb5ff9c0,5979,"{""lemma"": ""weekday""}",weekday,,,
cet4_endict_2016_expanded.json,50143a67069cd69c0ce1221a6f7bb554b992b3295322344907bf784afb5ff9c0,5980,"{""lemma"": ""weekend""}",weekend,,,
cet4_endict_2016_expanded.json,50143a67069cd69c0ce1221a6f7bb554b992b3295322344907bf784afb5ff9c0,5981,"{""lemma"": ""weekly""}",weekly,,,
cet4_endict_2016_expanded.json,50143a67069cd69c0ce1221a6f7bb554b992b3295322344907bf784afb5ff9c0,5982,"{""lemma"": ""weep""}",weep,,,
cet4_endict_2016_expanded.json,50143a67069cd69c0ce1221a6f7bb554b992b3295322344907bf784afb5ff9c0,5983,"{""lemma"": ""weigh""}",weigh,,,
cet4_endict_2016_expanded.json,50143a67069cd69c0ce1221a6f7bb554b992b3295322344907bf784afb5ff9c0,5984,"{""lemma"": ""weight""}",weight,,,
cet4_endict_2016_expanded.json,50143a67069cd69c0ce1221a6f7bb554b992b3295322344907bf784afb5ff9c0,5985,"{""lemma"": ""weird""}",weird,,,
cet4_endict_2016_expanded.json,50143a67069cd69c0ce1221a6f7bb554b992b3295322344907bf784afb5ff9c0,5986,"{""lemma"": ""welcome""}",welcome,,,
cet4_endict_2016_expanded.json,50143a67069cd69c0ce1221a6f7bb554b992b3295322344907bf784afb5ff9c0,5987,"{""lemma"": ""welfare""}",welfare,,,
cet4_endict_2016_expanded.json,50143a67069cd69c0ce1221a6f7bb554b992b3295322344907bf784afb5ff9c0,5988,"{""lemma"": ""well""}",well,,,
cet4_endict_2016_expanded.json,50143a67069cd69c0ce1221a6f7bb554b992b3295322344907bf784afb5ff9c0,5989,"{""lemma"": ""well off""}",well off,,,
cet4_endict_2016_expanded.json,50143a67069cd69c0ce1221a6f7bb554b992b3295322344907bf784afb5ff9c0,5990,"{""lemma"": ""well-being""}",well-being,,,
cet4_endict_2016_expanded.json,50143a67069cd69c0ce1221a6f7bb554b992b3295322344907bf784afb5ff9c0,5991,"{""lemma"": ""well-known""}",well-known,,,
cet4_endict_2016_expanded.json,50143a67069cd69c0ce1221a6f7bb554b992b3295322344907bf784afb5ff9c0,5992,"{""lemma"": ""west""}",west,,,
cet4_endict_2016_expanded.json,50143a67069cd69c0ce1221a6f7bb554b992b3295322344907bf784afb5ff9c0,5993,"{""lemma"": ""western""}",western,,,
cet4_endict_2016_expanded.json,50143a67069cd69c0ce1221a6f7bb554b992b3295322344907bf784afb5ff9c0,5994,"{""lemma"": ""westerner""}",westerner,,,
cet4_endict_2016_expanded.json,50143a67069cd69c0ce1221a6f7bb554b992b3295322344907bf784afb5ff9c0,5995,"{""lemma"": ""wet""}",wet,,,
cet4_endict_2016_expanded.json,50143a67069cd69c0ce1221a6f7bb554b992b3295322344907bf784afb5ff9c0,5996,"{""lemma"": ""whale""}",whale,,,
cet4_endict_2016_expanded.json,50143a67069cd69c0ce1221a6f7bb554b992b3295322344907bf784afb5ff9c0,5997,"{""lemma"": ""what""}",what,,,
cet4_endict_2016_expanded.json,50143a67069cd69c0ce1221a6f7bb554b992b3295322344907bf784afb5ff9c0,5998,"{""lemma"": ""whatever""}",whatever,,,
cet4_endict_2016_expanded.json,50143a67069cd69c0ce1221a6f7bb554b992b3295322344907bf784afb5ff9c0,5999,"{""lemma"": ""whatsoever""}",whatsoever,,,
cet4_endict_2016_expanded.json,50143a67069cd69c0ce1221a6f7bb554b992b3295322344907bf784afb5ff9c0,6000,"{""lemma"": ""wheat""}",wheat,,,
cet4_endict_2016_expanded.json,50143a67069cd69c0ce1221a6f7bb554b992b3295322344907bf784afb5ff9c0,6001,"{""lemma"": ""wheel""}",wheel,,,
cet4_endict_2016_expanded.json,50143a67069cd69c0ce1221a6f7bb554b992b3295322344907bf784afb5ff9c0,6002,"{""lemma"": ""when""}",when,,,
cet4_endict_2016_expanded.json,50143a67069cd69c0ce1221a6f7bb554b992b3295322344907bf784afb5ff9c0,6003,"{""lemma"": ""whenever""}",whenever,,,
cet4_endict_2016_expanded.json,50143a67069cd69c0ce1221a6f7bb554b992b3295322344907bf784afb5ff9c0,6004,"{""lemma"": ""where""}",where,,,
cet4_endict_2016_expanded.json,50143a67069cd69c0ce1221a6f7bb554b992b3295322344907bf784afb5ff9c0,6005,"{""lemma"": ""whereas""}",whereas,,,
cet4_endict_2016_expanded.json,50143a67069cd69c0ce1221a6f7bb554b992b3295322344907bf784afb5ff9c0,6006,"{""lemma"": ""wherever""}",wherever,,,
cet4_endict_2016_expanded.json,50143a67069cd69c0ce1221a6f7bb554b992b3295322344907bf784afb5ff9c0,6007,"{""lemma"": ""whether""}",whether,,,
cet4_endict_2016_expanded.json,50143a67069cd69c0ce1221a6f7bb554b992b3295322344907bf784afb5ff9c0,6008,"{""lemma"": ""which""}",which,,,
cet4_endict_2016_expanded.json,50143a67069cd69c0ce1221a6f7bb554b992b3295322344907bf784afb5ff9c0,6009,"{""lemma"": ""whichever""}",whichever,,,
cet4_endict_2016_expanded.json,50143a67069cd69c0ce1221a6f7bb554b992b3295322344907bf784afb5ff9c0,6010,"{""lemma"": ""while""}",while,,,
cet4_endict_2016_expanded.json,50143a67069cd69c0ce1221a6f7bb554b992b3295322344907bf784afb5ff9c0,6011,"{""lemma"": ""whilst""}",whilst,,,
cet4_endict_2016_expanded.json,50143a67069cd69c0ce1221a6f7bb554b992b3295322344907bf784afb5ff9c0,6012,"{""lemma"": ""whip""}",whip,,,
cet4_endict_2016_expanded.json,50143a67069cd69c0ce1221a6f7bb554b992b3295322344907bf784afb5ff9c0,6013,"{""lemma"": ""whisky""}",whisky,,,
cet4_endict_2016_expanded.json,50143a67069cd69c0ce1221a6f7bb554b992b3295322344907bf784afb5ff9c0,6014,"{""lemma"": ""whisper""}",whisper,,,
cet4_endict_2016_expanded.json,50143a67069cd69c0ce1221a6f7bb554b992b3295322344907bf784afb5ff9c0,6015,"{""lemma"": ""whistle""}",whistle,,,
cet4_endict_2016_expanded.json,50143a67069cd69c0ce1221a6f7bb554b992b3295322344907bf784afb5ff9c0,6016,"{""lemma"": ""white""}",white,,,
cet4_endict_2016_expanded.json,50143a67069cd69c0ce1221a6f7bb554b992b3295322344907bf784afb5ff9c0,6017,"{""lemma"": ""who""}",who,,,
cet4_endict_2016_expanded.json,50143a67069cd69c0ce1221a6f7bb554b992b3295322344907bf784afb5ff9c0,6018,"{""lemma"": ""whoever""}",whoever,,,
cet4_endict_2016_expanded.json,50143a67069cd69c0ce1221a6f7bb554b992b3295322344907bf784afb5ff9c0,6019,"{""lemma"": ""whole""}",whole,,,
cet4_endict_2016_expanded.json,50143a67069cd69c0ce1221a6f7bb554b992b3295322344907bf784afb5ff9c0,6020,"{""lemma"": ""wholly""}",wholly,,,
cet4_endict_2016_expanded.json,50143a67069cd69c0ce1221a6f7bb554b992b3295322344907bf784afb5ff9c0,6021,"{""lemma"": ""whom""}",whom,,,
cet4_endict_2016_expanded.json,50143a67069cd69c0ce1221a6f7bb554b992b3295322344907bf784afb5ff9c0,6022,"{""lemma"": ""whose""}",whose,,,
cet4_endict_2016_expanded.json,50143a67069cd69c0ce1221a6f7bb554b992b3295322344907bf784afb5ff9c0,6023,"{""lemma"": ""why""}",why,,,
cet4_endict_2016_expanded.json,50143a67069cd69c0ce1221a6f7bb554b992b3295322344907bf784afb5ff9c0,6024,"{""lemma"": ""wide""}",wide,,,
cet4_endict_2016_expanded.json,50143a67069cd69c0ce1221a6f7bb554b992b3295322344907bf784afb5ff9c0,6025,"{""lemma"": ""widen""}",widen,,,
cet4_endict_2016_expanded.json,50143a67069cd69c0ce1221a6f7bb554b992b3295322344907bf784afb5ff9c0,6026,"{""lemma"": ""widespread""}",widespread,,,
cet4_endict_2016_expanded.json,50143a67069cd69c0ce1221a6f7bb554b992b3295322344907bf784afb5ff9c0,6027,"{""lemma"": ""widow""}",widow,,,
cet4_endict_2016_expanded.json,50143a67069cd69c0ce1221a6f7bb554b992b3295322344907bf784afb5ff9c0,6028,"{""lemma"": ""widower""}",widower,,,
cet4_endict_2016_expanded.json,50143a67069cd69c0ce1221a6f7bb554b992b3295322344907bf784afb5ff9c0,6029,"{""lemma"": ""width""}",width,,,
cet4_endict_2016_expanded.json,50143a67069cd69c0ce1221a6f7bb554b992b3295322344907bf784afb5ff9c0,6030,"{""lemma"": ""wife""}",wife,,,
cet4_endict_2016_expanded.json,50143a67069cd69c0ce1221a6f7bb554b992b3295322344907bf784afb5ff9c0,6031,"{""lemma"": ""wild""}",wild,,,
cet4_endict_2016_expanded.json,50143a67069cd69c0ce1221a6f7bb554b992b3295322344907bf784afb5ff9c0,6032,"{""lemma"": ""wilderness""}",wilderness,,,
cet4_endict_2016_expanded.json,50143a67069cd69c0ce1221a6f7bb554b992b3295322344907bf784afb5ff9c0,6033,"{""lemma"": ""wildlife""}",wildlife,,,
cet4_endict_2016_expanded.json,50143a67069cd69c0ce1221a6f7bb554b992b3295322344907bf784afb5ff9c0,6034,"{""lemma"": ""will""}",will,,,
cet4_endict_2016_expanded.json,50143a67069cd69c0ce1221a6f7bb554b992b3295322344907bf784afb5ff9c0,6035,"{""lemma"": ""willing""}",willing,,,
cet4_endict_2016_expanded.json,50143a67069cd69c0ce1221a6f7bb554b992b3295322344907bf784afb5ff9c0,6036,"{""lemma"": ""willpower""}",willpower,,,
cet4_endict_2016_expanded.json,50143a67069cd69c0ce1221a6f7bb554b992b3295322344907bf784afb5ff9c0,6037,"{""lemma"": ""win""}",win,,,
cet4_endict_2016_expanded.json,50143a67069cd69c0ce1221a6f7bb554b992b3295322344907bf784afb5ff9c0,6038,"{""lemma"": ""wind""}",wind,,,
cet4_endict_2016_expanded.json,50143a67069cd69c0ce1221a6f7bb554b992b3295322344907bf784afb5ff9c0,6039,"{""lemma"": ""window""}",window,,,
cet4_endict_2016_expanded.json,50143a67069cd69c0ce1221a6f7bb554b992b3295322344907bf784afb5ff9c0,6040,"{""lemma"": ""windy""}",windy,,,
cet4_endict_2016_expanded.json,50143a67069cd69c0ce1221a6f7bb554b992b3295322344907bf784afb5ff9c0,6041,"{""lemma"": ""wine""}",wine,,,
cet4_endict_2016_expanded.json,50143a67069cd69c0ce1221a6f7bb554b992b3295322344907bf784afb5ff9c0,6042,"{""lemma"": ""winery""}",winery,,,
cet4_endict_2016_expanded.json,50143a67069cd69c0ce1221a6f7bb554b992b3295322344907bf784afb5ff9c0,6043,"{""lemma"": ""wing""}",wing,,,
cet4_endict_2016_expanded.json,50143a67069cd69c0ce1221a6f7bb554b992b3295322344907bf784afb5ff9c0,6044,"{""lemma"": ""winner""}",winner,,,
cet4_endict_2016_expanded.json,50143a67069cd69c0ce1221a6f7bb554b992b3295322344907bf784afb5ff9c0,6045,"{""lemma"": ""winter""}",winter,,,
cet4_endict_2016_expanded.json,50143a67069cd69c0ce1221a6f7bb554b992b3295322344907bf784afb5ff9c0,6046,"{""lemma"": ""wipe""}",wipe,,,
cet4_endict_2016_expanded.json,50143a67069cd69c0ce1221a6f7bb554b992b3295322344907bf784afb5ff9c0,6047,"{""lemma"": ""wire""}",wire,,,
cet4_endict_2016_expanded.json,50143a67069cd69c0ce1221a6f7bb554b992b3295322344907bf784afb5ff9c0,6048,"{""lemma"": ""wireless""}",wireless,,,
cet4_endict_2016_expanded.json,50143a67069cd69c0ce1221a6f7bb554b992b3295322344907bf784afb5ff9c0,6049,"{""lemma"": ""wisdom""}",wisdom,,,
cet4_endict_2016_expanded.json,50143a67069cd69c0ce1221a6f7bb554b992b3295322344907bf784afb5ff9c0,6050,"{""lemma"": ""wise""}",wise,,,
cet4_endict_2016_expanded.json,50143a67069cd69c0ce1221a6f7bb554b992b3295322344907bf784afb5ff9c0,6051,"{""lemma"": ""wish""}",wish,,,
cet4_endict_2016_expanded.json,50143a67069cd69c0ce1221a6f7bb554b992b3295322344907bf784afb5ff9c0,6052,"{""lemma"": ""wit""}",wit,,,
cet4_endict_2016_expanded.json,50143a67069cd69c0ce1221a6f7bb554b992b3295322344907bf784afb5ff9c0,6053,"{""lemma"": ""with""}",with,,,
cet4_endict_2016_expanded.json,50143a67069cd69c0ce1221a6f7bb554b992b3295322344907bf784afb5ff9c0,6054,"{""lemma"": ""withdraw""}",withdraw,,,
cet4_endict_2016_expanded.json,50143a67069cd69c0ce1221a6f7bb554b992b3295322344907bf784afb5ff9c0,6055,"{""lemma"": ""withdrawal""}",withdrawal,,,
cet4_endict_2016_expanded.json,50143a67069cd69c0ce1221a6f7bb554b992b3295322344907bf784afb5ff9c0,6056,"{""lemma"": ""within""}",within,,,
cet4_endict_2016_expanded.json,50143a67069cd69c0ce1221a6f7bb554b992b3295322344907bf784afb5ff9c0,6057,"{""lemma"": ""without""}",without,,,
cet4_endict_2016_expanded.json,50143a67069cd69c0ce1221a6f7bb554b992b3295322344907bf784afb5ff9c0,6058,"{""lemma"": ""withstand""}",withstand,,,
cet4_endict_2016_expanded.json,50143a67069cd69c0ce1221a6f7bb554b992b3295322344907bf784afb5ff9c0,6059,"{""lemma"": ""witness""}",witness,,,
cet4_endict_2016_expanded.json,50143a67069cd69c0ce1221a6f7bb554b992b3295322344907bf784afb5ff9c0,6060,"{""lemma"": ""witty""}",witty,,,
cet4_endict_2016_expanded.json,50143a67069cd69c0ce1221a6f7bb554b992b3295322344907bf784afb5ff9c0,6061,"{""lemma"": ""wolf""}",wolf,,,
cet4_endict_2016_expanded.json,50143a67069cd69c0ce1221a6f7bb554b992b3295322344907bf784afb5ff9c0,6062,"{""lemma"": ""woman""}",woman,,,
cet4_endict_2016_expanded.json,50143a67069cd69c0ce1221a6f7bb554b992b3295322344907bf784afb5ff9c0,6063,"{""lemma"": ""wonder""}",wonder,,,
cet4_endict_2016_expanded.json,50143a67069cd69c0ce1221a6f7bb554b992b3295322344907bf784afb5ff9c0,6064,"{""lemma"": ""wonderful""}",wonderful,,,
cet4_endict_2016_expanded.json,50143a67069cd69c0ce1221a6f7bb554b992b3295322344907bf784afb5ff9c0,6065,"{""lemma"": ""wood""}",wood,,,
cet4_endict_2016_expanded.json,50143a67069cd69c0ce1221a6f7bb554b992b3295322344907bf784afb5ff9c0,6066,"{""lemma"": ""wooden""}",wooden,,,
cet4_endict_2016_expanded.json,50143a67069cd69c0ce1221a6f7bb554b992b3295322344907bf784afb5ff9c0,6067,"{""lemma"": ""wool""}",wool,,,
cet4_endict_2016_expanded.json,50143a67069cd69c0ce1221a6f7bb554b992b3295322344907bf784afb5ff9c0,6068,"{""lemma"": ""woolen""}",woolen,,,
cet4_endict_2016_expanded.json,50143a67069cd69c0ce1221a6f7bb554b992b3295322344907bf784afb5ff9c0,6069,"{""lemma"": ""woollen""}",woollen,,,
cet4_endict_2016_expanded.json,50143a67069cd69c0ce1221a6f7bb554b992b3295322344907bf784afb5ff9c0,6070,"{""lemma"": ""word""}",word,,,
cet4_endict_2016_expanded.json,50143a67069cd69c0ce1221a6f7bb554b992b3295322344907bf784afb5ff9c0,6071,"{""lemma"": ""wording""}",wording,,,
cet4_endict_2016_expanded.json,50143a67069cd69c0ce1221a6f7bb554b992b3295322344907bf784afb5ff9c0,6072,"{""lemma"": ""work""}",work,,,
cet4_endict_2016_expanded.json,50143a67069cd69c0ce1221a6f7bb554b992b3295322344907bf784afb5ff9c0,6073,"{""lemma"": ""worker""}",worker,,,
cet4_endict_2016_expanded.json,50143a67069cd69c0ce1221a6f7bb554b992b3295322344907bf784afb5ff9c0,6074,"{""lemma"": ""workforce""}",workforce,,,
cet4_endict_2016_expanded.json,50143a67069cd69c0ce1221a6f7bb554b992b3295322344907bf784afb5ff9c0,6075,"{""lemma"": ""workout""}",workout,,,
cet4_endict_2016_expanded.json,50143a67069cd69c0ce1221a6f7bb554b992b3295322344907bf784afb5ff9c0,6076,"{""lemma"": ""workshop""}",workshop,,,
cet4_endict_2016_expanded.json,50143a67069cd69c0ce1221a6f7bb554b992b3295322344907bf784afb5ff9c0,6077,"{""lemma"": ""world""}",world,,,
cet4_endict_2016_expanded.json,50143a67069cd69c0ce1221a6f7bb554b992b3295322344907bf784afb5ff9c0,6078,"{""lemma"": ""worldwide""}",worldwide,,,
cet4_endict_2016_expanded.json,50143a67069cd69c0ce1221a6f7bb554b992b3295322344907bf784afb5ff9c0,6079,"{""lemma"": ""worm""}",worm,,,
cet4_endict_2016_expanded.json,50143a67069cd69c0ce1221a6f7bb554b992b3295322344907bf784afb5ff9c0,6080,"{""lemma"": ""worried""}",worried,,,
cet4_endict_2016_expanded.json,50143a67069cd69c0ce1221a6f7bb554b992b3295322344907bf784afb5ff9c0,6081,"{""lemma"": ""worry""}",worry,,,
cet4_endict_2016_expanded.json,50143a67069cd69c0ce1221a6f7bb554b992b3295322344907bf784afb5ff9c0,6082,"{""lemma"": ""worse""}",worse,,,
cet4_endict_2016_expanded.json,50143a67069cd69c0ce1221a6f7bb554b992b3295322344907bf784afb5ff9c0,6083,"{""lemma"": ""worship""}",worship,,,
cet4_endict_2016_expanded.json,50143a67069cd69c0ce1221a6f7bb554b992b3295322344907bf784afb5ff9c0,6084,"{""lemma"": ""worst""}",worst,,,
cet4_endict_2016_expanded.json,50143a67069cd69c0ce1221a6f7bb554b992b3295322344907bf784afb5ff9c0,6085,"{""lemma"": ""worth""}",worth,,,
cet4_endict_2016_expanded.json,50143a67069cd69c0ce1221a6f7bb554b992b3295322344907bf784afb5ff9c0,6086,"{""lemma"": ""worthless""}",worthless,,,
cet4_endict_2016_expanded.json,50143a67069cd69c0ce1221a6f7bb554b992b3295322344907bf784afb5ff9c0,6087,"{""lemma"": ""worthwhile""}",worthwhile,,,
cet4_endict_2016_expanded.json,50143a67069cd69c0ce1221a6f7bb554b992b3295322344907bf784afb5ff9c0,6088,"{""lemma"": ""worthy""}",worthy,,,
cet4_endict_2016_expanded.json,50143a67069cd69c0ce1221a6f7bb554b992b3295322344907bf784afb5ff9c0,6089,"{""lemma"": ""would""}",would,,,
cet4_endict_2016_expanded.json,50143a67069cd69c0ce1221a6f7bb554b992b3295322344907bf784afb5ff9c0,6090,"{""lemma"": ""wound""}",wound,,,
cet4_endict_2016_expanded.json,50143a67069cd69c0ce1221a6f7bb554b992b3295322344907bf784afb5ff9c0,6091,"{""lemma"": ""wrap""}",wrap,,,
cet4_endict_2016_expanded.json,50143a67069cd69c0ce1221a6f7bb554b992b3295322344907bf784afb5ff9c0,6092,"{""lemma"": ""wrapping""}",wrapping,,,
cet4_endict_2016_expanded.json,50143a67069cd69c0ce1221a6f7bb554b992b3295322344907bf784afb5ff9c0,6093,"{""lemma"": ""wreck""}",wreck,,,
cet4_endict_2016_expanded.json,50143a67069cd69c0ce1221a6f7bb554b992b3295322344907bf784afb5ff9c0,6094,"{""lemma"": ""wreckage""}",wreckage,,,
cet4_endict_2016_expanded.json,50143a67069cd69c0ce1221a6f7bb554b992b3295322344907bf784afb5ff9c0,6095,"{""lemma"": ""wrinkle""}",wrinkle,,,
cet4_endict_2016_expanded.json,50143a67069cd69c0ce1221a6f7bb554b992b3295322344907bf784afb5ff9c0,6096,"{""lemma"": ""wrist""}",wrist,,,
cet4_endict_2016_expanded.json,50143a67069cd69c0ce1221a6f7bb554b992b3295322344907bf784afb5ff9c0,6097,"{""lemma"": ""write""}",write,,,
cet4_endict_2016_expanded.json,50143a67069cd69c0ce1221a6f7bb554b992b3295322344907bf784afb5ff9c0,6098,"{""lemma"": ""writer""}",writer,,,
cet4_endict_2016_expanded.json,50143a67069cd69c0ce1221a6f7bb554b992b3295322344907bf784afb5ff9c0,6099,"{""lemma"": ""writing""}",writing,,,
cet4_endict_2016_expanded.json,50143a67069cd69c0ce1221a6f7bb554b992b3295322344907bf784afb5ff9c0,6100,"{""lemma"": ""wrong""}",wrong,,,
cet4_endict_2016_expanded.json,50143a67069cd69c0ce1221a6f7bb554b992b3295322344907bf784afb5ff9c0,6101,"{""lemma"": ""X-ray""}",X-ray,,,
cet4_endict_2016_expanded.json,50143a67069cd69c0ce1221a6f7bb554b992b3295322344907bf784afb5ff9c0,6102,"{""lemma"": ""yard""}",yard,,,
cet4_endict_2016_expanded.json,50143a67069cd69c0ce1221a6f7bb554b992b3295322344907bf784afb5ff9c0,6103,"{""lemma"": ""yeah""}",yeah,,,
cet4_endict_2016_expanded.json,50143a67069cd69c0ce1221a6f7bb554b992b3295322344907bf784afb5ff9c0,6104,"{""lemma"": ""year""}",year,,,
cet4_endict_2016_expanded.json,50143a67069cd69c0ce1221a6f7bb554b992b3295322344907bf784afb5ff9c0,6105,"{""lemma"": ""yearly""}",yearly,,,
cet4_endict_2016_expanded.json,50143a67069cd69c0ce1221a6f7bb554b992b3295322344907bf784afb5ff9c0,6106,"{""lemma"": ""yell""}",yell,,,
cet4_endict_2016_expanded.json,50143a67069cd69c0ce1221a6f7bb554b992b3295322344907bf784afb5ff9c0,6107,"{""lemma"": ""yellow""}",yellow,,,
cet4_endict_2016_expanded.json,50143a67069cd69c0ce1221a6f7bb554b992b3295322344907bf784afb5ff9c0,6108,"{""lemma"": ""yes""}",yes,,,
cet4_endict_2016_expanded.json,50143a67069cd69c0ce1221a6f7bb554b992b3295322344907bf784afb5ff9c0,6109,"{""lemma"": ""yesterday""}",yesterday,,,
cet4_endict_2016_expanded.json,50143a67069cd69c0ce1221a6f7bb554b992b3295322344907bf784afb5ff9c0,6110,"{""lemma"": ""yet""}",yet,,,
cet4_endict_2016_expanded.json,50143a67069cd69c0ce1221a6f7bb554b992b3295322344907bf784afb5ff9c0,6111,"{""lemma"": ""yield""}",yield,,,
cet4_endict_2016_expanded.json,50143a67069cd69c0ce1221a6f7bb554b992b3295322344907bf784afb5ff9c0,6112,"{""lemma"": ""yoga""}",yoga,,,
cet4_endict_2016_expanded.json,50143a67069cd69c0ce1221a6f7bb554b992b3295322344907bf784afb5ff9c0,6113,"{""lemma"": ""yoghurt""}",yoghurt,,,
cet4_endict_2016_expanded.json,50143a67069cd69c0ce1221a6f7bb554b992b3295322344907bf784afb5ff9c0,6114,"{""lemma"": ""you""}",you,,,
cet4_endict_2016_expanded.json,50143a67069cd69c0ce1221a6f7bb554b992b3295322344907bf784afb5ff9c0,6115,"{""lemma"": ""young""}",young,,,
cet4_endict_2016_expanded.json,50143a67069cd69c0ce1221a6f7bb554b992b3295322344907bf784afb5ff9c0,6116,"{""lemma"": ""youngster""}",youngster,,,
cet4_endict_2016_expanded.json,50143a67069cd69c0ce1221a6f7bb554b992b3295322344907bf784afb5ff9c0,6117,"{""lemma"": ""your""}",your,,,
cet4_endict_2016_expanded.json,50143a67069cd69c0ce1221a6f7bb554b992b3295322344907bf784afb5ff9c0,6118,"{""lemma"": ""yours""}",yours,,,
cet4_endict_2016_expanded.json,50143a67069cd69c0ce1221a6f7bb554b992b3295322344907bf784afb5ff9c0,6119,"{""lemma"": ""yourself""}",yourself,,,
cet4_endict_2016_expanded.json,50143a67069cd69c0ce1221a6f7bb554b992b3295322344907bf784afb5ff9c0,6120,"{""lemma"": ""yourselves""}",yourselves,,,
cet4_endict_2016_expanded.json,50143a67069cd69c0ce1221a6f7bb554b992b3295322344907bf784afb5ff9c0,6121,"{""lemma"": ""youth""}",youth,,,
cet4_endict_2016_expanded.json,50143a67069cd69c0ce1221a6f7bb554b992b3295322344907bf784afb5ff9c0,6122,"{""lemma"": ""youthful""}",youthful,,,
cet4_endict_2016_expanded.json,50143a67069cd69c0ce1221a6f7bb554b992b3295322344907bf784afb5ff9c0,6123,"{""lemma"": ""zero""}",zero,,,
cet4_endict_2016_expanded.json,50143a67069cd69c0ce1221a6f7bb554b992b3295322344907bf784afb5ff9c0,6124,"{""lemma"": ""zone""}",zone,,,
cet4_endict_2016_expanded.json,50143a67069cd69c0ce1221a6f7bb554b992b3295322344907bf784afb5ff9c0,6125,"{""lemma"": ""zoo""}",zoo,,,
cet4_endict_2016_expanded.json,50143a67069cd69c0ce1221a6f7bb554b992b3295322344907bf784afb5ff9c0,6126,"{""lemma"": ""zoological""}",zoological,,,
cet4_endict_2016_expanded.json,50143a67069cd69c0ce1221a6f7bb554b992b3295322344907bf784afb5ff9c0,6127,"{""lemma"": ""zoology""}",zoology,,,
