vocabulary_id,lemma,planned_article,first_actual_article,article_id,occurrence_count,original_form,matched_form,context_sentence,coverage_status,match_method,review_note
cet4-1f4513c4e066,a,CH093,,,0,,,,planned,,
cet4-bf3f843f5868,abandon,CH065,,,0,,,,planned,,
cet4-d2da45cfbc37,ability,CH053,,,0,,,,planned,,
cet4-924ddcb86e57,able,CH075,,,0,,,,planned,,
cet4-83c328b47a03,aboard,CH060,,,0,,,,planned,,
cet4-73d738805676,abolish,CH050,,,0,,,,planned,,
cet4-d4dbd1bea4dc,abolition,CH081,,,0,,,,planned,,
cet4-41c6a7544741,about,CH067,,,0,,,,planned,,
cet4-0d8956b8174c,above,CH024,,,0,,,,planned,,
cet4-8ac44aba9757,abroad,CH060,,,0,,,,planned,,
cet4-178d42d20d97,absence,CH075,,,0,,,,planned,,
cet4-b87a05abf62a,absent,CH018,,,0,,,,planned,,
cet4-e3a42c765b56,absolute,CH009,,,0,,,,planned,,
cet4-77579ed5b0b5,absorb,CH081,,,0,,,,planned,,
cet4-ef7ea2c2f430,absorption,CH087,,,0,,,,planned,,
cet4-272eb24a7009,abstract,CH135,,,0,,,,planned,,
cet4-23dc644034b2,abundance,CH107,,,0,,,,planned,,
cet4-b7dacdb03631,abundant,CH042,,,0,,,,planned,,
cet4-ae906f87b44d,abuse,CH068,,,0,,,,planned,,
cet4-a547656ebafc,abusive,CH078,,,0,,,,planned,,
cet4-aa7a9ecbd89a,academic,CH016,,,0,,,,planned,,
cet4-40c5b318cbd8,academician,CH007,,,0,,,,planned,,
cet4-2ff212d8ba51,academy,CH017,,,0,,,,planned,,
cet4-e5cca6df4d56,accelerate,CH005,,,0,,,,planned,,
cet4-bc1294e3ce34,acceleration,CH091,,,0,,,,planned,,
cet4-96c24717470b,accent,CH078,,,0,,,,planned,,
cet4-a93050243054,accept,CH130,,,0,,,,planned,,
cet4-41928f3b4cd8,acceptable,CH134,,,0,,,,planned,,
cet4-e445dfef9e76,acceptance,CH056,,,0,,,,planned,,
cet4-9212fea07cef,access,CH086,,,0,,,,planned,,
cet4-c14bbff506f7,accessible,CH019,,,0,,,,planned,,
cet4-f9f1d94e3cfa,accident,CH031,,,0,,,,planned,,
cet4-0eabcadb1cd8,accidental,CH100,,,0,,,,planned,,
cet4-294632d362dc,accommodate,CH119,,,0,,,,planned,,
cet4-987f5b4ce105,accommodation,CH075,,,0,,,,planned,,
cet4-b7b1476973b9,accompany,CH059,,,0,,,,planned,,
cet4-d3e327db15a6,accomplish,CH101,,,0,,,,planned,,
cet4-44767a5df916,accomplishment,CH110,,,0,,,,planned,,
cet4-bb83b4ce3f15,accord,CH006,,,0,,,,planned,,
cet4-bc580d4c04d8,accordance,CH063,,,0,,,,planned,,
cet4-0cc0b0cddb6d,according to,CH059,,,0,,,,planned,,
cet4-e695539a2c8a,accordingly,CH008,,,0,,,,planned,,
cet4-808dd2895de5,account,CH044,,,0,,,,planned,,
cet4-8f345ef5eb8a,accountability,CH136,,,0,,,,planned,,
cet4-bf29ca922e3c,accountable,CH133,,,0,,,,planned,,
cet4-a7878dc10e55,accountancy,CH044,,,0,,,,planned,,
cet4-729def3ec3e0,accountant,CH048,,,0,,,,planned,,
cet4-6413dceaf542,accounting,CH092,,,0,,,,planned,,
cet4-c8f7a1996789,accumulate,CH010,,,0,,,,planned,,
cet4-8a3fc9cd6408,accumulation,CH115,,,0,,,,planned,,
cet4-67a876adff78,accumulative,CH049,,,0,,,,planned,,
cet4-b69cf4be36f7,accuracy,CH131,,,0,,,,planned,,
cet4-0d66713f1663,accurate,CH045,,,0,,,,planned,,
cet4-c2de70201992,accusation,CH039,,,0,,,,planned,,
cet4-6d03b0a16edd,accuse,CH101,,,0,,,,planned,,
cet4-3839d5562a59,accustom,CH073,,,0,,,,planned,,
cet4-8cf526e9953a,accustomed,CH003,,,0,,,,planned,,
cet4-2e1f0aef97a7,ace,CH019,,,0,,,,planned,,
cet4-c60869ef0d65,ache,CH042,,,0,,,,planned,,
cet4-34fc9bdeebca,achieve,CH001,,,0,,,,planned,,
cet4-42a59d005d3e,achievement,CH110,,,0,,,,planned,,
cet4-34b6e0533146,acid,CH104,,,0,,,,planned,,
cet4-2b8085de43d0,acidity,CH127,,,0,,,,planned,,
cet4-e32c534923b5,acknowledge,CH114,,,0,,,,planned,,
cet4-63e51f45b0e2,acknowledgement,CH027,,,0,,,,planned,,
cet4-20c0036e97a2,acquaint,CH059,,,0,,,,planned,,
cet4-39afcb176dc9,acquaintance,CH030,,,0,,,,planned,,
cet4-ec01d076b502,acquire,CH091,,,0,,,,planned,,
cet4-1f0f6a27eefe,acquisition,CH049,,,0,,,,planned,,
cet4-2205c4a33895,acre,CH047,,,0,,,,planned,,
cet4-f6b78fa5d069,across,CH061,,,0,,,,planned,,
cet4-8ec7cb321e35,act,CH117,,,0,,,,planned,,
cet4-adcfd1658568,acting,CH073,,,0,,,,planned,,
cet4-8d8274aed97e,action,CH088,,,0,,,,planned,,
cet4-3d763bb9b672,active,CH037,,,0,,,,planned,,
cet4-09bbfef11c37,activist,CH110,,,0,,,,planned,,
cet4-cfd6ec9784e0,activity,CH094,,,0,,,,planned,,
cet4-56998eb77bf1,actor,CH038,,,0,,,,planned,,
cet4-7650be060b22,actress,CH029,,,0,,,,planned,,
cet4-8bea35d68233,actual,CH077,,,0,,,,planned,,
cet4-958d73790243,actually,CH025,,,0,,,,planned,,
cet4-251c1890dae9,acute,CH082,,,0,,,,planned,,
cet4-80692e3e402f,ad,CH056,,,0,,,,planned,,
cet4-5f94aec677ed,adapt,CH005,,,0,,,,planned,,
cet4-de24306082d6,adaptation,CH076,,,0,,,,planned,,
cet4-3dc8f08fb170,adaptive,CH011,,,0,,,,planned,,
cet4-b741487d7964,add,CH096,,,0,,,,planned,,
cet4-94c0f065069a,addict,CH082,,,0,,,,planned,,
cet4-57e62a73781c,addiction,CH076,,,0,,,,planned,,
cet4-eb9669f72031,addictive,CH008,,,0,,,,planned,,
cet4-4aaaea5c3c16,addition,CH132,,,0,,,,planned,,
cet4-9f6e8360518a,additional,CH024,,,0,,,,planned,,
cet4-ba1372ff881b,address,CH087,,,0,,,,planned,,
cet4-35434b27b38e,adequacy,CH073,,,0,,,,planned,,
cet4-f6ffb86f66c6,adequate,CH126,,,0,,,,planned,,
cet4-57dab833d189,adjective,CH020,,,0,,,,planned,,
cet4-34ac5964ae6e,adjust,CH009,,,0,,,,planned,,
cet4-55d8efe2458f,adjustment,CH097,,,0,,,,planned,,
cet4-70d52171445b,administer,CH053,,,0,,,,planned,,
cet4-1f277b2e8527,administrate,CH043,,,0,,,,planned,,
cet4-6bf7e94cc196,administration,CH026,,,0,,,,planned,,
cet4-1dca6f50e7d7,administrative,CH122,,,0,,,,planned,,
cet4-5da60c166612,admirable,CH062,,,0,,,,planned,,
cet4-3e333c600b30,admiration,CH006,,,0,,,,planned,,
cet4-04ea9f774506,admire,CH035,,,0,,,,planned,,
cet4-8de5a78b42c6,admission,CH050,,,0,,,,planned,,
cet4-ae922337bf32,admit,CH079,,,0,,,,planned,,
cet4-61e251afd4d9,admittance,CH050,,,0,,,,planned,,
cet4-b4cd59c27382,admittedly,CH027,,,0,,,,planned,,
cet4-dc2ced2d6357,adopt,CH038,,,0,,,,planned,,
cet4-71a6fa38d741,adoption,CH030,,,0,,,,planned,,
cet4-b9364e1c7c04,adult,CH112,,,0,,,,planned,,
cet4-2c5b3835bcd8,adulthood,CH007,,,0,,,,planned,,
cet4-73049d614713,advance,CH132,,,0,,,,planned,,
cet4-65e7949fc2b2,advanced,CH016,,,0,,,,planned,,
cet4-1e63d875cfb5,advancement,CH010,,,0,,,,planned,,
cet4-e1913454109c,advantage,CH052,,,0,,,,planned,,
cet4-ea363d17b247,advantageous,CH111,,,0,,,,planned,,
cet4-24bda6a99582,adventure,CH121,,,0,,,,planned,,
cet4-a652489ae6b1,adventurer,CH036,,,0,,,,planned,,
cet4-4e4ecd4f90f1,adventurous,CH018,,,0,,,,planned,,
cet4-26c6b3f86eb5,adverb,CH025,,,0,,,,planned,,
cet4-6f2bbc52fecc,advertise,CH126,,,0,,,,planned,,
cet4-8b83164f7e27,advertisement,CH123,,,0,,,,planned,,
cet4-fc29657d18f2,advertising,CH046,,,0,,,,planned,,
cet4-11e65cad3e70,advice,CH047,,,0,,,,planned,,
cet4-a08d9ef02ed1,advisable,CH021,,,0,,,,planned,,
cet4-551646cdec09,advise,CH073,,,0,,,,planned,,
cet4-cc2cf0013472,adviser,CH120,,,0,,,,planned,,
cet4-3c56a3ddad6a,advisor,CH109,,,0,,,,planned,,
cet4-8dfa4b8f3d5f,advisory,CH123,,,0,,,,planned,,
cet4-406d8cea1e20,advocacy,CH124,,,0,,,,planned,,
cet4-ca99575f25b2,advocate,CH124,,,0,,,,planned,,
cet4-a56ebfaea6cb,aerial,CH014,,,0,,,,planned,,
cet4-0104a9ba2e57,affair,CH065,,,0,,,,planned,,
cet4-495401f2d761,affect,CH136,,,0,,,,planned,,
cet4-dcc2bb2be9a5,affection,CH033,,,0,,,,planned,,
cet4-f9ee7b5c474d,affectionate,CH039,,,0,,,,planned,,
cet4-8d89f27b4d10,affluence,CH074,,,0,,,,planned,,
cet4-dd2b7534952a,affluent,CH122,,,0,,,,planned,,
cet4-7b42da6e191e,afford,CH006,,,0,,,,planned,,
cet4-c53e3f0fd4d3,affordable,CH097,,,0,,,,planned,,
cet4-a2bde7d7c4d0,afraid,CH116,,,0,,,,planned,,
cet4-c1057f739f3c,after,CH062,,,0,,,,planned,,
cet4-01e9983f1d43,afternoon,CH109,,,0,,,,planned,,
cet4-b26e89d6f85a,afterward,CH137,,,0,,,,planned,,
cet4-0b23334ae252,again,CH005,,,0,,,,planned,,
cet4-c083e17d2c12,against,CH105,,,0,,,,planned,,
cet4-35694b17fe95,age,CH129,,,0,,,,planned,,
cet4-db5ef2e9fa6d,aged,CH098,,,0,,,,planned,,
cet4-5c6c068a5df0,agency,CH053,,,0,,,,planned,,
cet4-06ecf628ba61,agenda,CH043,,,0,,,,planned,,
cet4-68f10b9defec,agent,CH033,,,0,,,,planned,,
cet4-2c869a21ec56,aggression,CH077,,,0,,,,planned,,
cet4-a11b2864f313,aggressive,CH023,,,0,,,,planned,,
cet4-b40dea7c5cd8,aging,CH014,,,0,,,,planned,,
cet4-400c1c1ad6d6,ago,CH001,,,0,,,,planned,,
cet4-8f2a79596494,agree,CH099,,,0,,,,planned,,
cet4-7e28b8624b5d,agreeable,CH099,,,0,,,,planned,,
cet4-ef223c67b535,agreement,CH056,,,0,,,,planned,,
cet4-dc1514d6dd06,agricultural,CH065,,,0,,,,planned,,
cet4-86baf84ffa68,agriculture,CH110,,,0,,,,planned,,
cet4-f70d8efea34e,ahead,CH132,,,0,,,,planned,,
cet4-8ac3c095102e,aid,CH115,,,0,,,,planned,,
cet4-7b1fb0210219,AIDS,CH092,,,0,,,,planned,,
cet4-5349e2bfe20a,aim,CH085,,,0,,,,planned,,
cet4-f65ceb658f78,air,CH106,,,0,,,,planned,,
cet4-514aaf8cdb79,air conditioner,CH103,,,0,,,,planned,,
cet4-df2c82821e8c,air conditioning,CH103,,,0,,,,planned,,
cet4-b14af0780725,aircraft,CH059,,,0,,,,planned,,
cet4-2e4f34009cf1,airline,CH058,,,0,,,,planned,,
cet4-1b04064c9a51,airplane,CH102,,,0,,,,planned,,
cet4-e357db5898ac,airport,CH103,,,0,,,,planned,,
cet4-7b9cb9d3cc85,aisle,CH070,,,0,,,,planned,,
cet4-2664d701f2ad,alarm,CH092,,,0,,,,planned,,
cet4-35b5be40ccca,album,CH023,,,0,,,,planned,,
cet4-ea26fc53d9fd,alcohol,CH088,,,0,,,,planned,,
cet4-e0e40c460505,alcoholic,CH031,,,0,,,,planned,,
cet4-718674881551,alert,CH074,,,0,,,,planned,,
cet4-522c657e7ea6,algebra,CH004,,,0,,,,planned,,
cet4-0cbf08952b57,alike,CH006,,,0,,,,planned,,
cet4-55ff583a72ab,alive,CH129,,,0,,,,planned,,
cet4-b82f5ed245da,all,CH020,,,0,,,,planned,,
cet4-e983c0b2230b,allegation,CH114,,,0,,,,planned,,
cet4-6eff7badab78,allege,CH119,,,0,,,,planned,,
cet4-7c2bb4e182bd,alleged,CH122,,,0,,,,planned,,
cet4-032577bf04d5,allegedly,CH063,,,0,,,,planned,,
cet4-487e470f493e,alley,CH010,,,0,,,,planned,,
cet4-6aaae5f0a437,alliance,CH033,,,0,,,,planned,,
cet4-3ae21ba37a50,allow,CH031,,,0,,,,planned,,
cet4-3df5a47371b1,allowance,CH002,,,0,,,,planned,,
cet4-dc44a58a810f,ally,CH033,,,0,,,,planned,,
cet4-cd7bab6d0553,almost,CH099,,,0,,,,planned,,
cet4-ccb142eb7405,alone,CH065,,,0,,,,planned,,
cet4-5db62706926e,along,CH003,,,0,,,,planned,,
cet4-4d1b71d373b0,alongside,CH061,,,0,,,,planned,,
cet4-3a7875016a07,aloud,CH003,,,0,,,,planned,,
cet4-f016aa0b469b,alphabet,CH016,,,0,,,,planned,,
cet4-5f9ccee96a8d,alphabetic,CH088,,,0,,,,planned,,
cet4-51728579ccac,already,CH018,,,0,,,,planned,,
cet4-65261dbc2c6a,also,CH004,,,0,,,,planned,,
cet4-85aa53b114a8,alter,CH004,,,0,,,,planned,,
cet4-ac2befb3086b,alteration,CH078,,,0,,,,planned,,
cet4-2de5dca758ef,alternative,CH136,,,0,,,,planned,,
cet4-6c7b04a8aa7a,although,CH130,,,0,,,,planned,,
cet4-5f1aaad1e215,altitude,CH100,,,0,,,,planned,,
cet4-acb9c28f08be,altogether,CH063,,,0,,,,planned,,
cet4-f4ec3e171c5b,aluminum,CH089,,,0,,,,planned,,
cet4-a1483f286384,always,CH049,,,0,,,,planned,,
cet4-2ab6e6d35206,am,CH087,,,0,,,,planned,,
cet4-55ca45e05708,amateur,CH015,,,0,,,,planned,,
cet4-4a223a5e900c,amaze,CH029,,,0,,,,planned,,
cet4-0c4c8ecf1e7e,amazement,CH133,,,0,,,,planned,,
cet4-268b0ec5c559,amazing,CH011,,,0,,,,planned,,
cet4-3b22b74c1eb9,ambassador,CH067,,,0,,,,planned,,
cet4-dc8bd9b348e7,ambition,CH134,,,0,,,,planned,,
cet4-3ce96eec9ce7,ambitious,CH112,,,0,,,,planned,,
cet4-7ff57db17980,ambulance,CH084,,,0,,,,planned,,
cet4-43dec5ab3e4c,amid,CH049,,,0,,,,planned,,
cet4-4aef338d86f8,amidst,CH004,,,0,,,,planned,,
cet4-7cfc19d1a91f,among,CH004,,,0,,,,planned,,
cet4-02540764a428,amongst,CH020,,,0,,,,planned,,
cet4-7b28d908c7a8,amount,CH004,,,0,,,,planned,,
cet4-e1d200962e27,ample,CH099,,,0,,,,planned,,
cet4-639d8c21d41b,amuse,CH073,,,0,,,,planned,,
cet4-942d2025c261,amusement,CH116,,,0,,,,planned,,
cet4-c34b639daa67,amusing,CH080,,,0,,,,planned,,
cet4-1608a20d27d7,an,CH064,,,0,,,,planned,,
cet4-9da592928025,analysis,CH016,,,0,,,,planned,,
cet4-16b31e9c63de,analyst,CH092,,,0,,,,planned,,
cet4-e5abf661a10f,analytic,CH016,,,0,,,,planned,,
cet4-9401ae09fd8e,analyze,CH092,,,0,,,,planned,,
cet4-8cde0ecbc60b,ancestor,CH041,,,0,,,,planned,,
cet4-c52ec16f2983,ancestry,CH028,,,0,,,,planned,,
cet4-c90c2f48f6e4,anchor,CH092,,,0,,,,planned,,
cet4-7409a43ddf93,anchorage,CH091,,,0,,,,planned,,
cet4-3db24b884416,ancient,CH036,,,0,,,,planned,,
cet4-e88286aabb71,and,CH090,,,0,,,,planned,,
cet4-57af35d9d9cc,anew,CH005,,,0,,,,planned,,
cet4-6ae06ffe6bd9,angel,CH102,,,0,,,,planned,,
cet4-db0c157b9147,anger,CH031,,,0,,,,planned,,
cet4-5f099e981f16,angle,CH120,,,0,,,,planned,,
cet4-f944af27863f,angry,CH122,,,0,,,,planned,,
cet4-4db16c6cbbe6,animal,CH105,,,0,,,,planned,,
cet4-e060dd9712cb,ankle,CH072,,,0,,,,planned,,
cet4-4b42ec3263af,anniversary,CH103,,,0,,,,planned,,
cet4-49dd758c69fb,announce,CH121,,,0,,,,planned,,
cet4-a516e6dbe92c,announcement,CH117,,,0,,,,planned,,
cet4-d9a6cc380a36,annoy,CH011,,,0,,,,planned,,
cet4-e07e56607488,annoyance,CH115,,,0,,,,planned,,
cet4-e98564cbb655,annual,CH020,,,0,,,,planned,,
cet4-240f5ef994ae,another,CH137,,,0,,,,planned,,
cet4-8baeea364a3e,answer,CH117,,,0,,,,planned,,
cet4-8dae3702f807,ant,CH053,,,0,,,,planned,,
cet4-c28f65a61278,anticipate,CH071,,,0,,,,planned,,
cet4-41c37b7d6b2b,anticipation,CH002,,,0,,,,planned,,
cet4-03a99f2d9170,antique,CH128,,,0,,,,planned,,
cet4-e5bfea67c409,anxiety,CH136,,,0,,,,planned,,
cet4-f18f88e868bf,anxious,CH133,,,0,,,,planned,,
cet4-7142203b3a4d,any,CH028,,,0,,,,planned,,
cet4-ac52873ccf7b,anybody,CH041,,,0,,,,planned,,
cet4-54eb7cd2aec6,anyhow,CH121,,,0,,,,planned,,
cet4-49e487fd596f,anyone,CH071,,,0,,,,planned,,
cet4-071e887851b6,anything,CH002,,,0,,,,planned,,
cet4-354f142fbe27,anyway,CH002,,,0,,,,planned,,
cet4-41b9af72503e,anywhere,CH137,,,0,,,,planned,,
cet4-3e493bf650ec,apart,CH125,,,0,,,,planned,,
cet4-4e1c770293ac,apartment,CH102,,,0,,,,planned,,
cet4-2d83d4f0d65d,apologetic,CH126,,,0,,,,planned,,
cet4-516f64cb8d92,apologise,CH021,,,0,,,,planned,,
cet4-7fe479433de8,apologize,CH021,,,0,,,,planned,,
cet4-5c37b4da997f,apology,CH023,,,0,,,,planned,,
cet4-abd5484bde30,app,CH001,,,0,,,,planned,,
cet4-cba084053efa,apparatus,CH045,,,0,,,,planned,,
cet4-2d5d6049dd1b,apparent,CH129,,,0,,,,planned,,
cet4-541bb0af930a,apparently,CH032,,,0,,,,planned,,
cet4-30df6e245b58,appeal,CH117,,,0,,,,planned,,
cet4-7f8f8cbc100b,appealing,CH006,,,0,,,,planned,,
cet4-0d05d7f40d93,appear,CH126,,,0,,,,planned,,
cet4-b6c084333861,appearance,CH041,,,0,,,,planned,,
cet4-36eca18a8699,appetite,CH083,,,0,,,,planned,,
cet4-3dcb00478efc,applaud,CH062,,,0,,,,planned,,
cet4-59838c986a25,applause,CH062,,,0,,,,planned,,
cet4-3ba4f3007803,apple,CH082,,,0,,,,planned,,
cet4-007aee077b01,appliance,CH054,,,0,,,,planned,,
cet4-e5dad00941fe,applicable,CH126,,,0,,,,planned,,
cet4-33b989fa04f9,applicant,CH048,,,0,,,,planned,,
cet4-7756a4d43f7a,application,CH044,,,0,,,,planned,,
cet4-974f22de5326,apply,CH040,,,0,,,,planned,,
cet4-dfa62e45b207,appoint,CH136,,,0,,,,planned,,
cet4-152695a2e59b,appointment,CH060,,,0,,,,planned,,
cet4-464f04712c59,appreciate,CH127,,,0,,,,planned,,
cet4-224d37fb76c6,appreciation,CH046,,,0,,,,planned,,
cet4-180be918cd7e,appreciative,CH006,,,0,,,,planned,,
cet4-bba3196ad960,approach,CH065,,,0,,,,planned,,
cet4-8a59dd8b27df,appropriate,CH045,,,0,,,,planned,,
cet4-ac7333199475,approval,CH093,,,0,,,,planned,,
cet4-4b88386b28ed,approve,CH130,,,0,,,,planned,,
cet4-f03cfd05c6dc,approximate,CH080,,,0,,,,planned,,
cet4-b78a70dbd4f0,approximately,CH099,,,0,,,,planned,,
cet4-35e5bee18d77,approximation,CH072,,,0,,,,planned,,
cet4-f337dc78d851,April,CH061,,,0,,,,planned,,
cet4-5aa040da9652,aptitude,CH099,,,0,,,,planned,,
cet4-28aa47b2034f,arbitrary,CH012,,,0,,,,planned,,
cet4-49d0cf32ca4b,architect,CH133,,,0,,,,planned,,
cet4-8e14299a61b5,architecture,CH054,,,0,,,,planned,,
cet4-5bf6244b556d,area,CH060,,,0,,,,planned,,
cet4-9d011c314364,arguable,CH126,,,0,,,,planned,,
cet4-526db2408dc3,argue,CH130,,,0,,,,planned,,
cet4-e74706de72ce,argument,CH086,,,0,,,,planned,,
cet4-ec3d50081f96,argumentation,CH021,,,0,,,,planned,,
cet4-b1ad32d594dd,argumentative,CH126,,,0,,,,planned,,
cet4-eb19aa5393d5,arise,CH061,,,0,,,,planned,,
cet4-f54a436ce2c4,arithmetic,CH093,,,0,,,,planned,,
cet4-f0d99c9251d1,arm,CH033,,,0,,,,planned,,
cet4-a058a5270192,armament,CH088,,,0,,,,planned,,
cet4-618db1bb263b,army,CH012,,,0,,,,planned,,
cet4-cf4cf240db55,around,CH040,,,0,,,,planned,,
cet4-e878c18f017d,arousal,CH080,,,0,,,,planned,,
cet4-55bbab73aae1,arouse,CH030,,,0,,,,planned,,
cet4-260764df2c0c,arrange,CH094,,,0,,,,planned,,
cet4-37925ca95e2f,arrangement,CH009,,,0,,,,planned,,
cet4-50518a15a3fe,arrest,CH061,,,0,,,,planned,,
cet4-02ae6df96374,arrival,CH046,,,0,,,,planned,,
cet4-ec02bf122a5f,arrive,CH043,,,0,,,,planned,,
cet4-9f6c5542e8ca,arrow,CH078,,,0,,,,planned,,
cet4-339e9b32b99a,art,CH017,,,0,,,,planned,,
cet4-3c923ddbaf80,article,CH114,,,0,,,,planned,,
cet4-78c723498a9a,artificial,CH010,,,0,,,,planned,,
cet4-b7cbda043743,artist,CH047,,,0,,,,planned,,
cet4-db0adf14581a,artistic,CH028,,,0,,,,planned,,
cet4-d9ecfbdf3cb6,as,CH087,,,0,,,,planned,,
cet4-a7871ecd3ac2,ash,CH076,,,0,,,,planned,,
cet4-ea557069f1db,ashamed,CH021,,,0,,,,planned,,
cet4-68815012d509,ashore,CH102,,,0,,,,planned,,
cet4-a51fdd549812,aside,CH126,,,0,,,,planned,,
cet4-99d8564e174a,ask,CH077,,,0,,,,planned,,
cet4-449bc001f1e3,asleep,CH080,,,0,,,,planned,,
cet4-7259852efcd9,aspect,CH077,,,0,,,,planned,,
cet4-f68250844fba,ass,CH108,,,0,,,,planned,,
cet4-f9f306b63795,assemble,CH089,,,0,,,,planned,,
cet4-dfbc6c8eb237,assembly,CH092,,,0,,,,planned,,
cet4-b241dfeddcf1,assess,CH117,,,0,,,,planned,,
cet4-6857982f8575,assessment,CH127,,,0,,,,planned,,
cet4-cb7f6f51c16e,asset,CH005,,,0,,,,planned,,
cet4-ad2543db862f,assign,CH098,,,0,,,,planned,,
cet4-d0569bca5f36,assignment,CH128,,,0,,,,planned,,
cet4-d648e4deb687,assist,CH071,,,0,,,,planned,,
cet4-fa5f60a4ab13,assistance,CH046,,,0,,,,planned,,
cet4-4d99916ac85c,assistant,CH036,,,0,,,,planned,,
cet4-962493daee76,associate,CH070,,,0,,,,planned,,
cet4-71bb08871188,association,CH023,,,0,,,,planned,,
cet4-c0963c1ae369,assume,CH045,,,0,,,,planned,,
cet4-c7d7e409c304,assumption,CH135,,,0,,,,planned,,
cet4-e51e5e9d2853,assurance,CH013,,,0,,,,planned,,
cet4-ba3b7188d4cd,assure,CH006,,,0,,,,planned,,
cet4-c87138455d02,astonish,CH029,,,0,,,,planned,,
cet4-354212e86542,astonishment,CH133,,,0,,,,planned,,
cet4-ed72a7a076fa,astronaut,CH060,,,0,,,,planned,,
cet4-d23c5b97de1e,astronomer,CH109,,,0,,,,planned,,
cet4-83de4404f8d3,astronomical,CH093,,,0,,,,planned,,
cet4-3f595944c87e,astronomy,CH089,,,0,,,,planned,,
cet4-79074d50c503,at,CH074,,,0,,,,planned,,
cet4-15d206dfbdfd,athlete,CH071,,,0,,,,planned,,
cet4-13d17c4d0ff9,athletic,CH081,,,0,,,,planned,,
cet4-6c09c9a8fff9,atmosphere,CH106,,,0,,,,planned,,
cet4-24dd3f504ab9,atmospheric,CH080,,,0,,,,planned,,
cet4-84ce1ce903c3,atom,CH087,,,0,,,,planned,,
cet4-36dff5bf461c,atomic,CH083,,,0,,,,planned,,
cet4-43e7a0e2f7ad,atop,CH010,,,0,,,,planned,,
cet4-bc5078c96b8d,attach,CH089,,,0,,,,planned,,
cet4-a1969348b5aa,attachment,CH030,,,0,,,,planned,,
cet4-f943cbdaaae5,attack,CH077,,,0,,,,planned,,
cet4-d197d8294cc9,attain,CH121,,,0,,,,planned,,
cet4-327f8307b48e,attainment,CH014,,,0,,,,planned,,
cet4-f6e7188ebe52,attempt,CH080,,,0,,,,planned,,
cet4-4487825beddb,attend,CH054,,,0,,,,planned,,
cet4-1b7c5987b484,attendance,CH032,,,0,,,,planned,,
cet4-51c7da3a6fe5,attendant,CH056,,,0,,,,planned,,
cet4-6a57d0c9c0d9,attention,CH030,,,0,,,,planned,,
cet4-90970f3ddd5b,attentive,CH039,,,0,,,,planned,,
cet4-d02e10d80ced,attic,CH075,,,0,,,,planned,,
cet4-74b249f2b2dd,attitude,CH075,,,0,,,,planned,,
cet4-1fe9d34bd9ef,attorney,CH123,,,0,,,,planned,,
cet4-665b70666173,attract,CH076,,,0,,,,planned,,
cet4-1b2f6682aca3,attraction,CH123,,,0,,,,planned,,
cet4-d1b0059f2141,attractive,CH129,,,0,,,,planned,,
cet4-22772f281342,attributable,CH008,,,0,,,,planned,,
cet4-caabfe0c1ac4,attribute,CH093,,,0,,,,planned,,
cet4-b53e93abfc5b,attributive,CH035,,,0,,,,planned,,
cet4-16a4fc624a0d,audience,CH114,,,0,,,,planned,,
cet4-abfc1898dc38,audio,CH134,,,0,,,,planned,,
cet4-4ff279ee2b95,auditorium,CH073,,,0,,,,planned,,
cet4-e3eb8e603796,August,CH051,,,0,,,,planned,,
cet4-cee08b5790e6,aunt,CH034,,,0,,,,planned,,
cet4-faa582e09e76,auntie,CH034,,,0,,,,planned,,
cet4-ed995e299b2a,authentic,CH126,,,0,,,,planned,,
cet4-430c72c1fb24,authenticity,CH051,,,0,,,,planned,,
cet4-faa4d4fb0c27,author,CH122,,,0,,,,planned,,
cet4-89f8f36a41f1,authoritative,CH113,,,0,,,,planned,,
cet4-52b321204186,authority,CH135,,,0,,,,planned,,
cet4-3b397ef0563b,authorization,CH117,,,0,,,,planned,,
cet4-809acbee6dd2,authorize,CH050,,,0,,,,planned,,
cet4-01059f903d2b,auto,CH059,,,0,,,,planned,,
cet4-5b2d03677055,automate,CH097,,,0,,,,planned,,
cet4-2a085eb617d3,automatic,CH136,,,0,,,,planned,,
cet4-32d9a53f09cc,automatically,CH001,,,0,,,,planned,,
cet4-aa6f96056f95,automation,CH092,,,0,,,,planned,,
cet4-9df3d1df03d6,automobile,CH059,,,0,,,,planned,,
cet4-0ce78675c52b,autumn,CH001,,,0,,,,planned,,
cet4-eaa9dd8b8a2a,availability,CH052,,,0,,,,planned,,
cet4-d51a89965fc1,available,CH045,,,0,,,,planned,,
cet4-dff3fc243c31,avenue,CH010,,,0,,,,planned,,
cet4-c4fd5786aa64,average,CH128,,,0,,,,planned,,
cet4-df0014fc2ec6,aviation,CH069,,,0,,,,planned,,
cet4-b4fb6e9d1282,avoid,CH126,,,0,,,,planned,,
cet4-86540ecd358a,avoidance,CH050,,,0,,,,planned,,
cet4-317beb9f8d3d,await,CH003,,,0,,,,planned,,
cet4-95cf61a34d0c,awake,CH131,,,0,,,,planned,,
cet4-3f7a608ae537,award,CH125,,,0,,,,planned,,
cet4-f250aa82655c,aware,CH022,,,0,,,,planned,,
cet4-015409305ced,awareness,CH025,,,0,,,,planned,,
cet4-5d6dbf060ea7,away,CH034,,,0,,,,planned,,
cet4-06684b1b22fd,awe,CH011,,,0,,,,planned,,
cet4-ceefd51a9776,awesome,CH011,,,0,,,,planned,,
cet4-0d26f9caf8c3,awful,CH027,,,0,,,,planned,,
cet4-be9bf53ff089,awkward,CH019,,,0,,,,planned,,
cet4-91c583a7eeec,ax,CH059,,,0,,,,planned,,
cet4-61b684f80d91,axis,CH105,,,0,,,,planned,,
cet4-287aa15e6b95,baby,CH037,,,0,,,,planned,,
cet4-73a5171e88d3,baby boom,CH029,,,0,,,,planned,,
cet4-5f3ae86ed83c,baby boomer,CH029,,,0,,,,planned,,
cet4-2486a5b5fcdb,bachelor,CH126,,,0,,,,planned,,
cet4-5777f0734e92,back,CH034,,,0,,,,planned,,
cet4-449886363714,background,CH065,,,0,,,,planned,,
cet4-7faecb846536,backup,CH086,,,0,,,,planned,,
cet4-38f8bbc26a8f,backward,CH132,,,0,,,,planned,,
cet4-3e58db726cf0,backwards,CH130,,,0,,,,planned,,
cet4-bb7cde06127e,backyard,CH109,,,0,,,,planned,,
cet4-e32e6f62832c,bacon,CH105,,,0,,,,planned,,
cet4-265b386c2a6d,bacteria,CH104,,,0,,,,planned,,
cet4-34c0750fbe90,bad,CH132,,,0,,,,planned,,
cet4-16d566056413,badge,CH070,,,0,,,,planned,,
cet4-e61c14e50fab,badly,CH018,,,0,,,,planned,,
cet4-153b3434e8ed,badminton,CH073,,,0,,,,planned,,
cet4-41cc8fcfdf0b,bag,CH013,,,0,,,,planned,,
cet4-7f69c011f0ef,baggage,CH058,,,0,,,,planned,,
cet4-792820e50a7c,bail,CH118,,,0,,,,planned,,
cet4-13f0b5e82eb2,bait,CH104,,,0,,,,planned,,
cet4-91c2f5d27504,bake,CH100,,,0,,,,planned,,
cet4-e6234dc1bb17,bakery,CH021,,,0,,,,planned,,
cet4-edfbe201c92c,balance,CH112,,,0,,,,planned,,
cet4-059364f9167b,balcony,CH056,,,0,,,,planned,,
cet4-c50880a32953,ball,CH039,,,0,,,,planned,,
cet4-02a2235c5404,ballet,CH059,,,0,,,,planned,,
cet4-67372fe6567b,balloon,CH104,,,0,,,,planned,,
cet4-a19f8893df63,ballot,CH063,,,0,,,,planned,,
cet4-12d24a202f7c,bamboo,CH100,,,0,,,,planned,,
cet4-79e6eb7c45aa,ban,CH120,,,0,,,,planned,,
cet4-14c8ee9ce320,banana,CH083,,,0,,,,planned,,
cet4-0503bdaf3206,band,CH079,,,0,,,,planned,,
cet4-15f026610cde,bandage,CH072,,,0,,,,planned,,
cet4-64d14593fa8b,bang,CH107,,,0,,,,planned,,
cet4-4897127b2c72,bank,CH075,,,0,,,,planned,,
cet4-1ec6423d8ea8,banker,CH046,,,0,,,,planned,,
cet4-471ae04a441a,banking,CH044,,,0,,,,planned,,
cet4-de17d0d573b3,banknote,CH113,,,0,,,,planned,,
cet4-c19d898ec6ce,bankrupt,CH133,,,0,,,,planned,,
cet4-521899e92b8d,bankruptcy,CH114,,,0,,,,planned,,
cet4-f7270017aa38,banner,CH067,,,0,,,,planned,,
cet4-a2a81ab4fea6,banquet,CH103,,,0,,,,planned,,
cet4-9f2e4fe8fe05,bar,CH082,,,0,,,,planned,,
cet4-a5c6cc600bd8,barbecue,CH104,,,0,,,,planned,,
cet4-9aeb5fd8c880,barber,CH054,,,0,,,,planned,,
cet4-a4171bacc635,bare,CH112,,,0,,,,planned,,
cet4-28580acdb724,barely,CH137,,,0,,,,planned,,
cet4-72ffaa03e04d,bargain,CH120,,,0,,,,planned,,
cet4-a5e96a9a2a67,bark,CH058,,,0,,,,planned,,
cet4-fd07e39ea825,barrel,CH057,,,0,,,,planned,,
cet4-dd4a9c94a1af,barrier,CH085,,,0,,,,planned,,
cet4-a6ebe0e4f22f,base,CH085,,,0,,,,planned,,
cet4-0f1abb9d2b11,baseball,CH095,,,0,,,,planned,,
cet4-f19694de2f1b,basement,CH096,,,0,,,,planned,,
cet4-3bf116a151cd,basic,CH016,,,0,,,,planned,,
cet4-203d2d81fe19,basically,CH112,,,0,,,,planned,,
cet4-7b7b5756d3f2,basin,CH076,,,0,,,,planned,,
cet4-9bbf410540df,basis,CH088,,,0,,,,planned,,
cet4-d0c996e6e9d8,basket,CH113,,,0,,,,planned,,
cet4-b049684557e5,basketball,CH113,,,0,,,,planned,,
cet4-2bb8af4666f3,bat,CH002,,,0,,,,planned,,
cet4-645ef48b502f,batch,CH020,,,0,,,,planned,,
cet4-8589e7e418db,bath,CH076,,,0,,,,planned,,
cet4-8e1ef60597ac,bathe,CH111,,,0,,,,planned,,
cet4-629e8774fc90,bathroom,CH102,,,0,,,,planned,,
cet4-88ef7fbb5546,battalion,CH024,,,0,,,,planned,,
cet4-1b41ac61bb15,battery,CH092,,,0,,,,planned,,
cet4-a6aec586d50a,battle,CH015,,,0,,,,planned,,
cet4-7096aa442cbf,bay,CH070,,,0,,,,planned,,
cet4-1e3a10e5324b,BBQ,CH061,,,0,,,,planned,,
cet4-3e7cbe085a59,be,CH034,,,0,,,,planned,,
cet4-8331a7dab9c4,beach,CH111,,,0,,,,planned,,
cet4-85be7e392093,beam,CH026,,,0,,,,planned,,
cet4-25483a173000,bean,CH013,,,0,,,,planned,,
cet4-f487ff565185,bear,CH114,,,0,,,,planned,,
cet4-63d60d966d0a,beard,CH007,,,0,,,,planned,,
cet4-035e60c44619,bearing,CH085,,,0,,,,planned,,
cet4-5ba7a0c5891e,beast,CH035,,,0,,,,planned,,
cet4-dce4af3c97f0,beat,CH090,,,0,,,,planned,,
cet4-5de58b64bea3,beautiful,CH131,,,0,,,,planned,,
cet4-617939274e7d,beautify,CH035,,,0,,,,planned,,
cet4-beeb01bab823,beauty,CH025,,,0,,,,planned,,
cet4-aef9efc32d02,because,CH130,,,0,,,,planned,,
cet4-7a560fbab409,become,CH067,,,0,,,,planned,,
cet4-4a09ce534b74,bed,CH106,,,0,,,,planned,,
cet4-0d8fb7a28685,bedding,CH105,,,0,,,,planned,,
cet4-d3820f02f9e6,bee,CH100,,,0,,,,planned,,
cet4-fb95c40a134b,beef,CH110,,,0,,,,planned,,
cet4-d3cc1c63fc26,beer,CH088,,,0,,,,planned,,
cet4-0dd3bd1272db,before,CH137,,,0,,,,planned,,
cet4-8333c7eb8cd7,beforehand,CH137,,,0,,,,planned,,
cet4-af426a1b9ec3,beg,CH040,,,0,,,,planned,,
cet4-39ac1ff49d99,beggar,CH119,,,0,,,,planned,,
cet4-bb4e97c3d2bd,begin,CH096,,,0,,,,planned,,
cet4-e9250bb41099,beginning,CH040,,,0,,,,planned,,
cet4-de17dd786620,behalf,CH010,,,0,,,,planned,,
cet4-939d623716d8,behave,CH029,,,0,,,,planned,,
cet4-1f57239b0205,behavior,CH136,,,0,,,,planned,,
cet4-5a36a3322d9f,behavioral,CH134,,,0,,,,planned,,
cet4-72a079f63884,behind,CH039,,,0,,,,planned,,
cet4-f3eb714d65a0,being,CH008,,,0,,,,planned,,
cet4-86d91eb7fdd0,belief,CH102,,,0,,,,planned,,
cet4-b5034a8cb52a,believe,CH130,,,0,,,,planned,,
cet4-f1e1533f2dd4,bell,CH090,,,0,,,,planned,,
cet4-a28d2e2815b5,belly,CH077,,,0,,,,planned,,
cet4-84846b574ad3,belong,CH020,,,0,,,,planned,,
cet4-e83f36bd7105,belongings,CH026,,,0,,,,planned,,
cet4-7657d84ae98a,beloved,CH040,,,0,,,,planned,,
cet4-72ea52059ce1,below,CH028,,,0,,,,planned,,
cet4-1b5cfa4abdf8,belt,CH075,,,0,,,,planned,,
cet4-07b9fb1ae8c3,bench,CH041,,,0,,,,planned,,
cet4-df59b941f862,bend,CH070,,,0,,,,planned,,
cet4-a77da0fdfd8b,beneath,CH010,,,0,,,,planned,,
cet4-d3f6f2aa7d27,beneficial,CH050,,,0,,,,planned,,
cet4-df010337b8b0,beneficiary,CH027,,,0,,,,planned,,
cet4-959269da5f3b,benefit,CH115,,,0,,,,planned,,
cet4-e4e30194722d,berry,CH057,,,0,,,,planned,,
cet4-f6ba8e374ed2,beside,CH002,,,0,,,,planned,,
cet4-70d443ac1f10,besides,CH133,,,0,,,,planned,,
cet4-96fc306a15a2,best,CH026,,,0,,,,planned,,
cet4-e3cd3b615deb,bestseller,CH024,,,0,,,,planned,,
cet4-e6df27521df6,bet,CH062,,,0,,,,planned,,
cet4-da2d3b1a5895,betray,CH124,,,0,,,,planned,,
cet4-ed8976cae8f9,betrayal,CH120,,,0,,,,planned,,
cet4-ac9a25367562,better,CH039,,,0,,,,planned,,
cet4-de2c4620441d,between,CH110,,,0,,,,planned,,
cet4-29f2e2ade0ce,beverage,CH093,,,0,,,,planned,,
cet4-ea647fd9b282,beyond,CH049,,,0,,,,planned,,
cet4-aa535a5fd89a,bias,CH111,,,0,,,,planned,,
cet4-25ed6c413798,bible,CH024,,,0,,,,planned,,
cet4-00ec7ad01338,biblical,CH111,,,0,,,,planned,,
cet4-0f5d98adde42,bicycle,CH059,,,0,,,,planned,,
cet4-3d8468fcfe35,bid,CH056,,,0,,,,planned,,
cet4-5357b1976ff1,big,CH043,,,0,,,,planned,,
cet4-b5c736349181,bike,CH058,,,0,,,,planned,,
cet4-d5699e543d4f,bill,CH118,,,0,,,,planned,,
cet4-28d8e8c65ee0,billion,CH057,,,0,,,,planned,,
cet4-06234890e05a,billionaire,CH112,,,0,,,,planned,,
cet4-4be2de3c8f77,bin,CH088,,,0,,,,planned,,
cet4-b6df1c46faa3,bind,CH131,,,0,,,,planned,,
cet4-f7029adebc60,biochemical,CH085,,,0,,,,planned,,
cet4-49960d919299,biochemist,CH064,,,0,,,,planned,,
cet4-4f439568ab04,biochemistry,CH091,,,0,,,,planned,,
cet4-0a3f41167f2a,biographer,CH015,,,0,,,,planned,,
cet4-57545dd6d53b,biographical,CH029,,,0,,,,planned,,
cet4-9cab0500ed51,biography,CH029,,,0,,,,planned,,
cet4-b2cd2a3f3158,biological,CH037,,,0,,,,planned,,
cet4-4e1539ce75a0,biologist,CH078,,,0,,,,planned,,
cet4-bfb33900e1e8,biology,CH085,,,0,,,,planned,,
cet4-c95406182a5e,biotechnology,CH086,,,0,,,,planned,,
cet4-58671e7473c8,bird,CH076,,,0,,,,planned,,
cet4-690101a21215,birth,CH127,,,0,,,,planned,,
cet4-12116e8f98af,birthday,CH038,,,0,,,,planned,,
cet4-59e96f8df96b,biscuit,CH027,,,0,,,,planned,,
cet4-082f4a721a18,bit,CH094,,,0,,,,planned,,
cet4-5eac87b430c2,bitch,CH038,,,0,,,,planned,,
cet4-88b118c2fcb1,bite,CH037,,,0,,,,planned,,
cet4-f9f5c0e2891a,bitter,CH134,,,0,,,,planned,,
cet4-27fbdb81522b,black,CH030,,,0,,,,planned,,
cet4-54311847025d,blackboard,CH042,,,0,,,,planned,,
cet4-a9395d91bce6,blade,CH066,,,0,,,,planned,,
cet4-9196f99c9b39,blame,CH129,,,0,,,,planned,,
cet4-3c3c6bbab972,blank,CH023,,,0,,,,planned,,
cet4-dbac029de2bc,blanket,CH036,,,0,,,,planned,,
cet4-c8af7290172a,blast,CH067,,,0,,,,planned,,
cet4-fca7a3e9f940,bleed,CH122,,,0,,,,planned,,
cet4-eda7b679e689,blend,CH047,,,0,,,,planned,,
cet4-177238b77f10,bless,CH012,,,0,,,,planned,,
cet4-ad32f65fdec5,blessing,CH137,,,0,,,,planned,,
cet4-6c84d0cbe578,blind,CH104,,,0,,,,planned,,
cet4-baf7089befbe,block,CH090,,,0,,,,planned,,
cet4-85cf5f304347,blog,CH016,,,0,,,,planned,,
cet4-49c98a71cae7,blond,CH041,,,0,,,,planned,,
cet4-fd1e166f11b0,blood,CH037,,,0,,,,planned,,
cet4-934a3de712f9,bloody,CH011,,,0,,,,planned,,
cet4-7a05492953f8,bloom,CH013,,,0,,,,planned,,
cet4-f9155595924f,blossom,CH014,,,0,,,,planned,,
cet4-d371050da051,blouse,CH010,,,0,,,,planned,,
cet4-962af962a0ec,blow,CH113,,,0,,,,planned,,
cet4-5d6727d2c220,blue,CH041,,,0,,,,planned,,
cet4-0996e140cbef,blueprint,CH015,,,0,,,,planned,,
cet4-b53900b01f8f,blur,CH067,,,0,,,,planned,,
cet4-7e5a133966b3,board,CH082,,,0,,,,planned,,
cet4-5d4a77e0a71e,boast,CH028,,,0,,,,planned,,
cet4-3941ddc93dfa,boastful,CH001,,,0,,,,planned,,
cet4-6a1cd6d39825,boat,CH059,,,0,,,,planned,,
cet4-46f98c435ad4,bodily,CH081,,,0,,,,planned,,
cet4-89aa024a8985,body,CH075,,,0,,,,planned,,
cet4-ca419871812f,boil,CH116,,,0,,,,planned,,
cet4-017e644c95af,boiler,CH102,,,0,,,,planned,,
cet4-ef228647d261,bold,CH089,,,0,,,,planned,,
cet4-9aaad37c199b,bolt,CH074,,,0,,,,planned,,
cet4-744c331d77f3,bomb,CH098,,,0,,,,planned,,
cet4-f321f5fbcfd9,bond,CH114,,,0,,,,planned,,
cet4-2d8db1628253,bondage,CH066,,,0,,,,planned,,
cet4-374bff5acca9,bone,CH103,,,0,,,,planned,,
cet4-6147ab2112c5,bonus,CH054,,,0,,,,planned,,
cet4-a334a0a189f9,bony,CH084,,,0,,,,planned,,
cet4-fff874eed340,book,CH016,,,0,,,,planned,,
cet4-860935112321,boom,CH117,,,0,,,,planned,,
cet4-397dfc90a09f,boost,CH006,,,0,,,,planned,,
cet4-424acdc06248,boot,CH085,,,0,,,,planned,,
cet4-a07fae9d311d,booth,CH107,,,0,,,,planned,,
cet4-c26c767b3f14,border,CH095,,,0,,,,planned,,
cet4-1f85326f1587,bore,CH031,,,0,,,,planned,,
cet4-24149444d901,boring,CH100,,,0,,,,planned,,
cet4-ad0b18d28393,born,CH067,,,0,,,,planned,,
cet4-9e60e9deb2ea,borrow,CH040,,,0,,,,planned,,
cet4-20b93194c291,boss,CH053,,,0,,,,planned,,
cet4-71881fd0140d,both,CH010,,,0,,,,planned,,
cet4-00c1db528072,bother,CH022,,,0,,,,planned,,
cet4-23128b7804a2,bottle,CH033,,,0,,,,planned,,
cet4-ec60f4f6e641,bottom,CH058,,,0,,,,planned,,
cet4-fdf6739aa1d6,bounce,CH091,,,0,,,,planned,,
cet4-b4d3ed63cf99,bound,CH092,,,0,,,,planned,,
cet4-b01feb4e8cec,boundary,CH095,,,0,,,,planned,,
cet4-23b4c150b287,bow,CH105,,,0,,,,planned,,
cet4-8b01cc487584,bowel,CH109,,,0,,,,planned,,
cet4-f5bc048e43f1,bowl,CH072,,,0,,,,planned,,
cet4-274c03d313eb,box,CH096,,,0,,,,planned,,
cet4-708f1d0bf1c2,boxing,CH073,,,0,,,,planned,,
cet4-c3c26c7c3ead,boy,CH013,,,0,,,,planned,,
cet4-b3e79b0e130d,bracket,CH092,,,0,,,,planned,,
cet4-dcf25b1d4e51,brag,CH001,,,0,,,,planned,,
cet4-d050567e4606,brain,CH107,,,0,,,,planned,,
cet4-1d2b0d3d062a,brake,CH060,,,0,,,,planned,,
cet4-82a667ea8f47,branch,CH105,,,0,,,,planned,,
cet4-472cbb0ddd66,brand,CH066,,,0,,,,planned,,
cet4-ab13687b09f7,brand new,CH008,,,0,,,,planned,,
cet4-b026bd3906da,brandy,CH097,,,0,,,,planned,,
cet4-416ba73f6a06,brass,CH074,,,0,,,,planned,,
cet4-d4c5249e33d0,brave,CH078,,,0,,,,planned,,
cet4-6bef67ec5713,bravery,CH133,,,0,,,,planned,,
cet4-4311c448955a,bread,CH020,,,0,,,,planned,,
cet4-19f253b17e0b,breadth,CH067,,,0,,,,planned,,
cet4-53b253e5652a,break,CH128,,,0,,,,planned,,
cet4-4896ad5f65f9,breakdown,CH079,,,0,,,,planned,,
cet4-0010f3b76d6f,breakfast,CH103,,,0,,,,planned,,
cet4-04c83f8fe5e0,breakthrough,CH047,,,0,,,,planned,,
cet4-f5333b220800,breast,CH037,,,0,,,,planned,,
cet4-33576d835cde,breath,CH111,,,0,,,,planned,,
cet4-1f70653a97fd,breathe,CH111,,,0,,,,planned,,
cet4-62ee59eeca92,breed,CH100,,,0,,,,planned,,
cet4-ee57dea13e37,breeze,CH067,,,0,,,,planned,,
cet4-50588d03cf29,bribe,CH034,,,0,,,,planned,,
cet4-80cc0da00fee,bribery,CH123,,,0,,,,planned,,
cet4-218140b37f43,brick,CH036,,,0,,,,planned,,
cet4-e9aee57f8f08,bride,CH038,,,0,,,,planned,,
cet4-57e9525637f0,bridegroom,CH038,,,0,,,,planned,,
cet4-7b7517754087,bridge,CH070,,,0,,,,planned,,
cet4-0c9fd3d5fbb4,brief,CH125,,,0,,,,planned,,
cet4-ca71f5f728e3,briefcase,CH028,,,0,,,,planned,,
cet4-7df139e7ff2e,briefing,CH113,,,0,,,,planned,,
cet4-3edde897a736,bright,CH017,,,0,,,,planned,,
cet4-1a6d0e9b22b2,brighten,CH004,,,0,,,,planned,,
cet4-00fa54756b86,brilliance,CH078,,,0,,,,planned,,
cet4-89c4d59b0ee2,brilliant,CH093,,,0,,,,planned,,
cet4-8ea842aa6cdd,bring,CH071,,,0,,,,planned,,
cet4-96ac3fd8a5e9,broad,CH068,,,0,,,,planned,,
cet4-2fc6a9943d64,broadcast,CH068,,,0,,,,planned,,
cet4-3069f649e3eb,broaden,CH067,,,0,,,,planned,,
cet4-bc13c6116874,brochure,CH024,,,0,,,,planned,,
cet4-d7457032eea2,broke,CH001,,,0,,,,planned,,
cet4-dc1269533c00,broker,CH043,,,0,,,,planned,,
cet4-93599836975f,broom,CH083,,,0,,,,planned,,
cet4-85999b068513,brother,CH030,,,0,,,,planned,,
cet4-348c68c84060,brow,CH078,,,0,,,,planned,,
cet4-b22ae470898f,brown,CH083,,,0,,,,planned,,
cet4-726be0c41b91,browse,CH026,,,0,,,,planned,,
cet4-732e898137cf,browser,CH095,,,0,,,,planned,,
cet4-83e1f7dcf8f6,brunch,CH103,,,0,,,,planned,,
cet4-a098333ee59c,brush,CH007,,,0,,,,planned,,
cet4-a11bba5e01a8,brutal,CH011,,,0,,,,planned,,
cet4-f26efdfdda3c,brutality,CH008,,,0,,,,planned,,
cet4-c0fc4bb79b9c,bubble,CH036,,,0,,,,planned,,
cet4-1a5a6bef894d,buck,CH112,,,0,,,,planned,,
cet4-775c26fdead8,bucket,CH098,,,0,,,,planned,,
cet4-8baffa5650b9,buckle,CH051,,,0,,,,planned,,
cet4-668798e2a18b,bud,CH013,,,0,,,,planned,,
cet4-abd2e4e3953d,buddy,CH033,,,0,,,,planned,,
cet4-8a94cd7b1153,budget,CH115,,,0,,,,planned,,
cet4-8dfca5273ae8,budgetary,CH113,,,0,,,,planned,,
cet4-e70475ac3567,buffet,CH052,,,0,,,,planned,,
cet4-374cb599afd6,bug,CH086,,,0,,,,planned,,
cet4-eabc8d1a557e,build,CH123,,,0,,,,planned,,
cet4-f27ff6aa6092,building,CH124,,,0,,,,planned,,
cet4-5d981cc83b4a,bulb,CH082,,,0,,,,planned,,
cet4-e7395d45465f,bulk,CH018,,,0,,,,planned,,
cet4-1b69d0de78f2,bulky,CH089,,,0,,,,planned,,
cet4-0e048d1e0502,bull,CH123,,,0,,,,planned,,
cet4-6544e9a2f4eb,bullet,CH073,,,0,,,,planned,,
cet4-105cdea1c62d,bulletin,CH065,,,0,,,,planned,,
cet4-fb90e31cdb45,bully,CH008,,,0,,,,planned,,
cet4-b80bea169754,bump,CH072,,,0,,,,planned,,
cet4-3c07d3b73752,bumper,CH066,,,0,,,,planned,,
cet4-c4fcfb90b23e,bunch,CH071,,,0,,,,planned,,
cet4-7968a4b49b20,bundle,CH083,,,0,,,,planned,,
cet4-38099be6d20d,burden,CH132,,,0,,,,planned,,
cet4-d72c1f413445,bureau,CH115,,,0,,,,planned,,
cet4-a8d2df831458,burger,CH112,,,0,,,,planned,,
cet4-804710e60b82,burial,CH113,,,0,,,,planned,,
cet4-d6a0115e8896,burn,CH034,,,0,,,,planned,,
cet4-d5e994ae1afb,burst,CH096,,,0,,,,planned,,
cet4-e5ac75b042a0,bury,CH111,,,0,,,,planned,,
cet4-67d96c494969,bus,CH069,,,0,,,,planned,,
cet4-4254d40772a1,bush,CH094,,,0,,,,planned,,
cet4-162763d931de,bushy,CH027,,,0,,,,planned,,
cet4-846a8ff6a6d4,business,CH044,,,0,,,,planned,,
cet4-6a877b525046,businessman,CH043,,,0,,,,planned,,
cet4-5a887ad29a05,busy,CH091,,,0,,,,planned,,
cet4-44ed6fd61ab8,but,CH008,,,0,,,,planned,,
cet4-8d2ab83ccaa5,butcher,CH041,,,0,,,,planned,,
cet4-1164b4d9a9ad,butter,CH019,,,0,,,,planned,,
cet4-adc0c9801e96,butterfly,CH075,,,0,,,,planned,,
cet4-ae4448782076,button,CH107,,,0,,,,planned,,
cet4-f45f609061dc,buy,CH045,,,0,,,,planned,,
cet4-86b0c68f66a8,buyer,CH036,,,0,,,,planned,,
cet4-8ea7a8fb150d,by,CH014,,,0,,,,planned,,
cet4-56fd61f0aef8,bypass,CH011,,,0,,,,planned,,
cet4-097719c86ad0,bystander,CH113,,,0,,,,planned,,
cet4-915d0901d7af,cab,CH058,,,0,,,,planned,,
cet4-3704bf16481a,cabbage,CH013,,,0,,,,planned,,
cet4-fb09d846cc86,cabin,CH070,,,0,,,,planned,,
cet4-319830d5d1e1,cabinet,CH033,,,0,,,,planned,,
cet4-71e74ff1598a,cable,CH070,,,0,,,,planned,,
cet4-709fa7565926,cafe,CH021,,,0,,,,planned,,
cet4-8ca0ff3cdad3,cafeteria,CH055,,,0,,,,planned,,
cet4-dddc746a3277,cage,CH100,,,0,,,,planned,,
cet4-b7a249dc4c35,cake,CH021,,,0,,,,planned,,
cet4-2d4d3d6bee8b,calculate,CH086,,,0,,,,planned,,
cet4-9d07f2a90805,calculating,CH032,,,0,,,,planned,,
cet4-3cd8f2d5d2cb,calculation,CH023,,,0,,,,planned,,
cet4-89041e358571,calculator,CH093,,,0,,,,planned,,
cet4-20e5daaead9e,calendar,CH092,,,0,,,,planned,,
cet4-70093549512d,calf,CH079,,,0,,,,planned,,
cet4-8204dec94356,call,CH137,,,0,,,,planned,,
cet4-7f56f8e0a879,calling,CH106,,,0,,,,planned,,
cet4-d55536a62939,calm,CH108,,,0,,,,planned,,
cet4-cc94630415c8,calorie,CH106,,,0,,,,planned,,
cet4-b1fa4ddbd610,camel,CH109,,,0,,,,planned,,
cet4-d9514b638af6,camera,CH097,,,0,,,,planned,,
cet4-aac26b5438b0,camp,CH060,,,0,,,,planned,,
cet4-210f0b26d10e,campaign,CH060,,,0,,,,planned,,
cet4-ba4ccae7179f,campus,CH007,,,0,,,,planned,,
cet4-4952d250dab4,can,CH104,,,0,,,,planned,,
cet4-f962288f0ad6,canal,CH107,,,0,,,,planned,,
cet4-d5d63f6e6782,cancel,CH093,,,0,,,,planned,,
cet4-f8a23738e373,cancellation,CH052,,,0,,,,planned,,
cet4-277d6caa10a1,cancer,CH007,,,0,,,,planned,,
cet4-3b3a068fc137,candidacy,CH113,,,0,,,,planned,,
cet4-c01d91b0258c,candidate,CH055,,,0,,,,planned,,
cet4-7c1cb139c67f,candle,CH066,,,0,,,,planned,,
cet4-a0a6fcced28d,candy,CH027,,,0,,,,planned,,
cet4-2c0f662c5233,cane,CH013,,,0,,,,planned,,
cet4-1c610afbfe7d,canteen,CH013,,,0,,,,planned,,
cet4-f01c4f6342b0,cap,CH091,,,0,,,,planned,,
cet4-47e3901a9155,capability,CH115,,,0,,,,planned,,
cet4-89d02a0f838f,capable,CH099,,,0,,,,planned,,
cet4-8adcb9f4f77e,capacity,CH098,,,0,,,,planned,,
cet4-79cd1f46759a,capital,CH118,,,0,,,,planned,,
cet4-8af66a1b1eca,capitalism,CH125,,,0,,,,planned,,
cet4-1a8c0389d374,capitalist,CH046,,,0,,,,planned,,
cet4-8832b36c95be,captain,CH009,,,0,,,,planned,,
cet4-ff1d7ca3adb5,capture,CH094,,,0,,,,planned,,
cet4-f5b836e76dc7,car,CH060,,,0,,,,planned,,
cet4-0acc79867354,carbon,CH091,,,0,,,,planned,,
cet4-ddbba1b638cf,card,CH090,,,0,,,,planned,,
cet4-c00edabdb0a7,cardboard,CH093,,,0,,,,planned,,
cet4-9ff6059e3211,care,CH033,,,0,,,,planned,,
cet4-1764de7e26c6,career,CH044,,,0,,,,planned,,
cet4-e23621f39b5d,careful,CH031,,,0,,,,planned,,
cet4-0e2fa582c6b0,careless,CH031,,,0,,,,planned,,
cet4-0e50ad622569,cargo,CH057,,,0,,,,planned,,
cet4-975c9160a2c9,carpenter,CH109,,,0,,,,planned,,
cet4-e82c7ba08fe7,carpet,CH043,,,0,,,,planned,,
cet4-6b558e690230,carriage,CH058,,,0,,,,planned,,
cet4-2a3c1a9fc999,carrier,CH060,,,0,,,,planned,,
cet4-2aff53453996,carrot,CH107,,,0,,,,planned,,
cet4-3b6191e09192,carry,CH132,,,0,,,,planned,,
cet4-7f645d134752,cart,CH059,,,0,,,,planned,,
cet4-2d61e74dc1dc,cartoon,CH065,,,0,,,,planned,,
cet4-58391dcdf23a,cartoonist,CH036,,,0,,,,planned,,
cet4-87ae4183d803,case,CH054,,,0,,,,planned,,
cet4-04fe96fb460b,cash,CH066,,,0,,,,planned,,
cet4-ab1fad1cb4a7,cashier,CH054,,,0,,,,planned,,
cet4-0e143a74859e,cast,CH039,,,0,,,,planned,,
cet4-e8caf8056d9c,castle,CH084,,,0,,,,planned,,
cet4-de21f19fbdf7,casual,CH020,,,0,,,,planned,,
cet4-9c66b58ac015,cat,CH019,,,0,,,,planned,,
cet4-acec1b6949ba,catalog,CH089,,,0,,,,planned,,
cet4-67291d7dc46f,catch,CH019,,,0,,,,planned,,
cet4-ba508e838211,category,CH098,,,0,,,,planned,,
cet4-71b8bdf2f358,cater,CH027,,,0,,,,planned,,
cet4-7541adcc7e8f,cattle,CH101,,,0,,,,planned,,
cet4-60f22e562719,cause,CH055,,,0,,,,planned,,
cet4-52608dfc1d1e,caution,CH096,,,0,,,,planned,,
cet4-63ba37d1ad09,cautious,CH129,,,0,,,,planned,,
cet4-99f36910fb59,cave,CH052,,,0,,,,planned,,
cet4-92221909c7b8,cease,CH137,,,0,,,,planned,,
cet4-c93147914c98,ceiling,CH052,,,0,,,,planned,,
cet4-0683ab47ef2f,celebrate,CH010,,,0,,,,planned,,
cet4-4715545edf35,celebration,CH125,,,0,,,,planned,,
cet4-4bb44c6c4e7f,cell,CH086,,,0,,,,planned,,
cet4-977e94113fdf,cell phone,CH001,,,0,,,,planned,,
cet4-52214dd24e29,cellar,CH110,,,0,,,,planned,,
cet4-2d665d7913ee,Celsius,CH109,,,0,,,,planned,,
cet4-07c56a6683f0,cement,CH107,,,0,,,,planned,,
cet4-cc390247a883,cent,CH047,,,0,,,,planned,,
cet4-3856e20e7242,center,CH096,,,0,,,,planned,,
cet4-b1b27f8d3efe,centigrade,CH102,,,0,,,,planned,,
cet4-9c1cf39230c6,centimeter,CH074,,,0,,,,planned,,
cet4-71213d57c08b,central,CH053,,,0,,,,planned,,
cet4-3370059402e7,centralize,CH029,,,0,,,,planned,,
cet4-b8150fe76538,century,CH062,,,0,,,,planned,,
cet4-56eb544cd7ba,cereal,CH104,,,0,,,,planned,,
cet4-cb3129546a67,ceremonial,CH003,,,0,,,,planned,,
cet4-23da262b5806,ceremony,CH129,,,0,,,,planned,,
cet4-1fd11320155e,certain,CH125,,,0,,,,planned,,
cet4-7f250a6d615d,certainly,CH035,,,0,,,,planned,,
cet4-d1d7c82059b3,certainty,CH121,,,0,,,,planned,,
cet4-ed4f7e1e2689,certificate,CH022,,,0,,,,planned,,
cet4-1e50332ee93f,chain,CH060,,,0,,,,planned,,
cet4-83edaf9362f0,chair,CH002,,,0,,,,planned,,
cet4-6ed7c75c4916,chairman,CH054,,,0,,,,planned,,
cet4-35986965d944,chairperson,CH109,,,0,,,,planned,,
cet4-9340a9584e7b,chalk,CH019,,,0,,,,planned,,
cet4-a037c2ea67d8,challenge,CH039,,,0,,,,planned,,
cet4-fe742a568db4,challenging,CH011,,,0,,,,planned,,
cet4-62fd2ace1f8d,champagne,CH098,,,0,,,,planned,,
cet4-d203042e6089,champion,CH039,,,0,,,,planned,,
cet4-ecd09907d232,championship,CH065,,,0,,,,planned,,
cet4-571b7b128040,chance,CH133,,,0,,,,planned,,
cet4-865ecebc191e,change,CH002,,,0,,,,planned,,
cet4-985c0c2320b4,channel,CH106,,,0,,,,planned,,
cet4-c3569e415482,chaos,CH094,,,0,,,,planned,,
cet4-6eac561741f0,chaotic,CH122,,,0,,,,planned,,
cet4-d69c645fbd3b,chapter,CH128,,,0,,,,planned,,
cet4-b24ea49b1068,character,CH136,,,0,,,,planned,,
cet4-27f1ce259e6a,characteristic,CH092,,,0,,,,planned,,
cet4-e7d876b133b9,characterize,CH004,,,0,,,,planned,,
cet4-6b82d4a64c48,charge,CH048,,,0,,,,planned,,
cet4-d14939089c31,charitable,CH031,,,0,,,,planned,,
cet4-e04ac813d710,charity,CH117,,,0,,,,planned,,
cet4-3b84beb89ed6,charm,CH085,,,0,,,,planned,,
cet4-c3dd44b4e925,charming,CH119,,,0,,,,planned,,
cet4-2976a13f62fd,chart,CH101,,,0,,,,planned,,
cet4-95c544e2ddc3,charter,CH066,,,0,,,,planned,,
cet4-e0813fa3c81f,chase,CH117,,,0,,,,planned,,
cet4-a8474b182048,chat,CH004,,,0,,,,planned,,
cet4-0ab0c972b8d4,cheap,CH067,,,0,,,,planned,,
cet4-ac18981ae8fe,cheat,CH129,,,0,,,,planned,,
cet4-a352ed9f7d89,check,CH125,,,0,,,,planned,,
cet4-8d3534b6fa31,cheek,CH078,,,0,,,,planned,,
cet4-4bf3d4cd7b27,cheer,CH084,,,0,,,,planned,,
cet4-08fccf7b91eb,cheerful,CH018,,,0,,,,planned,,
cet4-3005e32940d5,cheese,CH083,,,0,,,,planned,,
cet4-ffbcffa067fe,chef,CH051,,,0,,,,planned,,
cet4-a3aae759c1e3,chemical,CH086,,,0,,,,planned,,
cet4-3c5340e15a4f,chemist,CH052,,,0,,,,planned,,
cet4-71e580594b0f,chemistry,CH087,,,0,,,,planned,,
cet4-7e6a88aa2c14,cheque,CH124,,,0,,,,planned,,
cet4-f020443bf210,cherish,CH005,,,0,,,,planned,,
cet4-1ecb038521a9,chess,CH120,,,0,,,,planned,,
cet4-e9ee8f3b94ad,chest,CH078,,,0,,,,planned,,
cet4-dcd3489cc716,chew,CH072,,,0,,,,planned,,
cet4-2974ca6dd0da,chicken,CH079,,,0,,,,planned,,
cet4-d114caa2bfb4,chief,CH063,,,0,,,,planned,,
cet4-d07f3be24ace,child,CH033,,,0,,,,planned,,
cet4-b1162e3ed1bf,childish,CH036,,,0,,,,planned,,
cet4-e14ff013d5f6,chill,CH020,,,0,,,,planned,,
cet4-44878d6c1b5b,chilly,CH041,,,0,,,,planned,,
cet4-3ad6daf6e47f,chimney,CH113,,,0,,,,planned,,
cet4-a31bb82fa7b2,chin,CH071,,,0,,,,planned,,
cet4-2143ad79d53a,china,CH066,,,0,,,,planned,,
cet4-c9d64f012ac1,chip,CH117,,,0,,,,planned,,
cet4-2ac5f228f5b9,chocolate,CH083,,,0,,,,planned,,
cet4-2ead8a0d5b4f,choice,CH127,,,0,,,,planned,,
cet4-077fe24d6420,choke,CH128,,,0,,,,planned,,
cet4-bab78db9f154,cholesterol,CH111,,,0,,,,planned,,
cet4-a140ceb2aad9,choose,CH129,,,0,,,,planned,,
cet4-9e4904a96557,choosy,CH134,,,0,,,,planned,,
cet4-33955f5dc021,chop,CH057,,,0,,,,planned,,
cet4-1506a52bb929,chopstick,CH110,,,0,,,,planned,,
cet4-f4750f5d244a,chore,CH053,,,0,,,,planned,,
cet4-045047d0802d,chorus,CH026,,,0,,,,planned,,
cet4-0ed46fe22726,Christ,CH019,,,0,,,,planned,,
cet4-a0702eba05db,Christian,CH019,,,0,,,,planned,,
cet4-595e5a3e3331,Christianity,CH019,,,0,,,,planned,,
cet4-cc04e84e2e6a,Christmas,CH049,,,0,,,,planned,,
cet4-21f7b6e33d51,church,CH070,,,0,,,,planned,,
cet4-5bfd19e1051e,cigar,CH001,,,0,,,,planned,,
cet4-600ac5fc726c,cigaret,CH011,,,0,,,,planned,,
cet4-4a81ff68b6cc,cinema,CH110,,,0,,,,planned,,
cet4-423da4e1215a,circle,CH120,,,0,,,,planned,,
cet4-b30083642c7f,circuit,CH087,,,0,,,,planned,,
cet4-d69ad49db7dc,circular,CH077,,,0,,,,planned,,
cet4-997b13ad673a,circulate,CH091,,,0,,,,planned,,
cet4-33b100e72532,circulation,CH017,,,0,,,,planned,,
cet4-a752373131fe,circumstance,CH136,,,0,,,,planned,,
cet4-2edca7b1dccf,circus,CH060,,,0,,,,planned,,
cet4-60515ee41144,citation,CH118,,,0,,,,planned,,
cet4-5261205e9553,cite,CH024,,,0,,,,planned,,
cet4-ffe7ec0ff9f9,citizen,CH118,,,0,,,,planned,,
cet4-463a9896f1c3,citizenship,CH119,,,0,,,,planned,,
cet4-9bc600703a6e,city,CH009,,,0,,,,planned,,
cet4-0fa77f189ab9,civil,CH118,,,0,,,,planned,,
cet4-a46b81bba6e5,civilian,CH115,,,0,,,,planned,,
cet4-008b50aad941,civilisation,CH118,,,0,,,,planned,,
cet4-a287c84100b9,civilize,CH001,,,0,,,,planned,,
cet4-099c76d2e8b5,claim,CH115,,,0,,,,planned,,
cet4-05e1678a741a,clap,CH058,,,0,,,,planned,,
cet4-9ce9cf1278d8,clarification,CH088,,,0,,,,planned,,
cet4-4e93061e4563,clarify,CH021,,,0,,,,planned,,
cet4-6e32a2a72ea1,clarity,CH089,,,0,,,,planned,,
cet4-a13abc09998e,clash,CH032,,,0,,,,planned,,
cet4-ebbee70e1c1c,class,CH016,,,0,,,,planned,,
cet4-41b907cbab01,classic,CH015,,,0,,,,planned,,
cet4-304f10efe8c7,classical,CH016,,,0,,,,planned,,
cet4-ea9af2e9f711,classification,CH026,,,0,,,,planned,,
cet4-6ed73aecd426,classified,CH025,,,0,,,,planned,,
cet4-8ddd0e563e3a,classify,CH025,,,0,,,,planned,,
cet4-e71ea1d94752,classmate,CH021,,,0,,,,planned,,
cet4-d3425f98742d,classroom,CH016,,,0,,,,planned,,
cet4-09c611a8937b,clause,CH089,,,0,,,,planned,,
cet4-7ed5c3c5c25f,claw,CH125,,,0,,,,planned,,
cet4-7209c7d5989c,clay,CH107,,,0,,,,planned,,
cet4-1a5994310ed4,clean,CH123,,,0,,,,planned,,
cet4-fe97ce81c243,clear,CH095,,,0,,,,planned,,
cet4-559bb4b3d429,clear-cut,CH129,,,0,,,,planned,,
cet4-04d9068196a8,clearly,CH035,,,0,,,,planned,,
cet4-cf8fd1b84046,clerical,CH048,,,0,,,,planned,,
cet4-eca4c6c09cdb,clerk,CH044,,,0,,,,planned,,
cet4-790d83ffffb2,clever,CH018,,,0,,,,planned,,
cet4-7da0169ce194,click,CH136,,,0,,,,planned,,
cet4-6c02f7cd1d68,client,CH036,,,0,,,,planned,,
cet4-19b38df36424,cliff,CH133,,,0,,,,planned,,
cet4-438438dfef36,climate,CH104,,,0,,,,planned,,
cet4-23e76d96ae08,climatic,CH110,,,0,,,,planned,,
cet4-9878a843eb71,climax,CH009,,,0,,,,planned,,
cet4-bea069f8796d,climb,CH116,,,0,,,,planned,,
cet4-92528c1337e8,cling,CH128,,,0,,,,planned,,
cet4-5cd285cb6c47,clinic,CH075,,,0,,,,planned,,
cet4-c8179b039d7d,clinical,CH129,,,0,,,,planned,,
cet4-4de06bf2827d,clip,CH083,,,0,,,,planned,,
cet4-291869c0b341,clock,CH031,,,0,,,,planned,,
cet4-7ba233a2b8f6,clockwise,CH005,,,0,,,,planned,,
cet4-9aba26f29882,clone,CH009,,,0,,,,planned,,
cet4-48ebeab2f3c5,close,CH056,,,0,,,,planned,,
cet4-db7ac77b3f4c,cloth,CH010,,,0,,,,planned,,
cet4-188693cde560,clothe,CH109,,,0,,,,planned,,
cet4-da35a1241f39,clothes,CH055,,,0,,,,planned,,
cet4-ee15ca05c293,clothing,CH032,,,0,,,,planned,,
cet4-0c44f883fcbe,cloud,CH107,,,0,,,,planned,,
cet4-86a445dce1c9,cloudy,CH018,,,0,,,,planned,,
cet4-3196e148e45b,clown,CH129,,,0,,,,planned,,
cet4-c28829cab229,club,CH002,,,0,,,,planned,,
cet4-00f0c3ffaad2,clue,CH134,,,0,,,,planned,,
cet4-159d317427fd,clumsy,CH019,,,0,,,,planned,,
cet4-9af210dde620,coach,CH060,,,0,,,,planned,,
cet4-7a606710607c,coal,CH024,,,0,,,,planned,,
cet4-f98497038598,coarse,CH127,,,0,,,,planned,,
cet4-f8a037067654,coast,CH067,,,0,,,,planned,,
cet4-0b439ed84304,coastal,CH119,,,0,,,,planned,,
cet4-e98032e5ce1f,coat,CH007,,,0,,,,planned,,
cet4-63e26ecf8557,cock,CH029,,,0,,,,planned,,
cet4-836b4f04c9d8,code,CH086,,,0,,,,planned,,
cet4-6bcc671d5a85,coffee,CH083,,,0,,,,planned,,
cet4-48ebed026889,coherence,CH095,,,0,,,,planned,,
cet4-94f1dd86ae00,coherent,CH135,,,0,,,,planned,,
cet4-6808e5eebd3b,cohesion,CH094,,,0,,,,planned,,
cet4-23028d0595b4,cohesive,CH084,,,0,,,,planned,,
cet4-8c17d4711619,coil,CH057,,,0,,,,planned,,
cet4-a51016858251,coin,CH113,,,0,,,,planned,,
cet4-31dabc805523,coinage,CH050,,,0,,,,planned,,
cet4-da115b97b588,cold,CH128,,,0,,,,planned,,
cet4-10743d1a9108,collaborate,CH047,,,0,,,,planned,,
cet4-10900f1aa557,collaboration,CH067,,,0,,,,planned,,
cet4-268ca778fc06,collaborative,CH005,,,0,,,,planned,,
cet4-e9ddc72c946b,collapse,CH079,,,0,,,,planned,,
cet4-bf1d199f32ad,collar,CH104,,,0,,,,planned,,
cet4-f24db43dc56d,colleague,CH048,,,0,,,,planned,,
cet4-32f426405c64,collect,CH024,,,0,,,,planned,,
cet4-7c394fc5d18b,collection,CH045,,,0,,,,planned,,
cet4-ded49352f850,collective,CH066,,,0,,,,planned,,
cet4-8cf49e66e552,college,CH007,,,0,,,,planned,,
cet4-2bba47a8aa20,colon,CH075,,,0,,,,planned,,
cet4-4e81939de5c3,colonial,CH009,,,0,,,,planned,,
cet4-3bb95c67f3a3,colonialism,CH065,,,0,,,,planned,,
cet4-730ef41a4360,colonize,CH028,,,0,,,,planned,,
cet4-4e26242608f3,colony,CH075,,,0,,,,planned,,
cet4-1afbfdb3cffb,color,CH047,,,0,,,,planned,,
cet4-55a668e1dd2b,colorful,CH011,,,0,,,,planned,,
cet4-6aae6acc0b6c,column,CH090,,,0,,,,planned,,
cet4-61667ffc2b28,columnist,CH015,,,0,,,,planned,,
cet4-4230e8f1afdf,comb,CH105,,,0,,,,planned,,
cet4-3c1419b74ad4,combat,CH109,,,0,,,,planned,,
cet4-22b674f4a587,combative,CH023,,,0,,,,planned,,
cet4-461e045eaf9e,combination,CH090,,,0,,,,planned,,
cet4-7b5066503181,combine,CH047,,,0,,,,planned,,
cet4-c3b5faf36026,come,CH068,,,0,,,,planned,,
cet4-b9710adb6714,comedy,CH073,,,0,,,,planned,,
cet4-e650893510dc,comfort,CH031,,,0,,,,planned,,
cet4-c8f4ba88eada,comfortable,CH075,,,0,,,,planned,,
cet4-986d55a61b4f,comma,CH012,,,0,,,,planned,,
cet4-283059f0fe1a,command,CH053,,,0,,,,planned,,
cet4-79b15bd2c601,commander,CH053,,,0,,,,planned,,
cet4-ef8b76d4f247,commence,CH040,,,0,,,,planned,,
cet4-9bff3e06203d,commencement,CH021,,,0,,,,planned,,
cet4-8b8006333d98,comment,CH016,,,0,,,,planned,,
cet4-4b400656d853,commentary,CH024,,,0,,,,planned,,
cet4-db31910a4e54,commentator,CH015,,,0,,,,planned,,
cet4-578d2fb94157,commerce,CH054,,,0,,,,planned,,
cet4-d3b3046a5b94,commercial,CH015,,,0,,,,planned,,
cet4-8217da3b0210,commercialize,CH043,,,0,,,,planned,,
cet4-13ded29f2608,commission,CH044,,,0,,,,planned,,
cet4-6c1a5cf5e2a5,commit,CH039,,,0,,,,planned,,
cet4-72b2a98cec0f,commitment,CH075,,,0,,,,planned,,
cet4-d0799f50a736,committee,CH052,,,0,,,,planned,,
cet4-d61bfe5d3884,commodity,CH051,,,0,,,,planned,,
cet4-0b5fe3335661,common,CH125,,,0,,,,planned,,
cet4-450677d574d1,commonplace,CH018,,,0,,,,planned,,
cet4-ff875bf3f49c,commune,CH037,,,0,,,,planned,,
cet4-45bc66fba71d,communicate,CH031,,,0,,,,planned,,
cet4-b3ef51d93679,communication,CH032,,,0,,,,planned,,
cet4-a215b130950e,communicative,CH039,,,0,,,,planned,,
cet4-c50d527ef9cb,communism,CH125,,,0,,,,planned,,
cet4-89ed2beccda6,communist,CH125,,,0,,,,planned,,
cet4-cdbbfe8f36b0,community,CH118,,,0,,,,planned,,
cet4-4418f329401a,commute,CH060,,,0,,,,planned,,
cet4-7704de12ee76,commuter,CH069,,,0,,,,planned,,
cet4-36ff16fa8ce2,compact,CH125,,,0,,,,planned,,
cet4-6cf7792a2cd5,companion,CH033,,,0,,,,planned,,
cet4-7173d9b0fc24,companionship,CH065,,,0,,,,planned,,
cet4-3debd81f89a2,company,CH053,,,0,,,,planned,,
cet4-dd9c2a2c86a6,comparable,CH021,,,0,,,,planned,,
cet4-4a77479a4aad,comparative,CH021,,,0,,,,planned,,
cet4-ce78e02fcc17,compare,CH020,,,0,,,,planned,,
cet4-48f7df8130a4,comparison,CH021,,,0,,,,planned,,
cet4-7f2c21b6f0dd,compass,CH112,,,0,,,,planned,,
cet4-6cc377c76dc2,compatibility,CH098,,,0,,,,planned,,
cet4-17425c0e640c,compatible,CH087,,,0,,,,planned,,
cet4-319a294c25e9,compel,CH078,,,0,,,,planned,,
cet4-edbc1aa7c85f,compelling,CH130,,,0,,,,planned,,
cet4-2e1734d2dd01,compensate,CH073,,,0,,,,planned,,
cet4-4acee041c8b9,compensation,CH046,,,0,,,,planned,,
cet4-76d6c3ce7c24,compensatory,CH073,,,0,,,,planned,,
cet4-fef4918598cb,compete,CH021,,,0,,,,planned,,
cet4-63429a505b92,competence,CH081,,,0,,,,planned,,
cet4-ca8b41c13e56,competent,CH117,,,0,,,,planned,,
cet4-0f0840847eb7,competition,CH044,,,0,,,,planned,,
cet4-590466048f93,competitive,CH052,,,0,,,,planned,,
cet4-8656b4f95a76,competitor,CH055,,,0,,,,planned,,
cet4-299eeccc8069,complain,CH025,,,0,,,,planned,,
cet4-867f62ae56a2,complaint,CH117,,,0,,,,planned,,
cet4-2a0bbbc7923b,complete,CH020,,,0,,,,planned,,
cet4-942cb69bf6b8,completion,CH047,,,0,,,,planned,,
cet4-38874c0a2b5f,complex,CH136,,,0,,,,planned,,
cet4-59d2c5bd1dd2,complexity,CH008,,,0,,,,planned,,
cet4-b2bfd8f407ac,compliance,CH095,,,0,,,,planned,,
cet4-64ecba5103eb,complicate,CH008,,,0,,,,planned,,
cet4-1adb1e7e5d1c,complicated,CH078,,,0,,,,planned,,
cet4-1a7b5c10dc52,complication,CH076,,,0,,,,planned,,
cet4-8a65c01a3e55,comply,CH113,,,0,,,,planned,,
cet4-ddefafecb36e,component,CH094,,,0,,,,planned,,
cet4-dee39a416996,compose,CH019,,,0,,,,planned,,
cet4-ee9fc6614ac7,composer,CH052,,,0,,,,planned,,
cet4-ec61aafb8f11,composition,CH085,,,0,,,,planned,,
cet4-479f2baa6e46,compound,CH085,,,0,,,,planned,,
cet4-cedff563f6da,comprehend,CH058,,,0,,,,planned,,
cet4-36551a0c4046,comprehension,CH022,,,0,,,,planned,,
cet4-1b7bcc8c7ff2,comprehensive,CH067,,,0,,,,planned,,
cet4-3238eb1992bb,comprise,CH134,,,0,,,,planned,,
cet4-096ba7f3ac06,compromise,CH112,,,0,,,,planned,,
cet4-9c686f868e12,compulsory,CH043,,,0,,,,planned,,
cet4-2d0d37bb9bb2,computation,CH053,,,0,,,,planned,,
cet4-b85f2e920380,compute,CH064,,,0,,,,planned,,
cet4-bc077eb91e4e,computer,CH086,,,0,,,,planned,,
cet4-67edadc05bbf,computerize,CH055,,,0,,,,planned,,
cet4-b170416c3f99,comrade,CH008,,,0,,,,planned,,
cet4-d724fb0fb930,conceal,CH119,,,0,,,,planned,,
cet4-72fa72ae9be7,concealment,CH050,,,0,,,,planned,,
cet4-f074c7bff4ec,concentrate,CH023,,,0,,,,planned,,
cet4-88d2a9336544,concentration,CH085,,,0,,,,planned,,
cet4-6f6b974c1203,concept,CH071,,,0,,,,planned,,
cet4-1f320d53b57d,conceptual,CH080,,,0,,,,planned,,
cet4-c72023b36ca5,concern,CH040,,,0,,,,planned,,
cet4-42735238f316,concerned,CH122,,,0,,,,planned,,
cet4-02804ca31fd1,concerning,CH130,,,0,,,,planned,,
cet4-e445f81f2092,concert,CH094,,,0,,,,planned,,
cet4-5ac88606fb50,concerted,CH124,,,0,,,,planned,,
cet4-b9d07eab16e3,conclude,CH051,,,0,,,,planned,,
cet4-aa0d2ff4fb95,conclusion,CH125,,,0,,,,planned,,
cet4-9bf39e7b622c,conclusive,CH121,,,0,,,,planned,,
cet4-bba4511d8a51,concrete,CH104,,,0,,,,planned,,
cet4-0d9adbc73098,condemn,CH123,,,0,,,,planned,,
cet4-d1b644a62506,condemnation,CH114,,,0,,,,planned,,
cet4-3bd4315626b1,condensation,CH135,,,0,,,,planned,,
cet4-6cecf0b2f5cf,condense,CH108,,,0,,,,planned,,
cet4-2f401fc0b578,condition,CH076,,,0,,,,planned,,
cet4-bf9f42225178,conditional,CH050,,,0,,,,planned,,
cet4-91b9ae65ea49,conditioner,CH080,,,0,,,,planned,,
cet4-bbb5418fc362,conduct,CH055,,,0,,,,planned,,
cet4-0bb513f6b8d0,conductor,CH092,,,0,,,,planned,,
cet4-426de008c3bf,conference,CH056,,,0,,,,planned,,
cet4-eb5d5f0ab494,confess,CH122,,,0,,,,planned,,
cet4-fcf1fda4a58d,confession,CH114,,,0,,,,planned,,
cet4-1874f1248c6f,confidence,CH006,,,0,,,,planned,,
cet4-4a732ba067c6,confident,CH006,,,0,,,,planned,,
cet4-6b19640c0899,confidential,CH030,,,0,,,,planned,,
cet4-dc6acd619863,confine,CH122,,,0,,,,planned,,
cet4-8aa4f90111b2,confinement,CH062,,,0,,,,planned,,
cet4-5cfe909f21ce,confirm,CH032,,,0,,,,planned,,
cet4-9b54f101e9bc,confirmation,CH026,,,0,,,,planned,,
cet4-4dd1522fee5d,conflict,CH009,,,0,,,,planned,,
cet4-f629dfd648c9,conform,CH001,,,0,,,,planned,,
cet4-73d0a7308acb,conformity,CH095,,,0,,,,planned,,
cet4-c1382a3b3629,confront,CH115,,,0,,,,planned,,
cet4-a66675d06d42,confrontation,CH012,,,0,,,,planned,,
cet4-923afdda7659,Confucian,CH028,,,0,,,,planned,,
cet4-f814dda7eaef,confucianism,CH030,,,0,,,,planned,,
cet4-3a8da7f654f2,confuse,CH123,,,0,,,,planned,,
cet4-da1f7f1b6531,confusion,CH128,,,0,,,,planned,,
cet4-c195ee38b5e5,congratulate,CH005,,,0,,,,planned,,
cet4-aec23423b20d,congratulation,CH055,,,0,,,,planned,,
cet4-0437c68e9836,congratulatory,CH018,,,0,,,,planned,,
cet4-e9d8f0f2ffac,congress,CH115,,,0,,,,planned,,
cet4-af48973e63a8,congressional,CH113,,,0,,,,planned,,
cet4-795905667e84,conjunction,CH032,,,0,,,,planned,,
cet4-ebfdbb27c582,connect,CH047,,,0,,,,planned,,
cet4-8b2cbbbc3afb,connection,CH030,,,0,,,,planned,,
cet4-16701ec38cd9,connexion,CH075,,,0,,,,planned,,
cet4-84177be4f066,conquer,CH010,,,0,,,,planned,,
cet4-18a6b1d096a2,conqueror,CH042,,,0,,,,planned,,
cet4-bfe32ebe249a,conquest,CH121,,,0,,,,planned,,
cet4-353101b771fd,conscience,CH136,,,0,,,,planned,,
cet4-2c097b586259,conscientious,CH031,,,0,,,,planned,,
cet4-1c248747bebe,conscious,CH135,,,0,,,,planned,,
cet4-0931e6aa9df0,consciousness,CH127,,,0,,,,planned,,
cet4-bb938c02ba1d,consensus,CH093,,,0,,,,planned,,
cet4-eba28176629d,consent,CH005,,,0,,,,planned,,
cet4-aa3576a3892a,consequence,CH009,,,0,,,,planned,,
cet4-a83cce26e26f,consequent,CH051,,,0,,,,planned,,
cet4-0a460903b9f3,consequently,CH134,,,0,,,,planned,,
cet4-965c14e7da65,conservative,CH114,,,0,,,,planned,,
cet4-fd8892fbec00,consider,CH132,,,0,,,,planned,,
cet4-73ba6abad06d,considerable,CH050,,,0,,,,planned,,
cet4-aafe7cc465e2,considerate,CH063,,,0,,,,planned,,
cet4-ff52366ddbf9,consideration,CH123,,,0,,,,planned,,
cet4-588ce2d36d5c,considering,CH135,,,0,,,,planned,,
cet4-5504bd7f8709,consist,CH134,,,0,,,,planned,,
cet4-1d5773b2fbe0,consistency,CH094,,,0,,,,planned,,
cet4-96e3219361e6,consistent,CH099,,,0,,,,planned,,
cet4-48c73f58288e,consolidate,CH094,,,0,,,,planned,,
cet4-38fba86fc2bf,consolidation,CH083,,,0,,,,planned,,
cet4-809b6389ad3f,constant,CH036,,,0,,,,planned,,
cet4-a51b28d7cbb4,constitute,CH029,,,0,,,,planned,,
cet4-f5d1485f92a0,constitution,CH069,,,0,,,,planned,,
cet4-4003b0303364,constitutional,CH076,,,0,,,,planned,,
cet4-0e95d229d0b0,construct,CH052,,,0,,,,planned,,
cet4-49b87eb7997e,construction,CH090,,,0,,,,planned,,
cet4-276aba6715b6,consult,CH043,,,0,,,,planned,,
cet4-faed9b5327d7,consultant,CH078,,,0,,,,planned,,
cet4-57d6f5f5fe56,consultation,CH084,,,0,,,,planned,,
cet4-13e3fec635b9,consultative,CH120,,,0,,,,planned,,
cet4-af274e604db1,consume,CH112,,,0,,,,planned,,
cet4-3ebec5952fb7,consumer,CH046,,,0,,,,planned,,
cet4-f95fc355fd78,consumption,CH076,,,0,,,,planned,,
cet4-3fd910d95311,contact,CH072,,,0,,,,planned,,
cet4-e5964029cf89,contain,CH101,,,0,,,,planned,,
cet4-29fc55cfbb44,container,CH068,,,0,,,,planned,,
cet4-8d22e47eaffa,containment,CH117,,,0,,,,planned,,
cet4-226093584bd1,contaminate,CH112,,,0,,,,planned,,
cet4-c12e39c5e3af,contamination,CH098,,,0,,,,planned,,
cet4-6163e127f5b8,contemporary,CH031,,,0,,,,planned,,
cet4-f0be23c66ba9,contempt,CH037,,,0,,,,planned,,
cet4-42a775a1a18a,contemptible,CH062,,,0,,,,planned,,
cet4-344dd0b9fe96,contend,CH062,,,0,,,,planned,,
cet4-9114697a96ee,content,CH019,,,0,,,,planned,,
cet4-00f319521bcd,contented,CH003,,,0,,,,planned,,
cet4-c1fc7e87985a,contention,CH097,,,0,,,,planned,,
cet4-171fbdb1c28a,contentious,CH114,,,0,,,,planned,,
cet4-8ad7d9b35ac0,contest,CH039,,,0,,,,planned,,
cet4-c9eeff177bab,contestant,CH036,,,0,,,,planned,,
cet4-a4933aa2a6ac,context,CH066,,,0,,,,planned,,
cet4-6a7b1b543cc7,contextual,CH061,,,0,,,,planned,,
cet4-f1588793958c,continent,CH111,,,0,,,,planned,,
cet4-21007e70a180,continental,CH047,,,0,,,,planned,,
cet4-e0beb0f7d958,continual,CH116,,,0,,,,planned,,
cet4-9389bd088d76,continuation,CH026,,,0,,,,planned,,
cet4-2ed31c829025,continue,CH039,,,0,,,,planned,,
cet4-c632112f5c0c,continuity,CH096,,,0,,,,planned,,
cet4-1985b6f84940,continuous,CH098,,,0,,,,planned,,
cet4-315abac5c33f,contract,CH056,,,0,,,,planned,,
cet4-bca51a2a88bc,contraction,CH056,,,0,,,,planned,,
cet4-1b76792d1584,contractor,CH056,,,0,,,,planned,,
cet4-1722fb0e8b4a,contradict,CH008,,,0,,,,planned,,
cet4-1d7c2116ff88,contradiction,CH121,,,0,,,,planned,,
cet4-ec3423c2cf3f,contradictory,CH121,,,0,,,,planned,,
cet4-70da0872b288,contrary,CH100,,,0,,,,planned,,
cet4-050565129585,contrast,CH090,,,0,,,,planned,,
cet4-414b4a1a2ece,contribute,CH014,,,0,,,,planned,,
cet4-7dbea7818214,contribution,CH054,,,0,,,,planned,,
cet4-e208a97f4ec4,contributor,CH016,,,0,,,,planned,,
cet4-e0fe2dbd8682,control,CH037,,,0,,,,planned,,
cet4-361d8f5b03c8,controversial,CH011,,,0,,,,planned,,
cet4-7eac19c95d86,controversy,CH119,,,0,,,,planned,,
cet4-b41c22fc4c04,convenience,CH005,,,0,,,,planned,,
cet4-14dba1f398ad,convenient,CH116,,,0,,,,planned,,
cet4-f60fb127a88e,convention,CH068,,,0,,,,planned,,
cet4-a4f13097a15a,conventional,CH056,,,0,,,,planned,,
cet4-a56e9ab966f0,conversation,CH121,,,0,,,,planned,,
cet4-dde1a9a75715,converse,CH025,,,0,,,,planned,,
cet4-cd5812e6f5c5,conversion,CH128,,,0,,,,planned,,
cet4-714393c899c9,convert,CH114,,,0,,,,planned,,
cet4-a3deb692eb01,convertible,CH128,,,0,,,,planned,,
cet4-848cf907dd86,convey,CH046,,,0,,,,planned,,
cet4-bf33d23d6d9f,conveyance,CH059,,,0,,,,planned,,
cet4-82773fa314ff,convince,CH121,,,0,,,,planned,,
cet4-e2b5c6721b07,convincing,CH008,,,0,,,,planned,,
cet4-6afcd2a99352,cook,CH079,,,0,,,,planned,,
cet4-5f60d698aaa6,cooker,CH083,,,0,,,,planned,,
cet4-e8bba8b2ab89,cookie,CH085,,,0,,,,planned,,
cet4-556db3a54f86,cool,CH067,,,0,,,,planned,,
cet4-0bb01488cdc0,cooperate,CH047,,,0,,,,planned,,
cet4-ed10e57f7ca3,cooperation,CH088,,,0,,,,planned,,
cet4-c420c3429462,cooperative,CH044,,,0,,,,planned,,
cet4-03edf2c1438c,coordinate,CH025,,,0,,,,planned,,
cet4-8643fe769e45,coordination,CH020,,,0,,,,planned,,
cet4-16cca925826b,coordinator,CH047,,,0,,,,planned,,
cet4-cc7d33210751,cop,CH130,,,0,,,,planned,,
cet4-2b9197da133b,cope,CH067,,,0,,,,planned,,
cet4-dbd5c5f137da,copper,CH033,,,0,,,,planned,,
cet4-b02e71e4bd0a,copy,CH095,,,0,,,,planned,,
cet4-67862e1aba32,copyright,CH045,,,0,,,,planned,,
cet4-4f9f3f2d07b8,cord,CH026,,,0,,,,planned,,
cet4-7aebe0250dd7,core,CH041,,,0,,,,planned,,
cet4-3cfd35d18e2f,corn,CH105,,,0,,,,planned,,
cet4-6172fc714b9c,corner,CH096,,,0,,,,planned,,
cet4-b0c4a0587442,cornerstone,CH116,,,0,,,,planned,,
cet4-246f4b004188,corporate,CH114,,,0,,,,planned,,
cet4-16ae5f86e083,corporation,CH046,,,0,,,,planned,,
cet4-217b842a4747,corps,CH081,,,0,,,,planned,,
cet4-9e0a2befc868,correct,CH126,,,0,,,,planned,,
cet4-2c1b38c80370,correction,CH088,,,0,,,,planned,,
cet4-dd08e9148ffb,corrective,CH077,,,0,,,,planned,,
cet4-2fb43225c002,correspond,CH121,,,0,,,,planned,,
cet4-47af1a0409ab,correspondence,CH084,,,0,,,,planned,,
cet4-0bb7eefa5f8f,correspondent,CH048,,,0,,,,planned,,
cet4-497e538e4218,corresponding,CH055,,,0,,,,planned,,
cet4-b4d9b83b180c,corridor,CH059,,,0,,,,planned,,
cet4-c2a82cad87ee,corrupt,CH127,,,0,,,,planned,,
cet4-1dd296fcb757,corruption,CH136,,,0,,,,planned,,
cet4-9d3a1c4fa69c,cosmic,CH071,,,0,,,,planned,,
cet4-17da6cd9fa78,cosmos,CH083,,,0,,,,planned,,
cet4-fce5f6193a3c,cost,CH046,,,0,,,,planned,,
cet4-8b90b6156969,costly,CH004,,,0,,,,planned,,
cet4-854be296fbc7,costume,CH026,,,0,,,,planned,,
cet4-fbb8d20087bf,cottage,CH102,,,0,,,,planned,,
cet4-bb8a09c092e9,cotton,CH106,,,0,,,,planned,,
cet4-e42347be7d35,couch,CH103,,,0,,,,planned,,
cet4-3e63218168e6,cough,CH104,,,0,,,,planned,,
cet4-88a94fd78bc0,could,CH022,,,0,,,,planned,,
cet4-222df13143fd,council,CH048,,,0,,,,planned,,
cet4-a3aa7295a795,councilor,CH008,,,0,,,,planned,,
cet4-953564ac30a9,counsel,CH129,,,0,,,,planned,,
cet4-fcad74e6372b,counselor,CH119,,,0,,,,planned,,
cet4-a811b2d91d67,count,CH096,,,0,,,,planned,,
cet4-fca432e3ab66,countdown,CH058,,,0,,,,planned,,
cet4-7de497e4233d,counter,CH033,,,0,,,,planned,,
cet4-de7d136dee36,counterpart,CH055,,,0,,,,planned,,
cet4-944af8fa2875,country,CH067,,,0,,,,planned,,
cet4-9fe13dd9c55a,countryside,CH065,,,0,,,,planned,,
cet4-692d2a4aa369,county,CH115,,,0,,,,planned,,
cet4-73419b1ea7f3,couple,CH100,,,0,,,,planned,,
cet4-f231a8273232,coupon,CH052,,,0,,,,planned,,
cet4-0debe5ade146,courage,CH133,,,0,,,,planned,,
cet4-74fb0a10e1ca,courageous,CH133,,,0,,,,planned,,
cet4-9eebb05b23f0,course,CH023,,,0,,,,planned,,
cet4-a72c80aa6395,court,CH048,,,0,,,,planned,,
cet4-e98b4f79a718,courtyard,CH073,,,0,,,,planned,,
cet4-055379751f3c,cousin,CH038,,,0,,,,planned,,
cet4-d53ca1c07492,cover,CH009,,,0,,,,planned,,
cet4-6df34fab3e17,coverage,CH098,,,0,,,,planned,,
cet4-11069b975a7d,cow,CH038,,,0,,,,planned,,
cet4-5d11c2265efe,coward,CH031,,,0,,,,planned,,
cet4-22d8d8f7839e,cowardice,CH001,,,0,,,,planned,,
cet4-3f55951afb04,cowardly,CH133,,,0,,,,planned,,
cet4-84293061b0f1,cowboy,CH070,,,0,,,,planned,,
cet4-0264dd320987,crab,CH066,,,0,,,,planned,,
cet4-100cc9377817,crack,CH084,,,0,,,,planned,,
cet4-106dffc82d74,cracker,CH087,,,0,,,,planned,,
cet4-1e0052027c65,craft,CH106,,,0,,,,planned,,
cet4-a27aafe3edca,crane,CH026,,,0,,,,planned,,
cet4-9b5a72fd096a,crash,CH086,,,0,,,,planned,,
cet4-31774089ae8f,crawl,CH107,,,0,,,,planned,,
cet4-048737b8d989,craze,CH045,,,0,,,,planned,,
cet4-4789ad7dbb5e,crazy,CH018,,,0,,,,planned,,
cet4-a9702a1c51ea,cream,CH082,,,0,,,,planned,,
cet4-50ba56e8485c,creamy,CH011,,,0,,,,planned,,
cet4-e19b2352b67b,create,CH056,,,0,,,,planned,,
cet4-63034afddc96,creation,CH097,,,0,,,,planned,,
cet4-aedae75016de,creative,CH001,,,0,,,,planned,,
cet4-c85a7902b015,creator,CH002,,,0,,,,planned,,
cet4-d6f06d26d20c,creature,CH038,,,0,,,,planned,,
cet4-88bdb45fc91b,credit,CH048,,,0,,,,planned,,
cet4-7345e668a102,creditable,CH003,,,0,,,,planned,,
cet4-3b4c579080e4,creep,CH013,,,0,,,,planned,,
cet4-369bc612cc4c,crew,CH069,,,0,,,,planned,,
cet4-c48074522ed9,crime,CH123,,,0,,,,planned,,
cet4-47466c09fff6,criminal,CH100,,,0,,,,planned,,
cet4-95bf90cf791b,crisis,CH071,,,0,,,,planned,,
cet4-b702b6013824,criterion,CH088,,,0,,,,planned,,
cet4-6e6790828e61,critic,CH048,,,0,,,,planned,,
cet4-dd5b518f833c,critical,CH034,,,0,,,,planned,,
cet4-e113dc546394,criticism,CH023,,,0,,,,planned,,
cet4-4c459cfa3c60,criticize,CH061,,,0,,,,planned,,
cet4-34ef4edb5b59,crocodile,CH104,,,0,,,,planned,,
cet4-600adcdf2915,crop,CH013,,,0,,,,planned,,
cet4-7c6a51010123,cross,CH090,,,0,,,,planned,,
cet4-cf8b74a4052c,crossing,CH060,,,0,,,,planned,,
cet4-c6abaae42665,crowd,CH032,,,0,,,,planned,,
cet4-ee0560911a3c,crowded,CH005,,,0,,,,planned,,
cet4-ae80d1e722dd,crown,CH082,,,0,,,,planned,,
cet4-2b77430d9b63,crucial,CH083,,,0,,,,planned,,
cet4-615bbcceb016,cruel,CH120,,,0,,,,planned,,
cet4-46ec75aad750,cruelty,CH120,,,0,,,,planned,,
cet4-9128328dbc37,cruise,CH070,,,0,,,,planned,,
cet4-26e23d3986e6,cruiser,CH058,,,0,,,,planned,,
cet4-d72926170093,crush,CH102,,,0,,,,planned,,
cet4-471010825468,cry,CH132,,,0,,,,planned,,
cet4-52e361aef6c0,crystal,CH092,,,0,,,,planned,,
cet4-f864a14eee85,cube,CH105,,,0,,,,planned,,
cet4-32df70ab22ee,cubic,CH039,,,0,,,,planned,,
cet4-9ada9df2ff55,cucumber,CH082,,,0,,,,planned,,
cet4-96f572730944,cue,CH135,,,0,,,,planned,,
cet4-32bbcd502f68,cultivate,CH010,,,0,,,,planned,,
cet4-155ab377238b,cultivation,CH007,,,0,,,,planned,,
cet4-28e37e84afe2,cultural,CH105,,,0,,,,planned,,
cet4-9ff6ebb12cb8,culture,CH060,,,0,,,,planned,,
cet4-6e7cd4fca33e,cup,CH047,,,0,,,,planned,,
cet4-39cc5e89e14f,cupboard,CH102,,,0,,,,planned,,
cet4-33adf45d90ac,curable,CH071,,,0,,,,planned,,
cet4-0692c95ebfb7,curb,CH066,,,0,,,,planned,,
cet4-396fe519561d,cure,CH091,,,0,,,,planned,,
cet4-1b2fe07f522f,curiosity,CH021,,,0,,,,planned,,
cet4-fd77ffe2acc4,curious,CH019,,,0,,,,planned,,
cet4-18469cd2fe82,curl,CH057,,,0,,,,planned,,
cet4-a06d9e36a49b,currency,CH088,,,0,,,,planned,,
cet4-f12476f30769,current,CH091,,,0,,,,planned,,
cet4-61fd4393aa37,currently,CH089,,,0,,,,planned,,
cet4-daa75682b2c6,curriculum,CH015,,,0,,,,planned,,
cet4-d5d3906699c0,curse,CH040,,,0,,,,planned,,
cet4-ff7192aa10d3,curtain,CH025,,,0,,,,planned,,
cet4-b5fba083d22f,curve,CH085,,,0,,,,planned,,
cet4-e0e16c67977b,cushion,CH068,,,0,,,,planned,,
cet4-932b035b1e1f,custom,CH072,,,0,,,,planned,,
cet4-30a40259a933,customary,CH049,,,0,,,,planned,,
cet4-a24c73f0c0ce,customer,CH044,,,0,,,,planned,,
cet4-7ea25be38775,customs,CH122,,,0,,,,planned,,
cet4-6a80e0df1bab,cut,CH096,,,0,,,,planned,,
cet4-6d16af72b700,cute,CH073,,,0,,,,planned,,
cet4-57808c41eca1,cyberspace,CH086,,,0,,,,planned,,
cet4-21f3fa51625e,cycle,CH096,,,0,,,,planned,,
cet4-ccbb237dba01,cycling,CH061,,,0,,,,planned,,
cet4-cf56261c295c,cyclist,CH036,,,0,,,,planned,,
cet4-20a121e39837,dad,CH041,,,0,,,,planned,,
cet4-851d3a39ec8e,daily,CH015,,,0,,,,planned,,
cet4-d3859a37a23a,dairy,CH110,,,0,,,,planned,,
cet4-241f56dc72cd,dam,CH105,,,0,,,,planned,,
cet4-8b509bbefa0d,damage,CH025,,,0,,,,planned,,
cet4-1340b24996a8,damn,CH131,,,0,,,,planned,,
cet4-8949f731ffa9,damp,CH061,,,0,,,,planned,,
cet4-64f0d59b3143,dampen,CH039,,,0,,,,planned,,
cet4-14ac01444528,dance,CH115,,,0,,,,planned,,
cet4-88b10cfe5a71,danger,CH124,,,0,,,,planned,,
cet4-2dfd70c1ba88,dangerous,CH133,,,0,,,,planned,,
cet4-e88b3d4b042d,dare,CH133,,,0,,,,planned,,
cet4-b81a07b7f49c,daring,CH135,,,0,,,,planned,,
cet4-9ace07a33803,dark,CH027,,,0,,,,planned,,
cet4-aa4b29bcd2e6,darken,CH011,,,0,,,,planned,,
cet4-0a1a09807270,darkness,CH027,,,0,,,,planned,,
cet4-865ecf7acf0f,darling,CH110,,,0,,,,planned,,
cet4-cd6565288e8e,dash,CH049,,,0,,,,planned,,
cet4-0f6e75f53f3d,data,CH086,,,0,,,,planned,,
cet4-3387dc650c24,database,CH097,,,0,,,,planned,,
cet4-70647a83d191,date,CH051,,,0,,,,planned,,
cet4-5f86734293d2,dating,CH093,,,0,,,,planned,,
cet4-f253adb3382b,datum,CH024,,,0,,,,planned,,
cet4-ac426109f358,daughter,CH029,,,0,,,,planned,,
cet4-8312877e1134,dawn,CH049,,,0,,,,planned,,
cet4-43c23e16aa55,day,CH048,,,0,,,,planned,,
cet4-ad6c3b67bca4,daylight,CH014,,,0,,,,planned,,
cet4-6fc1c5f95ce7,dead,CH128,,,0,,,,planned,,
cet4-34ea673ddf44,deadline,CH051,,,0,,,,planned,,
cet4-24b9e8e2825f,deadly,CH074,,,0,,,,planned,,
cet4-df11a271be3e,deaf,CH100,,,0,,,,planned,,
cet4-46a5368533fb,deal,CH096,,,0,,,,planned,,
cet4-08a636b7e072,dealer,CH046,,,0,,,,planned,,
cet4-909b87e7cc53,dealing,CH021,,,0,,,,planned,,
cet4-9517eb38bfbd,dean,CH007,,,0,,,,planned,,
cet4-310350978778,dear,CH065,,,0,,,,planned,,
cet4-e8b1d18273d2,death,CH129,,,0,,,,planned,,
cet4-dd0af88a8a1a,debate,CH040,,,0,,,,planned,,
cet4-c3c8f0a91d57,debt,CH054,,,0,,,,planned,,
cet4-1d658f39bc34,debtor,CH036,,,0,,,,planned,,
cet4-5f44ca0545af,decade,CH062,,,0,,,,planned,,
cet4-a1b7640762b7,decay,CH022,,,0,,,,planned,,
cet4-15567fce50cd,deceit,CH050,,,0,,,,planned,,
cet4-7c4532d2f700,deceive,CH011,,,0,,,,planned,,
cet4-e1c39564d671,December,CH061,,,0,,,,planned,,
cet4-89455484f92a,decent,CH127,,,0,,,,planned,,
cet4-3c63da44a92b,deception,CH119,,,0,,,,planned,,
cet4-6b3079ca5b73,deceptive,CH025,,,0,,,,planned,,
cet4-ec00e2c10d13,decide,CH129,,,0,,,,planned,,
cet4-800a6dde61d0,decision,CH135,,,0,,,,planned,,
cet4-76ce2a758cf7,decisive,CH127,,,0,,,,planned,,
cet4-8186a6e6ecdf,deck,CH066,,,0,,,,planned,,
cet4-6d89c1c0e7bd,declaration,CH118,,,0,,,,planned,,
cet4-a958a09f70a8,declarative,CH112,,,0,,,,planned,,
cet4-ec0682d23008,declare,CH130,,,0,,,,planned,,
cet4-866a9b642929,decline,CH009,,,0,,,,planned,,
cet4-8dea4de6d179,decorate,CH055,,,0,,,,planned,,
cet4-d6fff77cf3c3,decoration,CH058,,,0,,,,planned,,
cet4-9039963d76a8,decorative,CH073,,,0,,,,planned,,
cet4-1b6107d37385,decrease,CH022,,,0,,,,planned,,
cet4-809346295985,deed,CH115,,,0,,,,planned,,
cet4-9382137ca6af,deem,CH131,,,0,,,,planned,,
cet4-0865505a3ac4,deep,CH132,,,0,,,,planned,,
cet4-963c4aa1dfc4,deeply,CH050,,,0,,,,planned,,
cet4-37dcc3e6c289,deer,CH029,,,0,,,,planned,,
cet4-76212a9fc966,defeat,CH042,,,0,,,,planned,,
cet4-72e6812b08f6,defect,CH092,,,0,,,,planned,,
cet4-5346b6995850,defection,CH114,,,0,,,,planned,,
cet4-8f99353a04ed,defective,CH130,,,0,,,,planned,,
cet4-df161a0cb850,defend,CH120,,,0,,,,planned,,
cet4-38a08d42f6e9,defendant,CH117,,,0,,,,planned,,
cet4-56a8509b9b29,defense,CH076,,,0,,,,planned,,
cet4-51addd907331,defensive,CH120,,,0,,,,planned,,
cet4-721f6779a0df,defiance,CH127,,,0,,,,planned,,
cet4-01b55e39e68f,defiant,CH042,,,0,,,,planned,,
cet4-eaf0245811ac,deficiency,CH072,,,0,,,,planned,,
cet4-7082ea6f9379,deficient,CH137,,,0,,,,planned,,
cet4-62aa0d131a43,deficit,CH075,,,0,,,,planned,,
cet4-849e89502956,define,CH099,,,0,,,,planned,,
cet4-e9ab1e646f1e,definite,CH121,,,0,,,,planned,,
cet4-09efdf30252e,definitely,CH035,,,0,,,,planned,,
cet4-e07b5934d157,definition,CH095,,,0,,,,planned,,
cet4-7f6b02cd6a87,defy,CH043,,,0,,,,planned,,
cet4-6762cbdbdd3c,degree,CH072,,,0,,,,planned,,
cet4-b42d9e2b8fd4,delay,CH085,,,0,,,,planned,,
cet4-9f004c803329,delegate,CH031,,,0,,,,planned,,
cet4-0a1353150893,delegation,CH051,,,0,,,,planned,,
cet4-1cb326f0c20b,delete,CH043,,,0,,,,planned,,
cet4-7a9c53f1afeb,deletion,CH077,,,0,,,,planned,,
cet4-0374f6bed2fb,deliberate,CH035,,,0,,,,planned,,
cet4-055ba0694922,deliberation,CH132,,,0,,,,planned,,
cet4-06794b8c149d,delicate,CH018,,,0,,,,planned,,
cet4-14f5a0070316,delicious,CH011,,,0,,,,planned,,
cet4-1e35784a7130,delight,CH006,,,0,,,,planned,,
cet4-b6655e40a9f6,delightful,CH109,,,0,,,,planned,,
cet4-d4992456cd8c,deliver,CH045,,,0,,,,planned,,
cet4-1d7f9d2d11b0,delivery,CH041,,,0,,,,planned,,
cet4-36f28b7c1b62,demand,CH046,,,0,,,,planned,,
cet4-8e7ab0df970e,demanding,CH018,,,0,,,,planned,,
cet4-0e5068e991e8,demo,CH052,,,0,,,,planned,,
cet4-cecf20f8365b,democracy,CH118,,,0,,,,planned,,
cet4-4001a39ec9de,democrat,CH047,,,0,,,,planned,,
cet4-dbb8f627d169,democratic,CH114,,,0,,,,planned,,
cet4-447c3342f39d,demonstrate,CH061,,,0,,,,planned,,
cet4-b1e418ff6841,demonstration,CH125,,,0,,,,planned,,
cet4-e0493b1d67f1,demonstrative,CH040,,,0,,,,planned,,
cet4-d00d725c661f,denial,CH120,,,0,,,,planned,,
cet4-a8768fd45f1e,dense,CH007,,,0,,,,planned,,
cet4-f28775d40327,density,CH089,,,0,,,,planned,,
cet4-5cbf7e212c73,dent,CH134,,,0,,,,planned,,
cet4-301042db4b3e,dental,CH073,,,0,,,,planned,,
cet4-a9496ee5f9ff,dentist,CH038,,,0,,,,planned,,
cet4-3634a2c9d53b,deny,CH130,,,0,,,,planned,,
cet4-88317e3cdc86,depart,CH064,,,0,,,,planned,,
cet4-7218a6b03721,department,CH023,,,0,,,,planned,,
cet4-8169df039e58,departure,CH043,,,0,,,,planned,,
cet4-8d10d9d6edf9,depend,CH001,,,0,,,,planned,,
cet4-1ce1f18102da,dependable,CH134,,,0,,,,planned,,
cet4-e407a26321df,dependence,CH074,,,0,,,,planned,,
cet4-6baef4082ae7,dependent,CH032,,,0,,,,planned,,
cet4-8020b684bded,deposit,CH123,,,0,,,,planned,,
cet4-ce7e2423971f,depress,CH124,,,0,,,,planned,,
cet4-9178540b04ea,depression,CH044,,,0,,,,planned,,
cet4-93ff122fac99,deprivation,CH081,,,0,,,,planned,,
cet4-806130be12aa,deprive,CH122,,,0,,,,planned,,
cet4-402a3d2047db,depth,CH132,,,0,,,,planned,,
cet4-b882569ecefe,deputy,CH037,,,0,,,,planned,,
cet4-bd8110656f8c,derivation,CH072,,,0,,,,planned,,
cet4-f3f552d3745e,derivative,CH046,,,0,,,,planned,,
cet4-a5d79b487cff,derive,CH068,,,0,,,,planned,,
cet4-b31eebc3b5f2,descend,CH043,,,0,,,,planned,,
cet4-ae5b0a245b0e,descendant,CH041,,,0,,,,planned,,
cet4-2708de68ee97,descent,CH009,,,0,,,,planned,,
cet4-007583c6845a,describe,CH005,,,0,,,,planned,,
cet4-98a7ef926be2,description,CH051,,,0,,,,planned,,
cet4-0eea28e15eb2,descriptive,CH065,,,0,,,,planned,,
cet4-b12c4bc83dc6,desert,CH064,,,0,,,,planned,,
cet4-175e1185cc23,desertion,CH134,,,0,,,,planned,,
cet4-72b6af3e21c8,deserve,CH062,,,0,,,,planned,,
cet4-f6953a468472,design,CH056,,,0,,,,planned,,
cet4-c9d2df992778,designer,CH036,,,0,,,,planned,,
cet4-2558bf9368fa,desirability,CH051,,,0,,,,planned,,
cet4-22b60de00edc,desirable,CH021,,,0,,,,planned,,
cet4-dc2244a7850a,desire,CH099,,,0,,,,planned,,
cet4-c94607443560,desirous,CH064,,,0,,,,planned,,
cet4-d8b5176d72ad,desk,CH052,,,0,,,,planned,,
cet4-9ab676169282,desktop,CH052,,,0,,,,planned,,
cet4-185292335470,despair,CH108,,,0,,,,planned,,
cet4-84a01bd83a57,desperate,CH034,,,0,,,,planned,,
cet4-b5f08ba7a926,despite,CH061,,,0,,,,planned,,
cet4-a2684f6b2ce3,dessert,CH110,,,0,,,,planned,,
cet4-58a4a37da3b5,destination,CH088,,,0,,,,planned,,
cet4-c0fc3aafe3b0,destroy,CH108,,,0,,,,planned,,
cet4-59dfb7adb238,destruction,CH108,,,0,,,,planned,,
cet4-dc2732d7452e,destructive,CH084,,,0,,,,planned,,
cet4-462f314b39ad,detail,CH056,,,0,,,,planned,,
cet4-0799363ad4bf,detailed,CH039,,,0,,,,planned,,
cet4-4fdc57bdbe2b,detect,CH126,,,0,,,,planned,,
cet4-1d7cb43f2264,detection,CH095,,,0,,,,planned,,
cet4-b8afb1d6cd2e,detective,CH048,,,0,,,,planned,,
cet4-9cf10b597f54,deteriorate,CH109,,,0,,,,planned,,
cet4-dab352363248,deterioration,CH083,,,0,,,,planned,,
cet4-c74e78d3af44,determination,CH023,,,0,,,,planned,,
cet4-876d76fe2db2,determine,CH023,,,0,,,,planned,,
cet4-b63ce1b227ab,determined,CH023,,,0,,,,planned,,
cet4-d97eabdc7b91,develop,CH007,,,0,,,,planned,,
cet4-ad35df8df477,developer,CH092,,,0,,,,planned,,
cet4-38cd2f3c1043,development,CH090,,,0,,,,planned,,
cet4-8d36abc63abe,developmental,CH078,,,0,,,,planned,,
cet4-1a83ed1ff523,device,CH086,,,0,,,,planned,,
cet4-ba695be88cde,devil,CH025,,,0,,,,planned,,
cet4-c333cdc30dc5,devise,CH121,,,0,,,,planned,,
cet4-f94b5b9a1bf3,devote,CH134,,,0,,,,planned,,
cet4-d55d27da02e2,devotion,CH031,,,0,,,,planned,,
cet4-d5313c795ccc,dew,CH105,,,0,,,,planned,,
cet4-423e513169af,diabetes,CH076,,,0,,,,planned,,
cet4-85edbb5d1774,diagnose,CH099,,,0,,,,planned,,
cet4-b50919289b10,diagnosis,CH099,,,0,,,,planned,,
cet4-b0dd4ec41959,diagram,CH045,,,0,,,,planned,,
cet4-6c889b0326bc,dial,CH135,,,0,,,,planned,,
cet4-71482ff2196b,dialect,CH101,,,0,,,,planned,,
cet4-28a524020b5b,dialog,CH032,,,0,,,,planned,,
cet4-bb835279c829,diameter,CH071,,,0,,,,planned,,
cet4-f2678362519c,diamond,CH036,,,0,,,,planned,,
cet4-10493e6b9fc7,diary,CH003,,,0,,,,planned,,
cet4-220b16fdcf4c,dictate,CH063,,,0,,,,planned,,
cet4-47f1f3db9682,dictation,CH028,,,0,,,,planned,,
cet4-c500998eddd8,dictator,CH063,,,0,,,,planned,,
cet4-4b73fb296812,dictionary,CH024,,,0,,,,planned,,
cet4-a2529a248f29,die,CH128,,,0,,,,planned,,
cet4-fe3220c082eb,diet,CH076,,,0,,,,planned,,
cet4-8c257b9b8a77,dietary,CH072,,,0,,,,planned,,
cet4-943b0479e786,differ,CH119,,,0,,,,planned,,
cet4-9ea0670371cd,difference,CH097,,,0,,,,planned,,
cet4-fcf76276603c,different,CH100,,,0,,,,planned,,
cet4-b61c98d382e5,difficult,CH079,,,0,,,,planned,,
cet4-fb696daab052,difficulty,CH107,,,0,,,,planned,,
cet4-c80be815c983,dig,CH023,,,0,,,,planned,,
cet4-ca4d4aeb4a48,digest,CH081,,,0,,,,planned,,
cet4-e61bfa8949e8,digestion,CH076,,,0,,,,planned,,
cet4-db54bd17f091,digestive,CH006,,,0,,,,planned,,
cet4-49cca65ca6bb,digit,CH094,,,0,,,,planned,,
cet4-52d3a225812e,digital,CH092,,,0,,,,planned,,
cet4-9b89e02af4a1,dignify,CH001,,,0,,,,planned,,
cet4-0e60c36b21b3,dignity,CH053,,,0,,,,planned,,
cet4-0311d6868d85,dilemma,CH127,,,0,,,,planned,,
cet4-0cc4bab4a661,diligence,CH039,,,0,,,,planned,,
cet4-d33b74a7cd95,diligent,CH041,,,0,,,,planned,,
cet4-e2b397528501,dim,CH091,,,0,,,,planned,,
cet4-31df39c6468f,dime,CH043,,,0,,,,planned,,
cet4-db3960e5ab34,dimension,CH039,,,0,,,,planned,,
cet4-3cf3c9542bb3,dimensional,CH039,,,0,,,,planned,,
cet4-2e4b7aa1f38b,dine,CH110,,,0,,,,planned,,
cet4-202a3810c372,diner,CH039,,,0,,,,planned,,
cet4-0fb85bda1b89,dinner,CH051,,,0,,,,planned,,
cet4-fec10c02ad61,dioxide,CH083,,,0,,,,planned,,
cet4-32d5045f3134,dip,CH094,,,0,,,,planned,,
cet4-ee7deb29e004,diploma,CH015,,,0,,,,planned,,
cet4-090af6799b9f,diplomacy,CH120,,,0,,,,planned,,
cet4-7fcb4d166546,diplomat,CH063,,,0,,,,planned,,
cet4-3038c3ce23bd,diplomatic,CH122,,,0,,,,planned,,
cet4-ade16d3e1637,direct,CH084,,,0,,,,planned,,
cet4-eb3985407fab,direction,CH085,,,0,,,,planned,,
cet4-55a14b715683,director,CH098,,,0,,,,planned,,
cet4-76cbe540691a,dirt,CH069,,,0,,,,planned,,
cet4-c782ee662309,dirty,CH064,,,0,,,,planned,,
cet4-aa22ea82f90b,disability,CH075,,,0,,,,planned,,
cet4-c51c06e947fa,disable,CH088,,,0,,,,planned,,
cet4-41c6e45d162f,disabled,CH071,,,0,,,,planned,,
cet4-e96f1c61c6b9,disagree,CH119,,,0,,,,planned,,
cet4-72358f53012e,disagreement,CH119,,,0,,,,planned,,
cet4-49f29f841832,disappear,CH073,,,0,,,,planned,,
cet4-a44207395cca,disappearance,CH025,,,0,,,,planned,,
cet4-9b4f16149d85,disappoint,CH050,,,0,,,,planned,,
cet4-cfe18109c553,disappointing,CH063,,,0,,,,planned,,
cet4-67767d33e96b,disappointment,CH025,,,0,,,,planned,,
cet4-f7b40496832f,disapproval,CH006,,,0,,,,planned,,
cet4-7a2d5e726fc7,disapprove,CH042,,,0,,,,planned,,
cet4-f5e5e7436faa,disaster,CH029,,,0,,,,planned,,
cet4-5c708fadec97,disastrous,CH029,,,0,,,,planned,,
cet4-9634809d1ba5,disc,CH087,,,0,,,,planned,,
cet4-b00568df2714,discard,CH113,,,0,,,,planned,,
cet4-1d7cc6906aaa,discharge,CH108,,,0,,,,planned,,
cet4-914cc5e8c439,disciplinary,CH016,,,0,,,,planned,,
cet4-b7391e2635d7,discipline,CH017,,,0,,,,planned,,
cet4-badc9dc1fa52,disciplined,CH076,,,0,,,,planned,,
cet4-99859f2fbce0,disco,CH115,,,0,,,,planned,,
cet4-2bc4b3cc9047,discount,CH006,,,0,,,,planned,,
cet4-c741c4fff2a5,discourage,CH006,,,0,,,,planned,,
cet4-f112944d60f5,discover,CH043,,,0,,,,planned,,
cet4-62ba5a586401,discovery,CH117,,,0,,,,planned,,
cet4-c426e0c1997a,discriminate,CH018,,,0,,,,planned,,
cet4-a9efcd132239,discrimination,CH108,,,0,,,,planned,,
cet4-7978885b1333,discriminatory,CH050,,,0,,,,planned,,
cet4-acd11f790aee,discuss,CH026,,,0,,,,planned,,
cet4-80d57697cbfd,discussion,CH012,,,0,,,,planned,,
cet4-b7f1cf2f6a5b,disease,CH081,,,0,,,,planned,,
cet4-80075a25b9e3,disguise,CH104,,,0,,,,planned,,
cet4-ef123741197f,disgust,CH131,,,0,,,,planned,,
cet4-76829c05c980,disgusting,CH011,,,0,,,,planned,,
cet4-048d79a6facc,dish,CH075,,,0,,,,planned,,
cet4-d73f4da08403,disintegrate,CH084,,,0,,,,planned,,
cet4-5a14c86537ab,disintegration,CH096,,,0,,,,planned,,
cet4-62addedfa7fa,dislike,CH006,,,0,,,,planned,,
cet4-2df6febb707b,dismiss,CH041,,,0,,,,planned,,
cet4-283778fd8f18,dismissal,CH044,,,0,,,,planned,,
cet4-16336201a27f,disorder,CH116,,,0,,,,planned,,
cet4-687298d0f46b,display,CH123,,,0,,,,planned,,
cet4-3f77f36b8f14,disposal,CH072,,,0,,,,planned,,
cet4-271a5079c43b,dispose,CH040,,,0,,,,planned,,
cet4-337692d6eb95,disputable,CH126,,,0,,,,planned,,
cet4-a595186d2b01,dispute,CH130,,,0,,,,planned,,
cet4-56ffa1b6fcaf,disrupt,CH014,,,0,,,,planned,,
cet4-7ddb1f9d3b4e,disruption,CH014,,,0,,,,planned,,
cet4-05f95b309f9c,disruptive,CH014,,,0,,,,planned,,
cet4-c88ea4711eb0,dissolve,CH116,,,0,,,,planned,,
cet4-a47f979dd620,distance,CH009,,,0,,,,planned,,
cet4-a59b90df8686,distant,CH058,,,0,,,,planned,,
cet4-103c75079a52,distinct,CH100,,,0,,,,planned,,
cet4-03329558323a,distinction,CH063,,,0,,,,planned,,
cet4-c444247fdd2a,distinctive,CH035,,,0,,,,planned,,
cet4-b57f73e954d4,distinguish,CH035,,,0,,,,planned,,
cet4-ce6be5166d83,distinguishable,CH005,,,0,,,,planned,,
cet4-a40e5afca34a,distract,CH035,,,0,,,,planned,,
cet4-5c82988f9f67,distraction,CH079,,,0,,,,planned,,
cet4-a84b9dd46d18,distress,CH076,,,0,,,,planned,,
cet4-16a67e7a5ec9,distressful,CH084,,,0,,,,planned,,
cet4-1d05ad80ffde,distribute,CH020,,,0,,,,planned,,
cet4-8f09680ba839,distribution,CH128,,,0,,,,planned,,
cet4-fe7b7d996e97,distributive,CH059,,,0,,,,planned,,
cet4-bf28e7386860,district,CH078,,,0,,,,planned,,
cet4-bd4d863a5142,disturb,CH116,,,0,,,,planned,,
cet4-db29045e86c6,disturbance,CH071,,,0,,,,planned,,
cet4-76d8e57e576c,ditch,CH107,,,0,,,,planned,,
cet4-7a3f1d62d199,dive,CH107,,,0,,,,planned,,
cet4-5b6b1fbabbcc,diverse,CH008,,,0,,,,planned,,
cet4-30a116c53f16,diversify,CH019,,,0,,,,planned,,
cet4-623647908e99,diversity,CH089,,,0,,,,planned,,
cet4-10ecc7445fbb,divide,CH095,,,0,,,,planned,,
cet4-48033fa22e66,division,CH053,,,0,,,,planned,,
cet4-ca34dbfa8c62,divisive,CH003,,,0,,,,planned,,
cet4-232331d3bd57,divorce,CH040,,,0,,,,planned,,
cet4-3350fdeba544,dizzy,CH133,,,0,,,,planned,,
cet4-c68b953a275d,do,CH124,,,0,,,,planned,,
cet4-f13d2a439bea,dock,CH106,,,0,,,,planned,,
cet4-95989f039cde,doctor,CH081,,,0,,,,planned,,
cet4-9de805828296,doctoral,CH080,,,0,,,,planned,,
cet4-b46cd0fbe97a,doctorate,CH002,,,0,,,,planned,,
cet4-f92dc9bea7d2,document,CH070,,,0,,,,planned,,
cet4-b029ec4c241e,documentary,CH036,,,0,,,,planned,,
cet4-cd03cf1380f5,dog,CH028,,,0,,,,planned,,
cet4-f1122d368a2c,doll,CH038,,,0,,,,planned,,
cet4-0f4fbd395623,dollar,CH118,,,0,,,,planned,,
cet4-6483b314376d,dolphin,CH102,,,0,,,,planned,,
cet4-8a970ebfc806,domestic,CH030,,,0,,,,planned,,
cet4-3615978f86f9,dominance,CH031,,,0,,,,planned,,
cet4-f47f31bc0537,dominant,CH079,,,0,,,,planned,,
cet4-cc43467cc78f,dominate,CH035,,,0,,,,planned,,
cet4-032e16667a34,domination,CH119,,,0,,,,planned,,
cet4-e126cf6b0a5a,donate,CH073,,,0,,,,planned,,
cet4-23ae9be59e47,donation,CH054,,,0,,,,planned,,
cet4-c556dcace2ff,donkey,CH029,,,0,,,,planned,,
cet4-a6e8e6b94dde,donor,CH041,,,0,,,,planned,,
cet4-786bebe30bc7,doom,CH029,,,0,,,,planned,,
cet4-c7621e975128,door,CH060,,,0,,,,planned,,
cet4-fc38323b2fac,dorm,CH007,,,0,,,,planned,,
cet4-905d1d07d4a5,dormitory,CH007,,,0,,,,planned,,
cet4-608c1875c36e,dosage,CH071,,,0,,,,planned,,
cet4-a57157036a80,dose,CH047,,,0,,,,planned,,
cet4-bb0b67a4de17,dot,CH091,,,0,,,,planned,,
cet4-4ef98117368c,double,CH037,,,0,,,,planned,,
cet4-9ef7de0e3462,doubt,CH013,,,0,,,,planned,,
cet4-abfebba3817a,doubtful,CH127,,,0,,,,planned,,
cet4-4f3302a9938d,doubtless,CH110,,,0,,,,planned,,
cet4-3c55f3ed62f2,dove,CH066,,,0,,,,planned,,
cet4-6dac7a444590,down,CH085,,,0,,,,planned,,
cet4-99ad14bb2493,download,CH085,,,0,,,,planned,,
cet4-4898ae99a43e,downstairs,CH102,,,0,,,,planned,,
cet4-ed86314e7383,downtown,CH043,,,0,,,,planned,,
cet4-0584163ef27c,downward,CH064,,,0,,,,planned,,
cet4-3535025dcbab,downwards,CH043,,,0,,,,planned,,
cet4-4b1dea147f2b,dozen,CH024,,,0,,,,planned,,
cet4-ae7712987d59,draft,CH070,,,0,,,,planned,,
cet4-8c08d8d960e5,drag,CH091,,,0,,,,planned,,
cet4-8083824493be,dragon,CH026,,,0,,,,planned,,
cet4-221a9c307044,drain,CH107,,,0,,,,planned,,
cet4-2547be386268,drainage,CH122,,,0,,,,planned,,
cet4-f4f236bd9f70,drama,CH045,,,0,,,,planned,,
cet4-d611173de2b6,dramatic,CH065,,,0,,,,planned,,
cet4-8ec72265ef26,dramatically,CH131,,,0,,,,planned,,
cet4-da47c3978055,drastic,CH083,,,0,,,,planned,,
cet4-2321df0f2544,draw,CH090,,,0,,,,planned,,
cet4-1fc97f4de64d,drawer,CH023,,,0,,,,planned,,
cet4-9bb6b95206ea,drawing,CH026,,,0,,,,planned,,
cet4-54e570bfc363,dream,CH136,,,0,,,,planned,,
cet4-85c864f50d63,dreamy,CH099,,,0,,,,planned,,
cet4-e97ccdf124aa,dress,CH055,,,0,,,,planned,,
cet4-9aefebe9c7c1,drift,CH068,,,0,,,,planned,,
cet4-def78716f01a,drill,CH069,,,0,,,,planned,,
cet4-876c2818b44c,drink,CH100,,,0,,,,planned,,
cet4-34c4b71b6c96,drip,CH104,,,0,,,,planned,,
cet4-b5d244ed9fd0,drive,CH094,,,0,,,,planned,,
cet4-cc7ed6839d23,driver,CH086,,,0,,,,planned,,
cet4-6208186fa7b9,drop,CH082,,,0,,,,planned,,
cet4-a853c43f4009,dropout,CH015,,,0,,,,planned,,
cet4-7dbd57fd9bfc,drought,CH001,,,0,,,,planned,,
cet4-db74f348ac44,drown,CH108,,,0,,,,planned,,
cet4-306335b276bb,drug,CH076,,,0,,,,planned,,
cet4-a616e8461825,drum,CH057,,,0,,,,planned,,
cet4-57a25ec6366f,drunk,CH042,,,0,,,,planned,,
cet4-685d8b4ee21c,drunkard,CH074,,,0,,,,planned,,
cet4-8464b86a6a81,drunken,CH003,,,0,,,,planned,,
cet4-22880c526995,dry,CH104,,,0,,,,planned,,
cet4-d84c584f06b5,dryer,CH102,,,0,,,,planned,,
cet4-5b25a66a7d3a,dual,CH024,,,0,,,,planned,,
cet4-6f9055d4698c,duck,CH066,,,0,,,,planned,,
cet4-4e53b45ae3d1,due,CH068,,,0,,,,planned,,
cet4-7b5f59473d24,dull,CH067,,,0,,,,planned,,
cet4-0397950439ff,duly,CH010,,,0,,,,planned,,
cet4-229305f36a52,dumb,CH072,,,0,,,,planned,,
cet4-5e119d9563c7,dump,CH086,,,0,,,,planned,,
cet4-30d1e5ea8f32,durability,CH078,,,0,,,,planned,,
cet4-adc229f41da4,durable,CH049,,,0,,,,planned,,
cet4-d0838f353451,duration,CH098,,,0,,,,planned,,
cet4-495ec7815596,during,CH129,,,0,,,,planned,,
cet4-4551bd88e0d7,dusk,CH004,,,0,,,,planned,,
cet4-c5e2f5982bf3,dust,CH106,,,0,,,,planned,,
cet4-c0ccb4fe2c1e,dusty,CH064,,,0,,,,planned,,
cet4-3bbc5090fc97,duty,CH128,,,0,,,,planned,,
cet4-1433191e4f8d,dye,CH103,,,0,,,,planned,,
cet4-ae579ebdc5d3,dying,CH127,,,0,,,,planned,,
cet4-66402b69ae95,dynamic,CH012,,,0,,,,planned,,
cet4-c42d7c0aaa5e,dynamics,CH089,,,0,,,,planned,,
cet4-d084a9f5630c,dynasty,CH005,,,0,,,,planned,,
cet4-05113bdf12fc,each,CH012,,,0,,,,planned,,
cet4-8386fefc83c8,eager,CH018,,,0,,,,planned,,
cet4-73d8a7ed18bb,eagle,CH060,,,0,,,,planned,,
cet4-50fa6b47d56c,ear,CH100,,,0,,,,planned,,
cet4-0da76cc3b802,early,CH015,,,0,,,,planned,,
cet4-16083d5a385d,earn,CH089,,,0,,,,planned,,
cet4-0ccacf9d24da,earnest,CH046,,,0,,,,planned,,
cet4-3124f778d69c,earnings,CH044,,,0,,,,planned,,
cet4-17f47b00ab81,earth,CH106,,,0,,,,planned,,
cet4-2c868ac990ba,earthquake,CH111,,,0,,,,planned,,
cet4-6fd3384f0def,ease,CH069,,,0,,,,planned,,
cet4-667b4967de44,easily,CH035,,,0,,,,planned,,
cet4-6d09af5e44b9,east,CH100,,,0,,,,planned,,
cet4-5cb82b08b32b,eastern,CH112,,,0,,,,planned,,
cet4-da22acc3d1ff,easy,CH018,,,0,,,,planned,,
cet4-04004f767caa,easy-going,CH080,,,0,,,,planned,,
cet4-cc50aadbe373,eat,CH071,,,0,,,,planned,,
cet4-50b6ea99e87b,echo,CH085,,,0,,,,planned,,
cet4-47d1406cdc8d,ecological,CH105,,,0,,,,planned,,
cet4-375301f2de63,ecology,CH105,,,0,,,,planned,,
cet4-d4f1bbaf19e5,economic,CH118,,,0,,,,planned,,
cet4-7297b0cea247,economical,CH121,,,0,,,,planned,,
cet4-d73a2e7b4ce2,economics,CH118,,,0,,,,planned,,
cet4-54448f4da607,economist,CH115,,,0,,,,planned,,
cet4-be4f35c26c72,economy,CH118,,,0,,,,planned,,
cet4-3497d013612d,edge,CH078,,,0,,,,planned,,
cet4-1310a5a3f913,edit,CH013,,,0,,,,planned,,
cet4-2850090beced,edition,CH020,,,0,,,,planned,,
cet4-55e7f3a92380,editor,CH120,,,0,,,,planned,,
cet4-b552f0ec9e78,editorial,CH028,,,0,,,,planned,,
cet4-b69cd789b5df,educate,CH017,,,0,,,,planned,,
cet4-e96a34645d09,education,CH017,,,0,,,,planned,,
cet4-d7563896e85c,educational,CH017,,,0,,,,planned,,
cet4-c9a89eab3ab6,educator,CH015,,,0,,,,planned,,
cet4-72c852f299b8,effect,CH123,,,0,,,,planned,,
cet4-bf3a73f110af,effective,CH045,,,0,,,,planned,,
cet4-8ea1764f88d9,efficiency,CH019,,,0,,,,planned,,
cet4-b50817148079,efficient,CH062,,,0,,,,planned,,
cet4-332580bb99e8,effort,CH079,,,0,,,,planned,,
cet4-b104901e22e7,egg,CH075,,,0,,,,planned,,
cet4-75f4b6c8b950,eggplant,CH106,,,0,,,,planned,,
cet4-389c2b3d5b9e,eight,CH101,,,0,,,,planned,,
cet4-b9667ce4c81c,eighteen,CH101,,,0,,,,planned,,
cet4-7244182baf30,eighth,CH051,,,0,,,,planned,,
cet4-bcad4b13eebc,eighty,CH101,,,0,,,,planned,,
cet4-d287e069739b,either,CH103,,,0,,,,planned,,
cet4-ae96952f0578,elbow,CH066,,,0,,,,planned,,
cet4-c8beb2abd0a3,elder,CH030,,,0,,,,planned,,
cet4-4ce8625d2045,elderly,CH039,,,0,,,,planned,,
cet4-efeb03052609,elect,CH068,,,0,,,,planned,,
cet4-a10b84314ed6,election,CH135,,,0,,,,planned,,
cet4-be922ef4b29c,elective,CH008,,,0,,,,planned,,
cet4-1e3b8a5f833e,electric,CH039,,,0,,,,planned,,
cet4-74b9bf0531e8,electrician,CH109,,,0,,,,planned,,
cet4-60f1667cb2cc,electricity,CH092,,,0,,,,planned,,
cet4-685d53f1bd3e,electron,CH097,,,0,,,,planned,,
cet4-efe1d1a8d1fd,electronic,CH094,,,0,,,,planned,,
cet4-1564063ed9c5,electronically,CH059,,,0,,,,planned,,
cet4-390a5eeb4b79,electronics,CH087,,,0,,,,planned,,
cet4-0134afafa914,elegance,CH093,,,0,,,,planned,,
cet4-bc8767868a4a,elegant,CH127,,,0,,,,planned,,
cet4-b09f3b4ef0df,element,CH106,,,0,,,,planned,,
cet4-7b195ec44083,elementary,CH016,,,0,,,,planned,,
cet4-fcc900b1120e,elephant,CH113,,,0,,,,planned,,
cet4-21cb864b20cf,elevate,CH025,,,0,,,,planned,,
cet4-694c47c38d2c,elevation,CH091,,,0,,,,planned,,
cet4-4765e215c5b2,elevator,CH092,,,0,,,,planned,,
cet4-0eb1b80da1f6,eleven,CH101,,,0,,,,planned,,
cet4-3694256abcc8,eliminate,CH099,,,0,,,,planned,,
cet4-05e05ad776fa,elimination,CH094,,,0,,,,planned,,
cet4-0a08093c5520,elite,CH117,,,0,,,,planned,,
cet4-48e8f062958c,else,CH002,,,0,,,,planned,,
cet4-f6e8447a22c3,elsewhere,CH010,,,0,,,,planned,,
cet4-a77a9dcd6536,email,CH087,,,0,,,,planned,,
cet4-f0f931e52255,embarrass,CH131,,,0,,,,planned,,
cet4-957090dceb1e,embarrassment,CH115,,,0,,,,planned,,
cet4-1571f515402e,embassy,CH054,,,0,,,,planned,,
cet4-11784f44a9fc,embrace,CH030,,,0,,,,planned,,
cet4-7bace93b5439,emerge,CH031,,,0,,,,planned,,
cet4-c95459789e3a,emergence,CH010,,,0,,,,planned,,
cet4-ece26ad38236,emergency,CH124,,,0,,,,planned,,
cet4-b4abcc4dcc17,emission,CH108,,,0,,,,planned,,
cet4-e2637eb58ec8,emit,CH091,,,0,,,,planned,,
cet4-025166463178,emotion,CH033,,,0,,,,planned,,
cet4-b8fb4f77295c,emotional,CH041,,,0,,,,planned,,
cet4-1e657e905417,emperor,CH036,,,0,,,,planned,,
cet4-29d0a2608f5f,emphasis,CH071,,,0,,,,planned,,
cet4-42e65ce56a61,emphasize,CH084,,,0,,,,planned,,
cet4-9fde18d43f09,emphatic,CH119,,,0,,,,planned,,
cet4-1eeb8a36156e,empire,CH082,,,0,,,,planned,,
cet4-84e6d252b441,employ,CH044,,,0,,,,planned,,
cet4-2d4cd80f0420,employee,CH044,,,0,,,,planned,,
cet4-30ef42efb708,employer,CH044,,,0,,,,planned,,
cet4-d9556bc7373c,employment,CH044,,,0,,,,planned,,
cet4-cc11082780f9,empress,CH004,,,0,,,,planned,,
cet4-1ecc74688f7b,emptiness,CH102,,,0,,,,planned,,
cet4-46191484aba7,empty,CH095,,,0,,,,planned,,
cet4-a27c00564ce2,enable,CH093,,,0,,,,planned,,
cet4-ad19f8787872,encounter,CH032,,,0,,,,planned,,
cet4-4ff34aeb7bd0,encourage,CH006,,,0,,,,planned,,
cet4-acce9d846cd6,encouragement,CH116,,,0,,,,planned,,
cet4-a77a2e27e410,encouraging,CH006,,,0,,,,planned,,
cet4-fa658bff47eb,end,CH091,,,0,,,,planned,,
cet4-7ff7ebbe17c7,endanger,CH124,,,0,,,,planned,,
cet4-df866b70b94e,ending,CH072,,,0,,,,planned,,
cet4-b1483d43b31a,endless,CH091,,,0,,,,planned,,
cet4-25e088876096,endurance,CH057,,,0,,,,planned,,
cet4-2d08518f2903,endure,CH070,,,0,,,,planned,,
cet4-9007ae30a9ce,enemy,CH015,,,0,,,,planned,,
cet4-edeb41b588d2,energetic,CH111,,,0,,,,planned,,
cet4-14e6318e1ec5,energy,CH086,,,0,,,,planned,,
cet4-6e23d4f41502,enforce,CH125,,,0,,,,planned,,
cet4-fbdafa8bed11,enforcement,CH113,,,0,,,,planned,,
cet4-d11edd362039,engage,CH045,,,0,,,,planned,,
cet4-46e07ad88b13,engagement,CH056,,,0,,,,planned,,
cet4-1fd59d662489,engine,CH092,,,0,,,,planned,,
cet4-74764fd40816,engineer,CH019,,,0,,,,planned,,
cet4-e61c0d4d12db,engineering,CH086,,,0,,,,planned,,
cet4-53c505176571,enhance,CH008,,,0,,,,planned,,
cet4-cdbbe4e93c41,enhancement,CH040,,,0,,,,planned,,
cet4-2ed2744939c3,enjoy,CH122,,,0,,,,planned,,
cet4-d39ceba5c7a0,enjoyable,CH109,,,0,,,,planned,,
cet4-92e71f672b82,enjoyment,CH051,,,0,,,,planned,,
cet4-1fb25fee2ba2,enlarge,CH109,,,0,,,,planned,,
cet4-596a9b580c65,enlighten,CH022,,,0,,,,planned,,
cet4-3daf1787a9e0,enlightenment,CH017,,,0,,,,planned,,
cet4-83af24a3acbd,enormous,CH098,,,0,,,,planned,,
cet4-d7f248dc24b3,enough,CH012,,,0,,,,planned,,
cet4-ba1ff9b1f5de,enquire,CH021,,,0,,,,planned,,
cet4-f56878f2cc31,enquiry,CH125,,,0,,,,planned,,
cet4-60d392b99a3b,enrich,CH008,,,0,,,,planned,,
cet4-c91ddd0652b6,enrol,CH008,,,0,,,,planned,,
cet4-ec573fea3c42,enrolment,CH061,,,0,,,,planned,,
cet4-17216800b8e8,ensure,CH029,,,0,,,,planned,,
cet4-fe4e6ff6f6d4,enter,CH089,,,0,,,,planned,,
cet4-29f643dd2f4e,enterprise,CH023,,,0,,,,planned,,
cet4-264cd82b8022,enterprising,CH018,,,0,,,,planned,,
cet4-be01df34e3b0,entertain,CH130,,,0,,,,planned,,
cet4-f0d9b9708f44,entertaining,CH109,,,0,,,,planned,,
cet4-323bb839fb41,entertainment,CH080,,,0,,,,planned,,
cet4-2f25cbc7d402,enthusiasm,CH011,,,0,,,,planned,,
cet4-c806574afe34,enthusiast,CH032,,,0,,,,planned,,
cet4-77a4c2453b74,enthusiastic,CH011,,,0,,,,planned,,
cet4-16d18c913311,entire,CH104,,,0,,,,planned,,
cet4-9a6deabb22ba,entirety,CH116,,,0,,,,planned,,
cet4-fbc869f99c05,entitle,CH121,,,0,,,,planned,,
cet4-20a108303ce4,entrance,CH095,,,0,,,,planned,,
cet4-0c181f383b8d,entrepreneur,CH048,,,0,,,,planned,,
cet4-adb827a785a1,entrepreneurial,CH130,,,0,,,,planned,,
cet4-fe655830ecc1,entry,CH097,,,0,,,,planned,,
cet4-5b19ced33f0a,envelope,CH037,,,0,,,,planned,,
cet4-0ce8461e20be,envious,CH006,,,0,,,,planned,,
cet4-8f15d2fcd7c7,environment,CH108,,,0,,,,planned,,
cet4-31af16dcfd6d,environmental,CH108,,,0,,,,planned,,
cet4-7ae8865817d6,environmentalist,CH112,,,0,,,,planned,,
cet4-ebc6e38f4b44,envy,CH037,,,0,,,,planned,,
cet4-78c05ce93513,episode,CH065,,,0,,,,planned,,
cet4-3c8ae2ad24ff,equal,CH132,,,0,,,,planned,,
cet4-4e93da037d7c,equality,CH129,,,0,,,,planned,,
cet4-57d85a46c12b,equally,CH003,,,0,,,,planned,,
cet4-b99d37c70309,equip,CH088,,,0,,,,planned,,
cet4-472cb3afb1d0,equipment,CH052,,,0,,,,planned,,
cet4-873e8eb88480,equivalence,CH124,,,0,,,,planned,,
cet4-79035c9f6072,equivalent,CH132,,,0,,,,planned,,
cet4-1f0c731d3ab0,era,CH049,,,0,,,,planned,,
cet4-0a20a9083939,erase,CH094,,,0,,,,planned,,
cet4-c5762c7699de,eraser,CH110,,,0,,,,planned,,
cet4-93c1b3066265,err,CH113,,,0,,,,planned,,
cet4-b9466f7a622a,erroneous,CH126,,,0,,,,planned,,
cet4-fabec874ffb4,error,CH087,,,0,,,,planned,,
cet4-5eff89a5de35,escape,CH071,,,0,,,,planned,,
cet4-434009d5278d,especially,CH050,,,0,,,,planned,,
cet4-71d15992fe62,essay,CH061,,,0,,,,planned,,
cet4-3f4772999da6,essayist,CH015,,,0,,,,planned,,
cet4-75ae3d3cd806,essence,CH100,,,0,,,,planned,,
cet4-83c94793c443,essential,CH108,,,0,,,,planned,,
cet4-213073beda36,establish,CH046,,,0,,,,planned,,
cet4-0ecab70d045e,establishment,CH106,,,0,,,,planned,,
cet4-e0f1f4b2d808,estate,CH009,,,0,,,,planned,,
cet4-7bcc22abd8b3,estimate,CH056,,,0,,,,planned,,
cet4-0d1433c674ee,estimation,CH036,,,0,,,,planned,,
cet4-03e1f5727d5d,eternal,CH064,,,0,,,,planned,,
cet4-e5ad4bba31fc,eternity,CH129,,,0,,,,planned,,
cet4-f50b49caa4e4,ethic,CH136,,,0,,,,planned,,
cet4-815b4aa21fd3,ethics,CH136,,,0,,,,planned,,
cet4-f474c9b651dc,ethnic,CH038,,,0,,,,planned,,
cet4-dd7dac431518,euro,CH115,,,0,,,,planned,,
cet4-afba022e25bb,evaluate,CH003,,,0,,,,planned,,
cet4-8285588d5e2d,evaluation,CH131,,,0,,,,planned,,
cet4-59d07ea058a7,eve,CH034,,,0,,,,planned,,
cet4-8dbb422223e9,even,CH098,,,0,,,,planned,,
cet4-a79a8429875f,evening,CH002,,,0,,,,planned,,
cet4-534c60f02158,evenly,CH049,,,0,,,,planned,,
cet4-e863e311581f,event,CH079,,,0,,,,planned,,
cet4-e20ef0a4cd3b,eventful,CH029,,,0,,,,planned,,
cet4-1dcbff114db5,eventual,CH018,,,0,,,,planned,,
cet4-7db93e5ca3c8,eventuality,CH003,,,0,,,,planned,,
cet4-1f197590f5f3,eventually,CH062,,,0,,,,planned,,
cet4-0cb8794aedd6,ever,CH137,,,0,,,,planned,,
cet4-bd428922cd5c,every,CH012,,,0,,,,planned,,
cet4-cf8f8e69d9f3,everybody,CH035,,,0,,,,planned,,
cet4-2350c4320196,everyday,CH028,,,0,,,,planned,,
cet4-eb074174043b,everyone,CH083,,,0,,,,planned,,
cet4-0de4b0f0cebe,everything,CH130,,,0,,,,planned,,
cet4-b9374907af57,everywhere,CH028,,,0,,,,planned,,
cet4-eda8cc247511,evidence,CH114,,,0,,,,planned,,
cet4-4a7ee8c0f2db,evident,CH129,,,0,,,,planned,,
cet4-7f6320d2f16a,evil,CH136,,,0,,,,planned,,
cet4-cfe1d45f4b68,evolution,CH115,,,0,,,,planned,,
cet4-35eb30539921,evolutionary,CH014,,,0,,,,planned,,
cet4-16d32662c2bb,evolve,CH052,,,0,,,,planned,,
cet4-126e35fde127,exact,CH134,,,0,,,,planned,,
cet4-91a9eaa41c1e,exaggerate,CH064,,,0,,,,planned,,
cet4-f6c2143a670b,exaggeration,CH073,,,0,,,,planned,,
cet4-470c8e3b5c76,exam,CH017,,,0,,,,planned,,
cet4-e0c539e86c5b,examination,CH017,,,0,,,,planned,,
cet4-ffe94a4b20fe,examine,CH028,,,0,,,,planned,,
cet4-d09f9a9f6275,examinee,CH016,,,0,,,,planned,,
cet4-e7f5e50ffa32,examiner,CH028,,,0,,,,planned,,
cet4-3f8edfab4e29,example,CH016,,,0,,,,planned,,
cet4-962c8871b87b,exceed,CH103,,,0,,,,planned,,
cet4-67c2651d0497,exceedingly,CH014,,,0,,,,planned,,
cet4-2b7ca8f578ca,excel,CH001,,,0,,,,planned,,
cet4-7159da88eb81,excellence,CH049,,,0,,,,planned,,
cet4-2956ea12f4d9,excellent,CH035,,,0,,,,planned,,
cet4-85e8204ec8ad,except,CH130,,,0,,,,planned,,
cet4-08a3e8356978,exception,CH041,,,0,,,,planned,,
cet4-004606b39c6c,exceptional,CH079,,,0,,,,planned,,
cet4-9e143f306040,excess,CH012,,,0,,,,planned,,
cet4-84e646adaa65,excessive,CH064,,,0,,,,planned,,
cet4-b1f52c1865e2,exchange,CH092,,,0,,,,planned,,
cet4-2d913dbf38e3,excite,CH108,,,0,,,,planned,,
cet4-c76ef83e0a23,excitement,CH134,,,0,,,,planned,,
cet4-6bf92d375f78,exciting,CH011,,,0,,,,planned,,
cet4-157265a9f04c,exclaim,CH003,,,0,,,,planned,,
cet4-03154fa83cad,exclamation,CH063,,,0,,,,planned,,
cet4-bfb7cb7c6327,exclamatory,CH001,,,0,,,,planned,,
cet4-1d126d2bf66f,exclude,CH077,,,0,,,,planned,,
cet4-01757153fd60,exclusion,CH074,,,0,,,,planned,,
cet4-272c284dcdd0,exclusive,CH096,,,0,,,,planned,,
cet4-d9e2906b12dc,excursion,CH069,,,0,,,,planned,,
cet4-c7c2c239d1b3,excuse,CH132,,,0,,,,planned,,
cet4-46a9b77b37bc,execute,CH125,,,0,,,,planned,,
cet4-2e76ca226d6d,execution,CH087,,,0,,,,planned,,
cet4-8ff37d817adb,executive,CH056,,,0,,,,planned,,
cet4-58a455925a49,exemplary,CH126,,,0,,,,planned,,
cet4-7da72fe8ba39,exemplify,CH028,,,0,,,,planned,,
cet4-dc104038e7ac,exercise,CH079,,,0,,,,planned,,
cet4-ebde3ab2339b,exert,CH079,,,0,,,,planned,,
cet4-0f0673f05809,exertion,CH075,,,0,,,,planned,,
cet4-941a2a113894,exhaust,CH085,,,0,,,,planned,,
cet4-475eef325bb9,exhaustion,CH097,,,0,,,,planned,,
cet4-42baf192d74d,exhaustive,CH059,,,0,,,,planned,,
cet4-ecd6ba20b762,exhibit,CH017,,,0,,,,planned,,
cet4-1ffe2420ca4e,exhibition,CH046,,,0,,,,planned,,
cet4-6eea5b52b71c,exile,CH033,,,0,,,,planned,,
cet4-4a8754a102dd,exist,CH050,,,0,,,,planned,,
cet4-0b328c43ee39,existence,CH126,,,0,,,,planned,,
cet4-24feced6f309,existent,CH080,,,0,,,,planned,,
cet4-8ca0b2cb6977,existing,CH014,,,0,,,,planned,,
cet4-bcc82d7961df,exit,CH091,,,0,,,,planned,,
cet4-dc77f153979e,expand,CH098,,,0,,,,planned,,
cet4-095d594873d7,expansion,CH088,,,0,,,,planned,,
cet4-066109bf4c54,expansive,CH037,,,0,,,,planned,,
cet4-02154357d850,expect,CH031,,,0,,,,planned,,
cet4-61dc999c503e,expectancy,CH073,,,0,,,,planned,,
cet4-0b7042016d1c,expectation,CH131,,,0,,,,planned,,
cet4-8b2b6d0d9073,expel,CH084,,,0,,,,planned,,
cet4-508e3cc239dd,expend,CH035,,,0,,,,planned,,
cet4-d6e9fea2ec34,expenditure,CH054,,,0,,,,planned,,
cet4-2ba2fc9d3168,expense,CH044,,,0,,,,planned,,
cet4-c938475cef3c,expensive,CH049,,,0,,,,planned,,
cet4-689d7474d345,experience,CH017,,,0,,,,planned,,
cet4-61f47d674e69,experienced,CH016,,,0,,,,planned,,
cet4-37fa0fd87fc4,experiment,CH021,,,0,,,,planned,,
cet4-083cab8ca12b,experimental,CH074,,,0,,,,planned,,
cet4-cf687b05d9d6,expert,CH016,,,0,,,,planned,,
cet4-61d57a61f0c5,expertise,CH016,,,0,,,,planned,,
cet4-4a9682dc96a0,explain,CH063,,,0,,,,planned,,
cet4-3a882d244359,explanation,CH056,,,0,,,,planned,,
cet4-9e8c4c867602,explanatory,CH126,,,0,,,,planned,,
cet4-74ddb1129d6b,explicit,CH022,,,0,,,,planned,,
cet4-cbd13c48865d,explode,CH131,,,0,,,,planned,,
cet4-694eff6eb7e7,exploit,CH006,,,0,,,,planned,,
cet4-cbecc0251415,exploitation,CH105,,,0,,,,planned,,
cet4-949ba1c3e976,exploration,CH061,,,0,,,,planned,,
cet4-fe4956b62101,explore,CH028,,,0,,,,planned,,
cet4-c48d7f4e4ac9,explosion,CH087,,,0,,,,planned,,
cet4-7035af482f7e,explosive,CH091,,,0,,,,planned,,
cet4-74597f46294b,export,CH060,,,0,,,,planned,,
cet4-05d9ede28288,exportation,CH060,,,0,,,,planned,,
cet4-8f72b1e50ecd,expose,CH041,,,0,,,,planned,,
cet4-3d9db6af8523,exposure,CH085,,,0,,,,planned,,
cet4-651a544daebf,express,CH060,,,0,,,,planned,,
cet4-5c2c763bde95,expression,CH031,,,0,,,,planned,,
cet4-81c99c2413f1,expressive,CH014,,,0,,,,planned,,
cet4-6824c728b20a,expressway,CH069,,,0,,,,planned,,
cet4-6dc42027e111,extend,CH091,,,0,,,,planned,,
cet4-c7ce04fce2a7,extended,CH119,,,0,,,,planned,,
cet4-5a714b5b894c,extension,CH007,,,0,,,,planned,,
cet4-a74946c2f967,extensive,CH066,,,0,,,,planned,,
cet4-2e76158bebc8,extent,CH097,,,0,,,,planned,,
cet4-83b950edba26,exterior,CH102,,,0,,,,planned,,
cet4-35b26b8124c1,external,CH047,,,0,,,,planned,,
cet4-44e10fe96251,extinguish,CH084,,,0,,,,planned,,
cet4-0e084e9c2313,extra,CH051,,,0,,,,planned,,
cet4-e80801fddeb4,extraordinary,CH056,,,0,,,,planned,,
cet4-a25ebdb80238,extreme,CH012,,,0,,,,planned,,
cet4-a772ff36c8eb,extremity,CH081,,,0,,,,planned,,
cet4-8904ea9eef1c,eye,CH012,,,0,,,,planned,,
cet4-4fc03fff5ee9,eyebrow,CH102,,,0,,,,planned,,
cet4-c8e14e8251a7,eyesight,CH010,,,0,,,,planned,,
cet4-d00f27220299,fable,CH110,,,0,,,,planned,,
cet4-dd36b8048240,fabric,CH120,,,0,,,,planned,,
cet4-cfefecffb806,face,CH045,,,0,,,,planned,,
cet4-8fb1e1b4047e,facial,CH037,,,0,,,,planned,,
cet4-3e14edb876ec,facilitate,CH113,,,0,,,,planned,,
cet4-df13834e882c,facilitation,CH079,,,0,,,,planned,,
cet4-21420dddbd83,facility,CH044,,,0,,,,planned,,
cet4-0adad7945ec5,fact,CH065,,,0,,,,planned,,
cet4-222a247fa828,factor,CH009,,,0,,,,planned,,
cet4-f5d13b92ac5f,factory,CH112,,,0,,,,planned,,
cet4-8a2b8fad6603,factual,CH116,,,0,,,,planned,,
cet4-2fe50ac32af7,faculty,CH002,,,0,,,,planned,,
cet4-b69d5ce1e557,fade,CH067,,,0,,,,planned,,
cet4-ac60d8376fe5,fail,CH121,,,0,,,,planned,,
cet4-77b10e287388,failure,CH036,,,0,,,,planned,,
cet4-64aad6a968c4,faint,CH128,,,0,,,,planned,,
cet4-109f50d4cdd5,fair,CH107,,,0,,,,planned,,
cet4-4cdf725e40c7,fairly,CH113,,,0,,,,planned,,
cet4-413740c6ba40,fairy,CH112,,,0,,,,planned,,
cet4-fdedcbe7ecd8,faith,CH006,,,0,,,,planned,,
cet4-892437e02d8d,faithful,CH030,,,0,,,,planned,,
cet4-33618f9b2a7b,fake,CH080,,,0,,,,planned,,
cet4-6f298f71648b,fall,CH124,,,0,,,,planned,,
cet4-9c82c38bb94e,false,CH025,,,0,,,,planned,,
cet4-7af059e3fa5a,falsehood,CH121,,,0,,,,planned,,
cet4-ce045758fb7d,fame,CH120,,,0,,,,planned,,
cet4-7928b26d3dce,familiar,CH033,,,0,,,,planned,,
cet4-9aabad66a113,familiarity,CH058,,,0,,,,planned,,
cet4-690ef70e0c42,familiarize,CH004,,,0,,,,planned,,
cet4-661ef7282388,family,CH037,,,0,,,,planned,,
cet4-95fe86b5a156,famine,CH071,,,0,,,,planned,,
cet4-a134bc95e9f9,famous,CH063,,,0,,,,planned,,
cet4-fa5f0a53359c,fan,CH132,,,0,,,,planned,,
cet4-af50aec78133,fancy,CH040,,,0,,,,planned,,
cet4-05a547f8cdce,fantastic,CH018,,,0,,,,planned,,
cet4-cd721c4651da,fantasy,CH078,,,0,,,,planned,,
cet4-2956c71b4480,far,CH058,,,0,,,,planned,,
cet4-2a1044d1c692,fare,CH114,,,0,,,,planned,,
cet4-3497fb4c7edd,farewell,CH043,,,0,,,,planned,,
cet4-7c81398a544e,farm,CH053,,,0,,,,planned,,
cet4-ece0213cd552,farmer,CH013,,,0,,,,planned,,
cet4-091a3b5b8de4,farming,CH068,,,0,,,,planned,,
cet4-569ff66fa454,farther,CH071,,,0,,,,planned,,
cet4-dfcaf1d2fa1a,fascinate,CH011,,,0,,,,planned,,
cet4-75d74f47a7c0,fascinating,CH126,,,0,,,,planned,,
cet4-06a0ba2310eb,fascination,CH011,,,0,,,,planned,,
cet4-7bab7764a250,fashion,CH135,,,0,,,,planned,,
cet4-69d406954c97,fashionable,CH125,,,0,,,,planned,,
cet4-57db9b56fc4d,fast,CH081,,,0,,,,planned,,
cet4-f5a26954f473,fasten,CH011,,,0,,,,planned,,
cet4-cd11c82aeadd,fat,CH085,,,0,,,,planned,,
cet4-85f4b20b7eff,fatal,CH073,,,0,,,,planned,,
cet4-6bca9b3c2abe,fatality,CH073,,,0,,,,planned,,
cet4-8e55922f4402,fate,CH136,,,0,,,,planned,,
cet4-ba5aca684ed4,father,CH030,,,0,,,,planned,,
cet4-59c75759b461,fatherly,CH040,,,0,,,,planned,,
cet4-39b235ddee37,fatigue,CH075,,,0,,,,planned,,
cet4-363d19941118,fault,CH128,,,0,,,,planned,,
cet4-6bff8617d557,faulty,CH061,,,0,,,,planned,,
cet4-16666ec58dd9,favor,CH006,,,0,,,,planned,,
cet4-f7842b294c4a,favorable,CH111,,,0,,,,planned,,
cet4-9677543162d7,favorite,CH113,,,0,,,,planned,,
cet4-056cc1668aa5,fax,CH085,,,0,,,,planned,,
cet4-4305f63b5439,fear,CH030,,,0,,,,planned,,
cet4-84cd97c34072,fearful,CH099,,,0,,,,planned,,
cet4-b00ccb22fb5d,feasibility,CH005,,,0,,,,planned,,
cet4-54adbc99e45e,feasible,CH113,,,0,,,,planned,,
cet4-a59a7affbcfb,feather,CH107,,,0,,,,planned,,
cet4-e9788e1fe52f,feature,CH037,,,0,,,,planned,,
cet4-8c6b5f117fad,February,CH061,,,0,,,,planned,,
cet4-4e7ba8743172,federal,CH118,,,0,,,,planned,,
cet4-8a379a9f4aeb,federation,CH125,,,0,,,,planned,,
cet4-bc79dbba62b2,fee,CH054,,,0,,,,planned,,
cet4-9d8dc7f02b7f,feed,CH084,,,0,,,,planned,,
cet4-98c95bae5234,feedback,CH094,,,0,,,,planned,,
cet4-45ff03b9732d,feel,CH136,,,0,,,,planned,,
cet4-5fe924bb21e1,feeling,CH131,,,0,,,,planned,,
cet4-401e28f525d1,fellow,CH028,,,0,,,,planned,,
cet4-4480766ba93d,fellowship,CH017,,,0,,,,planned,,
cet4-a46c1b59aafc,female,CH106,,,0,,,,planned,,
cet4-4c8043c5be59,fence,CH067,,,0,,,,planned,,
cet4-cab1633b9f88,ferry,CH069,,,0,,,,planned,,
cet4-3a81e4295bd0,fertile,CH074,,,0,,,,planned,,
cet4-ee29e422c239,fertility,CH074,,,0,,,,planned,,
cet4-452e29144751,fertilizer,CH093,,,0,,,,planned,,
cet4-7b5939f40d92,festival,CH049,,,0,,,,planned,,
cet4-04ae3e965aff,fetch,CH095,,,0,,,,planned,,
cet4-82c687c48df8,fever,CH081,,,0,,,,planned,,
cet4-2611e1abf348,feverish,CH039,,,0,,,,planned,,
cet4-878d2d6a6d60,few,CH012,,,0,,,,planned,,
cet4-726539642d7a,fiber,CH019,,,0,,,,planned,,
cet4-bd6aea327609,fiction,CH052,,,0,,,,planned,,
cet4-e50ced2de898,fictional,CH119,,,0,,,,planned,,
cet4-e3a41e1bf09d,field,CH044,,,0,,,,planned,,
cet4-ffa0b166e0bd,fierce,CH127,,,0,,,,planned,,
cet4-592c99edca32,fifteen,CH101,,,0,,,,planned,,
cet4-609d86f0b709,fifth,CH057,,,0,,,,planned,,
cet4-d2ab678c2553,fifty,CH101,,,0,,,,planned,,
cet4-6efad68d7400,fight,CH039,,,0,,,,planned,,
cet4-f23bfae7bc74,figurative,CH035,,,0,,,,planned,,
cet4-dbf8bd500080,figure,CH037,,,0,,,,planned,,
cet4-591afa362e94,file,CH033,,,0,,,,planned,,
cet4-ce822d9656cb,fill,CH098,,,0,,,,planned,,
cet4-553216576159,filling,CH082,,,0,,,,planned,,
cet4-0aa0f8607b91,film,CH036,,,0,,,,planned,,
cet4-40a262f3ba02,filter,CH085,,,0,,,,planned,,
cet4-e11f7fa3f124,final,CH121,,,0,,,,planned,,
cet4-ec7b90c3176c,finalize,CH110,,,0,,,,planned,,
cet4-1f0f7bd617d7,finally,CH062,,,0,,,,planned,,
cet4-ad80e42938c3,finance,CH118,,,0,,,,planned,,
cet4-7956f466e446,financial,CH043,,,0,,,,planned,,
cet4-ac7a9f02b242,find,CH135,,,0,,,,planned,,
cet4-4e88693b4270,finding,CH117,,,0,,,,planned,,
cet4-b440aea2c397,fine,CH123,,,0,,,,planned,,
cet4-2db86620972e,finger,CH019,,,0,,,,planned,,
cet4-b22f8cfe15dc,fingerprint,CH037,,,0,,,,planned,,
cet4-887fe15fe582,finish,CH070,,,0,,,,planned,,
cet4-f7466e54ab92,fire,CH124,,,0,,,,planned,,
cet4-30ea46e386d9,fireman,CH041,,,0,,,,planned,,
cet4-a28ffc115dcf,fireplace,CH059,,,0,,,,planned,,
cet4-132a2ec633bf,firm,CH053,,,0,,,,planned,,
cet4-a2d3600d0862,first,CH020,,,0,,,,planned,,
cet4-55d5b6b28c37,firstly,CH035,,,0,,,,planned,,
cet4-376a3eb02405,fish,CH079,,,0,,,,planned,,
cet4-0d3e51d834e2,fisherman,CH035,,,0,,,,planned,,
cet4-6b3ce6f0b581,fishing,CH015,,,0,,,,planned,,
cet4-afff31216f08,fist,CH042,,,0,,,,planned,,
cet4-0874e45bd36a,fit,CH098,,,0,,,,planned,,
cet4-8957a0a004ae,five,CH101,,,0,,,,planned,,
cet4-abbcf7338daa,fix,CH123,,,0,,,,planned,,
cet4-88162ca88449,fixation,CH076,,,0,,,,planned,,
cet4-b2cf7f6e5cf0,fixed,CH132,,,0,,,,planned,,
cet4-9b30178d56b0,fixture,CH089,,,0,,,,planned,,
cet4-0a93556b443a,flag,CH092,,,0,,,,planned,,
cet4-6e49f0c1aee7,flame,CH088,,,0,,,,planned,,
cet4-c67665f5eebe,flash,CH111,,,0,,,,planned,,
cet4-18fae41bd73d,flat,CH124,,,0,,,,planned,,
cet4-46104cc3b8e7,flavor,CH089,,,0,,,,planned,,
cet4-90b52bd71838,flaw,CH117,,,0,,,,planned,,
cet4-af2e530bbff2,flawless,CH113,,,0,,,,planned,,
cet4-67d873210968,flee,CH005,,,0,,,,planned,,
cet4-24ddb9e6f080,fleet,CH069,,,0,,,,planned,,
cet4-6af3506d8fd4,flesh,CH072,,,0,,,,planned,,
cet4-67a848a8916a,flexibility,CH008,,,0,,,,planned,,
cet4-47fe04bdc405,flexible,CH019,,,0,,,,planned,,
cet4-6d50b71b2c0a,flight,CH069,,,0,,,,planned,,
cet4-2ded07fd8a3f,float,CH117,,,0,,,,planned,,
cet4-7b6b63ae2c47,flock,CH051,,,0,,,,planned,,
cet4-da92b43cfe63,flood,CH066,,,0,,,,planned,,
cet4-8d3da8abfb51,floor,CH107,,,0,,,,planned,,
cet4-08094df40db8,flour,CH081,,,0,,,,planned,,
cet4-53ffe527da2d,flourish,CH065,,,0,,,,planned,,
cet4-68d9607ebf30,flow,CH002,,,0,,,,planned,,
cet4-47e773b43609,flower,CH104,,,0,,,,planned,,
cet4-735b70136105,flu,CH084,,,0,,,,planned,,
cet4-fe06f6e5f4b8,fluctuate,CH067,,,0,,,,planned,,
cet4-93669d0bad98,fluctuation,CH097,,,0,,,,planned,,
cet4-c34e0a18023f,fluency,CH028,,,0,,,,planned,,
cet4-f3da4fd7fac4,fluent,CH063,,,0,,,,planned,,
cet4-2f4a4260512f,fluid,CH057,,,0,,,,planned,,
cet4-a9824a99eb38,fly,CH066,,,0,,,,planned,,
cet4-d09e44b336b7,focus,CH085,,,0,,,,planned,,
cet4-5664abf8166b,fog,CH105,,,0,,,,planned,,
cet4-2f35925bd660,foggy,CH116,,,0,,,,planned,,
cet4-a6a1d89c7e70,fold,CH093,,,0,,,,planned,,
cet4-22509eb43189,folk,CH003,,,0,,,,planned,,
cet4-400839ac7351,follow,CH068,,,0,,,,planned,,
cet4-26f89183f965,following,CH051,,,0,,,,planned,,
cet4-c2c3954fc014,fond,CH003,,,0,,,,planned,,
cet4-bc80f3ad70c2,food,CH076,,,0,,,,planned,,
cet4-304578869315,fool,CH036,,,0,,,,planned,,
cet4-83df8eaa579d,foolish,CH035,,,0,,,,planned,,
cet4-5cf2811e62a9,foot,CH074,,,0,,,,planned,,
cet4-65dd6f173fe8,football,CH057,,,0,,,,planned,,
cet4-7da1c3aea881,footprint,CH096,,,0,,,,planned,,
cet4-c9af624341c5,for,CH048,,,0,,,,planned,,
cet4-0353565e7178,forbid,CH120,,,0,,,,planned,,
cet4-3515b47cc8db,force,CH087,,,0,,,,planned,,
cet4-dab93d6ff1bd,forceful,CH078,,,0,,,,planned,,
cet4-da966428b1e5,forecast,CH074,,,0,,,,planned,,
cet4-3ed2938c87e1,forehead,CH078,,,0,,,,planned,,
cet4-2fcd04a557d1,foreign,CH060,,,0,,,,planned,,
cet4-93c7f49b71b9,foreigner,CH069,,,0,,,,planned,,
cet4-3f04d3fdc684,foremost,CH112,,,0,,,,planned,,
cet4-4bf248f8b205,foresee,CH051,,,0,,,,planned,,
cet4-8dd35717e9a4,foreseeable,CH126,,,0,,,,planned,,
cet4-533f14d20a1e,foresight,CH131,,,0,,,,planned,,
cet4-0cf4d5b1b045,forest,CH106,,,0,,,,planned,,
cet4-9f43b793f971,forestry,CH110,,,0,,,,planned,,
cet4-3146515875ff,forever,CH062,,,0,,,,planned,,
cet4-eb81e49b19db,forge,CH056,,,0,,,,planned,,
cet4-90be1a790a78,forgery,CH047,,,0,,,,planned,,
cet4-5c62f2a601ff,forget,CH129,,,0,,,,planned,,
cet4-d4278106acf3,forgetful,CH130,,,0,,,,planned,,
cet4-244b2e28e728,forgettable,CH008,,,0,,,,planned,,
cet4-798c3811ff51,forgive,CH124,,,0,,,,planned,,
cet4-cd5989d0a9a8,forgiving,CH003,,,0,,,,planned,,
cet4-23ab196e6394,fork,CH082,,,0,,,,planned,,
cet4-3200fa9a2181,form,CH020,,,0,,,,planned,,
cet4-8f4832252e9a,formal,CH070,,,0,,,,planned,,
cet4-31c551926d73,formality,CH091,,,0,,,,planned,,
cet4-e402c9a24b23,format,CH086,,,0,,,,planned,,
cet4-4e2d180b41af,formation,CH072,,,0,,,,planned,,
cet4-93d162884a58,former,CH038,,,0,,,,planned,,
cet4-c7d9138f0c5d,formula,CH076,,,0,,,,planned,,
cet4-8c397c740150,formulate,CH088,,,0,,,,planned,,
cet4-1413111b823b,formulation,CH093,,,0,,,,planned,,
cet4-cca0c8dfd25e,forth,CH111,,,0,,,,planned,,
cet4-d827d4259ab8,forthcoming,CH063,,,0,,,,planned,,
cet4-50c62517bb02,fortunate,CH027,,,0,,,,planned,,
cet4-b50726ffb96d,fortune,CH127,,,0,,,,planned,,
cet4-73e0bf7c0663,forty,CH101,,,0,,,,planned,,
cet4-670034b18bfb,forum,CH126,,,0,,,,planned,,
cet4-7412ce46c665,forward,CH070,,,0,,,,planned,,
cet4-9415fe7c8233,fossil,CH105,,,0,,,,planned,,
cet4-fec3fc2d1802,found,CH115,,,0,,,,planned,,
cet4-55c76adb0293,foundation,CH017,,,0,,,,planned,,
cet4-41786d1d92b9,founder,CH056,,,0,,,,planned,,
cet4-4a44a4dff167,founding,CH045,,,0,,,,planned,,
cet4-9133846ab58d,fountain,CH108,,,0,,,,planned,,
cet4-df71df8f958c,four,CH088,,,0,,,,planned,,
cet4-9435467dc0d2,fourteen,CH050,,,0,,,,planned,,
cet4-d2ff42288294,fox,CH013,,,0,,,,planned,,
cet4-163391bffec2,fraction,CH083,,,0,,,,planned,,
cet4-1dde7d9568c6,fragment,CH088,,,0,,,,planned,,
cet4-9ed0aa824f99,fragmentary,CH102,,,0,,,,planned,,
cet4-906ea9f151d0,fragmentation,CH087,,,0,,,,planned,,
cet4-38398673053b,frame,CH013,,,0,,,,planned,,
cet4-c30e4ac4ec54,framework,CH050,,,0,,,,planned,,
cet4-914dfb6e5b64,frank,CH026,,,0,,,,planned,,
cet4-517a3080f497,free,CH115,,,0,,,,planned,,
cet4-b0ed93c224b4,freedom,CH067,,,0,,,,planned,,
cet4-8062ceebf70f,freeway,CH069,,,0,,,,planned,,
cet4-8b6c038bcb2a,freeze,CH107,,,0,,,,planned,,
cet4-adedd266b5c5,freight,CH058,,,0,,,,planned,,
cet4-69163d02aeb2,frequency,CH098,,,0,,,,planned,,
cet4-6624f1877095,frequent,CH077,,,0,,,,planned,,
cet4-e39b81c9b364,fresh,CH015,,,0,,,,planned,,
cet4-f4ee15022071,freshman,CH002,,,0,,,,planned,,
cet4-ba7360f086cc,Friday,CH049,,,0,,,,planned,,
cet4-b86e3e0ecfef,fridge,CH029,,,0,,,,planned,,
cet4-1fa9eeda946e,friend,CH033,,,0,,,,planned,,
cet4-2807611a65d4,friendly,CH034,,,0,,,,planned,,
cet4-8674e713e987,friendship,CH064,,,0,,,,planned,,
cet4-5715dc447aac,fright,CH031,,,0,,,,planned,,
cet4-82afbdd077f3,frighten,CH130,,,0,,,,planned,,
cet4-6b12d5fa3da7,frog,CH075,,,0,,,,planned,,
cet4-baf5f8bac300,from,CH013,,,0,,,,planned,,
cet4-0f3f94f8af35,front,CH032,,,0,,,,planned,,
cet4-6920557cab2f,frontier,CH016,,,0,,,,planned,,
cet4-a9dce537cb0b,frost,CH128,,,0,,,,planned,,
cet4-9e00e5ebe7cb,frosty,CH064,,,0,,,,planned,,
cet4-e52512148484,fruit,CH082,,,0,,,,planned,,
cet4-356761bb1e77,fruitful,CH014,,,0,,,,planned,,
cet4-2e53e3ef2209,frustrate,CH027,,,0,,,,planned,,
cet4-42c092415df1,frustrating,CH042,,,0,,,,planned,,
cet4-ad180c5309ac,frustration,CH077,,,0,,,,planned,,
cet4-95b9b2e52b7f,fry,CH052,,,0,,,,planned,,
cet4-0cb9b53e9c5e,fuck,CH004,,,0,,,,planned,,
cet4-8287e6f2369b,fuel,CH058,,,0,,,,planned,,
cet4-c28b1ff383e5,fulfil,CH046,,,0,,,,planned,,
cet4-312eec15234d,fulfilment,CH116,,,0,,,,planned,,
cet4-8ecf61b1e0fc,full,CH096,,,0,,,,planned,,
cet4-dd6722ac4ae9,fun,CH040,,,0,,,,planned,,
cet4-b512eb014e50,function,CH037,,,0,,,,planned,,
cet4-99a443b077f4,functional,CH056,,,0,,,,planned,,
cet4-68f15f5f89a3,fund,CH117,,,0,,,,planned,,
cet4-cb7c4b607b7b,fundamental,CH048,,,0,,,,planned,,
cet4-096c5aff5060,funding,CH118,,,0,,,,planned,,
cet4-b9ffb724248c,funeral,CH038,,,0,,,,planned,,
cet4-8cfd047b4444,funny,CH011,,,0,,,,planned,,
cet4-7360a1f5c7c7,fur,CH109,,,0,,,,planned,,
cet4-da90acac889c,furnace,CH055,,,0,,,,planned,,
cet4-c1c422b53df3,furnish,CH089,,,0,,,,planned,,
cet4-c957b7c74555,furniture,CH027,,,0,,,,planned,,
cet4-68e4dca1a03e,further,CH020,,,0,,,,planned,,
cet4-847b64fa5e97,furthermore,CH133,,,0,,,,planned,,
cet4-a8d672678167,fuss,CH073,,,0,,,,planned,,
cet4-6c00df1fde36,future,CH136,,,0,,,,planned,,
cet4-ee180c1685d3,gadget,CH055,,,0,,,,planned,,
cet4-9d433caf1790,gadgetry,CH063,,,0,,,,planned,,
cet4-bbe709015c37,gain,CH048,,,0,,,,planned,,
cet4-19d62e52416d,gallery,CH048,,,0,,,,planned,,
cet4-02ac47f56686,gallon,CH072,,,0,,,,planned,,
cet4-edbd1ebf5026,gamble,CH132,,,0,,,,planned,,
cet4-b49e4cce760b,game,CH081,,,0,,,,planned,,
cet4-4c319d516f11,gang,CH053,,,0,,,,planned,,
cet4-3ef956e68137,gangster,CH122,,,0,,,,planned,,
cet4-723e5aeb22e5,gap,CH095,,,0,,,,planned,,
cet4-c2e6c919d91d,garage,CH053,,,0,,,,planned,,
cet4-7dfa5b446040,garbage,CH083,,,0,,,,planned,,
cet4-351fcd10376d,garden,CH056,,,0,,,,planned,,
cet4-4d0bc8d5a086,gardener,CH048,,,0,,,,planned,,
cet4-df75d4829faf,gardening,CH109,,,0,,,,planned,,
cet4-4dba802fbb8f,garment,CH109,,,0,,,,planned,,
cet4-607b162d08fe,gas,CH009,,,0,,,,planned,,
cet4-2e42ee70e6ad,gasoline,CH091,,,0,,,,planned,,
cet4-e76ab4182d7e,gate,CH092,,,0,,,,planned,,
cet4-c018e0421c9e,gather,CH023,,,0,,,,planned,,
cet4-917caf0f15f6,gathering,CH032,,,0,,,,planned,,
cet4-88c16cdc42c1,gay,CH123,,,0,,,,planned,,
cet4-c0729e5ca8b6,gaze,CH011,,,0,,,,planned,,
cet4-aa54f9bbd07d,gear,CH070,,,0,,,,planned,,
cet4-0de9e980438c,gender,CH070,,,0,,,,planned,,
cet4-357983f9f9a7,gene,CH090,,,0,,,,planned,,
cet4-b12e2b564ef5,general,CH053,,,0,,,,planned,,
cet4-6e410960c0f2,generalize,CH017,,,0,,,,planned,,
cet4-57ce6f6e8ed6,generally,CH063,,,0,,,,planned,,
cet4-9443cca1a45a,generate,CH101,,,0,,,,planned,,
cet4-7e53bfa9a82a,generation,CH079,,,0,,,,planned,,
cet4-19fd4c14bf19,generator,CH087,,,0,,,,planned,,
cet4-499fe280e007,generosity,CH121,,,0,,,,planned,,
cet4-1573353436ae,generous,CH130,,,0,,,,planned,,
cet4-27531bca50d8,genetic,CH073,,,0,,,,planned,,
cet4-560445dea4b3,genius,CH078,,,0,,,,planned,,
cet4-bc49a0613d56,gentle,CH100,,,0,,,,planned,,
cet4-3c1d86b1cda0,gentleman,CH004,,,0,,,,planned,,
cet4-b82d769d0463,genuine,CH080,,,0,,,,planned,,
cet4-4fb54257a10c,geographic,CH061,,,0,,,,planned,,
cet4-971737da84e3,geography,CH064,,,0,,,,planned,,
cet4-a62c9897efaa,geological,CH003,,,0,,,,planned,,
cet4-322fe9253366,geology,CH103,,,0,,,,planned,,
cet4-81c5e75723fb,geometric,CH061,,,0,,,,planned,,
cet4-0aa38ceeae91,geometry,CH093,,,0,,,,planned,,
cet4-067a54577e91,germ,CH041,,,0,,,,planned,,
cet4-59bd99044c5a,gesture,CH034,,,0,,,,planned,,
cet4-a8653162d4c5,get,CH090,,,0,,,,planned,,
cet4-05e7e9174c91,ghost,CH020,,,0,,,,planned,,
cet4-6ca322990a61,giant,CH038,,,0,,,,planned,,
cet4-01b49a3c8c5a,gift,CH064,,,0,,,,planned,,
cet4-aac06c1bd394,gifted,CH022,,,0,,,,planned,,
cet4-9ff82ffc627d,gigantic,CH043,,,0,,,,planned,,
cet4-60332a93628b,girl,CH004,,,0,,,,planned,,
cet4-f1d1cf391182,give,CH076,,,0,,,,planned,,
cet4-b875f4af0178,given,CH027,,,0,,,,planned,,
cet4-9b944c09b851,glad,CH045,,,0,,,,planned,,
cet4-da4b05da96d3,glance,CH137,,,0,,,,planned,,
cet4-4a0e788af001,glass,CH036,,,0,,,,planned,,
cet4-9c8a39888ef8,glimpse,CH022,,,0,,,,planned,,
cet4-2e5fd084aeb9,global,CH103,,,0,,,,planned,,
cet4-ef056c4722ab,globalize,CH064,,,0,,,,planned,,
cet4-aa24f614298e,globe,CH101,,,0,,,,planned,,
cet4-a5ee323afe54,gloom,CH103,,,0,,,,planned,,
cet4-b4c50aacaf17,gloomy,CH064,,,0,,,,planned,,
cet4-4127646ebce5,glorious,CH027,,,0,,,,planned,,
cet4-b8af887f9625,glory,CH004,,,0,,,,planned,,
cet4-7f8af3742c99,glove,CH042,,,0,,,,planned,,
cet4-167ec5b73a89,glow,CH027,,,0,,,,planned,,
cet4-570710831da6,glue,CH103,,,0,,,,planned,,
cet4-907f46deaa16,go,CH048,,,0,,,,planned,,
cet4-20b8038c0c39,goal,CH128,,,0,,,,planned,,
cet4-aa3495e0f4ae,goat,CH102,,,0,,,,planned,,
cet4-c62342c52e29,god,CH070,,,0,,,,planned,,
cet4-eb2dbb4add1e,gold,CH090,,,0,,,,planned,,
cet4-f3c9d534a3d0,golden,CH116,,,0,,,,planned,,
cet4-ef4ae6d78bfe,golf,CH012,,,0,,,,planned,,
cet4-f0c26cad7e98,good,CH132,,,0,,,,planned,,
cet4-d92af7635e2e,goodbye,CH003,,,0,,,,planned,,
cet4-805660511e05,goodness,CH131,,,0,,,,planned,,
cet4-d862e2607008,goods,CH046,,,0,,,,planned,,
cet4-3feaca0d04e4,goose,CH110,,,0,,,,planned,,
cet4-25d259a6363a,gorgeous,CH014,,,0,,,,planned,,
cet4-2edd730da53d,gossip,CH003,,,0,,,,planned,,
cet4-e6c37af53a02,govern,CH129,,,0,,,,planned,,
cet4-86cf12f1b0cd,government,CH118,,,0,,,,planned,,
cet4-0d763302f42c,governor,CH115,,,0,,,,planned,,
cet4-ea81943faef0,gown,CH007,,,0,,,,planned,,
cet4-eebd586f1eb5,grab,CH123,,,0,,,,planned,,
cet4-d12ec96569cd,grace,CH113,,,0,,,,planned,,
cet4-725063c9ca6e,graceful,CH004,,,0,,,,planned,,
cet4-988837273b86,gracious,CH006,,,0,,,,planned,,
cet4-fe50af4426d0,grade,CH066,,,0,,,,planned,,
cet4-e69f3de574ad,gradual,CH023,,,0,,,,planned,,
cet4-e6c6de422f22,gradually,CH010,,,0,,,,planned,,
cet4-d100f2734b0a,graduate,CH128,,,0,,,,planned,,
cet4-1534c25c2022,graduation,CH015,,,0,,,,planned,,
cet4-5b3aeee001e2,grain,CH107,,,0,,,,planned,,
cet4-d1b5e2fb3a98,gram,CH019,,,0,,,,planned,,
cet4-12d714fa11c3,grammar,CH113,,,0,,,,planned,,
cet4-4b1e570e39cb,grammatical,CH113,,,0,,,,planned,,
cet4-1fbfc051fc50,grand,CH116,,,0,,,,planned,,
cet4-7c1b5556cf3a,grandchild,CH038,,,0,,,,planned,,
cet4-7bea84e2a8aa,grandchildren,CH038,,,0,,,,planned,,
cet4-be1f87fbab25,granddaughter,CH029,,,0,,,,planned,,
cet4-d81c83259388,grandfather,CH034,,,0,,,,planned,,
cet4-aecfadef9fbc,grandmother,CH034,,,0,,,,planned,,
cet4-91e626fbeb37,grandparent,CH030,,,0,,,,planned,,
cet4-af1569b0fb06,grandson,CH029,,,0,,,,planned,,
cet4-4a111449fe7c,grant,CH125,,,0,,,,planned,,
cet4-e9dc67b66729,granted,CH026,,,0,,,,planned,,
cet4-e03a1b67e4a4,grape,CH013,,,0,,,,planned,,
cet4-b6a085d42136,graph,CH095,,,0,,,,planned,,
cet4-2cb7eed00b2d,graphic,CH094,,,0,,,,planned,,
cet4-275d3f0cf1a1,graphically,CH005,,,0,,,,planned,,
cet4-6386e3b86e50,grasp,CH004,,,0,,,,planned,,
cet4-7ddbb015987f,grass,CH013,,,0,,,,planned,,
cet4-e0c4a0e0a075,grassy,CH001,,,0,,,,planned,,
cet4-467e3b692360,grateful,CH006,,,0,,,,planned,,
cet4-9b3d5824e1f8,gratitude,CH062,,,0,,,,planned,,
cet4-3f27f739abdb,grave,CH034,,,0,,,,planned,,
cet4-6a4d155a5f78,gravitation,CH095,,,0,,,,planned,,
cet4-618220573e4d,gravity,CH094,,,0,,,,planned,,
cet4-db8b8595778a,great,CH037,,,0,,,,planned,,
cet4-8889e20065e4,green,CH007,,,0,,,,planned,,
cet4-6a195787777d,greenhouse,CH108,,,0,,,,planned,,
cet4-d9c5835de143,greet,CH022,,,0,,,,planned,,
cet4-28a419e1c3c2,greeting,CH027,,,0,,,,planned,,
cet4-e02db4965555,grey,CH026,,,0,,,,planned,,
cet4-b707a281d54b,grief,CH031,,,0,,,,planned,,
cet4-e181ac71e7f6,grieve,CH133,,,0,,,,planned,,
cet4-952a35bfbb95,grievous,CH116,,,0,,,,planned,,
cet4-3dfcfa615acf,grin,CH099,,,0,,,,planned,,
cet4-9c978ff89126,grind,CH083,,,0,,,,planned,,
cet4-c934e533b681,grip,CH066,,,0,,,,planned,,
cet4-27d6be1cf0fe,grocer,CH071,,,0,,,,planned,,
cet4-44f7e42b269d,grocery,CH021,,,0,,,,planned,,
cet4-ef3043f5fb1c,gross,CH123,,,0,,,,planned,,
cet4-af022a2fa3c1,ground,CH105,,,0,,,,planned,,
cet4-757ca50a4ceb,group,CH090,,,0,,,,planned,,
cet4-3d98d6447267,grow,CH007,,,0,,,,planned,,
cet4-cfba9afbf882,growth,CH007,,,0,,,,planned,,
cet4-61807c654b75,guarantee,CH135,,,0,,,,planned,,
cet4-2468c9715d31,guard,CH034,,,0,,,,planned,,
cet4-73fe12e1b95e,guardian,CH034,,,0,,,,planned,,
cet4-41a6c0807c96,guess,CH124,,,0,,,,planned,,
cet4-878d89b6d6dc,guest,CH070,,,0,,,,planned,,
cet4-d9f851a57cae,guidance,CH129,,,0,,,,planned,,
cet4-c3234abd76af,guide,CH096,,,0,,,,planned,,
cet4-c14d5338d656,guideline,CH049,,,0,,,,planned,,
cet4-f4994542a178,guilt,CH122,,,0,,,,planned,,
cet4-0d07363949b8,guilty,CH122,,,0,,,,planned,,
cet4-b6f992adda45,guitar,CH073,,,0,,,,planned,,
cet4-e364add250c7,guitarist,CH109,,,0,,,,planned,,
cet4-a825c02c4ed9,gulf,CH100,,,0,,,,planned,,
cet4-e730508eed56,gum,CH106,,,0,,,,planned,,
cet4-eb1124aad48c,gun,CH077,,,0,,,,planned,,
cet4-3b9afcf8edb5,gut,CH103,,,0,,,,planned,,
cet4-910c6154a552,guy,CH009,,,0,,,,planned,,
cet4-2f9c3e5cc047,gym,CH079,,,0,,,,planned,,
cet4-d9b6de2b9b80,gymnasium,CH079,,,0,,,,planned,,
cet4-cca4401908d6,habit,CH082,,,0,,,,planned,,
cet4-0f5fb6541fa2,habitat,CH079,,,0,,,,planned,,
cet4-4dcba9f864ca,habitual,CH113,,,0,,,,planned,,
cet4-cb32c2c46d4f,hack,CH052,,,0,,,,planned,,
cet4-89be14287a30,hacker,CH086,,,0,,,,planned,,
cet4-bf3fda1550c0,hail,CH104,,,0,,,,planned,,
cet4-61f7f82c7c11,hair,CH007,,,0,,,,planned,,
cet4-892c756921d0,hairy,CH102,,,0,,,,planned,,
cet4-76c9253ba307,half,CH037,,,0,,,,planned,,
cet4-1b01ec0356b5,halfway,CH112,,,0,,,,planned,,
cet4-1346989c13e6,hall,CH017,,,0,,,,planned,,
cet4-dcaa35b168ef,halt,CH124,,,0,,,,planned,,
cet4-2ef46e3b8bf8,ham,CH019,,,0,,,,planned,,
cet4-272e4e6eeddc,hamburger,CH012,,,0,,,,planned,,
cet4-1389970b6be0,hammer,CH090,,,0,,,,planned,,
cet4-534b82db542e,hand,CH002,,,0,,,,planned,,
cet4-c14ccb897a4d,handbook,CH024,,,0,,,,planned,,
cet4-ec9eca850195,handful,CH102,,,0,,,,planned,,
cet4-6fae49a9ed93,handicap,CH078,,,0,,,,planned,,
cet4-a4dba4f21149,handicapped,CH117,,,0,,,,planned,,
cet4-383320f756fe,handle,CH068,,,0,,,,planned,,
cet4-3e4f557793ef,handsome,CH018,,,0,,,,planned,,
cet4-3dbea0cf4cb9,handwriting,CH042,,,0,,,,planned,,
cet4-b6297e849ecc,handy,CH023,,,0,,,,planned,,
cet4-dce333315f30,hang,CH082,,,0,,,,planned,,
cet4-ce8836020b74,happen,CH040,,,0,,,,planned,,
cet4-92810a3ec564,happily,CH005,,,0,,,,planned,,
cet4-918fd0b18c4c,happiness,CH131,,,0,,,,planned,,
cet4-8b3bcd35e372,happy,CH122,,,0,,,,planned,,
cet4-e6bb5522abc4,harbor,CH040,,,0,,,,planned,,
cet4-4f0453bbc853,hard,CH134,,,0,,,,planned,,
cet4-7257880649bc,harden,CH109,,,0,,,,planned,,
cet4-6a74945b80a5,hardly,CH064,,,0,,,,planned,,
cet4-67c542eb0ac9,hardship,CH057,,,0,,,,planned,,
cet4-45c0b34f5243,hardware,CH086,,,0,,,,planned,,
cet4-0de51341985e,harm,CH005,,,0,,,,planned,,
cet4-75829890b7b0,harmful,CH008,,,0,,,,planned,,
cet4-a8b5822fe96c,harmless,CH126,,,0,,,,planned,,
cet4-67014ecf191d,harmonious,CH047,,,0,,,,planned,,
cet4-702be71a518a,harmony,CH047,,,0,,,,planned,,
cet4-006c6269361c,harness,CH037,,,0,,,,planned,,
cet4-f105dc4d21d6,harsh,CH120,,,0,,,,planned,,
cet4-0f48e101cedf,harvest,CH068,,,0,,,,planned,,
cet4-47cb0cde14b4,haste,CH039,,,0,,,,planned,,
cet4-452a6f651354,hasten,CH049,,,0,,,,planned,,
cet4-b4b12e08557a,hasty,CH018,,,0,,,,planned,,
cet4-31f715a402dd,hat,CH042,,,0,,,,planned,,
cet4-a8d401711e13,hatch,CH074,,,0,,,,planned,,
cet4-b960d387b26d,hate,CH031,,,0,,,,planned,,
cet4-a3a5c470bda6,hateful,CH062,,,0,,,,planned,,
cet4-b208fe90eb80,hatred,CH041,,,0,,,,planned,,
cet4-39070f8e5184,haul,CH069,,,0,,,,planned,,
cet4-ae11543a6060,haunt,CH055,,,0,,,,planned,,
cet4-7f51590e04ea,have,CH033,,,0,,,,planned,,
cet4-5fbd191127a3,hay,CH112,,,0,,,,planned,,
cet4-668b05ba03aa,hazard,CH097,,,0,,,,planned,,
cet4-ef5ca7af1feb,hazardous,CH133,,,0,,,,planned,,
cet4-b1ff579247c4,haze,CH116,,,0,,,,planned,,
cet4-14365d283039,hazy,CH011,,,0,,,,planned,,
cet4-4b808f87171a,he,CH010,,,0,,,,planned,,
cet4-eee725f7f919,head,CH037,,,0,,,,planned,,
cet4-73bd00fd27a6,headache,CH082,,,0,,,,planned,,
cet4-eff243df851a,heading,CH089,,,0,,,,planned,,
cet4-d5f3315e45ca,headline,CH120,,,0,,,,planned,,
cet4-c5b07bba3284,headmaster,CH027,,,0,,,,planned,,
cet4-5199b7565b0d,headmistress,CH083,,,0,,,,planned,,
cet4-ec7b949a0a7f,headquarters,CH054,,,0,,,,planned,,
cet4-67ab7065bbe7,heal,CH073,,,0,,,,planned,,
cet4-0662aa38684d,health,CH081,,,0,,,,planned,,
cet4-d48d740e4214,healthful,CH081,,,0,,,,planned,,
cet4-ffb5779c3903,healthy,CH081,,,0,,,,planned,,
cet4-e03ea90a6e96,heap,CH093,,,0,,,,planned,,
cet4-b048b7e4351e,hear,CH020,,,0,,,,planned,,
cet4-74318047273d,hearing,CH135,,,0,,,,planned,,
cet4-26d7ecaa51c2,heart,CH048,,,0,,,,planned,,
cet4-cdff6ea6b484,heartfelt,CH005,,,0,,,,planned,,
cet4-7b5a0eddb395,hearty,CH076,,,0,,,,planned,,
cet4-c5a3647046be,heat,CH131,,,0,,,,planned,,
cet4-09f3f690d4f9,heated,CH131,,,0,,,,planned,,
cet4-abbbe7fd6dd1,heating,CH021,,,0,,,,planned,,
cet4-9bb6821e7bde,heaven,CH064,,,0,,,,planned,,
cet4-720bceabfb5c,heavy,CH082,,,0,,,,planned,,
cet4-1c871c8f0289,hectare,CH047,,,0,,,,planned,,
cet4-c46cae58af24,hedge,CH135,,,0,,,,planned,,
cet4-bfa6000355a2,heel,CH070,,,0,,,,planned,,
cet4-858ac952ba94,height,CH089,,,0,,,,planned,,
cet4-45acd5405e6b,heighten,CH018,,,0,,,,planned,,
cet4-da53a389cbe9,heir,CH123,,,0,,,,planned,,
cet4-4f04e16b8c5b,heiress,CH119,,,0,,,,planned,,
cet4-4d2e270f752a,helicopter,CH111,,,0,,,,planned,,
cet4-a8a4458a7977,hell,CH120,,,0,,,,planned,,
cet4-b4924752f3d5,hello,CH035,,,0,,,,planned,,
cet4-cbda04f9ab50,help,CH046,,,0,,,,planned,,
cet4-b5444208f321,helpful,CH073,,,0,,,,planned,,
cet4-988f19c819ed,helpless,CH001,,,0,,,,planned,,
cet4-1ec5d7c43e1b,hen,CH100,,,0,,,,planned,,
cet4-9cc0175710f5,hence,CH010,,,0,,,,planned,,
cet4-18b16f606c07,her,CH009,,,0,,,,planned,,
cet4-f82b961c559e,herd,CH032,,,0,,,,planned,,
cet4-5d5b983e4ab0,here,CH020,,,0,,,,planned,,
cet4-fd2f518786f7,hereby,CH059,,,0,,,,planned,,
cet4-870c749af9a4,heritage,CH074,,,0,,,,planned,,
cet4-cb4061be28b7,hero,CH026,,,0,,,,planned,,
cet4-254f645ea43e,heroic,CH133,,,0,,,,planned,,
cet4-994cd0ae1443,heroine,CH053,,,0,,,,planned,,
cet4-3d2da3718304,heroism,CH133,,,0,,,,planned,,
cet4-e7ce9df2af2f,hers,CH133,,,0,,,,planned,,
cet4-41a8d354923f,herself,CH136,,,0,,,,planned,,
cet4-662a20b7b9ea,hesitant,CH137,,,0,,,,planned,,
cet4-09992227d588,hesitate,CH015,,,0,,,,planned,,
cet4-712663410bd0,hesitation,CH127,,,0,,,,planned,,
cet4-f2ce733d1267,hi,CH043,,,0,,,,planned,,
cet4-83a3b95017b7,hide,CH104,,,0,,,,planned,,
cet4-b6020b764acb,hiding,CH121,,,0,,,,planned,,
cet4-71a24f269f4c,high,CH132,,,0,,,,planned,,
cet4-83a44a877457,high-tech,CH093,,,0,,,,planned,,
cet4-843318a18849,highlight,CH097,,,0,,,,planned,,
cet4-d0a8103c8125,highly,CH012,,,0,,,,planned,,
cet4-c90d97048976,highway,CH069,,,0,,,,planned,,
cet4-f70a952cc51a,hijack,CH058,,,0,,,,planned,,
cet4-21475a8ef46a,hill,CH058,,,0,,,,planned,,
cet4-8a043dc80838,hilly,CH004,,,0,,,,planned,,
cet4-4865047a17cd,him,CH027,,,0,,,,planned,,
cet4-696f170643c4,himself,CH136,,,0,,,,planned,,
cet4-8b4d3ba0c06f,hinder,CH111,,,0,,,,planned,,
cet4-96b48afa2a5f,hindrance,CH025,,,0,,,,planned,,
cet4-4f7f6f43a099,hint,CH061,,,0,,,,planned,,
cet4-d1448a8a0dcc,hip,CH107,,,0,,,,planned,,
cet4-b01af9cd57a1,hire,CH045,,,0,,,,planned,,
cet4-da3fe8dad904,his,CH016,,,0,,,,planned,,
cet4-1e8eb7e011bb,historian,CH015,,,0,,,,planned,,
cet4-f6d087536fa9,historic,CH063,,,0,,,,planned,,
cet4-8c2834d57aae,historical,CH020,,,0,,,,planned,,
cet4-0e06a45b6827,history,CH128,,,0,,,,planned,,
cet4-538122384c8b,hit,CH077,,,0,,,,planned,,
cet4-2957adf82547,hobby,CH070,,,0,,,,planned,,
cet4-7c15cacf7faf,hold,CH088,,,0,,,,planned,,
cet4-c3a9383f25d8,hole,CH012,,,0,,,,planned,,
cet4-b181fb1f727c,holiday,CH049,,,0,,,,planned,,
cet4-474e298150bf,holiness,CH064,,,0,,,,planned,,
cet4-1b270eb21566,hollow,CH103,,,0,,,,planned,,
cet4-924815b01039,holy,CH137,,,0,,,,planned,,
cet4-9c139839f32a,home,CH033,,,0,,,,planned,,
cet4-327eb5653b7e,homeland,CH067,,,0,,,,planned,,
cet4-deaea6e5a55b,homeless,CH058,,,0,,,,planned,,
cet4-0234c022096c,homely,CH031,,,0,,,,planned,,
cet4-db3154d1c7ba,homework,CH054,,,0,,,,planned,,
cet4-5bebcffc74d7,Homo,CH041,,,0,,,,planned,,
cet4-ab708994af47,homosexual,CH038,,,0,,,,planned,,
cet4-3ed0067e2c62,honest,CH006,,,0,,,,planned,,
cet4-5879251b3374,honesty,CH104,,,0,,,,planned,,
cet4-5551a94e0c95,honey,CH027,,,0,,,,planned,,
cet4-2066a72bcf29,honeymoon,CH030,,,0,,,,planned,,
cet4-afd06e76bf9e,honor,CH018,,,0,,,,planned,,
cet4-d37b980e021c,honorable,CH021,,,0,,,,planned,,
cet4-725848523e39,honorary,CH119,,,0,,,,planned,,
cet4-5e2a7eb4ed27,hook,CH094,,,0,,,,planned,,
cet4-2c9e0aee5abb,hope,CH057,,,0,,,,planned,,
cet4-fac9740ed26b,hopeful,CH008,,,0,,,,planned,,
cet4-89357539cfbf,hopeless,CH019,,,0,,,,planned,,
cet4-4cdf1513d5b7,horizon,CH105,,,0,,,,planned,,
cet4-b52773ecbfbe,horizontal,CH089,,,0,,,,planned,,
cet4-97a4d6dc4b69,horn,CH007,,,0,,,,planned,,
cet4-82d1e9373fdc,horrible,CH029,,,0,,,,planned,,
cet4-baa6e201528a,horrify,CH011,,,0,,,,planned,,
cet4-accd6527f50b,horror,CH078,,,0,,,,planned,,
cet4-22ace53b8254,horse,CH028,,,0,,,,planned,,
cet4-e86d99725a36,horsepower,CH059,,,0,,,,planned,,
cet4-8722e1a426e7,hospitable,CH006,,,0,,,,planned,,
cet4-3524cef22a66,hospital,CH081,,,0,,,,planned,,
cet4-208a2af2f781,hospitality,CH080,,,0,,,,planned,,
cet4-2153d1da192d,hospitalize,CH074,,,0,,,,planned,,
cet4-9f02762cb929,host,CH030,,,0,,,,planned,,
cet4-ca89c8cbd2a1,hostess,CH004,,,0,,,,planned,,
cet4-b6238e6b5724,hostile,CH068,,,0,,,,planned,,
cet4-8ebaf6fcbe78,hostility,CH033,,,0,,,,planned,,
cet4-389ecd90b4c5,hot,CH079,,,0,,,,planned,,
cet4-71713ddfb175,hotdog,CH015,,,0,,,,planned,,
cet4-418949639891,hotel,CH060,,,0,,,,planned,,
cet4-85f7566a2a4c,hour,CH074,,,0,,,,planned,,
cet4-d8e56a9ae333,hourly,CH137,,,0,,,,planned,,
cet4-816ab7533847,house,CH037,,,0,,,,planned,,
cet4-1f353c72d878,household,CH032,,,0,,,,planned,,
cet4-da193c317645,housewife,CH033,,,0,,,,planned,,
cet4-080c2ee2c4cb,housework,CH043,,,0,,,,planned,,
cet4-00e218ea3bee,housing,CH098,,,0,,,,planned,,
cet4-a06ee70fd86e,how,CH124,,,0,,,,planned,,
cet4-0573736042e5,however,CH024,,,0,,,,planned,,
cet4-35d8320dc118,hug,CH005,,,0,,,,planned,,
cet4-f3c4c806eaa0,huge,CH050,,,0,,,,planned,,
cet4-94d179e2128e,human,CH032,,,0,,,,planned,,
cet4-0c5c4acebb8c,humanity,CH029,,,0,,,,planned,,
cet4-9cfe410a995b,humble,CH019,,,0,,,,planned,,
cet4-e5dacc3a7e9e,humor,CH076,,,0,,,,planned,,
cet4-633dbba467ca,humorous,CH029,,,0,,,,planned,,
cet4-8d9392bb262b,hundred,CH004,,,0,,,,planned,,
cet4-92d9318ade4f,hunger,CH077,,,0,,,,planned,,
cet4-b92c9f37f07c,hungry,CH083,,,0,,,,planned,,
cet4-30f91a799a92,hunt,CH023,,,0,,,,planned,,
cet4-ac19bf79f9ff,hunter,CH041,,,0,,,,planned,,
cet4-c77c99f077c1,hunting,CH075,,,0,,,,planned,,
cet4-076b5a31edc6,hurry,CH137,,,0,,,,planned,,
cet4-e6a8255e09ad,hurt,CH084,,,0,,,,planned,,
cet4-9947eec2f032,hurtful,CH008,,,0,,,,planned,,
cet4-6d51bb28d6b7,husband,CH038,,,0,,,,planned,,
cet4-32c8409b2c47,hut,CH042,,,0,,,,planned,,
cet4-d3912d90d2c1,hydrogen,CH091,,,0,,,,planned,,
cet4-097228c06fc3,hyphen,CH112,,,0,,,,planned,,
cet4-cd724f449c1c,I,CH057,,,0,,,,planned,,
cet4-d36d160416af,ice,CH100,,,0,,,,planned,,
cet4-08aa34072ac1,ice cream,CH004,,,0,,,,planned,,
cet4-ed0e58e3dae9,icy,CH103,,,0,,,,planned,,
cet4-cc8fc897d9de,idea,CH002,,,0,,,,planned,,
cet4-fe2b2e34586f,ideal,CH076,,,0,,,,planned,,
cet4-56436e5a81bc,idealism,CH129,,,0,,,,planned,,
cet4-5592d29bbe04,idealistic,CH136,,,0,,,,planned,,
cet4-3fb9ae177478,identical,CH128,,,0,,,,planned,,
cet4-5ae66cde1f44,identification,CH129,,,0,,,,planned,,
cet4-7d4ac308bad2,identify,CH020,,,0,,,,planned,,
cet4-0c3bc67c07ea,identity,CH007,,,0,,,,planned,,
cet4-260910668c75,idiom,CH035,,,0,,,,planned,,
cet4-dc0165b56b17,idiomatic,CH110,,,0,,,,planned,,
cet4-d4e7586a5511,idle,CH045,,,0,,,,planned,,
cet4-439103c5503e,idly,CH010,,,0,,,,planned,,
cet4-f16cd951334f,if,CH091,,,0,,,,planned,,
cet4-2871b0b6e2de,ignorance,CH020,,,0,,,,planned,,
cet4-a22b44a5b963,ignorant,CH017,,,0,,,,planned,,
cet4-218f9bafc6e4,ignore,CH021,,,0,,,,planned,,
cet4-b6d76864a7c6,ill,CH075,,,0,,,,planned,,
cet4-b9e7ff999136,illegal,CH123,,,0,,,,planned,,
cet4-fd805dd3d96d,illness,CH111,,,0,,,,planned,,
cet4-d2735d8b98fd,illusion,CH079,,,0,,,,planned,,
cet4-06738141ec4d,illusory,CH099,,,0,,,,planned,,
cet4-3aa073789c0f,illustrate,CH001,,,0,,,,planned,,
cet4-e74c24cd618a,illustration,CH045,,,0,,,,planned,,
cet4-c43e1f2663fb,illustrative,CH022,,,0,,,,planned,,
cet4-66ee4154087f,image,CH128,,,0,,,,planned,,
cet4-970177eba16f,imaginary,CH025,,,0,,,,planned,,
cet4-6a86280bdb1a,imagination,CH079,,,0,,,,planned,,
cet4-437819460d2a,imaginative,CH041,,,0,,,,planned,,
cet4-2488945e01ce,imagine,CH084,,,0,,,,planned,,
cet4-3a07714431da,imaging,CH097,,,0,,,,planned,,
cet4-aacda0196cff,imitate,CH127,,,0,,,,planned,,
cet4-76c1f3b47df3,imitation,CH132,,,0,,,,planned,,
cet4-35094e7bd51c,imitative,CH005,,,0,,,,planned,,
cet4-6e711774dd65,immediate,CH072,,,0,,,,planned,,
cet4-61de8dd11bd7,immediately,CH051,,,0,,,,planned,,
cet4-429dca7d1cd1,immense,CH050,,,0,,,,planned,,
cet4-e41fe0376979,immensely,CH042,,,0,,,,planned,,
cet4-7a80c7774706,immensity,CH050,,,0,,,,planned,,
cet4-b2ef3c8ce7ae,immigrant,CH058,,,0,,,,planned,,
cet4-7ea5eccc810f,immigrate,CH068,,,0,,,,planned,,
cet4-17477491acb3,immigration,CH076,,,0,,,,planned,,
cet4-7080e814849b,immune,CH031,,,0,,,,planned,,
cet4-5c91ca69e8df,immunity,CH084,,,0,,,,planned,,
cet4-cbf2d5eabf04,immunize,CH124,,,0,,,,planned,,
cet4-505aa796f700,impact,CH077,,,0,,,,planned,,
cet4-0c5b7643e5cb,impatience,CH018,,,0,,,,planned,,
cet4-7af4a68de02f,impatient,CH003,,,0,,,,planned,,
cet4-d86325e2910a,imperial,CH085,,,0,,,,planned,,
cet4-66ba430c2056,imperialism,CH118,,,0,,,,planned,,
cet4-64fc83a74768,imperialist,CH005,,,0,,,,planned,,
cet4-9cde949bff5d,implement,CH134,,,0,,,,planned,,
cet4-4f76dced9a13,implementation,CH098,,,0,,,,planned,,
cet4-4801c75eff14,implication,CH123,,,0,,,,planned,,
cet4-d6e90d2cbfb5,implicit,CH099,,,0,,,,planned,,
cet4-c10f6d58e05b,imply,CH098,,,0,,,,planned,,
cet4-3c6109df4938,import,CH060,,,0,,,,planned,,
cet4-696647262024,importance,CH089,,,0,,,,planned,,
cet4-121fb1417486,important,CH136,,,0,,,,planned,,
cet4-41af2190e098,importation,CH069,,,0,,,,planned,,
cet4-3978666e272b,impose,CH043,,,0,,,,planned,,
cet4-5345d692e954,imposing,CH129,,,0,,,,planned,,
cet4-b789d53bf067,imposition,CH117,,,0,,,,planned,,
cet4-c76f21b4f08e,impossibility,CH116,,,0,,,,planned,,
cet4-e45f17c9d24e,impossible,CH129,,,0,,,,planned,,
cet4-e67ec9482272,impress,CH053,,,0,,,,planned,,
cet4-628969fec7bc,impression,CH013,,,0,,,,planned,,
cet4-9382171507f2,impressive,CH134,,,0,,,,planned,,
cet4-8e72b222c074,improve,CH008,,,0,,,,planned,,
cet4-657f615fb0ba,improvement,CH071,,,0,,,,planned,,
cet4-312cb2f5870c,impulse,CH042,,,0,,,,planned,,
cet4-3daede6799eb,impulsive,CH083,,,0,,,,planned,,
cet4-7fabdd5d1502,in,CH046,,,0,,,,planned,,
cet4-efeace58cb01,incentive,CH042,,,0,,,,planned,,
cet4-489fbd98fea5,inch,CH059,,,0,,,,planned,,
cet4-966e835ea753,incidence,CH072,,,0,,,,planned,,
cet4-b823178a3548,incident,CH116,,,0,,,,planned,,
cet4-28567052bd27,incidental,CH099,,,0,,,,planned,,
cet4-9d0e4f1d83c9,incidentally,CH099,,,0,,,,planned,,
cet4-249f473858ff,inclination,CH128,,,0,,,,planned,,
cet4-318318bf028d,incline,CH082,,,0,,,,planned,,
cet4-c3b33e7c7dba,inclined,CH003,,,0,,,,planned,,
cet4-51651d556ee8,include,CH095,,,0,,,,planned,,
cet4-1e0aa6447ab4,including,CH045,,,0,,,,planned,,
cet4-f7abcb7c39b9,inclusion,CH089,,,0,,,,planned,,
cet4-6965d855fa55,inclusive,CH021,,,0,,,,planned,,
cet4-0a99c1960f86,income,CH046,,,0,,,,planned,,
cet4-28ad9859a677,increase,CH022,,,0,,,,planned,,
cet4-c77531bbe2f7,increasingly,CH050,,,0,,,,planned,,
cet4-e8cfe300109b,incredible,CH064,,,0,,,,planned,,
cet4-3f9f251ea090,incredibly,CH008,,,0,,,,planned,,
cet4-8696d1674b81,indeed,CH055,,,0,,,,planned,,
cet4-1af5f62827d2,independence,CH077,,,0,,,,planned,,
cet4-4b962497e8dd,independent,CH009,,,0,,,,planned,,
cet4-99a8080dd50a,index,CH128,,,0,,,,planned,,
cet4-96a2ecfe4730,indicate,CH040,,,0,,,,planned,,
cet4-e69d29deacc9,indication,CH076,,,0,,,,planned,,
cet4-07cc4200d1da,indicative,CH051,,,0,,,,planned,,
cet4-a9bca9219cfb,indicator,CH086,,,0,,,,planned,,
cet4-c16630cf0f25,indifference,CH113,,,0,,,,planned,,
cet4-a86c44c98d82,indifferent,CH037,,,0,,,,planned,,
cet4-b51e78039242,indispensable,CH061,,,0,,,,planned,,
cet4-7008e17ae8a5,individual,CH007,,,0,,,,planned,,
cet4-abfec9a46b4f,individualism,CH007,,,0,,,,planned,,
cet4-438623cedb3a,indoor,CH080,,,0,,,,planned,,
cet4-e1d7e36c8323,indoors,CH110,,,0,,,,planned,,
cet4-29c0eea99cf7,induce,CH071,,,0,,,,planned,,
cet4-058df58feb46,inducement,CH121,,,0,,,,planned,,
cet4-8fae77822758,industrial,CH048,,,0,,,,planned,,
cet4-91f0b25d61fc,industrialize,CH043,,,0,,,,planned,,
cet4-50dd56dcf999,industrious,CH052,,,0,,,,planned,,
cet4-066b8a5257a6,industry,CH044,,,0,,,,planned,,
cet4-8ed32e403146,inevitable,CH116,,,0,,,,planned,,
cet4-ab0bb08931aa,infant,CH041,,,0,,,,planned,,
cet4-d688e4046500,infect,CH081,,,0,,,,planned,,
cet4-0d73eef318d3,infection,CH076,,,0,,,,planned,,
cet4-6140275c7376,infectious,CH019,,,0,,,,planned,,
cet4-feb356fec5bb,infer,CH121,,,0,,,,planned,,
cet4-76446be89f43,inference,CH120,,,0,,,,planned,,
cet4-1cbc39ebbad9,inferior,CH111,,,0,,,,planned,,
cet4-ad9eb7cc4830,inferiority,CH074,,,0,,,,planned,,
cet4-1364ec3cb695,infinite,CH038,,,0,,,,planned,,
cet4-33c295d63331,infinitive,CH001,,,0,,,,planned,,
cet4-55d4619712bb,infinity,CH121,,,0,,,,planned,,
cet4-714bdc335b54,inflate,CH132,,,0,,,,planned,,
cet4-baed6ee495f6,inflation,CH107,,,0,,,,planned,,
cet4-4a932ce0436a,influence,CH030,,,0,,,,planned,,
cet4-56ed6c4c0634,influential,CH042,,,0,,,,planned,,
cet4-1416a588dafd,influenza,CH081,,,0,,,,planned,,
cet4-b358b050e04b,inform,CH020,,,0,,,,planned,,
cet4-0444f23eacab,informant,CH036,,,0,,,,planned,,
cet4-099c8235a8ea,information,CH017,,,0,,,,planned,,
cet4-da54b195ce83,informative,CH003,,,0,,,,planned,,
cet4-5bbaa8776474,infrastructure,CH068,,,0,,,,planned,,
cet4-ff8e60f378c1,ingredient,CH083,,,0,,,,planned,,
cet4-a4fb8fafced2,inhabit,CH073,,,0,,,,planned,,
cet4-f6d17a793b9a,inhabitant,CH071,,,0,,,,planned,,
cet4-336fc59c0bf5,inherit,CH063,,,0,,,,planned,,
cet4-5f0f6595a70d,inheritance,CH033,,,0,,,,planned,,
cet4-71a560e91924,initial,CH038,,,0,,,,planned,,
cet4-e3d300d2eaf2,initially,CH010,,,0,,,,planned,,
cet4-5488202575e7,initiate,CH070,,,0,,,,planned,,
cet4-4c5825ea0655,initiation,CH046,,,0,,,,planned,,
cet4-e676a477261d,initiative,CH023,,,0,,,,planned,,
cet4-a5507d5a67b3,injure,CH084,,,0,,,,planned,,
cet4-88a501fc58bf,injurious,CH119,,,0,,,,planned,,
cet4-56d2e3565e28,injury,CH075,,,0,,,,planned,,
cet4-fb9bbbafeae2,ink,CH107,,,0,,,,planned,,
cet4-4f44ee85f2e4,inland,CH067,,,0,,,,planned,,
cet4-8bed4f7303bb,inn,CH062,,,0,,,,planned,,
cet4-36cc897e6428,inner,CH080,,,0,,,,planned,,
cet4-19db8c4e394b,innocence,CH124,,,0,,,,planned,,
cet4-287449b4ea01,innocent,CH019,,,0,,,,planned,,
cet4-755071af1f2f,innovate,CH101,,,0,,,,planned,,
cet4-34b222edce61,innovation,CH020,,,0,,,,planned,,
cet4-8bf4bbf69d00,innovative,CH011,,,0,,,,planned,,
cet4-cc9702b8a6cd,input,CH087,,,0,,,,planned,,
cet4-322b9b6854d1,inquire,CH021,,,0,,,,planned,,
cet4-d9cfeb1ce9bf,inquiry,CH098,,,0,,,,planned,,
cet4-317c8f9342f7,inquisitive,CH021,,,0,,,,planned,,
cet4-9813fb92bef9,insane,CH079,,,0,,,,planned,,
cet4-80ad020af2cc,insanity,CH127,,,0,,,,planned,,
cet4-54b38647e512,insect,CH102,,,0,,,,planned,,
cet4-fdab5271f68c,insert,CH120,,,0,,,,planned,,
cet4-5bd4ec030690,insertion,CH067,,,0,,,,planned,,
cet4-7c630fa1ef2e,inside,CH074,,,0,,,,planned,,
cet4-319e39243ed8,insider,CH048,,,0,,,,planned,,
cet4-f841c0445a9c,insight,CH100,,,0,,,,planned,,
cet4-4235b542d7aa,insightful,CH021,,,0,,,,planned,,
cet4-4880cf4f9416,insist,CH130,,,0,,,,planned,,
cet4-67441431aae8,insistence,CH042,,,0,,,,planned,,
cet4-0dde876ef26e,insistent,CH042,,,0,,,,planned,,
cet4-ed406d9103e5,inspect,CH035,,,0,,,,planned,,
cet4-b4915ef832b0,inspection,CH025,,,0,,,,planned,,
cet4-daf199b071d5,inspector,CH049,,,0,,,,planned,,
cet4-64560f21ba39,inspiration,CH135,,,0,,,,planned,,
cet4-30cd6e7025db,inspirational,CH137,,,0,,,,planned,,
cet4-077da0a1e134,inspire,CH001,,,0,,,,planned,,
cet4-6d21a52ed9fb,instal,CH055,,,0,,,,planned,,
cet4-9e6544e4a529,instalment,CH065,,,0,,,,planned,,
cet4-25cc7098b094,instance,CH016,,,0,,,,planned,,
cet4-774f3addca07,instant,CH061,,,0,,,,planned,,
cet4-770b050bde0f,instantaneous,CH116,,,0,,,,planned,,
cet4-445a764f684d,instead,CH010,,,0,,,,planned,,
cet4-f88c23e4625d,instinct,CH132,,,0,,,,planned,,
cet4-92f5992f143d,instinctive,CH137,,,0,,,,planned,,
cet4-a7c30cd0ec04,institute,CH020,,,0,,,,planned,,
cet4-bfced609ff86,institution,CH117,,,0,,,,planned,,
cet4-792c37d435c2,institutional,CH119,,,0,,,,planned,,
cet4-cb2943d70d45,instruct,CH022,,,0,,,,planned,,
cet4-3e762e3ceffe,instruction,CH087,,,0,,,,planned,,
cet4-b5d9eac87569,instructive,CH059,,,0,,,,planned,,
cet4-27b355c3ac70,instructor,CH015,,,0,,,,planned,,
cet4-b7e3f60a2158,instrument,CH092,,,0,,,,planned,,
cet4-9bbd3122bf3d,instrumental,CH079,,,0,,,,planned,,
cet4-77a4b502ed36,insult,CH134,,,0,,,,planned,,
cet4-9da3dab2ea9f,insurance,CH045,,,0,,,,planned,,
cet4-0de54f8ce97f,insure,CH035,,,0,,,,planned,,
cet4-cf0696993200,intact,CH083,,,0,,,,planned,,
cet4-c90be9ab9067,intake,CH080,,,0,,,,planned,,
cet4-03dca4fea7f8,intangible,CH044,,,0,,,,planned,,
cet4-28b79da0ee21,integrate,CH089,,,0,,,,planned,,
cet4-84664b6b4e9a,integration,CH108,,,0,,,,planned,,
cet4-7c8b96abb74e,integrity,CH127,,,0,,,,planned,,
cet4-578928726ff3,intellectual,CH031,,,0,,,,planned,,
cet4-df4f65bdc98b,intelligence,CH077,,,0,,,,planned,,
cet4-a09e1d5e6acd,intelligent,CH025,,,0,,,,planned,,
cet4-aafcb48a3d56,intend,CH131,,,0,,,,planned,,
cet4-17ef15a2319e,intense,CH078,,,0,,,,planned,,
cet4-c36630b61306,intensify,CH096,,,0,,,,planned,,
cet4-37d4ace53530,intensity,CH094,,,0,,,,planned,,
cet4-e0305ba5a697,intensive,CH068,,,0,,,,planned,,
cet4-6ccc28bb01ed,intent,CH064,,,0,,,,planned,,
cet4-9655704e537a,intention,CH041,,,0,,,,planned,,
cet4-922a15687ceb,intentional,CH131,,,0,,,,planned,,
cet4-236b7b4d8f7c,interact,CH062,,,0,,,,planned,,
cet4-ea9808dc6183,interaction,CH087,,,0,,,,planned,,
cet4-748595732c48,interactive,CH045,,,0,,,,planned,,
cet4-f429eae3a5ec,interest,CH118,,,0,,,,planned,,
cet4-ad6dfdf1a60a,interested,CH126,,,0,,,,planned,,
cet4-5fd074a18946,interesting,CH035,,,0,,,,planned,,
cet4-62168fd87cb9,interfere,CH084,,,0,,,,planned,,
cet4-2be7a544d98f,interference,CH072,,,0,,,,planned,,
cet4-2070564ad5ce,interior,CH058,,,0,,,,planned,,
cet4-3f1b86c91077,intermediary,CH109,,,0,,,,planned,,
cet4-2c0bc9913919,intermediate,CH092,,,0,,,,planned,,
cet4-8d7f83ad8e79,internal,CH115,,,0,,,,planned,,
cet4-aad5b262f37a,international,CH060,,,0,,,,planned,,
cet4-a76b9161c5a6,Internet,CH086,,,0,,,,planned,,
cet4-373a6baa51c4,interpret,CH073,,,0,,,,planned,,
cet4-0e8e6527a5f2,interpretation,CH073,,,0,,,,planned,,
cet4-7516defbc4a3,interpreter,CH087,,,0,,,,planned,,
cet4-d353d94a162e,interrupt,CH096,,,0,,,,planned,,
cet4-def3bd3457f6,interruption,CH080,,,0,,,,planned,,
cet4-df1f55757e01,interval,CH095,,,0,,,,planned,,
cet4-dbc5b0ca7f57,interview,CH045,,,0,,,,planned,,
cet4-1d749ca669e2,interviewee,CH042,,,0,,,,planned,,
cet4-de347430b24e,interviewer,CH036,,,0,,,,planned,,
cet4-86a6a218da8f,intimacy,CH033,,,0,,,,planned,,
cet4-7c783b7ecf0c,intimate,CH058,,,0,,,,planned,,
cet4-156d1532272c,into,CH106,,,0,,,,planned,,
cet4-9d9ecd9f63ae,introduce,CH114,,,0,,,,planned,,
cet4-81f1f9db2709,introduction,CH024,,,0,,,,planned,,
cet4-4aeda98eb657,introductory,CH059,,,0,,,,planned,,
cet4-54f8ec7be0da,intrude,CH022,,,0,,,,planned,,
cet4-5d1d0730c666,intruder,CH097,,,0,,,,planned,,
cet4-52120927f75f,intrusion,CH072,,,0,,,,planned,,
cet4-6764c430b417,invade,CH125,,,0,,,,planned,,
cet4-e22c3f0b4e8d,invader,CH088,,,0,,,,planned,,
cet4-595dd23b8a85,invalid,CH132,,,0,,,,planned,,
cet4-0af74961a2e3,invaluable,CH035,,,0,,,,planned,,
cet4-5eeb11ccbb39,invariably,CH133,,,0,,,,planned,,
cet4-aea4bd2d6867,invasion,CH076,,,0,,,,planned,,
cet4-2eadbfa2a24d,invasive,CH081,,,0,,,,planned,,
cet4-0eeab1fc4e0f,invent,CH071,,,0,,,,planned,,
cet4-3f962fd408f9,invention,CH022,,,0,,,,planned,,
cet4-848c3d1ab5af,inventor,CH133,,,0,,,,planned,,
cet4-a638a23f3a1b,invest,CH042,,,0,,,,planned,,
cet4-6208b04db38a,investigate,CH021,,,0,,,,planned,,
cet4-b2ce8817ccf3,investigation,CH052,,,0,,,,planned,,
cet4-b6f8c9b09657,investigator,CH122,,,0,,,,planned,,
cet4-89069c711b25,investment,CH107,,,0,,,,planned,,
cet4-b7af9bbe2cbd,investor,CH046,,,0,,,,planned,,
cet4-bb1c390c5015,invisible,CH043,,,0,,,,planned,,
cet4-73f94e90d72f,invitation,CH120,,,0,,,,planned,,
cet4-fc8d23a2fe76,invite,CH040,,,0,,,,planned,,
cet4-93c22cddc6d0,inviting,CH120,,,0,,,,planned,,
cet4-abac9d0292e0,involve,CH071,,,0,,,,planned,,
cet4-0ecedae951d2,involved,CH032,,,0,,,,planned,,
cet4-d087806f4033,involvement,CH117,,,0,,,,planned,,
cet4-7c724e7a8f5e,inward,CH131,,,0,,,,planned,,
cet4-adef773f2752,iron,CH069,,,0,,,,planned,,
cet4-7ec5556f5d94,ironic,CH018,,,0,,,,planned,,
cet4-37ab0bb08b37,ironically,CH010,,,0,,,,planned,,
cet4-7abea2120823,irony,CH018,,,0,,,,planned,,
cet4-b5714578ded6,irrational,CH134,,,0,,,,planned,,
cet4-6ba9c1962333,irregular,CH116,,,0,,,,planned,,
cet4-3e9dfc4a0bc3,irrigate,CH099,,,0,,,,planned,,
cet4-cfe886e801be,irrigation,CH076,,,0,,,,planned,,
cet4-1e2988408908,island,CH108,,,0,,,,planned,,
cet4-f8a728859f41,isolate,CH032,,,0,,,,planned,,
cet4-1c04d8fa678a,isolation,CH030,,,0,,,,planned,,
cet4-6c029d878c29,issue,CH117,,,0,,,,planned,,
cet4-379ca1cab4f0,it,CH087,,,0,,,,planned,,
cet4-cc6ab844df02,item,CH009,,,0,,,,planned,,
cet4-89b653804b60,its,CH094,,,0,,,,planned,,
cet4-28328fdb3432,itself,CH027,,,0,,,,planned,,
cet4-9cb40b45c0e5,jacket,CH024,,,0,,,,planned,,
cet4-244639bce9e2,jail,CH114,,,0,,,,planned,,
cet4-0b3ff8c49a06,jam,CH027,,,0,,,,planned,,
cet4-426e40f817eb,January,CH024,,,0,,,,planned,,
cet4-c77b786f0cb8,jar,CH072,,,0,,,,planned,,
cet4-65a90db42faf,jaw,CH085,,,0,,,,planned,,
cet4-3fb54e50a89a,jazz,CH057,,,0,,,,planned,,
cet4-cac442940695,jealous,CH042,,,0,,,,planned,,
cet4-a712da0d43aa,jealousy,CH116,,,0,,,,planned,,
cet4-2009e8775bcd,jeans,CH056,,,0,,,,planned,,
cet4-15fa0937fb83,jeep,CH057,,,0,,,,planned,,
cet4-098358c1ee31,jet,CH105,,,0,,,,planned,,
cet4-474e6b2df33a,jewel,CH036,,,0,,,,planned,,
cet4-ddcf59844669,job,CH054,,,0,,,,planned,,
cet4-a91366f55dad,jog,CH084,,,0,,,,planned,,
cet4-a73d505c26e6,join,CH053,,,0,,,,planned,,
cet4-e69ec306155e,joint,CH084,,,0,,,,planned,,
cet4-bf2af9b10e69,joke,CH126,,,0,,,,planned,,
cet4-2cf1b98ce9b0,journal,CH020,,,0,,,,planned,,
cet4-9df9c4d2028b,journalism,CH050,,,0,,,,planned,,
cet4-34180db05ef7,journalist,CH015,,,0,,,,planned,,
cet4-6e6b3d9f046f,journey,CH060,,,0,,,,planned,,
cet4-aa1807a382d2,joy,CH042,,,0,,,,planned,,
cet4-2cbbbf37dab4,joyful,CH003,,,0,,,,planned,,
cet4-b50488c5c864,joyous,CH029,,,0,,,,planned,,
cet4-c961d35d0d96,judge,CH123,,,0,,,,planned,,
cet4-08676ce2f310,judgment,CH034,,,0,,,,planned,,
cet4-64556bb75f3e,juice,CH105,,,0,,,,planned,,
cet4-6600f7420c03,juicy,CH134,,,0,,,,planned,,
cet4-aa0679f40c4f,July,CH061,,,0,,,,planned,,
cet4-1af29316b004,jump,CH096,,,0,,,,planned,,
cet4-e312734e7d48,June,CH061,,,0,,,,planned,,
cet4-37fdd8284b5f,jungle,CH111,,,0,,,,planned,,
cet4-f49c1b6b13bf,junior,CH030,,,0,,,,planned,,
cet4-577e1243f2eb,junk,CH088,,,0,,,,planned,,
cet4-239b088c70ee,juror,CH122,,,0,,,,planned,,
cet4-b72c6d0eaa22,jury,CH114,,,0,,,,planned,,
cet4-262cb7dc4222,just,CH129,,,0,,,,planned,,
cet4-778a4527cca4,justice,CH103,,,0,,,,planned,,
cet4-c99e7b140762,justification,CH096,,,0,,,,planned,,
cet4-82ddde6533dd,justify,CH088,,,0,,,,planned,,
cet4-4888da16114c,keen,CH051,,,0,,,,planned,,
cet4-a4fbc146e411,keep,CH002,,,0,,,,planned,,
cet4-c78801781ea9,kettle,CH085,,,0,,,,planned,,
cet4-ff337efdb069,key,CH092,,,0,,,,planned,,
cet4-cc997f4e9fb9,keyboard,CH086,,,0,,,,planned,,
cet4-71cb6e8a3415,kick,CH082,,,0,,,,planned,,
cet4-b434f9e0b8d7,kid,CH015,,,0,,,,planned,,
cet4-9b1123fc8f98,kill,CH068,,,0,,,,planned,,
cet4-5a8d55f296c4,kilo,CH094,,,0,,,,planned,,
cet4-740d37037543,kilogram,CH068,,,0,,,,planned,,
cet4-eefdd144d4a8,kilometer,CH074,,,0,,,,planned,,
cet4-87c217deb134,kin,CH037,,,0,,,,planned,,
cet4-4a3606b908e7,kind,CH128,,,0,,,,planned,,
cet4-1735a51a50d1,kindergarten,CH027,,,0,,,,planned,,
cet4-5f2d910f1b10,kindness,CH006,,,0,,,,planned,,
cet4-f5ce263f7169,king,CH057,,,0,,,,planned,,
cet4-fc80132b5dd0,kingdom,CH059,,,0,,,,planned,,
cet4-52c2b677507a,kiss,CH041,,,0,,,,planned,,
cet4-0c7d90661e26,kit,CH100,,,0,,,,planned,,
cet4-21cd2a8d706b,kitchen,CH083,,,0,,,,planned,,
cet4-d1c55441bea2,kite,CH136,,,0,,,,planned,,
cet4-1e79e35800a5,knee,CH074,,,0,,,,planned,,
cet4-d9bad5ab174b,kneel,CH028,,,0,,,,planned,,
cet4-8dc94c2d0157,knife,CH112,,,0,,,,planned,,
cet4-3103cf165c93,knit,CH053,,,0,,,,planned,,
cet4-f0fb5be444cf,knock,CH134,,,0,,,,planned,,
cet4-b0965b508b43,knot,CH057,,,0,,,,planned,,
cet4-399e1b12e891,knotty,CH005,,,0,,,,planned,,
cet4-654c66567801,know,CH026,,,0,,,,planned,,
cet4-721c78e8f26f,knowledge,CH016,,,0,,,,planned,,
cet4-069f97228c36,knowledgeable,CH028,,,0,,,,planned,,
cet4-52587cc91c57,lab,CH021,,,0,,,,planned,,
cet4-43d461dabc25,label,CH044,,,0,,,,planned,,
cet4-b5556f808576,labor,CH054,,,0,,,,planned,,
cet4-ee335c4c48c7,laboratory,CH020,,,0,,,,planned,,
cet4-860f11baf60d,laborious,CH084,,,0,,,,planned,,
cet4-6903b2886385,lace,CH048,,,0,,,,planned,,
cet4-72a71aa2ea4f,lack,CH008,,,0,,,,planned,,
cet4-fb6fc67e8479,ladder,CH071,,,0,,,,planned,,
cet4-bb5f54180b2b,lady,CH004,,,0,,,,planned,,
cet4-371b980de0ee,lag,CH091,,,0,,,,planned,,
cet4-2b238057c81d,lake,CH104,,,0,,,,planned,,
cet4-47312ffa8c74,lamb,CH033,,,0,,,,planned,,
cet4-0acb51bbe51d,lame,CH025,,,0,,,,planned,,
cet4-b5c5ae91b63f,lamp,CH091,,,0,,,,planned,,
cet4-017298e3e590,land,CH106,,,0,,,,planned,,
cet4-56e3d2790d05,landing,CH107,,,0,,,,planned,,
cet4-0ee7ba76bbb8,landlady,CH109,,,0,,,,planned,,
cet4-7ea308b68b90,landlord,CH052,,,0,,,,planned,,
cet4-286467f183bc,landscape,CH079,,,0,,,,planned,,
cet4-ec173484eaf7,lane,CH069,,,0,,,,planned,,
cet4-1d441febed25,language,CH016,,,0,,,,planned,,
cet4-764959ea8c8a,lap,CH031,,,0,,,,planned,,
cet4-c395eb2f7da3,laptop,CH093,,,0,,,,planned,,
cet4-5eef9fd3f749,large,CH066,,,0,,,,planned,,
cet4-2a7152ea75dc,largely,CH014,,,0,,,,planned,,
cet4-38b68be94d5f,laser,CH094,,,0,,,,planned,,
cet4-86896df4902c,lass,CH004,,,0,,,,planned,,
cet4-43d9186d8522,last,CH041,,,0,,,,planned,,
cet4-3b918e4ae5c4,lastly,CH064,,,0,,,,planned,,
cet4-ae7ef0b7c095,late,CH065,,,0,,,,planned,,
cet4-df5965b4902f,lately,CH001,,,0,,,,planned,,
cet4-0cf9a25e4601,later,CH015,,,0,,,,planned,,
cet4-31becc4f68cf,latter,CH038,,,0,,,,planned,,
cet4-80fb57bc784c,laugh,CH036,,,0,,,,planned,,
cet4-a849f08e00e5,laughter,CH080,,,0,,,,planned,,
cet4-843f4ed95aee,launch,CH121,,,0,,,,planned,,
cet4-c34368abd865,laundry,CH053,,,0,,,,planned,,
cet4-8f80fda3928a,lavatory,CH107,,,0,,,,planned,,
cet4-3e1712852213,law,CH118,,,0,,,,planned,,
cet4-12a3f0638f98,lawful,CH123,,,0,,,,planned,,
cet4-f7f1cce39aed,lawn,CH119,,,0,,,,planned,,
cet4-1294343af3cc,lawyer,CH123,,,0,,,,planned,,
cet4-7913dfdde4bd,lay,CH132,,,0,,,,planned,,
cet4-2c36b6750bf0,layer,CH096,,,0,,,,planned,,
cet4-b589ac989366,layoff,CH045,,,0,,,,planned,,
cet4-afa1680a725d,layout,CH097,,,0,,,,planned,,
cet4-44c9fce894e0,laziness,CH042,,,0,,,,planned,,
cet4-43600fe4c4ee,lazy,CH059,,,0,,,,planned,,
cet4-4624d5b4f3a0,lead,CH013,,,0,,,,planned,,
cet4-5b14d860a1fb,leader,CH007,,,0,,,,planned,,
cet4-548eba66ead6,leadership,CH002,,,0,,,,planned,,
cet4-9ededc5079cd,leading,CH099,,,0,,,,planned,,
cet4-8e34ef1b8b0b,leaf,CH026,,,0,,,,planned,,
cet4-89461dc88772,league,CH009,,,0,,,,planned,,
cet4-cee9c237f72c,leak,CH107,,,0,,,,planned,,
cet4-e5c77a55704f,lean,CH055,,,0,,,,planned,,
cet4-82f848927bb0,leap,CH067,,,0,,,,planned,,
cet4-df9dbcc2efa1,learn,CH017,,,0,,,,planned,,
cet4-ed114d43a379,learned,CH017,,,0,,,,planned,,
cet4-d520ec7761ac,learner,CH017,,,0,,,,planned,,
cet4-ee2041fc41a0,learning,CH017,,,0,,,,planned,,
cet4-21f35120d289,lease,CH034,,,0,,,,planned,,
cet4-712df7a77326,least,CH012,,,0,,,,planned,,
cet4-393899a6cd6b,leather,CH105,,,0,,,,planned,,
cet4-93ed19409881,leave,CH056,,,0,,,,planned,,
cet4-d102797939cd,lecture,CH017,,,0,,,,planned,,
cet4-8dfa7d0ebab5,lecturer,CH052,,,0,,,,planned,,
cet4-cc37724ba4f3,left,CH118,,,0,,,,planned,,
cet4-19b704d0f5ca,leftist,CH113,,,0,,,,planned,,
cet4-367377280e0e,leg,CH107,,,0,,,,planned,,
cet4-0c8549a8becc,legal,CH118,,,0,,,,planned,,
cet4-2bff250302f9,legalize,CH123,,,0,,,,planned,,
cet4-4e86a3549b59,legend,CH088,,,0,,,,planned,,
cet4-c9a886859845,legendary,CH099,,,0,,,,planned,,
cet4-84d8146d5d0d,legislate,CH116,,,0,,,,planned,,
cet4-149cb1d78b7a,legislation,CH081,,,0,,,,planned,,
cet4-e41a39d8da13,legislative,CH011,,,0,,,,planned,,
cet4-4d21b998243f,legislator,CH125,,,0,,,,planned,,
cet4-627c269f3e33,leisure,CH015,,,0,,,,planned,,
cet4-6aed0268d263,leisurely,CH005,,,0,,,,planned,,
cet4-0123180f3c2d,lemon,CH082,,,0,,,,planned,,
cet4-08bcf459d1ff,lemonade,CH083,,,0,,,,planned,,
cet4-8c5fe89abe99,lend,CH012,,,0,,,,planned,,
cet4-8b355afbc9fe,length,CH091,,,0,,,,planned,,
cet4-a065ea79044a,lengthy,CH062,,,0,,,,planned,,
cet4-b3c79a66f393,lens,CH033,,,0,,,,planned,,
cet4-ad379606c7ff,less,CH096,,,0,,,,planned,,
cet4-0e89c487ff00,lesson,CH012,,,0,,,,planned,,
cet4-4b98421b83d3,lest,CH004,,,0,,,,planned,,
cet4-442ef461fc23,let,CH124,,,0,,,,planned,,
cet4-4c98f8e42d8e,letter,CH034,,,0,,,,planned,,
cet4-92137b7617e2,level,CH091,,,0,,,,planned,,
cet4-f5bc600c8840,liability,CH117,,,0,,,,planned,,
cet4-e1ef4b0b3fea,liable,CH117,,,0,,,,planned,,
cet4-fb1e93545bce,liar,CH036,,,0,,,,planned,,
cet4-b89578d60eb1,liberal,CH118,,,0,,,,planned,,
cet4-3a65172d6015,liberate,CH124,,,0,,,,planned,,
cet4-3d4e2408239e,liberation,CH089,,,0,,,,planned,,
cet4-fa9e1206d7fa,liberty,CH003,,,0,,,,planned,,
cet4-d82fbde5b6a9,librarian,CH048,,,0,,,,planned,,
cet4-cb1f9a4178be,library,CH016,,,0,,,,planned,,
cet4-2e76838804ef,licence,CH066,,,0,,,,planned,,
cet4-15b0efbb126f,lick,CH035,,,0,,,,planned,,
cet4-9fd63f2fca84,lid,CH055,,,0,,,,planned,,
cet4-a6110750df88,lie,CH121,,,0,,,,planned,,
cet4-3894b55087ea,life,CH136,,,0,,,,planned,,
cet4-9886229b7413,lift,CH107,,,0,,,,planned,,
cet4-571965395c89,light,CH092,,,0,,,,planned,,
cet4-276b4a83510f,lighting,CH014,,,0,,,,planned,,
cet4-1e7bffb690f9,lightning,CH111,,,0,,,,planned,,
cet4-1c4ac903832f,like,CH040,,,0,,,,planned,,
cet4-a4c198554a74,likelihood,CH014,,,0,,,,planned,,
cet4-3daf24eaed7f,likely,CH051,,,0,,,,planned,,
cet4-b52ef1a76484,likewise,CH133,,,0,,,,planned,,
cet4-f2d1ab60e899,lily,CH112,,,0,,,,planned,,
cet4-fbd86dc37f01,limb,CH033,,,0,,,,planned,,
cet4-d79b3c1fcf87,limit,CH009,,,0,,,,planned,,
cet4-b4baa338048d,limitation,CH115,,,0,,,,planned,,
cet4-300d5e28e991,limited,CH131,,,0,,,,planned,,
cet4-b81f7e02bafe,line,CH019,,,0,,,,planned,,
cet4-30255fdc02f8,linear,CH096,,,0,,,,planned,,
cet4-8f9ae22c6ba0,link,CH090,,,0,,,,planned,,
cet4-6ca4204bff75,linkage,CH094,,,0,,,,planned,,
cet4-78ed5cdce05d,lion,CH002,,,0,,,,planned,,
cet4-5a0198e75f19,lioness,CH029,,,0,,,,planned,,
cet4-72e14cf81d64,lip,CH090,,,0,,,,planned,,
cet4-be19a1208c0b,liquid,CH026,,,0,,,,planned,,
cet4-73eb6b55c948,liquor,CH103,,,0,,,,planned,,
cet4-5a17c12f6d89,list,CH092,,,0,,,,planned,,
cet4-e751da2c2177,listen,CH035,,,0,,,,planned,,
cet4-37af1fcfc4c8,listener,CH109,,,0,,,,planned,,
cet4-0cd92e4292d9,liter,CH108,,,0,,,,planned,,
cet4-ec1e86b01414,literacy,CH016,,,0,,,,planned,,
cet4-8b77dbbbb891,literal,CH095,,,0,,,,planned,,
cet4-14f5515cc1ed,literally,CH035,,,0,,,,planned,,
cet4-e1faefd299d8,literary,CH028,,,0,,,,planned,,
cet4-e731b904a27c,literate,CH017,,,0,,,,planned,,
cet4-a157d7b771cf,literature,CH017,,,0,,,,planned,,
cet4-db72bebd0ae8,litter,CH037,,,0,,,,planned,,
cet4-59ce9887d9df,little,CH037,,,0,,,,planned,,
cet4-0f1a22a30e79,live,CH135,,,0,,,,planned,,
cet4-99361c54c079,livelihood,CH059,,,0,,,,planned,,
cet4-14095bec3584,lively,CH111,,,0,,,,planned,,
cet4-d97345bfa55f,liver,CH136,,,0,,,,planned,,
cet4-5753e9b3e383,living,CH041,,,0,,,,planned,,
cet4-d9e8e5fe00c9,living room,CH014,,,0,,,,planned,,
cet4-977c6211ed5d,load,CH066,,,0,,,,planned,,
cet4-ca596a089f7b,loaf,CH027,,,0,,,,planned,,
cet4-8c1702c91cf4,loan,CH126,,,0,,,,planned,,
cet4-5ab7f84e0f8b,lobby,CH114,,,0,,,,planned,,
cet4-590aa8aac281,lobbyist,CH046,,,0,,,,planned,,
cet4-6c1f79dde65f,local,CH060,,,0,,,,planned,,
cet4-30d423a01674,locality,CH119,,,0,,,,planned,,
cet4-fd40f3c4b9d2,locate,CH028,,,0,,,,planned,,
cet4-f616950d49cd,location,CH045,,,0,,,,planned,,
cet4-d5c4b28a0a2e,lock,CH106,,,0,,,,planned,,
cet4-3153621f4fec,locker,CH097,,,0,,,,planned,,
cet4-c6e15fd4d349,lodge,CH066,,,0,,,,planned,,
cet4-d9db4188d6aa,lodging,CH116,,,0,,,,planned,,
cet4-51d8895887d5,log,CH070,,,0,,,,planned,,
cet4-2bedfc94a4ad,logic,CH086,,,0,,,,planned,,
cet4-10cb08ae054e,logical,CH126,,,0,,,,planned,,
cet4-300ee8cc8bd8,logo,CH085,,,0,,,,planned,,
cet4-c67b82444802,loneliness,CH005,,,0,,,,planned,,
cet4-9d358f72a054,lonely,CH006,,,0,,,,planned,,
cet4-1709c9648c6d,long,CH090,,,0,,,,planned,,
cet4-80f7b4184272,look,CH082,,,0,,,,planned,,
cet4-81334e69d843,loophole,CH056,,,0,,,,planned,,
cet4-d3261c557f87,loose,CH058,,,0,,,,planned,,
cet4-2eb558e584d7,loosen,CH109,,,0,,,,planned,,
cet4-f4c391a471c2,lord,CH001,,,0,,,,planned,,
cet4-41dd2218aa1c,lorry,CH098,,,0,,,,planned,,
cet4-260f654f8ac3,lose,CH034,,,0,,,,planned,,
cet4-6958b7e8abb4,loss,CH098,,,0,,,,planned,,
cet4-2608bdb00311,lot,CH026,,,0,,,,planned,,
cet4-88fcbae36580,loud,CH134,,,0,,,,planned,,
cet4-153ac3a56f81,love,CH033,,,0,,,,planned,,
cet4-1c6d34a644df,lovely,CH033,,,0,,,,planned,,
cet4-b2066e538141,lover,CH030,,,0,,,,planned,,
cet4-83be3cbb0269,low,CH104,,,0,,,,planned,,
cet4-40db7a4082cd,lower,CH084,,,0,,,,planned,,
cet4-cb6dfc9f25f1,loyal,CH137,,,0,,,,planned,,
cet4-4b8618b620cf,loyalty,CH120,,,0,,,,planned,,
cet4-2af197f008f0,luck,CH040,,,0,,,,planned,,
cet4-8b2e3145a226,lucky,CH080,,,0,,,,planned,,
cet4-40ef22242ab8,luggage,CH061,,,0,,,,planned,,
cet4-7b14bfac2ba5,lump,CH062,,,0,,,,planned,,
cet4-d831b2b808a9,lunar,CH073,,,0,,,,planned,,
cet4-7211f7220c45,lunch,CH042,,,0,,,,planned,,
cet4-0ca1bf520868,luncheon,CH042,,,0,,,,planned,,
cet4-766fe52a0dac,lung,CH083,,,0,,,,planned,,
cet4-64e330fbbb7f,luxurious,CH010,,,0,,,,planned,,
cet4-106dd1a221bb,luxury,CH010,,,0,,,,planned,,
cet4-47abd645a888,machine,CH086,,,0,,,,planned,,
cet4-f033fd0456d5,machinery,CH087,,,0,,,,planned,,
cet4-482626c7816e,mad,CH129,,,0,,,,planned,,
cet4-e216ad3338cb,madam,CH109,,,0,,,,planned,,
cet4-ceb1f9c0127a,madden,CH131,,,0,,,,planned,,
cet4-bb0e0b67c3ce,magazine,CH048,,,0,,,,planned,,
cet4-2f5edc4d5a17,magic,CH028,,,0,,,,planned,,
cet4-ed0ca2bd0b8f,magical,CH028,,,0,,,,planned,,
cet4-d399fd414c68,magnet,CH087,,,0,,,,planned,,
cet4-82afd74ff770,magnetic,CH111,,,0,,,,planned,,
cet4-eb885fd74407,magnificence,CH005,,,0,,,,planned,,
cet4-0737d93390d7,magnificent,CH005,,,0,,,,planned,,
cet4-cba0efa13a78,maid,CH110,,,0,,,,planned,,
cet4-416492a0b784,maiden,CH039,,,0,,,,planned,,
cet4-9a17853cfd43,mail,CH044,,,0,,,,planned,,
cet4-bac0595c1280,main,CH092,,,0,,,,planned,,
cet4-a556ba1e912b,mainland,CH067,,,0,,,,planned,,
cet4-c3360947ab13,mainstream,CH035,,,0,,,,planned,,
cet4-b9f9c6e1097e,maintain,CH062,,,0,,,,planned,,
cet4-8274d998c85a,maintenance,CH118,,,0,,,,planned,,
cet4-a8dcd099674b,major,CH007,,,0,,,,planned,,
cet4-b201280b070e,majority,CH034,,,0,,,,planned,,
cet4-7c36467eca43,make,CH071,,,0,,,,planned,,
cet4-58e05248d818,makeup,CH067,,,0,,,,planned,,
cet4-af90dd597635,male,CH106,,,0,,,,planned,,
cet4-0d439299fc6d,mall,CH125,,,0,,,,planned,,
cet4-a9840059784b,mammal,CH019,,,0,,,,planned,,
cet4-610245fdab8d,man,CH034,,,0,,,,planned,,
cet4-aa3023417e54,manage,CH014,,,0,,,,planned,,
cet4-08e0d34c3314,management,CH043,,,0,,,,planned,,
cet4-770b781e7c27,manager,CH044,,,0,,,,planned,,
cet4-507ad92371e2,managerial,CH048,,,0,,,,planned,,
cet4-7cf500d89bfb,manhood,CH126,,,0,,,,planned,,
cet4-f57882aad57d,manipulate,CH020,,,0,,,,planned,,
cet4-b7066b6afdca,manipulation,CH093,,,0,,,,planned,,
cet4-ed196ac36a4a,manipulative,CH028,,,0,,,,planned,,
cet4-98b9f01dfd90,mankind,CH112,,,0,,,,planned,,
cet4-3406f00acdc7,manly,CH004,,,0,,,,planned,,
cet4-b72e5ad02b16,manner,CH126,,,0,,,,planned,,
cet4-756924e0936f,manual,CH024,,,0,,,,planned,,
cet4-9a15b6801c36,manufacture,CH047,,,0,,,,planned,,
cet4-a274c52ba468,manufacturer,CH048,,,0,,,,planned,,
cet4-5c3a5660dcf6,many,CH012,,,0,,,,planned,,
cet4-90e9bc525cad,map,CH107,,,0,,,,planned,,
cet4-d1642c8b402b,marathon,CH049,,,0,,,,planned,,
cet4-1b133edb137a,march,CH051,,,0,,,,planned,,
cet4-9c2949a6ab0f,margin,CH048,,,0,,,,planned,,
cet4-079b3bbbf185,marginal,CH074,,,0,,,,planned,,
cet4-8c7a9e70c8c0,marine,CH066,,,0,,,,planned,,
cet4-4226f4442d1c,marital,CH040,,,0,,,,planned,,
cet4-b4c5bb06df5a,mark,CH009,,,0,,,,planned,,
cet4-962c5eb2d05a,market,CH118,,,0,,,,planned,,
cet4-cf0d256066f5,marketing,CH054,,,0,,,,planned,,
cet4-95dc4ab574c6,marriage,CH030,,,0,,,,planned,,
cet4-2cf70ceddeb7,marry,CH038,,,0,,,,planned,,
cet4-3f0d455a5d9c,marsh,CH023,,,0,,,,planned,,
cet4-1aab4797cff5,marshal,CH048,,,0,,,,planned,,
cet4-66dcc74de4d0,marvel,CH062,,,0,,,,planned,,
cet4-eccb2a51e6ae,marvelous,CH110,,,0,,,,planned,,
cet4-3b5c8831eaa9,Marxism,CH118,,,0,,,,planned,,
cet4-9468094f7b90,Marxist,CH061,,,0,,,,planned,,
cet4-607160ffb092,mask,CH091,,,0,,,,planned,,
cet4-35f2bac7d2e1,mass,CH082,,,0,,,,planned,,
cet4-88f1845b501a,massage,CH084,,,0,,,,planned,,
cet4-1ab5c939ba10,massive,CH079,,,0,,,,planned,,
cet4-af69c637b198,master,CH053,,,0,,,,planned,,
cet4-0f1e96410c02,masterpiece,CH047,,,0,,,,planned,,
cet4-b701ba55aaf1,mastery,CH121,,,0,,,,planned,,
cet4-8e0baf88499e,mat,CH082,,,0,,,,planned,,
cet4-f836fa7f84a0,match,CH092,,,0,,,,planned,,
cet4-963f4e0e0341,mate,CH105,,,0,,,,planned,,
cet4-40bb6afe3d57,material,CH044,,,0,,,,planned,,
cet4-243f4c758cb8,materialism,CH129,,,0,,,,planned,,
cet4-2a5e28f9d03a,materialist,CH129,,,0,,,,planned,,
cet4-b470b76151e9,materialize,CH109,,,0,,,,planned,,
cet4-7bef937c7e1a,math,CH093,,,0,,,,planned,,
cet4-77b07fb3675c,mathematical,CH108,,,0,,,,planned,,
cet4-6e120654b1af,mathematics,CH094,,,0,,,,planned,,
cet4-439d44dbd606,matter,CH051,,,0,,,,planned,,
cet4-105a2270619d,mature,CH045,,,0,,,,planned,,
cet4-c549bcedb325,maturity,CH078,,,0,,,,planned,,
cet4-79aea1a1f5ca,maximal,CH080,,,0,,,,planned,,
cet4-b0cc1e10f712,maximize,CH089,,,0,,,,planned,,
cet4-0c0f68f0950f,maximum,CH098,,,0,,,,planned,,
cet4-c3d7bcfc98d4,may,CH061,,,0,,,,planned,,
cet4-15d4ea664bdb,maybe,CH061,,,0,,,,planned,,
cet4-41f860aa9021,mayor,CH115,,,0,,,,planned,,
cet4-82112aa85968,me,CH005,,,0,,,,planned,,
cet4-0d211ec204e6,meal,CH076,,,0,,,,planned,,
cet4-22cd2af313b0,mean,CH022,,,0,,,,planned,,
cet4-8854846a4a09,meaning,CH022,,,0,,,,planned,,
cet4-e90bf0046b10,meaningful,CH005,,,0,,,,planned,,
cet4-22afcb2420f7,means,CH045,,,0,,,,planned,,
cet4-778883e7714a,meantime,CH049,,,0,,,,planned,,
cet4-c911a2fc0527,meanwhile,CH067,,,0,,,,planned,,
cet4-6a7d2265407f,measurable,CH029,,,0,,,,planned,,
cet4-3c1f8b494fe6,measure,CH032,,,0,,,,planned,,
cet4-a3fdb2a9b4ce,measurement,CH093,,,0,,,,planned,,
cet4-ad2b16ce9866,meat,CH110,,,0,,,,planned,,
cet4-586262dc7ee4,meaty,CH103,,,0,,,,planned,,
cet4-7ad4010d3c59,mechanic,CH097,,,0,,,,planned,,
cet4-973b0b02a89b,mechanical,CH094,,,0,,,,planned,,
cet4-21018a871e96,mechanics,CH091,,,0,,,,planned,,
cet4-ae4ee405b86d,mechanism,CH087,,,0,,,,planned,,
cet4-08f731061b1d,mechanization,CH089,,,0,,,,planned,,
cet4-140987b14516,mechanize,CH059,,,0,,,,planned,,
cet4-087b84e7cdb5,medal,CH065,,,0,,,,planned,,
cet4-5d7e7931e927,media,CH105,,,0,,,,planned,,
cet4-a523078ede4e,medical,CH081,,,0,,,,planned,,
cet4-320d862be126,Medicare,CH034,,,0,,,,planned,,
cet4-499e96d39a35,medicinal,CH084,,,0,,,,planned,,
cet4-443061febb17,medicine,CH017,,,0,,,,planned,,
cet4-f5123e8f7fa0,medium,CH070,,,0,,,,planned,,
cet4-56d333999d9c,meet,CH125,,,0,,,,planned,,
cet4-08e9adbf51a2,meeting,CH114,,,0,,,,planned,,
cet4-4fa08d3fd8ed,melon,CH041,,,0,,,,planned,,
cet4-7466c03fe331,melt,CH116,,,0,,,,planned,,
cet4-b1400df7d9c0,member,CH009,,,0,,,,planned,,
cet4-9557fdf23eb7,membership,CH065,,,0,,,,planned,,
cet4-48313b9c1d17,memo,CH127,,,0,,,,planned,,
cet4-66c1d0281efa,memorandum,CH127,,,0,,,,planned,,
cet4-f7efecdbcd7a,memorial,CH056,,,0,,,,planned,,
cet4-a43ccfd91dbb,memorize,CH016,,,0,,,,planned,,
cet4-d61cd5afc97a,memory,CH022,,,0,,,,planned,,
cet4-9d858fdd5e2d,mend,CH109,,,0,,,,planned,,
cet4-5011d9b6e301,mental,CH075,,,0,,,,planned,,
cet4-62142b7cbca1,mentality,CH075,,,0,,,,planned,,
cet4-a80d6c24bf40,mention,CH024,,,0,,,,planned,,
cet4-8cee5ad8b4ca,menu,CH087,,,0,,,,planned,,
cet4-190d54ecd090,merchant,CH048,,,0,,,,planned,,
cet4-8690ed45aedd,merciful,CH006,,,0,,,,planned,,
cet4-0c527adfa9cc,mercy,CH126,,,0,,,,planned,,
cet4-9269050c2b8a,mere,CH102,,,0,,,,planned,,
cet4-a05d94995577,merely,CH008,,,0,,,,planned,,
cet4-1454a4ba628b,merit,CH004,,,0,,,,planned,,
cet4-da99fc758665,meritorious,CH122,,,0,,,,planned,,
cet4-ae276de8b81e,merriment,CH021,,,0,,,,planned,,
cet4-012c79bf7335,merry,CH018,,,0,,,,planned,,
cet4-a18c6f96680c,mess,CH053,,,0,,,,planned,,
cet4-886d178962f3,message,CH093,,,0,,,,planned,,
cet4-b28386a5bc4c,messenger,CH036,,,0,,,,planned,,
cet4-4b87af600d89,messy,CH064,,,0,,,,planned,,
cet4-0dc3d11eb91b,metal,CH110,,,0,,,,planned,,
cet4-48ebc8464983,metallic,CH050,,,0,,,,planned,,
cet4-65d1d0828d98,meter,CH066,,,0,,,,planned,,
cet4-3d08bb71d84f,method,CH016,,,0,,,,planned,,
cet4-e4180deee0c9,methodical,CH021,,,0,,,,planned,,
cet4-3c97195cc307,methodology,CH094,,,0,,,,planned,,
cet4-272f8f75067e,metric,CH074,,,0,,,,planned,,
cet4-b4ceb552a212,metro,CH014,,,0,,,,planned,,
cet4-255062edaf42,microphone,CH085,,,0,,,,planned,,
cet4-9384fcfdd42e,microscope,CH097,,,0,,,,planned,,
cet4-0c2c4b936615,microscopic,CH093,,,0,,,,planned,,
cet4-06cc210b7939,microwave,CH085,,,0,,,,planned,,
cet4-74b1084c2a02,midday,CH109,,,0,,,,planned,,
cet4-61d6f0e1f792,middle,CH074,,,0,,,,planned,,
cet4-df4e73abee3a,middle class,CH025,,,0,,,,planned,,
cet4-34178bd70108,midnight,CH005,,,0,,,,planned,,
cet4-92be714b5313,might,CH078,,,0,,,,planned,,
cet4-ee739b639bc9,mighty,CH018,,,0,,,,planned,,
cet4-4120022fb87f,migrant,CH069,,,0,,,,planned,,
cet4-50cc17dec3b0,migrate,CH067,,,0,,,,planned,,
cet4-879b28d3bd68,migration,CH070,,,0,,,,planned,,
cet4-ba44322bb9d6,mild,CH083,,,0,,,,planned,,
cet4-d23c38b03af8,mile,CH091,,,0,,,,planned,,
cet4-0c4f279cd373,mileage,CH066,,,0,,,,planned,,
cet4-9c575a9c97fd,military,CH020,,,0,,,,planned,,
cet4-9d712adf8e88,milk,CH105,,,0,,,,planned,,
cet4-2f01a7208fa3,milky,CH021,,,0,,,,planned,,
cet4-add3ea69df5a,mill,CH034,,,0,,,,planned,,
cet4-2e9e03c4660d,millimeter,CH074,,,0,,,,planned,,
cet4-d33a68157cda,millimetre,CH089,,,0,,,,planned,,
cet4-4ec4bceca69f,million,CH012,,,0,,,,planned,,
cet4-a6cfbace9de7,millionaire,CH112,,,0,,,,planned,,
cet4-2e665deab3f5,mind,CH135,,,0,,,,planned,,
cet4-99cdb50cc882,mine,CH060,,,0,,,,planned,,
cet4-96a87faf4225,mineral,CH106,,,0,,,,planned,,
cet4-b727626cc350,minimal,CH080,,,0,,,,planned,,
cet4-14c8aca62ac0,minimize,CH093,,,0,,,,planned,,
cet4-bae6b99fc22b,minimum,CH098,,,0,,,,planned,,
cet4-3cac30e49577,mining,CH056,,,0,,,,planned,,
cet4-6dd3e88c65f8,minister,CH054,,,0,,,,planned,,
cet4-797532013a71,ministerial,CH115,,,0,,,,planned,,
cet4-6894503ca4dc,ministry,CH044,,,0,,,,planned,,
cet4-11cfe995a106,minor,CH098,,,0,,,,planned,,
cet4-c7584960d85f,minority,CH114,,,0,,,,planned,,
cet4-f28f1bd0a4cf,minus,CH098,,,0,,,,planned,,
cet4-27a930602d0e,minute,CH020,,,0,,,,planned,,
cet4-7108316461db,miracle,CH025,,,0,,,,planned,,
cet4-f5037680e3e5,miraculous,CH137,,,0,,,,planned,,
cet4-f7ba21b2635d,mirror,CH103,,,0,,,,planned,,
cet4-ffa8ea1bd68e,miserable,CH078,,,0,,,,planned,,
cet4-eb73df13f991,misery,CH018,,,0,,,,planned,,
cet4-4e7dd4589a13,misfortune,CH116,,,0,,,,planned,,
cet4-59461ea3c3d6,mislead,CH005,,,0,,,,planned,,
cet4-db68d0095043,misleading,CH115,,,0,,,,planned,,
cet4-ee77dc0b048b,miss,CH132,,,0,,,,planned,,
cet4-aa761fdb14e7,missile,CH067,,,0,,,,planned,,
cet4-89d3710fb525,missing,CH121,,,0,,,,planned,,
cet4-92e8402d9b58,mission,CH070,,,0,,,,planned,,
cet4-a307443d7cfd,mist,CH011,,,0,,,,planned,,
cet4-f67fa59948f5,mistake,CH098,,,0,,,,planned,,
cet4-6c5af4c24d72,mistaken,CH006,,,0,,,,planned,,
cet4-34e98d827fcb,mister,CH004,,,0,,,,planned,,
cet4-0fe6aa9440cb,mistress,CH058,,,0,,,,planned,,
cet4-1fa4d54a7353,misty,CH110,,,0,,,,planned,,
cet4-59f5f90e8353,misunderstand,CH005,,,0,,,,planned,,
cet4-e2f9b1dbcb0c,misunderstanding,CH126,,,0,,,,planned,,
cet4-96053c274faa,mix,CH025,,,0,,,,planned,,
cet4-cd35ff4e9463,mixer,CH082,,,0,,,,planned,,
cet4-ead021502b04,mixture,CH094,,,0,,,,planned,,
cet4-f1a637849b61,mobile,CH105,,,0,,,,planned,,
cet4-8c79c42b50a5,mode,CH137,,,0,,,,planned,,
cet4-3fa615a83cbb,model,CH034,,,0,,,,planned,,
cet4-9d7b43aaf27e,moderate,CH039,,,0,,,,planned,,
cet4-85bdf478ea7d,moderation,CH088,,,0,,,,planned,,
cet4-81c547f4edc2,moderator,CH053,,,0,,,,planned,,
cet4-00f47c06bf9e,modern,CH037,,,0,,,,planned,,
cet4-bbd27a81bd9d,modernisation,CH127,,,0,,,,planned,,
cet4-5ef1d3b04047,modernise,CH109,,,0,,,,planned,,
cet4-31afc9b77cfe,modernization,CH127,,,0,,,,planned,,
cet4-c90a8ed4d5fb,modernize,CH109,,,0,,,,planned,,
cet4-1a1a28c87bbe,modest,CH053,,,0,,,,planned,,
cet4-8dba540b5661,modesty,CH003,,,0,,,,planned,,
cet4-df2bae00eb54,modification,CH095,,,0,,,,planned,,
cet4-17bb4dec5f21,modifier,CH096,,,0,,,,planned,,
cet4-14d7d134e43e,modify,CH097,,,0,,,,planned,,
cet4-e3c98306b0bf,moist,CH073,,,0,,,,planned,,
cet4-7e438af7f0dd,moisture,CH102,,,0,,,,planned,,
cet4-2469c712def2,mold,CH007,,,0,,,,planned,,
cet4-04442e6279f9,moldy,CH064,,,0,,,,planned,,
cet4-10afd54e4f6b,mom,CH040,,,0,,,,planned,,
cet4-28eef4a39cac,moment,CH128,,,0,,,,planned,,
cet4-64d0f77a4be2,momentarily,CH004,,,0,,,,planned,,
cet4-4e5cde8acb6b,momentary,CH137,,,0,,,,planned,,
cet4-dc14e9624434,Monday,CH049,,,0,,,,planned,,
cet4-9a9105983cbc,monetary,CH117,,,0,,,,planned,,
cet4-fc53af2255b3,money,CH118,,,0,,,,planned,,
cet4-ae81e9240e9b,monitor,CH086,,,0,,,,planned,,
cet4-4656f51cb070,monkey,CH102,,,0,,,,planned,,
cet4-c38e23344dc0,monster,CH112,,,0,,,,planned,,
cet4-f330d14ce9eb,monstrous,CH116,,,0,,,,planned,,
cet4-758283c61d0f,month,CH051,,,0,,,,planned,,
cet4-c04ccc14948e,monthly,CH024,,,0,,,,planned,,
cet4-7458a4a55ced,monument,CH116,,,0,,,,planned,,
cet4-7190e8f26702,monumental,CH073,,,0,,,,planned,,
cet4-bc0f2b5ff1d0,mood,CH083,,,0,,,,planned,,
cet4-331630986346,moody,CH113,,,0,,,,planned,,
cet4-39f4b707080b,moon,CH013,,,0,,,,planned,,
cet4-54c4fa966742,mop,CH096,,,0,,,,planned,,
cet4-c2abc81e372f,moral,CH136,,,0,,,,planned,,
cet4-776c5369aeff,morality,CH120,,,0,,,,planned,,
cet4-81c44e1b1d9d,more,CH096,,,0,,,,planned,,
cet4-a32930848e3f,moreover,CH133,,,0,,,,planned,,
cet4-cf08e8fcd9a4,morning,CH062,,,0,,,,planned,,
cet4-2275c200a022,mortgage,CH059,,,0,,,,planned,,
cet4-2c7489d970b1,most,CH012,,,0,,,,planned,,
cet4-f2b24537b9f4,mostly,CH043,,,0,,,,planned,,
cet4-d773d6ae6477,motel,CH059,,,0,,,,planned,,
cet4-4995847febe2,mother,CH030,,,0,,,,planned,,
cet4-1177ba1ab578,motherly,CH040,,,0,,,,planned,,
cet4-c04bad6fc3b0,motion,CH040,,,0,,,,planned,,
cet4-37f81b8f67af,motivate,CH025,,,0,,,,planned,,
cet4-345b2e715568,motivation,CH135,,,0,,,,planned,,
cet4-1f84e67b6648,motive,CH084,,,0,,,,planned,,
cet4-6603465f040a,motor,CH094,,,0,,,,planned,,
cet4-cfc58e067f82,motorway,CH069,,,0,,,,planned,,
cet4-21ce7af8a203,mount,CH085,,,0,,,,planned,,
cet4-43fc9d796551,mountain,CH103,,,0,,,,planned,,
cet4-1e3a99156fac,mountainous,CH050,,,0,,,,planned,,
cet4-0cd197639d1e,mounting,CH050,,,0,,,,planned,,
cet4-a5bc35642bf7,mouse,CH086,,,0,,,,planned,,
cet4-fd18a23df912,mouth,CH075,,,0,,,,planned,,
cet4-e3547eada6ea,mouthful,CH102,,,0,,,,planned,,
cet4-ee102b8be1ab,move,CH048,,,0,,,,planned,,
cet4-09c630a480e9,movement,CH075,,,0,,,,planned,,
cet4-edacbd87da0f,movie,CH025,,,0,,,,planned,,
cet4-aef4833f6276,much,CH018,,,0,,,,planned,,
cet4-1a9f151a05fc,mud,CH107,,,0,,,,planned,,
cet4-770c16f32e21,muddy,CH011,,,0,,,,planned,,
cet4-9332d9572aa9,mug,CH024,,,0,,,,planned,,
cet4-9b197f8821a9,mule,CH029,,,0,,,,planned,,
cet4-7811307a94cb,multiple,CH012,,,0,,,,planned,,
cet4-78e7f68c4827,multiplication,CH078,,,0,,,,planned,,
cet4-c920529adb6c,multiply,CH088,,,0,,,,planned,,
cet4-abd7205631f4,municipal,CH125,,,0,,,,planned,,
cet4-cb9ed6373f7b,municipality,CH119,,,0,,,,planned,,
cet4-dcd24dd54e9a,murder,CH119,,,0,,,,planned,,
cet4-4797b600477b,murderous,CH119,,,0,,,,planned,,
cet4-1df05e440af0,muscle,CH081,,,0,,,,planned,,
cet4-e591bb562deb,muscular,CH081,,,0,,,,planned,,
cet4-84a360e85934,museum,CH127,,,0,,,,planned,,
cet4-d459521ae5c4,mushroom,CH057,,,0,,,,planned,,
cet4-941713fa2575,music,CH079,,,0,,,,planned,,
cet4-0c369cce7d5d,musical,CH047,,,0,,,,planned,,
cet4-b474fc5de7bf,musician,CH046,,,0,,,,planned,,
cet4-2d61200e9c50,must,CH051,,,0,,,,planned,,
cet4-f850a65856d0,mutual,CH046,,,0,,,,planned,,
cet4-8e65bdff118a,my,CH081,,,0,,,,planned,,
cet4-e3cdd10f84ff,myself,CH038,,,0,,,,planned,,
cet4-36f49a1fec8e,mysterious,CH041,,,0,,,,planned,,
cet4-7533fc666e8c,mystery,CH015,,,0,,,,planned,,
cet4-472643f06444,myth,CH119,,,0,,,,planned,,
cet4-9572a464d1ef,mythical,CH119,,,0,,,,planned,,
cet4-e8e24b81b693,mythology,CH015,,,0,,,,planned,,
cet4-a35105a44835,nail,CH074,,,0,,,,planned,,
cet4-f1c3917fb218,naked,CH082,,,0,,,,planned,,
cet4-b727a6543b18,name,CH037,,,0,,,,planned,,
cet4-310e6b8c6dab,namely,CH014,,,0,,,,planned,,
cet4-b0ed046adb05,nap,CH071,,,0,,,,planned,,
cet4-9767b1c49054,napkin,CH012,,,0,,,,planned,,
cet4-31f34a1892b4,narrate,CH025,,,0,,,,planned,,
cet4-34d2826fb269,narration,CH123,,,0,,,,planned,,
cet4-60d34b4532f1,narrative,CH015,,,0,,,,planned,,
cet4-9ce91d24e9d8,narrator,CH124,,,0,,,,planned,,
cet4-977df0834692,narrow,CH108,,,0,,,,planned,,
cet4-e58dc82978fd,narrowly,CH010,,,0,,,,planned,,
cet4-8fc0741914d3,nasty,CH038,,,0,,,,planned,,
cet4-32f05565292f,nation,CH066,,,0,,,,planned,,
cet4-8db482b3f4c9,national,CH068,,,0,,,,planned,,
cet4-a4df91d272c4,nationalism,CH060,,,0,,,,planned,,
cet4-0e969192373b,nationalist,CH068,,,0,,,,planned,,
cet4-a9ade2a70844,nationality,CH115,,,0,,,,planned,,
cet4-f6600fa91278,nationwide,CH067,,,0,,,,planned,,
cet4-6bd2384d4d9d,native,CH106,,,0,,,,planned,,
cet4-25a4f527d876,natural,CH100,,,0,,,,planned,,
cet4-5518fff12481,naturally,CH100,,,0,,,,planned,,
cet4-eb553f60bff4,nature,CH106,,,0,,,,planned,,
cet4-94c5d0ca7e93,naughty,CH008,,,0,,,,planned,,
cet4-c7e3b52ab077,naval,CH119,,,0,,,,planned,,
cet4-d2bbab203a1a,navy,CH063,,,0,,,,planned,,
cet4-ed77a422d28b,near,CH058,,,0,,,,planned,,
cet4-0d4912c50c5d,nearby,CH080,,,0,,,,planned,,
cet4-3538341cff19,nearly,CH099,,,0,,,,planned,,
cet4-65b099dc9bbc,neat,CH031,,,0,,,,planned,,
cet4-af381a8029fe,necessarily,CH134,,,0,,,,planned,,
cet4-41a3390d5426,necessary,CH061,,,0,,,,planned,,
cet4-b54e010871f6,necessitate,CH011,,,0,,,,planned,,
cet4-f1cb53422bef,necessity,CH124,,,0,,,,planned,,
cet4-f45a8183e3dd,neck,CH104,,,0,,,,planned,,
cet4-4a9cc08110cf,necklace,CH012,,,0,,,,planned,,
cet4-5e3b2d317196,need,CH099,,,0,,,,planned,,
cet4-de01abe207b9,needle,CH019,,,0,,,,planned,,
cet4-1d0673bf3bff,needy,CH039,,,0,,,,planned,,
cet4-a3f4eee09449,negate,CH097,,,0,,,,planned,,
cet4-b3ccd6113e67,negation,CH077,,,0,,,,planned,,
cet4-154ef50ddfea,negative,CH090,,,0,,,,planned,,
cet4-2c5df7b60f47,neglect,CH039,,,0,,,,planned,,
cet4-b9f41648859a,neglectful,CH039,,,0,,,,planned,,
cet4-cf01e913d15a,negotiable,CH049,,,0,,,,planned,,
cet4-15b60de49375,negotiate,CH029,,,0,,,,planned,,
cet4-feeed3a197f2,negotiation,CH054,,,0,,,,planned,,
cet4-fc1fa626847c,neighbor,CH031,,,0,,,,planned,,
cet4-625b8e540639,neighborhood,CH123,,,0,,,,planned,,
cet4-f04af8eae493,neither,CH003,,,0,,,,planned,,
cet4-b4dfe1fe0642,nephew,CH133,,,0,,,,planned,,
cet4-8c628393beff,nerve,CH083,,,0,,,,planned,,
cet4-d8b1f0988326,nervous,CH080,,,0,,,,planned,,
cet4-e312050e33d5,nest,CH108,,,0,,,,planned,,
cet4-bd50a54ef890,net,CH090,,,0,,,,planned,,
cet4-d78f8d011e7d,network,CH086,,,0,,,,planned,,
cet4-19c9303d18b0,networking,CH093,,,0,,,,planned,,
cet4-dd36db74b25d,neutral,CH078,,,0,,,,planned,,
cet4-c3094d030192,neutrality,CH127,,,0,,,,planned,,
cet4-731bbba7c801,neutralize,CH123,,,0,,,,planned,,
cet4-4cc88ddf2aa3,never,CH129,,,0,,,,planned,,
cet4-540b532c4ea3,nevertheless,CH061,,,0,,,,planned,,
cet4-4e890b294a27,new,CH019,,,0,,,,planned,,
cet4-5c302c5ec8aa,news,CH123,,,0,,,,planned,,
cet4-9e01fa8590c2,newspaper,CH048,,,0,,,,planned,,
cet4-52c2cd56d07e,next,CH089,,,0,,,,planned,,
cet4-d2e88dee217e,nice,CH018,,,0,,,,planned,,
cet4-3993c1c236cd,nicety,CH012,,,0,,,,planned,,
cet4-a8ff5d569a17,nickel,CH082,,,0,,,,planned,,
cet4-529fc1c1edf7,niece,CH133,,,0,,,,planned,,
cet4-1fb791c838c2,night,CH056,,,0,,,,planned,,
cet4-1a2aa4bc14f3,nightly,CH130,,,0,,,,planned,,
cet4-2439d4e7d3a3,nightmare,CH080,,,0,,,,planned,,
cet4-0b259f3ed1bc,nine,CH024,,,0,,,,planned,,
cet4-32bbe1181875,nineteen,CH101,,,0,,,,planned,,
cet4-f3ac6cfaa4ba,ninety,CH101,,,0,,,,planned,,
cet4-8d91ec1ba6ce,ninth,CH051,,,0,,,,planned,,
cet4-fff8765f8e2b,no,CH012,,,0,,,,planned,,
cet4-201670bcc475,nobility,CH023,,,0,,,,planned,,
cet4-9c0b3a23e208,noble,CH119,,,0,,,,planned,,
cet4-a821bb54395d,nobody,CH042,,,0,,,,planned,,
cet4-63530806220d,nod,CH040,,,0,,,,planned,,
cet4-6f0e7639279d,noise,CH090,,,0,,,,planned,,
cet4-d07ab86d1952,noisy,CH097,,,0,,,,planned,,
cet4-72647721aec0,none,CH026,,,0,,,,planned,,
cet4-ea66ed229088,nonsense,CH073,,,0,,,,planned,,
cet4-91a73c9712be,noodle,CH001,,,0,,,,planned,,
cet4-9b2cc25d49f9,noon,CH109,,,0,,,,planned,,
cet4-c0f65ff96aaa,nor,CH090,,,0,,,,planned,,
cet4-594bf17198a5,norm,CH097,,,0,,,,planned,,
cet4-7c91af678299,normal,CH125,,,0,,,,planned,,
cet4-9e523005e25d,normalization,CH001,,,0,,,,planned,,
cet4-2ed6a32c7685,normalize,CH095,,,0,,,,planned,,
cet4-4eea4a169c55,normally,CH010,,,0,,,,planned,,
cet4-3c959767e099,north,CH070,,,0,,,,planned,,
cet4-28259e28cd35,northeast,CH112,,,0,,,,planned,,
cet4-72859e6d80d1,northeastern,CH112,,,0,,,,planned,,
cet4-9b3aa35e2bbc,northern,CH112,,,0,,,,planned,,
cet4-e4554a9606ea,northwest,CH112,,,0,,,,planned,,
cet4-2473a3df3e7b,northwestern,CH112,,,0,,,,planned,,
cet4-a15f0048b808,nose,CH107,,,0,,,,planned,,
cet4-a313064bd564,nosy,CH008,,,0,,,,planned,,
cet4-00312fffb2cb,not,CH088,,,0,,,,planned,,
cet4-096953830109,notable,CH021,,,0,,,,planned,,
cet4-9bfdc261bbf7,notation,CH085,,,0,,,,planned,,
cet4-2599e06af7dc,note,CH009,,,0,,,,planned,,
cet4-db5a7d9973bb,notebook,CH024,,,0,,,,planned,,
cet4-0cccb37f35e2,nothing,CH102,,,0,,,,planned,,
cet4-c71c88354d51,notice,CH056,,,0,,,,planned,,
cet4-4d2d75cc7c0f,noticeable,CH022,,,0,,,,planned,,
cet4-6aafaf823133,notification,CH055,,,0,,,,planned,,
cet4-65e03bf637d1,notify,CH073,,,0,,,,planned,,
cet4-07f8beacb64a,notion,CH013,,,0,,,,planned,,
cet4-587c938fed40,notional,CH052,,,0,,,,planned,,
cet4-66004fdc3653,noun,CH020,,,0,,,,planned,,
cet4-5f26a7268993,nourish,CH014,,,0,,,,planned,,
cet4-32db6b653630,nourishment,CH074,,,0,,,,planned,,
cet4-01c4b5cb3b22,novel,CH023,,,0,,,,planned,,
cet4-ccb2dde16f36,novelist,CH015,,,0,,,,planned,,
cet4-03d4bec7675e,novelty,CH005,,,0,,,,planned,,
cet4-4ea36302a5cc,November,CH061,,,0,,,,planned,,
cet4-a3831bc576b1,now,CH120,,,0,,,,planned,,
cet4-31d232785786,nowadays,CH042,,,0,,,,planned,,
cet4-82eed65dc30c,nowhere,CH010,,,0,,,,planned,,
cet4-829ccb3d22c1,nuclear,CH108,,,0,,,,planned,,
cet4-723002a914c8,nucleus,CH007,,,0,,,,planned,,
cet4-9ddddd10efc4,nude,CH032,,,0,,,,planned,,
cet4-60b4af8d0b10,nudity,CH102,,,0,,,,planned,,
cet4-9d204fe89571,nuisance,CH114,,,0,,,,planned,,
cet4-2fe22e3e8019,number,CH009,,,0,,,,planned,,
cet4-d1ea45ed968b,numerous,CH093,,,0,,,,planned,,
cet4-5d2f8b5c2346,nurse,CH030,,,0,,,,planned,,
cet4-006c0e0320d9,nursery,CH038,,,0,,,,planned,,
cet4-cd76dad8428a,nut,CH023,,,0,,,,planned,,
cet4-ff8f3ba91f37,nutrient,CH100,,,0,,,,planned,,
cet4-d2a68cfe384a,nutrition,CH007,,,0,,,,planned,,
cet4-82208fe9a406,obedience,CH034,,,0,,,,planned,,
cet4-c8f268e92ccd,obedient,CH115,,,0,,,,planned,,
cet4-2591d6b70ed1,obese,CH073,,,0,,,,planned,,
cet4-746d5fe9e943,obesity,CH074,,,0,,,,planned,,
cet4-a586df75c9b5,obey,CH064,,,0,,,,planned,,
cet4-6659b1ef2400,object,CH092,,,0,,,,planned,,
cet4-53b5fbde0b28,objection,CH118,,,0,,,,planned,,
cet4-30c6b35dc761,objective,CH030,,,0,,,,planned,,
cet4-0be3172b599a,obligation,CH054,,,0,,,,planned,,
cet4-40910e65de80,obligatory,CH117,,,0,,,,planned,,
cet4-731a69e60854,oblige,CH055,,,0,,,,planned,,
cet4-7fad720290c7,observant,CH126,,,0,,,,planned,,
cet4-7b8c32b4f9e4,observation,CH020,,,0,,,,planned,,
cet4-8b1e8b339bed,observe,CH018,,,0,,,,planned,,
cet4-67554af68919,observer,CH120,,,0,,,,planned,,
cet4-156776bf1ab3,obstacle,CH022,,,0,,,,planned,,
cet4-0788e99a7665,obtain,CH063,,,0,,,,planned,,
cet4-25fc2338dc45,obvious,CH131,,,0,,,,planned,,
cet4-6b81044088e5,obviously,CH003,,,0,,,,planned,,
cet4-c7f82fe4ba20,occasion,CH137,,,0,,,,planned,,
cet4-e9f245d99f96,occasional,CH116,,,0,,,,planned,,
cet4-4cabf01d87ff,occasionally,CH133,,,0,,,,planned,,
cet4-32339b39d988,occupancy,CH119,,,0,,,,planned,,
cet4-0125c38ae66a,occupant,CH067,,,0,,,,planned,,
cet4-ddc6db75498a,occupation,CH060,,,0,,,,planned,,
cet4-f62d6871e30d,occupational,CH048,,,0,,,,planned,,
cet4-9829f7521556,occupy,CH124,,,0,,,,planned,,
cet4-07f036d9d0c5,occur,CH131,,,0,,,,planned,,
cet4-f97c3327fdb1,occurrence,CH080,,,0,,,,planned,,
cet4-7c7f6fbc80b2,ocean,CH106,,,0,,,,planned,,
cet4-8585bb7d14dc,oceanic,CH037,,,0,,,,planned,,
cet4-cdf2adc63a03,October,CH061,,,0,,,,planned,,
cet4-4f27aa159432,odd,CH100,,,0,,,,planned,,
cet4-c926e72e6fbd,oddity,CH080,,,0,,,,planned,,
cet4-6f304053cdd4,odds,CH067,,,0,,,,planned,,
cet4-e51f9881ab6a,odor,CH094,,,0,,,,planned,,
cet4-f18d9a1370ca,odorous,CH004,,,0,,,,planned,,
cet4-d405961b2cc6,of,CH105,,,0,,,,planned,,
cet4-156920cf5975,off,CH088,,,0,,,,planned,,
cet4-8187ba3cc1b0,offence,CH123,,,0,,,,planned,,
cet4-834ca7d49ef6,offend,CH053,,,0,,,,planned,,
cet4-52c0137b3700,offender,CH036,,,0,,,,planned,,
cet4-06e061b706db,offensive,CH120,,,0,,,,planned,,
cet4-a1fbbc25e586,offer,CH055,,,0,,,,planned,,
cet4-6f0cea5813f8,offering,CH123,,,0,,,,planned,,
cet4-07031d06228f,office,CH044,,,0,,,,planned,,
cet4-ec60d5845622,officer,CH055,,,0,,,,planned,,
cet4-de9a7cd7a9b5,official,CH054,,,0,,,,planned,,
cet4-d5b78297cbe6,often,CH003,,,0,,,,planned,,
cet4-2e3e4f2f1b44,oftentimes,CH042,,,0,,,,planned,,
cet4-42ee297f12a1,oil,CH108,,,0,,,,planned,,
cet4-dfc2c4d85837,oily,CH102,,,0,,,,planned,,
cet4-99b130859ed9,okay,CH130,,,0,,,,planned,,
cet4-4339b20a58fa,old,CH034,,,0,,,,planned,,
cet4-a07a89303e74,old-fashioned,CH063,,,0,,,,planned,,
cet4-aa28364bc680,Olympiad,CH072,,,0,,,,planned,,
cet4-1773544279be,Olympic,CH029,,,0,,,,planned,,
cet4-3a3719862cb4,Olympics,CH068,,,0,,,,planned,,
cet4-b06820ae1a5f,omission,CH085,,,0,,,,planned,,
cet4-c3ecf5e0b27e,omit,CH089,,,0,,,,planned,,
cet4-3d116840893f,on,CH088,,,0,,,,planned,,
cet4-a679bcd4db46,once,CH137,,,0,,,,planned,,
cet4-674efd8cb98e,one,CH032,,,0,,,,planned,,
cet4-b84b8edb52dd,oneself,CH024,,,0,,,,planned,,
cet4-5ed97f850848,ongoing,CH042,,,0,,,,planned,,
cet4-aa31ddb34c81,onion,CH100,,,0,,,,planned,,
cet4-013581a15e57,online,CH086,,,0,,,,planned,,
cet4-ec22977b9191,only,CH121,,,0,,,,planned,,
cet4-05d92eb5c170,onto,CH130,,,0,,,,planned,,
cet4-e59498aba032,onward,CH003,,,0,,,,planned,,
cet4-f92e0d8dade8,open,CH045,,,0,,,,planned,,
cet4-302416549e05,opener,CH052,,,0,,,,planned,,
cet4-0bbb205a6003,opening,CH056,,,0,,,,planned,,
cet4-4d3f4f4afba1,openly,CH005,,,0,,,,planned,,
cet4-bae723503fb0,opera,CH052,,,0,,,,planned,,
cet4-30aebf75049d,operate,CH055,,,0,,,,planned,,
cet4-3f2152bbac6f,operation,CH086,,,0,,,,planned,,
cet4-56d4407f114a,operational,CH115,,,0,,,,planned,,
cet4-ec283c003349,operator,CH044,,,0,,,,planned,,
cet4-0ba1a19ea5f9,opinion,CH013,,,0,,,,planned,,
cet4-abe1093687ec,opponent,CH008,,,0,,,,planned,,
cet4-51e04c0b848b,opportunity,CH006,,,0,,,,planned,,
cet4-5325a570e781,oppose,CH022,,,0,,,,planned,,
cet4-cfee0b2d7efb,opposite,CH013,,,0,,,,planned,,
cet4-6b3fc25a282f,opposition,CH076,,,0,,,,planned,,
cet4-96a8d07fce7b,opt,CH131,,,0,,,,planned,,
cet4-e18ec9eeca40,optimism,CH077,,,0,,,,planned,,
cet4-278fa4359e53,optimist,CH038,,,0,,,,planned,,
cet4-e96c99babcab,optimistic,CH080,,,0,,,,planned,,
cet4-398b4eb0b400,option,CH132,,,0,,,,planned,,
cet4-ed076da48025,optional,CH136,,,0,,,,planned,,
cet4-6cf03f489496,or,CH072,,,0,,,,planned,,
cet4-47166f95fe8e,oral,CH023,,,0,,,,planned,,
cet4-23ef8b79df30,orange,CH027,,,0,,,,planned,,
cet4-2f84796fe63f,orbit,CH077,,,0,,,,planned,,
cet4-5e6472a47b7e,orbital,CH043,,,0,,,,planned,,
cet4-3861410d976b,orchestra,CH072,,,0,,,,planned,,
cet4-3d23e35363e0,order,CH117,,,0,,,,planned,,
cet4-74961e81e87c,orderly,CH081,,,0,,,,planned,,
cet4-90469ea048f5,ordinary,CH124,,,0,,,,planned,,
cet4-9ee7fc48a52f,ore,CH053,,,0,,,,planned,,
cet4-e8930ff09176,organ,CH106,,,0,,,,planned,,
cet4-05a265665273,organic,CH026,,,0,,,,planned,,
cet4-58d515caae39,organism,CH079,,,0,,,,planned,,
cet4-ca68f73b982e,organization,CH044,,,0,,,,planned,,
cet4-3f930fc49497,organizational,CH122,,,0,,,,planned,,
cet4-fed2781d06ee,organize,CH096,,,0,,,,planned,,
cet4-6df6dfa831eb,orient,CH055,,,0,,,,planned,,
cet4-14123d52ebaa,oriental,CH028,,,0,,,,planned,,
cet4-a396bf8b532b,orientation,CH030,,,0,,,,planned,,
cet4-1e1036008520,origin,CH128,,,0,,,,planned,,
cet4-0bfbb2f302c9,original,CH002,,,0,,,,planned,,
cet4-c7890213093f,originality,CH002,,,0,,,,planned,,
cet4-136f9a8976cb,originate,CH068,,,0,,,,planned,,
cet4-6f99ee381c16,ornament,CH004,,,0,,,,planned,,
cet4-38df7606bbca,ornamental,CH004,,,0,,,,planned,,
cet4-38f7dc132509,orphan,CH030,,,0,,,,planned,,
cet4-577ea09bc008,orphanage,CH030,,,0,,,,planned,,
cet4-d4d5892f178b,other,CH019,,,0,,,,planned,,
cet4-3f41b8b4ef27,otherwise,CH003,,,0,,,,planned,,
cet4-e4fa7f0f7d7c,ought to,CH008,,,0,,,,planned,,
cet4-4c618eceabe3,ounce,CH072,,,0,,,,planned,,
cet4-3b84bdc7995f,our,CH068,,,0,,,,planned,,
cet4-6831c03129a6,ours,CH027,,,0,,,,planned,,
cet4-0b3dd157e8a3,ourselves,CH038,,,0,,,,planned,,
cet4-b5e0f24c18e2,out,CH135,,,0,,,,planned,,
cet4-3ff1f647165e,outbreak,CH072,,,0,,,,planned,,
cet4-bd888294208f,outcome,CH137,,,0,,,,planned,,
cet4-90a3b235ca3d,outdated,CH014,,,0,,,,planned,,
cet4-a5e0bd40f7bd,outdoor,CH111,,,0,,,,planned,,
cet4-dedae4212a6c,outdoors,CH103,,,0,,,,planned,,
cet4-7fd7c781c8fc,outer,CH080,,,0,,,,planned,,
cet4-4a21e04d8fe0,outgoing,CH055,,,0,,,,planned,,
cet4-0b3d7fe1b1fd,outing,CH114,,,0,,,,planned,,
cet4-142ab6905714,outlet,CH087,,,0,,,,planned,,
cet4-10ef33baece5,outline,CH095,,,0,,,,planned,,
cet4-52bc64bef0c6,outlook,CH076,,,0,,,,planned,,
cet4-9ef3fb9a2d59,output,CH098,,,0,,,,planned,,
cet4-4e8ecdb07bcf,outset,CH062,,,0,,,,planned,,
cet4-88fdec1b9041,outside,CH119,,,0,,,,planned,,
cet4-b92ba7146de3,outsider,CH112,,,0,,,,planned,,
cet4-e20956e22707,outskirts,CH080,,,0,,,,planned,,
cet4-022be56116c0,outstanding,CH046,,,0,,,,planned,,
cet4-577d23990ea5,outward,CH131,,,0,,,,planned,,
cet4-69f69899c15c,outwards,CH003,,,0,,,,planned,,
cet4-2cfff6c9d0cd,oval,CH022,,,0,,,,planned,,
cet4-3e3e40a8a9c1,oven,CH089,,,0,,,,planned,,
cet4-bec31125fb47,over,CH057,,,0,,,,planned,,
cet4-73e03a5831b0,overall,CH056,,,0,,,,planned,,
cet4-a007034fe391,overcoat,CH042,,,0,,,,planned,,
cet4-4d8434fd9b35,overcome,CH010,,,0,,,,planned,,
cet4-fa9a32264131,overdue,CH051,,,0,,,,planned,,
cet4-ed14c23c7a3d,overhead,CH058,,,0,,,,planned,,
cet4-99ae620b4430,overhear,CH025,,,0,,,,planned,,
cet4-238d33dd87bc,overlook,CH049,,,0,,,,planned,,
cet4-6638fbc2976d,overnight,CH049,,,0,,,,planned,,
cet4-e40976c232ab,overseas,CH109,,,0,,,,planned,,
cet4-362849ea1c6a,oversee,CH120,,,0,,,,planned,,
cet4-a221eb464f15,oversight,CH050,,,0,,,,planned,,
cet4-9cfee0e26e17,overtake,CH064,,,0,,,,planned,,
cet4-4467b803f104,overthrow,CH011,,,0,,,,planned,,
cet4-6a5ef6c4d835,overtime,CH046,,,0,,,,planned,,
cet4-3e4c1c3660b1,overwhelm,CH131,,,0,,,,planned,,
cet4-2b79f01e1f8a,overwhelming,CH132,,,0,,,,planned,,
cet4-237b96ab7a3c,overwhelmingly,CH064,,,0,,,,planned,,
cet4-c07fdcdb3b91,owe,CH035,,,0,,,,planned,,
cet4-d9764e928636,owing to,CH064,,,0,,,,planned,,
cet4-65512593c8d9,own,CH063,,,0,,,,planned,,
cet4-2809643f3e62,owner,CH123,,,0,,,,planned,,
cet4-21d367c40062,ownership,CH063,,,0,,,,planned,,
cet4-6e95c24f786c,ox,CH112,,,0,,,,planned,,
cet4-761426019eff,oxygen,CH104,,,0,,,,planned,,
cet4-94a4e0c73963,ozone,CH104,,,0,,,,planned,,
cet4-f2b29081dc65,pace,CH043,,,0,,,,planned,,
cet4-f3f97122f97f,pack,CH108,,,0,,,,planned,,
cet4-fa54dbaa99cd,package,CH089,,,0,,,,planned,,
cet4-9abf6a58a7cd,packet,CH087,,,0,,,,planned,,
cet4-bb873a8e5fbe,pad,CH106,,,0,,,,planned,,
cet4-35b24c9b19b0,paddy,CH013,,,0,,,,planned,,
cet4-cd8ebad2ebbe,page,CH017,,,0,,,,planned,,
cet4-d084f1d8dfc2,pain,CH075,,,0,,,,planned,,
cet4-f44f47a6ae00,painful,CH079,,,0,,,,planned,,
cet4-42a935b1fd3e,paint,CH103,,,0,,,,planned,,
cet4-0b34acab4545,painter,CH048,,,0,,,,planned,,
cet4-eb3838e19a7c,painting,CH097,,,0,,,,planned,,
cet4-1b179ad1783b,pair,CH108,,,0,,,,planned,,
cet4-615ddedec195,palace,CH031,,,0,,,,planned,,
cet4-27e28fb382bb,pale,CH047,,,0,,,,planned,,
cet4-f1b296a42654,palm,CH037,,,0,,,,planned,,
cet4-c4c39d423699,pan,CH057,,,0,,,,planned,,
cet4-987d79a73a0e,panda,CH026,,,0,,,,planned,,
cet4-7497435a31b2,panel,CH045,,,0,,,,planned,,
cet4-dcfb8afc3144,panic,CH040,,,0,,,,planned,,
cet4-500b2ca16d6e,pants,CH082,,,0,,,,planned,,
cet4-b9ebf21c6961,paper,CH024,,,0,,,,planned,,
cet4-353f53b08622,paperback,CH028,,,0,,,,planned,,
cet4-c32af013a547,parade,CH041,,,0,,,,planned,,
cet4-9b5498720346,paradox,CH093,,,0,,,,planned,,
cet4-65b48480456c,paradoxical,CH078,,,0,,,,planned,,
cet4-71ef4a8b769d,paragraph,CH045,,,0,,,,planned,,
cet4-eaaecd9e91ca,parallel,CH095,,,0,,,,planned,,
cet4-e9113c9a957b,parcel,CH012,,,0,,,,planned,,
cet4-a0ad1b139cb5,pardon,CH063,,,0,,,,planned,,
cet4-2ebb4ff9d958,parent,CH030,,,0,,,,planned,,
cet4-1427d2904baf,parental,CH032,,,0,,,,planned,,
cet4-31a5086d5701,parenting,CH035,,,0,,,,planned,,
cet4-230f62514795,park,CH125,,,0,,,,planned,,
cet4-670817a737f4,parking,CH058,,,0,,,,planned,,
cet4-0639b309dc2b,parliament,CH121,,,0,,,,planned,,
cet4-08d8705d6e03,parliamentary,CH104,,,0,,,,planned,,
cet4-114d7c48a385,part,CH039,,,0,,,,planned,,
cet4-532e533f4bbb,partial,CH133,,,0,,,,planned,,
cet4-30d2f512c837,partially,CH014,,,0,,,,planned,,
cet4-f92342b2267a,participant,CH042,,,0,,,,planned,,
cet4-e0bdf474bce6,participate,CH064,,,0,,,,planned,,
cet4-cf87512dcb19,participation,CH046,,,0,,,,planned,,
cet4-340abed9116a,particle,CH071,,,0,,,,planned,,
cet4-0134298b0086,particular,CH020,,,0,,,,planned,,
cet4-f451c624754f,particularly,CH028,,,0,,,,planned,,
cet4-2a9aab8af91f,partly,CH014,,,0,,,,planned,,
cet4-ad4d9682e313,partner,CH065,,,0,,,,planned,,
cet4-2f8f8488e743,partnership,CH044,,,0,,,,planned,,
cet4-9b859bed086e,party,CH114,,,0,,,,planned,,
cet4-28e0880da614,pass,CH085,,,0,,,,planned,,
cet4-39c0820115f5,passage,CH069,,,0,,,,planned,,
cet4-c9a75f9e1529,passenger,CH069,,,0,,,,planned,,
cet4-a72d5367b6ca,passion,CH131,,,0,,,,planned,,
cet4-7e928c619ab9,passionate,CH131,,,0,,,,planned,,
cet4-e91cd1080d24,passive,CH108,,,0,,,,planned,,
cet4-a720ac9e5835,passport,CH060,,,0,,,,planned,,
cet4-fbcd5fc85f98,password,CH093,,,0,,,,planned,,
cet4-c3c3e6271bea,past,CH135,,,0,,,,planned,,
cet4-ec7a71850eb0,paste,CH104,,,0,,,,planned,,
cet4-41154fbb171b,pastime,CH062,,,0,,,,planned,,
cet4-7c34aa81296a,pat,CH134,,,0,,,,planned,,
cet4-688fdcd39e7a,patch,CH092,,,0,,,,planned,,
cet4-9b5d61881b96,patent,CH063,,,0,,,,planned,,
cet4-e753739fbbe5,path,CH068,,,0,,,,planned,,
cet4-91c20cc02e19,patience,CH109,,,0,,,,planned,,
cet4-febde63927ef,patient,CH033,,,0,,,,planned,,
cet4-e6ec4a5c0cea,pattern,CH089,,,0,,,,planned,,
cet4-e10677d4c333,pause,CH098,,,0,,,,planned,,
cet4-561773c9f333,pave,CH069,,,0,,,,planned,,
cet4-03fb881c1c8d,pavement,CH064,,,0,,,,planned,,
cet4-3f26002e88a5,paw,CH111,,,0,,,,planned,,
cet4-8852599aebcc,pay,CH046,,,0,,,,planned,,
cet4-b6385b60a140,payment,CH117,,,0,,,,planned,,
cet4-f64773263421,payroll,CH045,,,0,,,,planned,,
cet4-8d8cd50388db,pea,CH100,,,0,,,,planned,,
cet4-0256fae47cc2,peace,CH076,,,0,,,,planned,,
cet4-0e7480241590,peaceful,CH119,,,0,,,,planned,,
cet4-e15d0d65e591,peach,CH027,,,0,,,,planned,,
cet4-c8124ae1b42a,peak,CH014,,,0,,,,planned,,
cet4-9e6d1c49f8ad,peanut,CH105,,,0,,,,planned,,
cet4-a4606f22654d,pear,CH097,,,0,,,,planned,,
cet4-13a5eec4e4a1,pearl,CH130,,,0,,,,planned,,
cet4-d6b2237bba90,peasant,CH068,,,0,,,,planned,,
cet4-c3b60cc39792,peculiar,CH028,,,0,,,,planned,,
cet4-17d5797a0efc,peculiarity,CH133,,,0,,,,planned,,
cet4-bccd95979c5d,pedestrian,CH065,,,0,,,,planned,,
cet4-70449cb03002,peer,CH034,,,0,,,,planned,,
cet4-917027c89802,pen,CH112,,,0,,,,planned,,
cet4-8f4cea6890d5,penalize,CH120,,,0,,,,planned,,
cet4-8d9b08cb2ae9,penalty,CH054,,,0,,,,planned,,
cet4-72d047fc39c8,pencil,CH032,,,0,,,,planned,,
cet4-868f7d5a31c5,penetrate,CH022,,,0,,,,planned,,
cet4-a3af2d425354,penetration,CH095,,,0,,,,planned,,
cet4-2a7fbd136bb3,penny,CH053,,,0,,,,planned,,
cet4-c48f15a59098,pension,CH046,,,0,,,,planned,,
cet4-a6a7d0ca0f76,pensioner,CH008,,,0,,,,planned,,
cet4-7d8f5a67cd47,people,CH033,,,0,,,,planned,,
cet4-34db7e416bc7,pepper,CH105,,,0,,,,planned,,
cet4-9bdb120695f2,per,CH013,,,0,,,,planned,,
cet4-ae6c97d14191,perceive,CH131,,,0,,,,planned,,
cet4-eacf746cf762,percent,CH089,,,0,,,,planned,,
cet4-fc082dbc7801,percentage,CH089,,,0,,,,planned,,
cet4-b1c92fbe95bc,perception,CH022,,,0,,,,planned,,
cet4-32bf2b5cf07c,perceptive,CH078,,,0,,,,planned,,
cet4-e76f3d348df8,perfect,CH134,,,0,,,,planned,,
cet4-43c80cc054a5,perfection,CH117,,,0,,,,planned,,
cet4-a15817580fbf,perform,CH052,,,0,,,,planned,,
cet4-91efbd9ebe52,performance,CH019,,,0,,,,planned,,
cet4-39a82542bfd3,performer,CH052,,,0,,,,planned,,
cet4-dbe4d91870a9,perhaps,CH061,,,0,,,,planned,,
cet4-55b8c7f448f1,peril,CH135,,,0,,,,planned,,
cet4-bc52b96dcc4b,perilous,CH064,,,0,,,,planned,,
cet4-42ccf7463dcc,period,CH090,,,0,,,,planned,,
cet4-87f13f9e2716,periodic,CH074,,,0,,,,planned,,
cet4-80204e10e01f,periodical,CH120,,,0,,,,planned,,
cet4-b502dc851c9c,permanence,CH121,,,0,,,,planned,,
cet4-9d38d141b951,permanent,CH091,,,0,,,,planned,,
cet4-c16388b51545,permissible,CH093,,,0,,,,planned,,
cet4-b410d29dba9a,permission,CH062,,,0,,,,planned,,
cet4-8ba56df73ac0,permissive,CH127,,,0,,,,planned,,
cet4-ac63ababbd8e,permit,CH100,,,0,,,,planned,,
cet4-2f99775dbcc8,perseverance,CH127,,,0,,,,planned,,
cet4-f1f576c81df6,persevere,CH042,,,0,,,,planned,,
cet4-13534eff5d66,persist,CH043,,,0,,,,planned,,
cet4-da066cc20577,persistence,CH132,,,0,,,,planned,,
cet4-e7386700994b,persistent,CH113,,,0,,,,planned,,
cet4-7eac875425b9,person,CH030,,,0,,,,planned,,
cet4-804988d57222,personal,CH007,,,0,,,,planned,,
cet4-60658f2c2fa5,personality,CH007,,,0,,,,planned,,
cet4-2f8d9646aa60,personally,CH002,,,0,,,,planned,,
cet4-5a410a9b7184,personnel,CH054,,,0,,,,planned,,
cet4-98f3e402498f,perspective,CH095,,,0,,,,planned,,
cet4-846969859859,persuade,CH071,,,0,,,,planned,,
cet4-944499a03070,persuasion,CH119,,,0,,,,planned,,
cet4-29a5a57e74e7,persuasive,CH110,,,0,,,,planned,,
cet4-a7d96fcc7f32,pessimism,CH077,,,0,,,,planned,,
cet4-38d6f9fb9777,pessimist,CH038,,,0,,,,planned,,
cet4-a256f9b572d1,pessimistic,CH062,,,0,,,,planned,,
cet4-9533c9f0ccb9,pet,CH030,,,0,,,,planned,,
cet4-385f1cdc575e,petrol,CH056,,,0,,,,planned,,
cet4-c9fe5f83db3f,petroleum,CH097,,,0,,,,planned,,
cet4-3e86cc92d02c,petty,CH050,,,0,,,,planned,,
cet4-ba100ec1dedb,phase,CH086,,,0,,,,planned,,
cet4-a1199aa73242,phenomenon,CH091,,,0,,,,planned,,
cet4-829441b80e1b,philosopher,CH041,,,0,,,,planned,,
cet4-f7d3305c2d4d,philosophical,CH027,,,0,,,,planned,,
cet4-48e674e3daca,philosophy,CH009,,,0,,,,planned,,
cet4-f560ff7b5be7,phone,CH013,,,0,,,,planned,,
cet4-4a7da5989657,photo,CH036,,,0,,,,planned,,
cet4-09a630570df6,photograph,CH030,,,0,,,,planned,,
cet4-034876060610,photographer,CH052,,,0,,,,planned,,
cet4-08f3505d1c08,photographic,CH099,,,0,,,,planned,,
cet4-397a3bb40176,photography,CH097,,,0,,,,planned,,
cet4-d74f0aee5a74,phrasal,CH014,,,0,,,,planned,,
cet4-fcefaa4ec1c4,phrase,CH090,,,0,,,,planned,,
cet4-5ff43903101a,physical,CH075,,,0,,,,planned,,
cet4-701a040d8dd4,physician,CH083,,,0,,,,planned,,
cet4-132dac74d1d9,physicist,CH098,,,0,,,,planned,,
cet4-802112bf1395,physics,CH086,,,0,,,,planned,,
cet4-709abaa39028,pianist,CH036,,,0,,,,planned,,
cet4-33c0588a40f1,piano,CH057,,,0,,,,planned,,
cet4-98d58c902620,pick,CH087,,,0,,,,planned,,
cet4-abb4d63c264d,picky,CH001,,,0,,,,planned,,
cet4-92f988f65c4f,picnic,CH100,,,0,,,,planned,,
cet4-fff1686c78ca,picture,CH023,,,0,,,,planned,,
cet4-82da29e7a693,picturesque,CH003,,,0,,,,planned,,
cet4-fa3365039ba3,pie,CH088,,,0,,,,planned,,
cet4-2053ab2c76e4,piece,CH012,,,0,,,,planned,,
cet4-05ecc3f88077,pierce,CH030,,,0,,,,planned,,
cet4-538030f3a276,pig,CH055,,,0,,,,planned,,
cet4-20808c96199f,pigeon,CH072,,,0,,,,planned,,
cet4-ad921886fdd6,pile,CH117,,,0,,,,planned,,
cet4-bc31d83fa162,pill,CH038,,,0,,,,planned,,
cet4-ff8d57a83a0b,pillar,CH081,,,0,,,,planned,,
cet4-83a7d74ac215,pillow,CH032,,,0,,,,planned,,
cet4-3c849a55980a,pilot,CH069,,,0,,,,planned,,
cet4-a1098e6c9014,pin,CH032,,,0,,,,planned,,
cet4-47a64bbaad35,pinch,CH072,,,0,,,,planned,,
cet4-80f3b0c9ccf5,pine,CH088,,,0,,,,planned,,
cet4-dd92bbd937e7,pink,CH107,,,0,,,,planned,,
cet4-3b81788db91c,pint,CH082,,,0,,,,planned,,
cet4-53d294cb0103,pioneer,CH019,,,0,,,,planned,,
cet4-c027ba303ee5,pipe,CH104,,,0,,,,planned,,
cet4-5f042fe1ce65,piracy,CH114,,,0,,,,planned,,
cet4-fa3996fea80d,pirate,CH066,,,0,,,,planned,,
cet4-4876db1a066d,pistol,CH102,,,0,,,,planned,,
cet4-4f737cb547fe,pit,CH100,,,0,,,,planned,,
cet4-2f35a6e78743,pitch,CH091,,,0,,,,planned,,
cet4-1f2ad4a4eda3,pity,CH029,,,0,,,,planned,,
cet4-cb5ca5ced9c7,pizza,CH019,,,0,,,,planned,,
cet4-fdfd49e3b697,place,CH071,,,0,,,,planned,,
cet4-10cc00f2bb0f,placement,CH056,,,0,,,,planned,,
cet4-84d154f71620,plague,CH105,,,0,,,,planned,,
cet4-19e2f1189f0a,plain,CH091,,,0,,,,planned,,
cet4-27944caebdfb,plan,CH052,,,0,,,,planned,,
cet4-a3959c1d65cf,plane,CH057,,,0,,,,planned,,
cet4-938c24627c0b,planet,CH105,,,0,,,,planned,,
cet4-91e9db9b0d28,planetary,CH112,,,0,,,,planned,,
cet4-f369d9626c27,planner,CH015,,,0,,,,planned,,
cet4-d69c65fc1e3a,planning,CH135,,,0,,,,planned,,
cet4-324508e44498,plant,CH105,,,0,,,,planned,,
cet4-bfac678d7fff,plantation,CH013,,,0,,,,planned,,
cet4-0f387cf47f47,plastic,CH052,,,0,,,,planned,,
cet4-ede421cc02b2,plate,CH072,,,0,,,,planned,,
cet4-3f65fd40cf1c,platform,CH087,,,0,,,,planned,,
cet4-d370b815c66a,play,CH076,,,0,,,,planned,,
cet4-e11b2dd98af2,player,CH054,,,0,,,,planned,,
cet4-3f6140db31f4,playground,CH036,,,0,,,,planned,,
cet4-59213625b684,pleasant,CH127,,,0,,,,planned,,
cet4-dc63f7f71711,please,CH018,,,0,,,,planned,,
cet4-e4447b75ccff,pleasing,CH109,,,0,,,,planned,,
cet4-c4dd381734e4,pleasure,CH077,,,0,,,,planned,,
cet4-043d0cabfb85,pledge,CH076,,,0,,,,planned,,
cet4-46d2adff6280,plentiful,CH050,,,0,,,,planned,,
cet4-6a6cb2239ff1,plenty,CH001,,,0,,,,planned,,
cet4-f9ffdfc8aa4a,plot,CH125,,,0,,,,planned,,
cet4-ddcc67799929,plough,CH105,,,0,,,,planned,,
cet4-79fd79eaa6c0,plow,CH111,,,0,,,,planned,,
cet4-d6d110a273c1,plug,CH056,,,0,,,,planned,,
cet4-71e07ccfc806,plunge,CH040,,,0,,,,planned,,
cet4-e7d2809bcb84,plural,CH012,,,0,,,,planned,,
cet4-72d62e5d90dc,plus,CH098,,,0,,,,planned,,
cet4-78c4ad6542f1,pocket,CH125,,,0,,,,planned,,
cet4-9d2de3512459,podcast,CH087,,,0,,,,planned,,
cet4-8bdb7a0a3f3e,poem,CH061,,,0,,,,planned,,
cet4-e789188563f4,poet,CH027,,,0,,,,planned,,
cet4-1db19f0cb630,poetic,CH028,,,0,,,,planned,,
cet4-69850b140364,poetry,CH027,,,0,,,,planned,,
cet4-65ca4c1e2e8f,point,CH116,,,0,,,,planned,,
cet4-68dc53d5cfcb,pointless,CH014,,,0,,,,planned,,
cet4-4375602e854b,poison,CH112,,,0,,,,planned,,
cet4-d3f2c32f4c2c,poisonous,CH077,,,0,,,,planned,,
cet4-7527db381751,polar,CH107,,,0,,,,planned,,
cet4-6d5c85965c73,pole,CH104,,,0,,,,planned,,
cet4-955bb8aed026,police,CH049,,,0,,,,planned,,
cet4-cd9bdfa22c2f,policeman,CH088,,,0,,,,planned,,
cet4-dff512b89ef1,policy,CH118,,,0,,,,planned,,
cet4-107a790e01dd,polish,CH068,,,0,,,,planned,,
cet4-446996b57385,polite,CH127,,,0,,,,planned,,
cet4-fe6f4ac7f653,political,CH125,,,0,,,,planned,,
cet4-96a5873e5d3d,politician,CH114,,,0,,,,planned,,
cet4-4ea9c3d3420e,politics,CH118,,,0,,,,planned,,
cet4-29567cff627e,poll,CH045,,,0,,,,planned,,
cet4-77bafd41daf5,pollster,CH122,,,0,,,,planned,,
cet4-305ce9bbc9b7,pollutant,CH105,,,0,,,,planned,,
cet4-cf8fd480525f,pollute,CH005,,,0,,,,planned,,
cet4-c7d3e05fa24e,pollution,CH112,,,0,,,,planned,,
cet4-03423a7bf110,pond,CH059,,,0,,,,planned,,
cet4-3a890d1916c5,pool,CH104,,,0,,,,planned,,
cet4-ae12ff085c4c,poor,CH114,,,0,,,,planned,,
cet4-77d4fe186891,pop,CH100,,,0,,,,planned,,
cet4-af571fd0801c,popular,CH118,,,0,,,,planned,,
cet4-14f2c8abc2fc,popularity,CH062,,,0,,,,planned,,
cet4-063558415320,populate,CH073,,,0,,,,planned,,
cet4-49c6bb4c87fd,population,CH026,,,0,,,,planned,,
cet4-1c40b9840fe0,populous,CH014,,,0,,,,planned,,
cet4-19cd24ec23a7,pork,CH084,,,0,,,,planned,,
cet4-700b99acba68,port,CH060,,,0,,,,planned,,
cet4-70c5f816a989,portable,CH066,,,0,,,,planned,,
cet4-d04aa0d07c41,porter,CH041,,,0,,,,planned,,
cet4-325550364a6e,portion,CH030,,,0,,,,planned,,
cet4-0adbf4472420,pose,CH021,,,0,,,,planned,,
cet4-2b825f293692,position,CH056,,,0,,,,planned,,
cet4-6a009f7dc9fc,positive,CH079,,,0,,,,planned,,
cet4-1736422b29d5,possess,CH017,,,0,,,,planned,,
cet4-dbfc015040d1,possession,CH047,,,0,,,,planned,,
cet4-4aebbbf7060e,possessive,CH039,,,0,,,,planned,,
cet4-efb1df2e19eb,possibility,CH131,,,0,,,,planned,,
cet4-f9ff83dc7e71,possible,CH055,,,0,,,,planned,,
cet4-e6af69faa4ce,possibly,CH080,,,0,,,,planned,,
cet4-9a715cc8a097,post,CH069,,,0,,,,planned,,
cet4-80672144f9ca,postage,CH053,,,0,,,,planned,,
cet4-2549823b97ce,postcard,CH059,,,0,,,,planned,,
cet4-8754bfbdd5d6,poster,CH124,,,0,,,,planned,,
cet4-affcfd5bfedb,postman,CH126,,,0,,,,planned,,
cet4-af200b524624,postpone,CH062,,,0,,,,planned,,
cet4-6486d521ac82,postponement,CH131,,,0,,,,planned,,
cet4-59428fa95053,posture,CH075,,,0,,,,planned,,
cet4-66d87e52a4b8,pot,CH106,,,0,,,,planned,,
cet4-de2a36413c8d,potato,CH082,,,0,,,,planned,,
cet4-11855d531dbf,potential,CH011,,,0,,,,planned,,
cet4-0c145bc1085d,potentiality,CH011,,,0,,,,planned,,
cet4-91a6a09d37d2,pound,CH026,,,0,,,,planned,,
cet4-6b95fcb769a0,pour,CH099,,,0,,,,planned,,
cet4-9f9fdf3c08b5,poverty,CH122,,,0,,,,planned,,
cet4-7603e54f5358,powder,CH083,,,0,,,,planned,,
cet4-477728182659,power,CH094,,,0,,,,planned,,
cet4-f23e71105f3b,powerful,CH088,,,0,,,,planned,,
cet4-e083205f053d,practicable,CH103,,,0,,,,planned,,
cet4-5f733d4f2a35,practical,CH120,,,0,,,,planned,,
cet4-111e61e68f0f,practicality,CH010,,,0,,,,planned,,
cet4-db7b4acb3846,practice,CH020,,,0,,,,planned,,
cet4-723c34d31741,praise,CH062,,,0,,,,planned,,
cet4-94bcec44fe93,pray,CH062,,,0,,,,planned,,
cet4-bd8bd7c90268,prayer,CH113,,,0,,,,planned,,
cet4-2b367bf3281a,preach,CH101,,,0,,,,planned,,
cet4-73742529563d,preacher,CH035,,,0,,,,planned,,
cet4-5806eb7c50c0,precaution,CH074,,,0,,,,planned,,
cet4-ff03bc78b827,precautionary,CH134,,,0,,,,planned,,
cet4-801c625d467f,precious,CH133,,,0,,,,planned,,
cet4-d733d0bf8682,precise,CH093,,,0,,,,planned,,
cet4-3290f0e76db4,precisely,CH011,,,0,,,,planned,,
cet4-fdb208fdea0b,precision,CH089,,,0,,,,planned,,
cet4-27e6e91fc13c,predict,CH061,,,0,,,,planned,,
cet4-924b0f9bde47,predictable,CH008,,,0,,,,planned,,
cet4-9607c27fa4df,prediction,CH131,,,0,,,,planned,,
cet4-b7eb4f1ff3c9,preface,CH024,,,0,,,,planned,,
cet4-d740222a9065,prefer,CH121,,,0,,,,planned,,
cet4-3c2b244605ae,preferable,CH010,,,0,,,,planned,,
cet4-2bb5e09efd30,preference,CH068,,,0,,,,planned,,
cet4-e01161ec943b,preferential,CH050,,,0,,,,planned,,
cet4-d209a030dbd4,pregnancy,CH049,,,0,,,,planned,,
cet4-8a4ac4d66d48,pregnant,CH081,,,0,,,,planned,,
cet4-feeee100a0e6,prejudice,CH074,,,0,,,,planned,,
cet4-059ba8e33ab0,preliminary,CH002,,,0,,,,planned,,
cet4-f6c8356a177d,premier,CH046,,,0,,,,planned,,
cet4-1d37c49ea0bd,preparation,CH096,,,0,,,,planned,,
cet4-66569838b0ed,preparatory,CH061,,,0,,,,planned,,
cet4-d47c4886e012,prepare,CH135,,,0,,,,planned,,
cet4-973f49ec2752,preposition,CH025,,,0,,,,planned,,
cet4-ac376d8be7d7,prescribe,CH061,,,0,,,,planned,,
cet4-756910a9c3d9,prescription,CH081,,,0,,,,planned,,
cet4-67526900fd0d,presence,CH022,,,0,,,,planned,,
cet4-7b275c0eaa02,present,CH128,,,0,,,,planned,,
cet4-839d15429e49,presentation,CH070,,,0,,,,planned,,
cet4-0da5a4a307a6,presently,CH062,,,0,,,,planned,,
cet4-199e60e4793c,preservation,CH077,,,0,,,,planned,,
cet4-02ed3f23c84b,preservative,CH088,,,0,,,,planned,,
cet4-fa17124347a6,preserve,CH013,,,0,,,,planned,,
cet4-84398a7b1170,presidency,CH055,,,0,,,,planned,,
cet4-a8ca4fb28ef6,president,CH007,,,0,,,,planned,,
cet4-0efe960d8382,presidential,CH113,,,0,,,,planned,,
cet4-b8f1534cbe59,press,CH090,,,0,,,,planned,,
cet4-c3ea4bd9ed39,pressing,CH110,,,0,,,,planned,,
cet4-e1e6649f8da1,pressure,CH075,,,0,,,,planned,,
cet4-9781633261bc,pretence,CH123,,,0,,,,planned,,
cet4-9b0dac716cea,pretend,CH130,,,0,,,,planned,,
cet4-c3397303db16,pretty,CH018,,,0,,,,planned,,
cet4-0653b93b7ed3,prevail,CH077,,,0,,,,planned,,
cet4-a39d78e0790d,prevalence,CH081,,,0,,,,planned,,
cet4-1f38989d119b,prevalent,CH005,,,0,,,,planned,,
cet4-ffdb65ce54f4,prevent,CH015,,,0,,,,planned,,
cet4-1e30c4503575,prevention,CH080,,,0,,,,planned,,
cet4-df3cce8ebff1,preventive,CH077,,,0,,,,planned,,
cet4-7511e852f5ac,preview,CH128,,,0,,,,planned,,
cet4-714d2b613fe6,previous,CH116,,,0,,,,planned,,
cet4-4e8cb92dbbcb,price,CH132,,,0,,,,planned,,
cet4-f71fd3369674,priceless,CH035,,,0,,,,planned,,
cet4-fda5704b920b,pride,CH009,,,0,,,,planned,,
cet4-ea3abd2dea72,priest,CH037,,,0,,,,planned,,
cet4-a44ff4c4799b,primarily,CH064,,,0,,,,planned,,
cet4-f2d115584e9e,primary,CH128,,,0,,,,planned,,
cet4-a8571e8a8eb4,prime,CH057,,,0,,,,planned,,
cet4-f364a3f9aa32,primitive,CH037,,,0,,,,planned,,
cet4-621ce3c615cf,prince,CH041,,,0,,,,planned,,
cet4-a0641c646fe8,princess,CH041,,,0,,,,planned,,
cet4-d96537c8f918,principal,CH026,,,0,,,,planned,,
cet4-98f92cfc1781,principle,CH092,,,0,,,,planned,,
cet4-bd6bf734d077,print,CH045,,,0,,,,planned,,
cet4-1836f06f4018,printer,CH086,,,0,,,,planned,,
cet4-9b274d68fac3,printing,CH045,,,0,,,,planned,,
cet4-bb28deb42518,prior,CH130,,,0,,,,planned,,
cet4-87ed0a7bae4b,priority,CH051,,,0,,,,planned,,
cet4-a52f9e7ecddc,prison,CH039,,,0,,,,planned,,
cet4-2908837c0ebb,prisoner,CH036,,,0,,,,planned,,
cet4-a8d4ed50a211,privacy,CH093,,,0,,,,planned,,
cet4-b0b92a93c964,private,CH009,,,0,,,,planned,,
cet4-eb68e32585f2,privatization,CH063,,,0,,,,planned,,
cet4-28c2a3141f60,privatize,CH063,,,0,,,,planned,,
cet4-1592d188bce6,privilege,CH068,,,0,,,,planned,,
cet4-b1eec595e46b,privileged,CH113,,,0,,,,planned,,
cet4-9a0f61c9abca,prize,CH122,,,0,,,,planned,,
cet4-9b92becbdd3a,probability,CH096,,,0,,,,planned,,
cet4-7a07479ac74e,probable,CH031,,,0,,,,planned,,
cet4-6a9de05459c3,probably,CH101,,,0,,,,planned,,
cet4-ab498e8e018b,problem,CH018,,,0,,,,planned,,
cet4-3d4b5af8fc41,problematic,CH077,,,0,,,,planned,,
cet4-991dcc3820bc,procedure,CH115,,,0,,,,planned,,
cet4-a7c77c856add,proceed,CH058,,,0,,,,planned,,
cet4-6c57ade57b17,process,CH106,,,0,,,,planned,,
cet4-01293dd239d9,procession,CH058,,,0,,,,planned,,
cet4-caa9096d0fbf,processor,CH056,,,0,,,,planned,,
cet4-246c0dbf42a4,proclaim,CH121,,,0,,,,planned,,
cet4-c3b34bc784e7,proclamation,CH117,,,0,,,,planned,,
cet4-b68e00d35111,produce,CH013,,,0,,,,planned,,
cet4-21a0b42aa72e,product,CH092,,,0,,,,planned,,
cet4-7cc7b439421f,production,CH124,,,0,,,,planned,,
cet4-fecabc17c8b9,productive,CH074,,,0,,,,planned,,
cet4-a37c6b9f1c6a,productivity,CH115,,,0,,,,planned,,
cet4-0737f4f51590,profession,CH044,,,0,,,,planned,,
cet4-6a17a6729db3,professional,CH048,,,0,,,,planned,,
cet4-05d0a3cdff34,professor,CH002,,,0,,,,planned,,
cet4-5d986a73fe2f,proficiency,CH018,,,0,,,,planned,,
cet4-98d8bca21bf6,proficient,CH016,,,0,,,,planned,,
cet4-a49a11bf6944,profit,CH122,,,0,,,,planned,,
cet4-a5dfd9fcbd5e,profitable,CH043,,,0,,,,planned,,
cet4-41ac2a87e3eb,profound,CH034,,,0,,,,planned,,
cet4-76ba8354d38e,program,CH086,,,0,,,,planned,,
cet4-9b4b66a99be0,progress,CH043,,,0,,,,planned,,
cet4-dafcc41ea877,progression,CH074,,,0,,,,planned,,
cet4-0442040da066,progressive,CH114,,,0,,,,planned,,
cet4-80122f35d09b,prohibit,CH050,,,0,,,,planned,,
cet4-4d6591457224,prohibition,CH125,,,0,,,,planned,,
cet4-dcf5a5fa19cb,prohibitive,CH049,,,0,,,,planned,,
cet4-109bf37d1821,project,CH031,,,0,,,,planned,,
cet4-d791b1aa5548,projection,CH085,,,0,,,,planned,,
cet4-a908b04b1640,projector,CH094,,,0,,,,planned,,
cet4-f31568d0ce11,prominence,CH084,,,0,,,,planned,,
cet4-bc6242ebf1be,prominent,CH043,,,0,,,,planned,,
cet4-921e1448ad5b,promise,CH132,,,0,,,,planned,,
cet4-9d33ecbfcae8,promising,CH052,,,0,,,,planned,,
cet4-ae3df0180e15,promote,CH007,,,0,,,,planned,,
cet4-dcc3d16037f4,promotion,CH007,,,0,,,,planned,,
cet4-a2f61a190ef5,prompt,CH087,,,0,,,,planned,,
cet4-a85e1cd83830,pronoun,CH137,,,0,,,,planned,,
cet4-28bb1533d1f7,pronounce,CH028,,,0,,,,planned,,
cet4-19ea3ddbc826,pronunciation,CH057,,,0,,,,planned,,
cet4-97702efb711f,proof,CH088,,,0,,,,planned,,
cet4-ca5bdac839b3,proper,CH034,,,0,,,,planned,,
cet4-e8faf9952c95,property,CH009,,,0,,,,planned,,
cet4-771f3480e562,proportion,CH002,,,0,,,,planned,,
cet4-c0ee315fd4ad,proportional,CH099,,,0,,,,planned,,
cet4-d6fa0c8c60b9,proposal,CH047,,,0,,,,planned,,
cet4-5efb147d2cc3,propose,CH101,,,0,,,,planned,,
cet4-d2890dcfc2dd,proposition,CH121,,,0,,,,planned,,
cet4-ffb6f5d546b6,prose,CH025,,,0,,,,planned,,
cet4-253a3e428728,prospect,CH131,,,0,,,,planned,,
cet4-b0c61e33fc3d,prospective,CH127,,,0,,,,planned,,
cet4-5cd1dd76a2c5,protect,CH045,,,0,,,,planned,,
cet4-8a072eca5bf4,protection,CH070,,,0,,,,planned,,
cet4-06222c772fb6,protective,CH009,,,0,,,,planned,,
cet4-358523f92d46,protein,CH007,,,0,,,,planned,,
cet4-2f332ec772c7,protest,CH125,,,0,,,,planned,,
cet4-cb65be6524f5,proud,CH055,,,0,,,,planned,,
cet4-7640caa77cfd,prove,CH023,,,0,,,,planned,,
cet4-26e76b65bfcb,proverb,CH077,,,0,,,,planned,,
cet4-c4dba9afead5,proverbial,CH080,,,0,,,,planned,,
cet4-56cbcc06b98e,provide,CH079,,,0,,,,planned,,
cet4-d6ea8ed7a329,provided,CH079,,,0,,,,planned,,
cet4-66758236fa48,province,CH116,,,0,,,,planned,,
cet4-2fd49aeb6558,provincial,CH002,,,0,,,,planned,,
cet4-310cbb3301e7,provision,CH077,,,0,,,,planned,,
cet4-25c30f2e995b,provocation,CH084,,,0,,,,planned,,
cet4-26c046656866,provocative,CH039,,,0,,,,planned,,
cet4-a6d039c83b51,provoke,CH126,,,0,,,,planned,,
cet4-f0eaef19febe,psychological,CH136,,,0,,,,planned,,
cet4-f718819a4558,psychologist,CH059,,,0,,,,planned,,
cet4-6e8ffc6c97ad,psychology,CH136,,,0,,,,planned,,
cet4-145a7df9879b,pub,CH115,,,0,,,,planned,,
cet4-57b0f738d60d,public,CH118,,,0,,,,planned,,
cet4-884536fb5fd0,publication,CH044,,,0,,,,planned,,
cet4-145ee40f7352,publicity,CH126,,,0,,,,planned,,
cet4-33b4d89ebd3e,publicize,CH120,,,0,,,,planned,,
cet4-72efaf55a1d2,publicly,CH121,,,0,,,,planned,,
cet4-46d23a39ddf0,publish,CH046,,,0,,,,planned,,
cet4-bfdfd5a7f451,pull,CH091,,,0,,,,planned,,
cet4-172cebf10427,pulse,CH033,,,0,,,,planned,,
cet4-c52ba30be5df,pump,CH082,,,0,,,,planned,,
cet4-2eb66e39904b,punch,CH052,,,0,,,,planned,,
cet4-dbe12ceb2261,punctual,CH051,,,0,,,,planned,,
cet4-1afe7fcea0b1,punctuality,CH074,,,0,,,,planned,,
cet4-cec433600110,punish,CH063,,,0,,,,planned,,
cet4-3b75449ad4e2,punishment,CH120,,,0,,,,planned,,
cet4-1ea39a21d1d8,pupil,CH043,,,0,,,,planned,,
cet4-fa89a4056640,purchase,CH022,,,0,,,,planned,,
cet4-c513a8c8ef0f,pure,CH037,,,0,,,,planned,,
cet4-da6ede2a30a6,purify,CH113,,,0,,,,planned,,
cet4-ff048edf7e9b,purity,CH019,,,0,,,,planned,,
cet4-48d68e9ba652,purple,CH011,,,0,,,,planned,,
cet4-b77398cbc2e8,purpose,CH129,,,0,,,,planned,,
cet4-2d6cfd4cc914,purposeful,CH126,,,0,,,,planned,,
cet4-40aa41c9cedf,purse,CH045,,,0,,,,planned,,
cet4-50ace2649cd6,pursue,CH061,,,0,,,,planned,,
cet4-8efaeb52362b,pursuit,CH047,,,0,,,,planned,,
cet4-42423b7bdeac,push,CH051,,,0,,,,planned,,
cet4-893932c96676,pushy,CH101,,,0,,,,planned,,
cet4-1375ceff8af1,put,CH095,,,0,,,,planned,,
cet4-13e66b49f007,puzzle,CH127,,,0,,,,planned,,
cet4-0d9cd4e70070,puzzlement,CH050,,,0,,,,planned,,
cet4-1615e96bcbd2,quake,CH111,,,0,,,,planned,,
cet4-b5fb24852fc5,qualification,CH031,,,0,,,,planned,,
cet4-fc349400f80a,qualify,CH022,,,0,,,,planned,,
cet4-142ac33aa5eb,qualitative,CH021,,,0,,,,planned,,
cet4-98483e97481e,quality,CH009,,,0,,,,planned,,
cet4-891dd2bcd486,quantification,CH052,,,0,,,,planned,,
cet4-6bf456176ff3,quantify,CH101,,,0,,,,planned,,
cet4-5fa282f36d20,quantitative,CH072,,,0,,,,planned,,
cet4-9c1d506e39bc,quantity,CH098,,,0,,,,planned,,
cet4-304dada4b354,quarrel,CH039,,,0,,,,planned,,
cet4-699ded2d166e,quarrelsome,CH061,,,0,,,,planned,,
cet4-8eac83f8c31a,quarter,CH026,,,0,,,,planned,,
cet4-7b3a48d77627,quarterly,CH024,,,0,,,,planned,,
cet4-7d63d55c6934,queen,CH033,,,0,,,,planned,,
cet4-60be4ab9006d,question,CH041,,,0,,,,planned,,
cet4-aa7c44a43c57,questionnaire,CH101,,,0,,,,planned,,
cet4-9742ba6fea33,queue,CH059,,,0,,,,planned,,
cet4-1a5b50e0d8b4,quick,CH082,,,0,,,,planned,,
cet4-4e83f5fcd577,quiet,CH057,,,0,,,,planned,,
cet4-6782dffd3c64,quit,CH091,,,0,,,,planned,,
cet4-f25d488cb287,quite,CH012,,,0,,,,planned,,
cet4-520272bba23a,quiz,CH016,,,0,,,,planned,,
cet4-ef57c3683ae7,quota,CH098,,,0,,,,planned,,
cet4-23452e81f15e,quotation,CH020,,,0,,,,planned,,
cet4-660cfede991d,quote,CH024,,,0,,,,planned,,
cet4-95b291a7e329,rabbit,CH041,,,0,,,,planned,,
cet4-af2976f10f9c,race,CH088,,,0,,,,planned,,
cet4-1190b7b5eafa,racial,CH077,,,0,,,,planned,,
cet4-475bfb12565c,racism,CH123,,,0,,,,planned,,
cet4-2b96785a1d72,racist,CH119,,,0,,,,planned,,
cet4-4a99b96bc534,rack,CH048,,,0,,,,planned,,
cet4-891b6495ab1f,radar,CH097,,,0,,,,planned,,
cet4-0168e5f145c2,radical,CH034,,,0,,,,planned,,
cet4-9e1fb8e3a3c6,radio,CH066,,,0,,,,planned,,
cet4-c64b6e6d7460,rag,CH007,,,0,,,,planned,,
cet4-159d6dfcbe54,rage,CH122,,,0,,,,planned,,
cet4-ffc7a16f843e,ragged,CH058,,,0,,,,planned,,
cet4-eb612c0522e5,raging,CH008,,,0,,,,planned,,
cet4-54721f646145,raid,CH047,,,0,,,,planned,,
cet4-8d67e6d31194,rail,CH041,,,0,,,,planned,,
cet4-0d030dd74d99,railroad,CH069,,,0,,,,planned,,
cet4-c2a3e6b6d908,railway,CH069,,,0,,,,planned,,
cet4-dc9c672a1a7b,rain,CH108,,,0,,,,planned,,
cet4-ac440238c334,rainbow,CH027,,,0,,,,planned,,
cet4-2026c7f22e81,raincoat,CH109,,,0,,,,planned,,
cet4-9f5d1b613af1,rainy,CH110,,,0,,,,planned,,
cet4-56ea73e63122,raise,CH039,,,0,,,,planned,,
cet4-699d91c8491e,rally,CH068,,,0,,,,planned,,
cet4-71bf3a2d086e,range,CH090,,,0,,,,planned,,
cet4-1882e4a57bef,rank,CH095,,,0,,,,planned,,
cet4-a924f3f7e203,rapid,CH111,,,0,,,,planned,,
cet4-6edeee8ad3ab,rapidity,CH001,,,0,,,,planned,,
cet4-901fa89d12c1,rare,CH132,,,0,,,,planned,,
cet4-a8dd3ea6c4d3,rarely,CH110,,,0,,,,planned,,
cet4-1abc3b29186e,rarity,CH064,,,0,,,,planned,,
cet4-5964e525ed75,rat,CH030,,,0,,,,planned,,
cet4-87710010a36b,rate,CH002,,,0,,,,planned,,
cet4-67bd075d7d50,rather,CH024,,,0,,,,planned,,
cet4-1c3cd9d573cf,rating,CH055,,,0,,,,planned,,
cet4-944e751d56c9,ratio,CH080,,,0,,,,planned,,
cet4-0cc72c32cd1f,rational,CH134,,,0,,,,planned,,
cet4-9f2022dd9490,raw,CH091,,,0,,,,planned,,
cet4-19a3162adb51,ray,CH057,,,0,,,,planned,,
cet4-463a83c6d680,reach,CH079,,,0,,,,planned,,
cet4-ec91a53b1f07,react,CH077,,,0,,,,planned,,
cet4-39a74626930a,reaction,CH075,,,0,,,,planned,,
cet4-7e54e4143c36,reactionary,CH043,,,0,,,,planned,,
cet4-ac9edc63cc5d,read,CH016,,,0,,,,planned,,
cet4-ef64ea1cc9de,reader,CH017,,,0,,,,planned,,
cet4-b2cc82b9c09c,readily,CH022,,,0,,,,planned,,
cet4-0b049bfea80d,reading,CH026,,,0,,,,planned,,
cet4-9f98e481d7ef,ready,CH023,,,0,,,,planned,,
cet4-e926a1b99ded,real,CH117,,,0,,,,planned,,
cet4-164dc7119f9e,realism,CH129,,,0,,,,planned,,
cet4-eac0b5c1a431,realistic,CH025,,,0,,,,planned,,
cet4-10fbc79470d0,reality,CH120,,,0,,,,planned,,
cet4-1b0377483c4d,realization,CH077,,,0,,,,planned,,
cet4-fa941316c68e,realize,CH052,,,0,,,,planned,,
cet4-4a0267a8edc9,really,CH025,,,0,,,,planned,,
cet4-ff60e0968613,realm,CH021,,,0,,,,planned,,
cet4-884fcbe30042,reap,CH010,,,0,,,,planned,,
cet4-b96266d03562,rear,CH002,,,0,,,,planned,,
cet4-c3b160380fa8,reason,CH025,,,0,,,,planned,,
cet4-e0d9785e3804,reasonable,CH122,,,0,,,,planned,,
cet4-94a2bbc84a3c,rebel,CH047,,,0,,,,planned,,
cet4-917007e876a3,rebellion,CH123,,,0,,,,planned,,
cet4-e182ba41760c,rebellious,CH125,,,0,,,,planned,,
cet4-95f9835be31f,recall,CH101,,,0,,,,planned,,
cet4-6cc12e9ca9e4,receipt,CH050,,,0,,,,planned,,
cet4-c2569081022f,receive,CH040,,,0,,,,planned,,
cet4-396e88f4e2ce,receiver,CH113,,,0,,,,planned,,
cet4-3972b27d850e,recent,CH047,,,0,,,,planned,,
cet4-e1e7a9d8c44a,recently,CH001,,,0,,,,planned,,
cet4-62a5caad8fb3,reception,CH065,,,0,,,,planned,,
cet4-16f743b32c02,receptionist,CH137,,,0,,,,planned,,
cet4-465ca7d7c821,receptive,CH023,,,0,,,,planned,,
cet4-e1251b18fbc9,recession,CH044,,,0,,,,planned,,
cet4-d2cfd3dbd75f,recipient,CH036,,,0,,,,planned,,
cet4-52e80aed7123,recitation,CH125,,,0,,,,planned,,
cet4-8cb46a022dcd,recite,CH022,,,0,,,,planned,,
cet4-6a2cadf685fd,reckon,CH029,,,0,,,,planned,,
cet4-8130cf00e484,recognition,CH019,,,0,,,,planned,,
cet4-0fdb6cb279b9,recognize,CH022,,,0,,,,planned,,
cet4-b0ffb39c67d6,recommend,CH051,,,0,,,,planned,,
cet4-d9d7c8d57233,recommendation,CH056,,,0,,,,planned,,
cet4-fee526ec8ab8,record,CH090,,,0,,,,planned,,
cet4-bfcd52a3274d,recorder,CH097,,,0,,,,planned,,
cet4-849ed2a0e195,recording,CH097,,,0,,,,planned,,
cet4-d6f14d1f646e,recover,CH091,,,0,,,,planned,,
cet4-acd325cdaea8,recovery,CH097,,,0,,,,planned,,
cet4-a70462598d16,recreation,CH079,,,0,,,,planned,,
cet4-22709a47f61c,recreational,CH059,,,0,,,,planned,,
cet4-a7428eda7f09,recruit,CH053,,,0,,,,planned,,
cet4-7940b5af17ab,recruitment,CH055,,,0,,,,planned,,
cet4-601dc76a3c5f,recyclable,CH005,,,0,,,,planned,,
cet4-176e4c5b914c,recycle,CH006,,,0,,,,planned,,
cet4-bf9560881df0,red,CH111,,,0,,,,planned,,
cet4-f6b6f45b387b,reduce,CH096,,,0,,,,planned,,
cet4-f8ebf7d34444,reduction,CH085,,,0,,,,planned,,
cet4-5777b82833ef,refer,CH136,,,0,,,,planned,,
cet4-d96a9df66038,reference,CH020,,,0,,,,planned,,
cet4-90004e533650,refine,CH078,,,0,,,,planned,,
cet4-19b9e28faf8a,refinement,CH074,,,0,,,,planned,,
cet4-c04f5f2330eb,refinery,CH103,,,0,,,,planned,,
cet4-bd000fc30b3e,reflect,CH103,,,0,,,,planned,,
cet4-1d229fe5cc76,reflection,CH085,,,0,,,,planned,,
cet4-60104496023e,reflective,CH134,,,0,,,,planned,,
cet4-17d890a9c652,reform,CH136,,,0,,,,planned,,
cet4-1d5bc4cde118,reformation,CH114,,,0,,,,planned,,
cet4-bdac9a0bf34a,reformist,CH124,,,0,,,,planned,,
cet4-988926603071,refrain,CH101,,,0,,,,planned,,
cet4-e1ea8dff19e6,refresh,CH084,,,0,,,,planned,,
cet4-a152c0d6d93f,refreshment,CH077,,,0,,,,planned,,
cet4-c839e7c2f50a,refrigeration,CH081,,,0,,,,planned,,
cet4-29443e3ef770,refrigerator,CH071,,,0,,,,planned,,
cet4-82024fcad715,refusal,CH124,,,0,,,,planned,,
cet4-c58460908d23,refuse,CH062,,,0,,,,planned,,
cet4-db8d76b830c7,regard,CH068,,,0,,,,planned,,
cet4-07cbef4468fb,regarding,CH003,,,0,,,,planned,,
cet4-53d9d907e135,regardless,CH021,,,0,,,,planned,,
cet4-6b6ebe39f787,region,CH023,,,0,,,,planned,,
cet4-98861a4da506,regional,CH084,,,0,,,,planned,,
cet4-253efd1c1b85,register,CH086,,,0,,,,planned,,
cet4-a5d38282c8f2,registrar,CH054,,,0,,,,planned,,
cet4-42c253570d8d,registration,CH013,,,0,,,,planned,,
cet4-684bd1709c0c,regret,CH022,,,0,,,,planned,,
cet4-547762ff0ec7,regretful,CH025,,,0,,,,planned,,
cet4-578642999ad5,regrettable,CH005,,,0,,,,planned,,
cet4-c365b54df636,regular,CH038,,,0,,,,planned,,
cet4-a66274e77480,regularity,CH072,,,0,,,,planned,,
cet4-fb8d5dca7f3a,regulate,CH045,,,0,,,,planned,,
cet4-f621a366931e,regulation,CH090,,,0,,,,planned,,
cet4-a8fb0b649355,regulator,CH092,,,0,,,,planned,,
cet4-e45f8050c468,regulatory,CH050,,,0,,,,planned,,
cet4-1755c503afc5,reinforce,CH001,,,0,,,,planned,,
cet4-3c68b9b0072a,reinforcement,CH097,,,0,,,,planned,,
cet4-f3e326ec400f,reject,CH062,,,0,,,,planned,,
cet4-97957cf35c2b,rejection,CH068,,,0,,,,planned,,
cet4-7c9ac3373755,relate,CH065,,,0,,,,planned,,
cet4-40e6b335734c,relation,CH032,,,0,,,,planned,,
cet4-34495b2d820e,relationship,CH032,,,0,,,,planned,,
cet4-7e409443975f,relative,CH030,,,0,,,,planned,,
cet4-d2c6fa9c3356,relativity,CH094,,,0,,,,planned,,
cet4-a9fae7d5ac90,relax,CH058,,,0,,,,planned,,
cet4-1b6c04b6158b,relaxation,CH087,,,0,,,,planned,,
cet4-3d7972f9ffd0,relay,CH037,,,0,,,,planned,,
cet4-dd04ef670ef6,release,CH087,,,0,,,,planned,,
cet4-21a2e047179d,relevance,CH042,,,0,,,,planned,,
cet4-89fe6a7aac24,relevant,CH113,,,0,,,,planned,,
cet4-c363929b3ba0,reliable,CH032,,,0,,,,planned,,
cet4-beb5f9731640,reliance,CH119,,,0,,,,planned,,
cet4-577caee39b22,relief,CH076,,,0,,,,planned,,
cet4-b94292973075,relieve,CH076,,,0,,,,planned,,
cet4-3d7079788844,religion,CH119,,,0,,,,planned,,
cet4-3cd34e0d13f7,religious,CH122,,,0,,,,planned,,
cet4-7b59e8514d71,reluctance,CH095,,,0,,,,planned,,
cet4-7472ed7d1f91,reluctant,CH120,,,0,,,,planned,,
cet4-23c0dbb2b10d,rely,CH006,,,0,,,,planned,,
cet4-3be839e5b1d0,remain,CH032,,,0,,,,planned,,
cet4-a45a2bcf9fd7,remainder,CH090,,,0,,,,planned,,
cet4-65c94617ab07,remark,CH003,,,0,,,,planned,,
cet4-15661f11a43b,remarkable,CH004,,,0,,,,planned,,
cet4-13163687ee9b,remedial,CH084,,,0,,,,planned,,
cet4-83332f7eb2f5,remedy,CH084,,,0,,,,planned,,
cet4-40e76a068763,remember,CH017,,,0,,,,planned,,
cet4-6f5a759d4255,remembrance,CH001,,,0,,,,planned,,
cet4-c6517fabb4b6,remind,CH130,,,0,,,,planned,,
cet4-f5baa8d2756a,reminder,CH127,,,0,,,,planned,,
cet4-3aafdf59dd32,remote,CH087,,,0,,,,planned,,
cet4-1f045094cc0b,removal,CH055,,,0,,,,planned,,
cet4-8540a29fdaf1,remove,CH044,,,0,,,,planned,,
cet4-8b66a27f83b9,render,CH099,,,0,,,,planned,,
cet4-700752f041a7,rendering,CH099,,,0,,,,planned,,
cet4-0fcf51938c5c,renew,CH006,,,0,,,,planned,,
cet4-2be061f6ee51,renewable,CH093,,,0,,,,planned,,
cet4-ffadd03b2a93,renewal,CH051,,,0,,,,planned,,
cet4-585ec535f635,renovate,CH137,,,0,,,,planned,,
cet4-a85bf06fa612,renovation,CH095,,,0,,,,planned,,
cet4-fcfc39e1aac1,rent,CH048,,,0,,,,planned,,
cet4-7ae27e331dac,rental,CH022,,,0,,,,planned,,
cet4-1ef4008d36a1,repair,CH070,,,0,,,,planned,,
cet4-98689b01c46b,reparable,CH101,,,0,,,,planned,,
cet4-1ec3875eed84,repay,CH129,,,0,,,,planned,,
cet4-cb63cd8a5791,repayment,CH055,,,0,,,,planned,,
cet4-b26be8a03107,repeat,CH097,,,0,,,,planned,,
cet4-f82bce8f4e90,repeatedly,CH062,,,0,,,,planned,,
cet4-0f13a4ac5d58,repetition,CH094,,,0,,,,planned,,
cet4-726db81ba1f0,repetitive,CH064,,,0,,,,planned,,
cet4-360ec6c9a7db,replace,CH046,,,0,,,,planned,,
cet4-513e498ef3e7,replacement,CH040,,,0,,,,planned,,
cet4-4ca6d2325bc0,reply,CH088,,,0,,,,planned,,
cet4-a31da7847645,report,CH009,,,0,,,,planned,,
cet4-475e6578b89d,reporter,CH036,,,0,,,,planned,,
cet4-e15cc58073f7,represent,CH033,,,0,,,,planned,,
cet4-69dd6fe6ad89,representation,CH135,,,0,,,,planned,,
cet4-d3ee5fb7e8b6,representative,CH114,,,0,,,,planned,,
cet4-9c01acb2532a,reproduce,CH105,,,0,,,,planned,,
cet4-ce67cba9babd,reproduction,CH053,,,0,,,,planned,,
cet4-1fa5adefee61,reproductive,CH127,,,0,,,,planned,,
cet4-9c2684b1af20,republic,CH115,,,0,,,,planned,,
cet4-871de0ce1399,republican,CH111,,,0,,,,planned,,
cet4-d879cd79a86c,reputation,CH123,,,0,,,,planned,,
cet4-5eda66df4b82,request,CH040,,,0,,,,planned,,
cet4-6719d7272268,require,CH120,,,0,,,,planned,,
cet4-5b2a0a143fe8,requirement,CH080,,,0,,,,planned,,
cet4-cc982a206aeb,rescue,CH124,,,0,,,,planned,,
cet4-279342265e84,research,CH016,,,0,,,,planned,,
cet4-142e61d6ef41,researcher,CH015,,,0,,,,planned,,
cet4-88db18ff951f,resemblance,CH080,,,0,,,,planned,,
cet4-5819205de3ed,resemble,CH006,,,0,,,,planned,,
cet4-5ec73c80f2df,resent,CH014,,,0,,,,planned,,
cet4-defcf6a1f65d,resentment,CH021,,,0,,,,planned,,
cet4-531bb76cda82,reservation,CH070,,,0,,,,planned,,
cet4-365cf605d6ad,reserve,CH128,,,0,,,,planned,,
cet4-b12a7d21e6bb,reserved,CH065,,,0,,,,planned,,
cet4-cd308f8870fc,reside,CH123,,,0,,,,planned,,
cet4-f410087d9fce,residence,CH041,,,0,,,,planned,,
cet4-b93c86af568a,resident,CH055,,,0,,,,planned,,
cet4-1f1133502858,residential,CH119,,,0,,,,planned,,
cet4-13f5d6b49d9f,resign,CH062,,,0,,,,planned,,
cet4-bfb09ad4e785,resignation,CH054,,,0,,,,planned,,
cet4-40dd5cb04dd0,resist,CH068,,,0,,,,planned,,
cet4-2ef4cf2fdef0,resistance,CH108,,,0,,,,planned,,
cet4-54d6ea250aa7,resistant,CH003,,,0,,,,planned,,
cet4-ce84aa01ea37,resolute,CH134,,,0,,,,planned,,
cet4-b3d1c2e801f3,resolution,CH087,,,0,,,,planned,,
cet4-f35285d6fa03,resolve,CH010,,,0,,,,planned,,
cet4-c12450b345a4,resort,CH067,,,0,,,,planned,,
cet4-dd569f4c992c,resource,CH085,,,0,,,,planned,,
cet4-89c67a2b2885,resourceful,CH126,,,0,,,,planned,,
cet4-15fd9514a55e,respect,CH132,,,0,,,,planned,,
cet4-555b86c4cdf4,respectable,CH127,,,0,,,,planned,,
cet4-f7052c3771cb,respectful,CH021,,,0,,,,planned,,
cet4-66bea8e76a27,respective,CH012,,,0,,,,planned,,
cet4-3ce711273a9b,respectively,CH014,,,0,,,,planned,,
cet4-eda5c33b27f0,respond,CH130,,,0,,,,planned,,
cet4-a9359858d126,respondent,CH109,,,0,,,,planned,,
cet4-35489d4cae98,response,CH092,,,0,,,,planned,,
cet4-7501e0eeafc9,responsibility,CH136,,,0,,,,planned,,
cet4-620d1ccf3cbf,responsible,CH135,,,0,,,,planned,,
cet4-22c17133616f,responsive,CH019,,,0,,,,planned,,
cet4-dfdaf1ec8040,rest,CH070,,,0,,,,planned,,
cet4-7b6eece55050,restaurant,CH110,,,0,,,,planned,,
cet4-b88a9e70f72c,restoration,CH104,,,0,,,,planned,,
cet4-6a37372d6e02,restore,CH091,,,0,,,,planned,,
cet4-d0ddf92d79d0,restrain,CH058,,,0,,,,planned,,
cet4-28f2d7e84a97,restraint,CH009,,,0,,,,planned,,
cet4-acc9ace20381,restrict,CH072,,,0,,,,planned,,
cet4-269eb2737099,restriction,CH098,,,0,,,,planned,,
cet4-6024948015fb,restrictive,CH122,,,0,,,,planned,,
cet4-1508bee01043,result,CH091,,,0,,,,planned,,
cet4-398fecf8af03,resultant,CH014,,,0,,,,planned,,
cet4-8d45414f169d,resume,CH095,,,0,,,,planned,,
cet4-5e91d3bec4a3,resumption,CH050,,,0,,,,planned,,
cet4-390a244f03f5,retail,CH124,,,0,,,,planned,,
cet4-720283c35eaa,retailer,CH052,,,0,,,,planned,,
cet4-341e92cfbfb1,retain,CH136,,,0,,,,planned,,
cet4-8f12b5747b50,retell,CH061,,,0,,,,planned,,
cet4-e595a7fbe224,retention,CH022,,,0,,,,planned,,
cet4-65063014b067,retire,CH053,,,0,,,,planned,,
cet4-fca54278fbd4,retired,CH044,,,0,,,,planned,,
cet4-0d09c347ee12,retirement,CH054,,,0,,,,planned,,
cet4-1bcbf0da8650,retreat,CH032,,,0,,,,planned,,
cet4-297879acfe25,return,CH034,,,0,,,,planned,,
cet4-e0ec6052290e,reunification,CH010,,,0,,,,planned,,
cet4-033587673586,reunion,CH071,,,0,,,,planned,,
cet4-9a2ce8acb6cd,reunite,CH005,,,0,,,,planned,,
cet4-81d90d0474d7,reveal,CH029,,,0,,,,planned,,
cet4-d4e16640da72,revelation,CH017,,,0,,,,planned,,
cet4-dc3674e3a237,revenue,CH114,,,0,,,,planned,,
cet4-146089d4c0ae,reversal,CH127,,,0,,,,planned,,
cet4-fdc57a377b15,reverse,CH092,,,0,,,,planned,,
cet4-3fb6a608843b,reversible,CH074,,,0,,,,planned,,
cet4-cda676efa7f5,review,CH017,,,0,,,,planned,,
cet4-cb0a653ac695,reviewer,CH015,,,0,,,,planned,,
cet4-5cefed615eed,revise,CH059,,,0,,,,planned,,
cet4-790031e738ce,revision,CH089,,,0,,,,planned,,
cet4-844881a63647,revolution,CH115,,,0,,,,planned,,
cet4-b289d3f565f3,revolutionary,CH108,,,0,,,,planned,,
cet4-b7e8dd6aafd3,revolve,CH029,,,0,,,,planned,,
cet4-0ca11dd1013f,reward,CH128,,,0,,,,planned,,
cet4-06c0d51c2670,rewarding,CH003,,,0,,,,planned,,
cet4-9b1b6cbfbe35,rhythm,CH076,,,0,,,,planned,,
cet4-d54dcf92e4f1,rhythmic,CH029,,,0,,,,planned,,
cet4-1a9aab25c8ca,rib,CH106,,,0,,,,planned,,
cet4-fa42a70ea1b1,ribbon,CH019,,,0,,,,planned,,
cet4-2cdf6fdf48c8,rice,CH048,,,0,,,,planned,,
cet4-c52d17a9b99f,rich,CH112,,,0,,,,planned,,
cet4-195f876622db,rid,CH113,,,0,,,,planned,,
cet4-a01c41a6a16e,riddle,CH134,,,0,,,,planned,,
cet4-bfe4325e0f64,ride,CH060,,,0,,,,planned,,
cet4-b317f824e348,rider,CH069,,,0,,,,planned,,
cet4-c8fb7359ca83,ridicule,CH064,,,0,,,,planned,,
cet4-a483a9d43211,ridiculous,CH058,,,0,,,,planned,,
cet4-39905b9a07ad,rifle,CH022,,,0,,,,planned,,
cet4-476df23173e5,right,CH118,,,0,,,,planned,,
cet4-eb56fec99203,ring,CH122,,,0,,,,planned,,
cet4-b55fe06b3fbb,riot,CH116,,,0,,,,planned,,
cet4-40d541e4046a,riotous,CH014,,,0,,,,planned,,
cet4-0da05e4812fd,rip,CH106,,,0,,,,planned,,
cet4-10628290cc69,ripe,CH016,,,0,,,,planned,,
cet4-25184d754d54,ripen,CH006,,,0,,,,planned,,
cet4-70451e74f538,rise,CH007,,,0,,,,planned,,
cet4-04aefbf06e25,risk,CH135,,,0,,,,planned,,
cet4-05ff3a7aebe1,risky,CH133,,,0,,,,planned,,
cet4-1bddfe4e7adb,rival,CH006,,,0,,,,planned,,
cet4-f504acdadde7,rivalry,CH078,,,0,,,,planned,,
cet4-dd76422df3b7,river,CH106,,,0,,,,planned,,
cet4-f0a45402a53a,road,CH060,,,0,,,,planned,,
cet4-2cb78bedd60e,roar,CH069,,,0,,,,planned,,
cet4-67d5f2dc1102,roast,CH103,,,0,,,,planned,,
cet4-c689edf296f1,rob,CH130,,,0,,,,planned,,
cet4-0eb9636a6240,robbery,CH116,,,0,,,,planned,,
cet4-07d6b698c84b,robot,CH052,,,0,,,,planned,,
cet4-6e5260a960a2,robotic,CH110,,,0,,,,planned,,
cet4-638fa1e175df,rock,CH105,,,0,,,,planned,,
cet4-9b4d100992c7,rocket,CH013,,,0,,,,planned,,
cet4-647aa012170f,rocky,CH057,,,0,,,,planned,,
cet4-d2666b353582,rod,CH088,,,0,,,,planned,,
cet4-aa6fad77396d,role,CH124,,,0,,,,planned,,
cet4-6ee748dbefdc,roll,CH047,,,0,,,,planned,,
cet4-f49b74c4c2f3,roller,CH096,,,0,,,,planned,,
cet4-a47fb1c13f20,romance,CH065,,,0,,,,planned,,
cet4-0e1822eec5c8,romantic,CH119,,,0,,,,planned,,
cet4-f7faee16ae46,roof,CH058,,,0,,,,planned,,
cet4-5d4544f1b37f,room,CH120,,,0,,,,planned,,
cet4-3e255a8c089c,root,CH106,,,0,,,,planned,,
cet4-7a4acc7af8a6,rope,CH001,,,0,,,,planned,,
cet4-e86f0b284dce,rose,CH027,,,0,,,,planned,,
cet4-c1e58b4c8d93,rosy,CH077,,,0,,,,planned,,
cet4-cd6822173cdd,rough,CH128,,,0,,,,planned,,
cet4-556f8b866991,roughly,CH103,,,0,,,,planned,,
cet4-7d1bb68eaeb7,round,CH023,,,0,,,,planned,,
cet4-e8cf96406ba3,rouse,CH132,,,0,,,,planned,,
cet4-333adff2cc11,route,CH098,,,0,,,,planned,,
cet4-6a372038132f,routine,CH094,,,0,,,,planned,,
cet4-533412f90890,row,CH096,,,0,,,,planned,,
cet4-bd9b9bab998e,royal,CH065,,,0,,,,planned,,
cet4-3f0ff2db265b,royalty,CH045,,,0,,,,planned,,
cet4-d2864b6eda1c,rub,CH039,,,0,,,,planned,,
cet4-2a15ecf71824,rubber,CH112,,,0,,,,planned,,
cet4-0ae12383b1ef,rubbish,CH006,,,0,,,,planned,,
cet4-316a9cea6b42,rude,CH135,,,0,,,,planned,,
cet4-d3d17183f219,rug,CH102,,,0,,,,planned,,
cet4-adb3a03fd259,ruin,CH025,,,0,,,,planned,,
cet4-03024353bafb,ruinous,CH072,,,0,,,,planned,,
cet4-01f7cc82c091,rule,CH135,,,0,,,,planned,,
cet4-531c751724d4,ruler,CH036,,,0,,,,planned,,
cet4-3a6e0adc1b8d,ruling,CH135,,,0,,,,planned,,
cet4-d80fc0246157,rumor,CH019,,,0,,,,planned,,
cet4-f89cd7f82c2b,run,CH058,,,0,,,,planned,,
cet4-0db8879d997d,runner,CH069,,,0,,,,planned,,
cet4-136386ef436f,running,CH049,,,0,,,,planned,,
cet4-533318ea94a5,runway,CH090,,,0,,,,planned,,
cet4-66e7d63cb507,rural,CH065,,,0,,,,planned,,
cet4-89923bf73de2,rush,CH007,,,0,,,,planned,,
cet4-38209cd0ae07,sack,CH048,,,0,,,,planned,,
cet4-d87403d5bd5f,sacrifice,CH128,,,0,,,,planned,,
cet4-ad3b10a103d8,sacrificial,CH137,,,0,,,,planned,,
cet4-77049579b764,sad,CH006,,,0,,,,planned,,
cet4-ec5fded29e38,sadden,CH014,,,0,,,,planned,,
cet4-8b7bf7da700f,sadness,CH032,,,0,,,,planned,,
cet4-2e635091fbc5,safe,CH133,,,0,,,,planned,,
cet4-d46a7c79396b,safety,CH057,,,0,,,,planned,,
cet4-f9b38f97cae3,sail,CH066,,,0,,,,planned,,
cet4-ddd4e5b05aea,sailing,CH102,,,0,,,,planned,,
cet4-80c6665f3c34,sailor,CH065,,,0,,,,planned,,
cet4-4fd9cacbe1b2,saint,CH038,,,0,,,,planned,,
cet4-22d88cdf00e6,sake,CH103,,,0,,,,planned,,
cet4-5584eb13fd1c,salad,CH072,,,0,,,,planned,,
cet4-bad3477ea9a7,salary,CH063,,,0,,,,planned,,
cet4-fb5091e89de1,sale,CH045,,,0,,,,planned,,
cet4-778f443b9eb0,salesman,CH038,,,0,,,,planned,,
cet4-d08dcca4956d,salt,CH082,,,0,,,,planned,,
cet4-25a68c6972e6,salty,CH108,,,0,,,,planned,,
cet4-6327fc3e79e3,same,CH108,,,0,,,,planned,,
cet4-5f9f7216e052,sample,CH016,,,0,,,,planned,,
cet4-1f6b3a092d7c,sand,CH023,,,0,,,,planned,,
cet4-94ce6c3ac1bd,sandwich,CH027,,,0,,,,planned,,
cet4-74f5453ee1a3,satellite,CH076,,,0,,,,planned,,
cet4-0dc2c5d3d0ec,satisfaction,CH117,,,0,,,,planned,,
cet4-f6c8097b5631,satisfactory,CH126,,,0,,,,planned,,
cet4-c83f7e32a7cc,satisfy,CH073,,,0,,,,planned,,
cet4-aa74099bb5c7,Saturday,CH049,,,0,,,,planned,,
cet4-75d9a5b8827c,sauce,CH072,,,0,,,,planned,,
cet4-6e8390c3158c,sausage,CH110,,,0,,,,planned,,
cet4-48b3f53fe8f6,save,CH013,,,0,,,,planned,,
cet4-e20754e90cbf,saving,CH004,,,0,,,,planned,,
cet4-ed70f17ab313,say,CH040,,,0,,,,planned,,
cet4-56e07822d265,saying,CH137,,,0,,,,planned,,
cet4-73257bf92b60,scale,CH096,,,0,,,,planned,,
cet4-1c204af600d3,scan,CH094,,,0,,,,planned,,
cet4-4da1950f75d1,scandal,CH116,,,0,,,,planned,,
cet4-aee8e9339356,scandalous,CH131,,,0,,,,planned,,
cet4-7fb21e6c2582,scanner,CH086,,,0,,,,planned,,
cet4-4945293656a4,scar,CH035,,,0,,,,planned,,
cet4-b1c0901883ed,scarce,CH101,,,0,,,,planned,,
cet4-3bae8ad48d34,scarcely,CH137,,,0,,,,planned,,
cet4-097dfd9b220f,scarcity,CH050,,,0,,,,planned,,
cet4-34370a54b0b5,scare,CH029,,,0,,,,planned,,
cet4-cb57557ce473,scary,CH029,,,0,,,,planned,,
cet4-e95338611ad6,scatter,CH095,,,0,,,,planned,,
cet4-1057bf5323f4,scene,CH096,,,0,,,,planned,,
cet4-a90b4dffd086,scenery,CH039,,,0,,,,planned,,
cet4-c1792ff54300,scenic,CH014,,,0,,,,planned,,
cet4-0ce9acfc23ae,scent,CH040,,,0,,,,planned,,
cet4-a277a16dfa43,schedule,CH040,,,0,,,,planned,,
cet4-1a0141088090,scheme,CH098,,,0,,,,planned,,
cet4-2e75fad87b9f,scholar,CH017,,,0,,,,planned,,
cet4-dfca120a7e28,scholarly,CH065,,,0,,,,planned,,
cet4-30166f264fa9,scholarship,CH002,,,0,,,,planned,,
cet4-abdc261bb7ab,scholastic,CH027,,,0,,,,planned,,
cet4-37a921b488cc,school,CH017,,,0,,,,planned,,
cet4-2b55869ac594,schooling,CH017,,,0,,,,planned,,
cet4-f6a4e076903a,science,CH086,,,0,,,,planned,,
cet4-3ae112e38684,scientific,CH087,,,0,,,,planned,,
cet4-5be737d6ae38,scientist,CH098,,,0,,,,planned,,
cet4-66df814159e0,scissors,CH076,,,0,,,,planned,,
cet4-aed780ece1ff,scold,CH109,,,0,,,,planned,,
cet4-18d25b854f89,scope,CH031,,,0,,,,planned,,
cet4-421cd5dd1f8f,score,CH009,,,0,,,,planned,,
cet4-bdf80fa8df30,scout,CH071,,,0,,,,planned,,
cet4-82725708cf35,scratch,CH097,,,0,,,,planned,,
cet4-c93541b01ac9,scream,CH134,,,0,,,,planned,,
cet4-7f03c302c771,screen,CH090,,,0,,,,planned,,
cet4-8097f921b831,screw,CH106,,,0,,,,planned,,
cet4-2d2caf69e527,script,CH094,,,0,,,,planned,,
cet4-b24f1dcf9505,scripture,CH028,,,0,,,,planned,,
cet4-6d5401853e7d,sea,CH105,,,0,,,,planned,,
cet4-d0acd735684b,seal,CH090,,,0,,,,planned,,
cet4-2e2f1433bd60,search,CH023,,,0,,,,planned,,
cet4-524e07467d72,season,CH065,,,0,,,,planned,,
cet4-f9ffd44be833,seasonal,CH055,,,0,,,,planned,,
cet4-b8045471edad,seat,CH070,,,0,,,,planned,,
cet4-3df898db8306,second,CH066,,,0,,,,planned,,
cet4-5081633f060b,second hand,CH052,,,0,,,,planned,,
cet4-63cadcd2e79a,secondary,CH135,,,0,,,,planned,,
cet4-6000152b752a,secrecy,CH122,,,0,,,,planned,,
cet4-6b7c5962c2ac,secret,CH037,,,0,,,,planned,,
cet4-f381e1f49cf1,secretarial,CH043,,,0,,,,planned,,
cet4-12a53c9aee08,secretary,CH054,,,0,,,,planned,,
cet4-ca4c08c4a867,secretive,CH003,,,0,,,,planned,,
cet4-ea859d8274d7,section,CH125,,,0,,,,planned,,
cet4-fa29abafc813,sector,CH118,,,0,,,,planned,,
cet4-af5b872b6b34,secure,CH136,,,0,,,,planned,,
cet4-7b3fdb65dc56,security,CH117,,,0,,,,planned,,
cet4-b88879d2a8a4,see,CH031,,,0,,,,planned,,
cet4-67d28398fa4a,seed,CH107,,,0,,,,planned,,
cet4-b927eb26d1ed,seedling,CH004,,,0,,,,planned,,
cet4-3f1d0c37f8a1,seek,CH017,,,0,,,,planned,,
cet4-eddff74f7209,seem,CH127,,,0,,,,planned,,
cet4-e4d8615cc3fe,seeming,CH129,,,0,,,,planned,,
cet4-aa8424ab0bab,seemingly,CH064,,,0,,,,planned,,
cet4-61440fd986c4,segment,CH089,,,0,,,,planned,,
cet4-20a8c86db47c,segmental,CH073,,,0,,,,planned,,
cet4-3692b36c1c1e,seize,CH130,,,0,,,,planned,,
cet4-b43d255cbeed,seizure,CH081,,,0,,,,planned,,
cet4-e999aec41c01,seldom,CH110,,,0,,,,planned,,
cet4-0d119a4dc9c8,select,CH129,,,0,,,,planned,,
cet4-ca17b782c958,selection,CH135,,,0,,,,planned,,
cet4-e22c8de7c256,selective,CH135,,,0,,,,planned,,
cet4-87964a409ad5,self,CH013,,,0,,,,planned,,
cet4-5d1a1bac838e,selfish,CH028,,,0,,,,planned,,
cet4-e4ca921b26c5,selfless,CH063,,,0,,,,planned,,
cet4-457af3b1ce89,sell,CH124,,,0,,,,planned,,
cet4-0e90d50e1b30,semester,CH024,,,0,,,,planned,,
cet4-3b0fa23e7189,semicolon,CH002,,,0,,,,planned,,
cet4-88d9d83015b2,seminar,CH012,,,0,,,,planned,,
cet4-e002cdba6ff2,senate,CH028,,,0,,,,planned,,
cet4-e7c2e0bbb164,senator,CH002,,,0,,,,planned,,
cet4-0200e991adea,send,CH071,,,0,,,,planned,,
cet4-1f7967f6e52e,senior,CH007,,,0,,,,planned,,
cet4-d16df586a0be,seniority,CH053,,,0,,,,planned,,
cet4-43d46850acf2,sense,CH135,,,0,,,,planned,,
cet4-e01db513c822,sensible,CH022,,,0,,,,planned,,
cet4-2f551fdf9074,sensitive,CH020,,,0,,,,planned,,
cet4-5ae9921d6346,sensitivity,CH131,,,0,,,,planned,,
cet4-889c4163f438,sensor,CH094,,,0,,,,planned,,
cet4-22804ca670e1,sentence,CH068,,,0,,,,planned,,
cet4-27ce8a7f790a,separate,CH078,,,0,,,,planned,,
cet4-38c641b492e2,separation,CH053,,,0,,,,planned,,
cet4-417ebbbd8522,separatist,CH101,,,0,,,,planned,,
cet4-60b937cf9182,September,CH061,,,0,,,,planned,,
cet4-4b69930aac2d,sequence,CH090,,,0,,,,planned,,
cet4-0fb2ac83bf55,sequential,CH049,,,0,,,,planned,,
cet4-1c5bff100de2,series,CH079,,,0,,,,planned,,
cet4-8a1b6de120f4,serious,CH045,,,0,,,,planned,,
cet4-123035e8aea4,servant,CH046,,,0,,,,planned,,
cet4-32ecf43b0e93,serve,CH045,,,0,,,,planned,,
cet4-098bc370bb89,service,CH054,,,0,,,,planned,,
cet4-35d9504ed207,serving,CH054,,,0,,,,planned,,
cet4-a193e3c238cd,session,CH095,,,0,,,,planned,,
cet4-f475b7e41ce0,set,CH108,,,0,,,,planned,,
cet4-115a35253682,setback,CH042,,,0,,,,planned,,
cet4-dc9dda034440,setting,CH108,,,0,,,,planned,,
cet4-bf434aa6c368,settle,CH047,,,0,,,,planned,,
cet4-ed829e736e15,settlement,CH129,,,0,,,,planned,,
cet4-9f939b62c9f5,seven,CH101,,,0,,,,planned,,
cet4-8b1c18ff0d5a,seventeen,CH050,,,0,,,,planned,,
cet4-44ae1e53517b,seventy,CH101,,,0,,,,planned,,
cet4-6ce4199e6404,several,CH012,,,0,,,,planned,,
cet4-7f03e31c7dae,severe,CH120,,,0,,,,planned,,
cet4-0ff41761b8dc,severity,CH064,,,0,,,,planned,,
cet4-afc9160b2dc7,sew,CH051,,,0,,,,planned,,
cet4-cb0bb104ed99,sex,CH002,,,0,,,,planned,,
cet4-194f38e5e913,sexual,CH080,,,0,,,,planned,,
cet4-c0a589fbd4c7,sexy,CH006,,,0,,,,planned,,
cet4-5cc318dec648,shade,CH082,,,0,,,,planned,,
cet4-053374447dd8,shadow,CH093,,,0,,,,planned,,
cet4-0f14164aec8b,shady,CH116,,,0,,,,planned,,
cet4-fc29c729ec79,shake,CH099,,,0,,,,planned,,
cet4-d263275f384a,shaky,CH099,,,0,,,,planned,,
cet4-d987ca028947,shall,CH136,,,0,,,,planned,,
cet4-c59ec8ba252b,shallow,CH082,,,0,,,,planned,,
cet4-d479a7618c6a,shame,CH031,,,0,,,,planned,,
cet4-e7d45771e7d6,shameful,CH132,,,0,,,,planned,,
cet4-6937b692aea7,shameless,CH014,,,0,,,,planned,,
cet4-7de24165ca68,shape,CH009,,,0,,,,planned,,
cet4-aaa24322c23c,share,CH009,,,0,,,,planned,,
cet4-9a608850a46e,sharp,CH124,,,0,,,,planned,,
cet4-f37f424a0e69,sharpen,CH011,,,0,,,,planned,,
cet4-6e2dda556201,shave,CH111,,,0,,,,planned,,
cet4-9eca77b15bff,shaver,CH029,,,0,,,,planned,,
cet4-0820eb4fa767,she,CH038,,,0,,,,planned,,
cet4-a0860e947fb7,shed,CH108,,,0,,,,planned,,
cet4-c3340233fbb6,sheep,CH013,,,0,,,,planned,,
cet4-9a4c1e22649d,sheer,CH011,,,0,,,,planned,,
cet4-a9d04389b266,sheet,CH066,,,0,,,,planned,,
cet4-d56ff2b2faf0,shelf,CH097,,,0,,,,planned,,
cet4-2970bc7db673,shell,CH105,,,0,,,,planned,,
cet4-7a6af8e7b364,shelter,CH042,,,0,,,,planned,,
cet4-570de92585bd,shift,CH056,,,0,,,,planned,,
cet4-e64cdccaa83a,shine,CH027,,,0,,,,planned,,
cet4-785fc53ff6d6,shiny,CH103,,,0,,,,planned,,
cet4-6371e287cab1,ship,CH060,,,0,,,,planned,,
cet4-25bfe282aaae,shipment,CH069,,,0,,,,planned,,
cet4-a5b51c20fe7b,shipping,CH069,,,0,,,,planned,,
cet4-ec6311bc8588,shirt,CH078,,,0,,,,planned,,
cet4-e86ad1eeda19,shit,CH042,,,0,,,,planned,,
cet4-5d2bcdfbe274,shiver,CH008,,,0,,,,planned,,
cet4-4b0393dc961f,shock,CH011,,,0,,,,planned,,
cet4-fa466849c764,shoe,CH002,,,0,,,,planned,,
cet4-48bd76101a2f,shoot,CH005,,,0,,,,planned,,
cet4-83171144c295,shop,CH046,,,0,,,,planned,,
cet4-81f8e05a842f,shopping,CH046,,,0,,,,planned,,
cet4-a8370d8a314e,shore,CH108,,,0,,,,planned,,
cet4-0fda52e48e01,short,CH065,,,0,,,,planned,,
cet4-97247b8eccfd,shortage,CH089,,,0,,,,planned,,
cet4-b19719921994,shortcoming,CH004,,,0,,,,planned,,
cet4-7bc84018bdb2,shortly,CH062,,,0,,,,planned,,
cet4-5b56d148814f,shorts,CH123,,,0,,,,planned,,
cet4-aaf44057a69c,shot,CH034,,,0,,,,planned,,
cet4-cbf988dd5b92,should,CH136,,,0,,,,planned,,
cet4-8982af38cee7,shoulder,CH082,,,0,,,,planned,,
cet4-8b6294e6d4d6,shout,CH028,,,0,,,,planned,,
cet4-ea28c9973eda,show,CH114,,,0,,,,planned,,
cet4-5f7378ccdccf,shower,CH104,,,0,,,,planned,,
cet4-3045798d03fc,showy,CH010,,,0,,,,planned,,
cet4-40e8d1d71ff7,shrimp,CH100,,,0,,,,planned,,
cet4-f468cc54c838,shrink,CH072,,,0,,,,planned,,
cet4-ec01da2e2dea,shrug,CH133,,,0,,,,planned,,
cet4-105f4a901a8f,shut,CH059,,,0,,,,planned,,
cet4-211e79220c29,shuttle,CH069,,,0,,,,planned,,
cet4-d25096def932,shy,CH137,,,0,,,,planned,,
cet4-fb831feedab5,sick,CH021,,,0,,,,planned,,
cet4-3fc51f065de2,sicken,CH010,,,0,,,,planned,,
cet4-139068bbfb94,side,CH082,,,0,,,,planned,,
cet4-6a53b9e69d92,sideways,CH003,,,0,,,,planned,,
cet4-147772d545a5,siege,CH039,,,0,,,,planned,,
cet4-e972dbededaf,sigh,CH036,,,0,,,,planned,,
cet4-47ed3e73a652,sight,CH077,,,0,,,,planned,,
cet4-254098ce1830,sightseeing,CH035,,,0,,,,planned,,
cet4-565ca0769b2a,sign,CH070,,,0,,,,planned,,
cet4-abbd3833242a,signal,CH085,,,0,,,,planned,,
cet4-02eed3ed3ead,signature,CH026,,,0,,,,planned,,
cet4-b2f5f178f5f0,significance,CH095,,,0,,,,planned,,
cet4-8ca6defc18d2,significant,CH099,,,0,,,,planned,,
cet4-9ab0f6fa39ad,silence,CH025,,,0,,,,planned,,
cet4-10ea6f030d24,silent,CH078,,,0,,,,planned,,
cet4-d4b8eb837810,silicon,CH111,,,0,,,,planned,,
cet4-e36e58ff4d4e,silk,CH019,,,0,,,,planned,,
cet4-48279b270906,silky,CH134,,,0,,,,planned,,
cet4-2622ffd5d64c,silver,CH083,,,0,,,,planned,,
cet4-8818ef4af8df,silvery,CH027,,,0,,,,planned,,
cet4-da82ea8ce30a,similar,CH099,,,0,,,,planned,,
cet4-0148e1e99348,similarity,CH125,,,0,,,,planned,,
cet4-7c55a4301df1,simple,CH104,,,0,,,,planned,,
cet4-dece0ca69afd,simplicity,CH093,,,0,,,,planned,,
cet4-8137a97dfd9b,simplify,CH050,,,0,,,,planned,,
cet4-96e7c4e59f63,simply,CH061,,,0,,,,planned,,
cet4-ef40587d7cde,sin,CH113,,,0,,,,planned,,
cet4-79973d9b1be9,since,CH032,,,0,,,,planned,,
cet4-e7b3bf4f6432,sincere,CH059,,,0,,,,planned,,
cet4-5ad3d283c3ba,sincerity,CH059,,,0,,,,planned,,
cet4-de121f3ad41b,sing,CH101,,,0,,,,planned,,
cet4-e61a36ca49c4,singer,CH023,,,0,,,,planned,,
cet4-c63f0f2645be,single,CH009,,,0,,,,planned,,
cet4-1a5384a81be5,singular,CH032,,,0,,,,planned,,
cet4-a8903e34595b,singularity,CH088,,,0,,,,planned,,
cet4-e5039a4edbba,sink,CH087,,,0,,,,planned,,
cet4-5f006db78143,sip,CH097,,,0,,,,planned,,
cet4-7b3d16d9ceb7,sir,CH028,,,0,,,,planned,,
cet4-7a1e16bf40dd,sister,CH030,,,0,,,,planned,,
cet4-2348957c2792,sit,CH012,,,0,,,,planned,,
cet4-917cdc2c9297,site,CH072,,,0,,,,planned,,
cet4-c088a4d4b5c0,sitting,CH039,,,0,,,,planned,,
cet4-d5175f944b20,situate,CH039,,,0,,,,planned,,
cet4-4d43fdff2a47,situation,CH071,,,0,,,,planned,,
cet4-57d41b69401d,six,CH024,,,0,,,,planned,,
cet4-e4e46c95589d,sixteen,CH050,,,0,,,,planned,,
cet4-36cd196a8f01,sixty,CH101,,,0,,,,planned,,
cet4-944eb7e2d5e3,sizable,CH099,,,0,,,,planned,,
cet4-e4cc326b1db3,size,CH128,,,0,,,,planned,,
cet4-a6b6679f9668,skate,CH082,,,0,,,,planned,,
cet4-04ddbb9f817b,skating,CH080,,,0,,,,planned,,
cet4-0ed73a8d0b65,skeleton,CH091,,,0,,,,planned,,
cet4-521df540c740,sketch,CH015,,,0,,,,planned,,
cet4-1702f49e6d0e,sketchy,CH028,,,0,,,,planned,,
cet4-03db085d55ac,ski,CH111,,,0,,,,planned,,
cet4-519a3ef92103,skiing,CH077,,,0,,,,planned,,
cet4-821370dde1ba,skilful,CH016,,,0,,,,planned,,
cet4-201c53b4ff70,skill,CH017,,,0,,,,planned,,
cet4-7a1267386c64,skilled,CH018,,,0,,,,planned,,
cet4-e31c21d4b269,skin,CH037,,,0,,,,planned,,
cet4-f6de7562e592,skinny,CH032,,,0,,,,planned,,
cet4-928357d5df3b,skip,CH095,,,0,,,,planned,,
cet4-30ca1517cad3,skirt,CH078,,,0,,,,planned,,
cet4-b2a39cdcc985,sky,CH103,,,0,,,,planned,,
cet4-1433e03b9a8d,skyline,CH101,,,0,,,,planned,,
cet4-63e228b0ba41,skyscraper,CH102,,,0,,,,planned,,
cet4-340c9dc70ad9,slap,CH103,,,0,,,,planned,,
cet4-224632f454d5,slave,CH054,,,0,,,,planned,,
cet4-b102392292c1,slavery,CH053,,,0,,,,planned,,
cet4-f84b665b9c00,sleep,CH075,,,0,,,,planned,,
cet4-835cbeef2f38,sleepiness,CH080,,,0,,,,planned,,
cet4-2e086d61ff97,sleepy,CH027,,,0,,,,planned,,
cet4-c3894ada27a8,sleeve,CH012,,,0,,,,planned,,
cet4-95a769ec2acb,slender,CH093,,,0,,,,planned,,
cet4-3f4b9a17c715,slice,CH023,,,0,,,,planned,,
cet4-e489f9246a07,slide,CH023,,,0,,,,planned,,
cet4-6236064e1320,slight,CH035,,,0,,,,planned,,
cet4-77afbe5fb37b,slightly,CH059,,,0,,,,planned,,
cet4-aeea91d72b02,slim,CH024,,,0,,,,planned,,
cet4-eda0efd5aba5,slip,CH026,,,0,,,,planned,,
cet4-025c34ef5327,slipper,CH067,,,0,,,,planned,,
cet4-0e36a6d0f06e,slippery,CH039,,,0,,,,planned,,
cet4-b17d831fe2ab,slogan,CH113,,,0,,,,planned,,
cet4-769d2ece3410,slope,CH003,,,0,,,,planned,,
cet4-7a9dccf51744,slow,CH067,,,0,,,,planned,,
cet4-432cf5ecfcdd,small,CH038,,,0,,,,planned,,
cet4-d3d3379cdf44,smart,CH132,,,0,,,,planned,,
cet4-e47896a96fc3,smash,CH058,,,0,,,,planned,,
cet4-920c30bc0d80,smell,CH096,,,0,,,,planned,,
cet4-b0b6547220df,smelly,CH008,,,0,,,,planned,,
cet4-27ac56176137,smile,CH020,,,0,,,,planned,,
cet4-557de1b87915,smog,CH105,,,0,,,,planned,,
cet4-16991ebe1b2b,smoggy,CH001,,,0,,,,planned,,
cet4-1fc3bf47ca27,smoke,CH052,,,0,,,,planned,,
cet4-4ff2acee74a9,smoky,CH101,,,0,,,,planned,,
cet4-846f81a27e20,smooth,CH103,,,0,,,,planned,,
cet4-827367b4d4bc,snack,CH110,,,0,,,,planned,,
cet4-70b002483c42,snake,CH033,,,0,,,,planned,,
cet4-6ee02d1b530f,snow,CH023,,,0,,,,planned,,
cet4-5022754f57fe,snowy,CH006,,,0,,,,planned,,
cet4-6295a2124423,so,CH024,,,0,,,,planned,,
cet4-7cf940977beb,so-called,CH122,,,0,,,,planned,,
cet4-fe2c4080989e,soak,CH108,,,0,,,,planned,,
cet4-1b0211943fcf,soap,CH104,,,0,,,,planned,,
cet4-ea239c616e1d,soar,CH111,,,0,,,,planned,,
cet4-3b0f1832e08b,soccer,CH059,,,0,,,,planned,,
cet4-f18792a93e81,sociable,CH068,,,0,,,,planned,,
cet4-f72b388b2e6c,social,CH118,,,0,,,,planned,,
cet4-eaae08d1c999,socialism,CH118,,,0,,,,planned,,
cet4-f9c3704ba562,socialist,CH118,,,0,,,,planned,,
cet4-fc5908a83b14,socialize,CH114,,,0,,,,planned,,
cet4-c2c7ac37ab3d,society,CH118,,,0,,,,planned,,
cet4-470e45006a62,sociologist,CH118,,,0,,,,planned,,
cet4-97db9eb9a9d4,sociology,CH016,,,0,,,,planned,,
cet4-191add0cb532,sock,CH074,,,0,,,,planned,,
cet4-5e012e6294f3,soda,CH100,,,0,,,,planned,,
cet4-a5aaae801426,sofa,CH035,,,0,,,,planned,,
cet4-cc67bd06f6c9,soft,CH019,,,0,,,,planned,,
cet4-25eb56c96977,soften,CH011,,,0,,,,planned,,
cet4-f790c600276a,software,CH086,,,0,,,,planned,,
cet4-66e45f2218ff,soil,CH103,,,0,,,,planned,,
cet4-23b7b3f5376b,solar,CH074,,,0,,,,planned,,
cet4-a8e2b5fc1c6c,soldier,CH009,,,0,,,,planned,,
cet4-30c7006fdee8,sole,CH135,,,0,,,,planned,,
cet4-79a68053dd63,solely,CH063,,,0,,,,planned,,
cet4-80eec7edf77d,solemn,CH119,,,0,,,,planned,,
cet4-975c2e15dc52,solemnity,CH116,,,0,,,,planned,,
cet4-c8efb7a86805,solid,CH082,,,0,,,,planned,,
cet4-0b6ac156f464,solidify,CH109,,,0,,,,planned,,
cet4-ee9258966915,solidity,CH129,,,0,,,,planned,,
cet4-659426ebbc94,soluble,CH108,,,0,,,,planned,,
cet4-39e53504bdae,solution,CH026,,,0,,,,planned,,
cet4-e167eef96890,solve,CH093,,,0,,,,planned,,
cet4-19754003fd1c,solvent,CH103,,,0,,,,planned,,
cet4-5d1f0b7c35d9,some,CH012,,,0,,,,planned,,
cet4-1f2d96cab7cd,somebody,CH078,,,0,,,,planned,,
cet4-1257288df62e,somehow,CH137,,,0,,,,planned,,
cet4-28ff709dec7c,someone,CH110,,,0,,,,planned,,
cet4-96de751458ed,something,CH037,,,0,,,,planned,,
cet4-80e4819235cb,sometime,CH137,,,0,,,,planned,,
cet4-690899eea5df,sometimes,CH024,,,0,,,,planned,,
cet4-649a19da8482,somewhat,CH050,,,0,,,,planned,,
cet4-db103c4a75eb,somewhere,CH028,,,0,,,,planned,,
cet4-1273c46610a7,son,CH038,,,0,,,,planned,,
cet4-cd50a91ed398,song,CH024,,,0,,,,planned,,
cet4-2b7a20b241e7,soon,CH134,,,0,,,,planned,,
cet4-90a9fbe611a1,sophisticated,CH022,,,0,,,,planned,,
cet4-f9c2280d2424,sophistication,CH022,,,0,,,,planned,,
cet4-14b06bd44bed,sore,CH059,,,0,,,,planned,,
cet4-40607a3523ed,sorrow,CH129,,,0,,,,planned,,
cet4-211fe5bfc734,sorrowful,CH006,,,0,,,,planned,,
cet4-7564f8cebe99,sorry,CH126,,,0,,,,planned,,
cet4-ef8b1d2cc5fe,sort,CH023,,,0,,,,planned,,
cet4-1328846cfbde,soul,CH030,,,0,,,,planned,,
cet4-783d43d48dd1,sound,CH079,,,0,,,,planned,,
cet4-4cb4e8c26b85,soup,CH082,,,0,,,,planned,,
cet4-547ffa3332b8,sour,CH134,,,0,,,,planned,,
cet4-ce034cb647b8,source,CH086,,,0,,,,planned,,
cet4-24f6ed4c97d3,south,CH070,,,0,,,,planned,,
cet4-4990acb306c2,southeast,CH112,,,0,,,,planned,,
cet4-bf14a759c1e5,southeastern,CH112,,,0,,,,planned,,
cet4-767b61ca1aa8,southern,CH112,,,0,,,,planned,,
cet4-82077f10aaaf,southwest,CH032,,,0,,,,planned,,
cet4-a2bf3c56686f,southwestern,CH112,,,0,,,,planned,,
cet4-f102706ff184,souvenir,CH136,,,0,,,,planned,,
cet4-3c17ebcd7c67,sow,CH010,,,0,,,,planned,,
cet4-c4c2c48f2435,space,CH090,,,0,,,,planned,,
cet4-156abfd38431,spacecraft,CH058,,,0,,,,planned,,
cet4-868b0e1f19bc,spaceship,CH061,,,0,,,,planned,,
cet4-37e38de39ef8,spacious,CH043,,,0,,,,planned,,
cet4-f25d05f404f2,spade,CH100,,,0,,,,planned,,
cet4-1b5f854019a1,span,CH074,,,0,,,,planned,,
cet4-ddaf6ed3d056,spare,CH052,,,0,,,,planned,,
cet4-a3bbee416f01,sparingly,CH063,,,0,,,,planned,,
cet4-2dce9da042cf,spark,CH026,,,0,,,,planned,,
cet4-686c885ab788,sparkle,CH022,,,0,,,,planned,,
cet4-ecc78a662c1d,spatial,CH103,,,0,,,,planned,,
cet4-8b0a711ef9c3,speak,CH065,,,0,,,,planned,,
cet4-b77fda2f4e6d,speaker,CH068,,,0,,,,planned,,
cet4-374a27ca47bc,special,CH044,,,0,,,,planned,,
cet4-439f08228fec,specialist,CH015,,,0,,,,planned,,
cet4-a495520dcd53,specialization,CH044,,,0,,,,planned,,
cet4-cfe9d3aefd24,specialize,CH023,,,0,,,,planned,,
cet4-9c669a5581c0,species,CH115,,,0,,,,planned,,
cet4-a6b8b06d9d12,specific,CH125,,,0,,,,planned,,
cet4-7366ef4f9fdf,specifically,CH063,,,0,,,,planned,,
cet4-e0b3040a9c58,specification,CH056,,,0,,,,planned,,
cet4-3f7c761971d6,specify,CH098,,,0,,,,planned,,
cet4-df4e900a9f11,specimen,CH016,,,0,,,,planned,,
cet4-fa221c2c7b3d,speculate,CH135,,,0,,,,planned,,
cet4-0c12c338a9f9,speculation,CH053,,,0,,,,planned,,
cet4-f21a12f0c20e,speculative,CH052,,,0,,,,planned,,
cet4-6a70382ded34,speech,CH025,,,0,,,,planned,,
cet4-995993013ef3,speechless,CH064,,,0,,,,planned,,
cet4-f7e679c09703,speed,CH066,,,0,,,,planned,,
cet4-b30da58e9891,speeding,CH068,,,0,,,,planned,,
cet4-1d5d5df1073e,speedy,CH049,,,0,,,,planned,,
cet4-ee8c18e5b6f2,spell,CH020,,,0,,,,planned,,
cet4-3d16e253895e,spelling,CH095,,,0,,,,planned,,
cet4-3b70bcf2ea7a,spend,CH049,,,0,,,,planned,,
cet4-301189237ea3,spending,CH122,,,0,,,,planned,,
cet4-75b42b56529d,sphere,CH128,,,0,,,,planned,,
cet4-5a06288dd84c,spherical,CH080,,,0,,,,planned,,
cet4-903f94555440,spill,CH047,,,0,,,,planned,,
cet4-11f90b4043e2,spin,CH125,,,0,,,,planned,,
cet4-708bc8676e47,spirit,CH128,,,0,,,,planned,,
cet4-8a2af0d89faa,spiritual,CH079,,,0,,,,planned,,
cet4-ac18e15c3995,spit,CH057,,,0,,,,planned,,
cet4-bb1039c0e78c,spite,CH040,,,0,,,,planned,,
cet4-312e23c36b32,splash,CH104,,,0,,,,planned,,
cet4-19e529ea2f8c,splendid,CH027,,,0,,,,planned,,
cet4-aeff2ebd7280,splendor,CH073,,,0,,,,planned,,
cet4-eab82ddb16f8,split,CH125,,,0,,,,planned,,
cet4-3def4ca312eb,spoil,CH116,,,0,,,,planned,,
cet4-b0ae7cc6ec89,spokesman,CH036,,,0,,,,planned,,
cet4-cef3710eec53,spokesperson,CH036,,,0,,,,planned,,
cet4-fccdf7f5e058,spokeswoman,CH042,,,0,,,,planned,,
cet4-30e21afd4a58,sponsor,CH002,,,0,,,,planned,,
cet4-8fe9bf17e271,sponsorship,CH064,,,0,,,,planned,,
cet4-adb872cdea97,spontaneity,CH061,,,0,,,,planned,,
cet4-7e737558bdae,spontaneous,CH099,,,0,,,,planned,,
cet4-684ed93bb460,spoon,CH082,,,0,,,,planned,,
cet4-d5633e31417f,spoonful,CH084,,,0,,,,planned,,
cet4-cfab142ec9d7,sport,CH071,,,0,,,,planned,,
cet4-77247d397520,sportsman,CH071,,,0,,,,planned,,
cet4-d98a019fadf9,sportswoman,CH071,,,0,,,,planned,,
cet4-210f492893ac,spot,CH045,,,0,,,,planned,,
cet4-32929a9bab1e,spouse,CH037,,,0,,,,planned,,
cet4-aad06f9eda47,spray,CH106,,,0,,,,planned,,
cet4-a5e9ce4ecbeb,spread,CH017,,,0,,,,planned,,
cet4-7ca93bf8665e,spring,CH007,,,0,,,,planned,,
cet4-910f75c902a0,spur,CH057,,,0,,,,planned,,
cet4-6e85d61b65b3,spy,CH048,,,0,,,,planned,,
cet4-9c16723de580,square,CH120,,,0,,,,planned,,
cet4-fbd4a6ceed88,squeeze,CH039,,,0,,,,planned,,
cet4-6539ea5448cf,stability,CH116,,,0,,,,planned,,
cet4-8e4227693604,stabilize,CH130,,,0,,,,planned,,
cet4-685f053920c1,stable,CH116,,,0,,,,planned,,
cet4-5a188d670a6f,stack,CH088,,,0,,,,planned,,
cet4-759de61a9017,stadium,CH075,,,0,,,,planned,,
cet4-2d88a2c9c4ab,staff,CH017,,,0,,,,planned,,
cet4-d85de2ba66a8,stage,CH060,,,0,,,,planned,,
cet4-25613057b615,stain,CH103,,,0,,,,planned,,
cet4-55b5af6e4616,stainless,CH133,,,0,,,,planned,,
cet4-0c829f39579a,stair,CH111,,,0,,,,planned,,
cet4-92e1bd9dcce0,staircase,CH111,,,0,,,,planned,,
cet4-919455f55679,stake,CH128,,,0,,,,planned,,
cet4-03ef6619cdb6,stale,CH018,,,0,,,,planned,,
cet4-39c746ab2eff,stamp,CH026,,,0,,,,planned,,
cet4-70e09ad7dcd6,stand,CH007,,,0,,,,planned,,
cet4-ec70ba1e4f83,standard,CH092,,,0,,,,planned,,
cet4-1dcef871ee2d,standardization,CH095,,,0,,,,planned,,
cet4-bd5483347504,standardize,CH097,,,0,,,,planned,,
cet4-afb633da149c,standpoint,CH084,,,0,,,,planned,,
cet4-ac405a277ffa,staple,CH083,,,0,,,,planned,,
cet4-4e48108520c9,star,CH106,,,0,,,,planned,,
cet4-2dd7c9723e6e,stare,CH011,,,0,,,,planned,,
cet4-a3800ad054cd,starry,CH001,,,0,,,,planned,,
cet4-a288daa9f17f,start,CH095,,,0,,,,planned,,
cet4-a6664ef60efe,starter,CH058,,,0,,,,planned,,
cet4-d4bf1c90b039,startle,CH067,,,0,,,,planned,,
cet4-1147d5e74862,starvation,CH081,,,0,,,,planned,,
cet4-0f7384009e5f,starve,CH071,,,0,,,,planned,,
cet4-c6e26e03876f,state,CH118,,,0,,,,planned,,
cet4-67eb0de347fc,statement,CH090,,,0,,,,planned,,
cet4-99c88f27991a,statesman,CH002,,,0,,,,planned,,
cet4-8c7c46ebe0d3,station,CH070,,,0,,,,planned,,
cet4-2e779f217050,stationary,CH089,,,0,,,,planned,,
cet4-429e0890a4ee,statistic,CH102,,,0,,,,planned,,
cet4-d309d6888ac5,statistical,CH051,,,0,,,,planned,,
cet4-54357f24a0cf,statue,CH112,,,0,,,,planned,,
cet4-a536e04e882e,status,CH032,,,0,,,,planned,,
cet4-519174f7e362,stay,CH032,,,0,,,,planned,,
cet4-c7fed063c962,steadily,CH001,,,0,,,,planned,,
cet4-f68df741ddf4,steady,CH127,,,0,,,,planned,,
cet4-74da04b8bdf5,steak,CH111,,,0,,,,planned,,
cet4-22e6a84f4508,steal,CH057,,,0,,,,planned,,
cet4-743766265647,steam,CH108,,,0,,,,planned,,
cet4-c9741a2fb6d8,steamer,CH069,,,0,,,,planned,,
cet4-982120014ecd,steamy,CH040,,,0,,,,planned,,
cet4-e046da41ca79,steel,CH026,,,0,,,,planned,,
cet4-e64662283488,steep,CH040,,,0,,,,planned,,
cet4-151caf2a1779,steer,CH065,,,0,,,,planned,,
cet4-ec934aa0c4cf,stem,CH013,,,0,,,,planned,,
cet4-b18ad5684f1d,step,CH070,,,0,,,,planned,,
cet4-d9a04503cbb5,stick,CH107,,,0,,,,planned,,
cet4-c8d328103cda,sticky,CH072,,,0,,,,planned,,
cet4-749c99ef4f80,stiff,CH028,,,0,,,,planned,,
cet4-44b07d9b0747,stiffen,CH109,,,0,,,,planned,,
cet4-4be6346bb2e2,still,CH057,,,0,,,,planned,,
cet4-9fe581cedc87,stimulant,CH083,,,0,,,,planned,,
cet4-a33c601e6d41,stimulate,CH031,,,0,,,,planned,,
cet4-a1bd5cd2c07b,stimulation,CH083,,,0,,,,planned,,
cet4-47a4d971c471,stimulus,CH083,,,0,,,,planned,,
cet4-2bb48109e779,sting,CH031,,,0,,,,planned,,
cet4-668f87406fa2,stir,CH129,,,0,,,,planned,,
cet4-cfc04ea43c9d,stock,CH033,,,0,,,,planned,,
cet4-e2f0f7177c7a,stocking,CH111,,,0,,,,planned,,
cet4-738555a0a579,stomach,CH082,,,0,,,,planned,,
cet4-3aa5fdf81a80,stone,CH082,,,0,,,,planned,,
cet4-f2e26cf20de0,stony,CH122,,,0,,,,planned,,
cet4-3c8cd1f094f9,stool,CH104,,,0,,,,planned,,
cet4-7ad1b0a9de86,stop,CH065,,,0,,,,planned,,
cet4-1f3aa4b67cc8,stoppage,CH089,,,0,,,,planned,,
cet4-874c54ca0333,storage,CH087,,,0,,,,planned,,
cet4-ea91eb6773a3,store,CH132,,,0,,,,planned,,
cet4-1b276e5cb5df,storey,CH055,,,0,,,,planned,,
cet4-1ece0bccd3f3,storm,CH104,,,0,,,,planned,,
cet4-e421a1fd8724,stormy,CH136,,,0,,,,planned,,
cet4-61fd83b55ac3,story,CH102,,,0,,,,planned,,
cet4-c21f987479d4,stove,CH083,,,0,,,,planned,,
cet4-f5ebd26ba3af,straight,CH108,,,0,,,,planned,,
cet4-4c2093b69063,straighten,CH043,,,0,,,,planned,,
cet4-57111ce1e9ae,straightforward,CH134,,,0,,,,planned,,
cet4-fb61d4618de0,strain,CH075,,,0,,,,planned,,
cet4-2d8b813682d1,strange,CH121,,,0,,,,planned,,
cet4-e843c8986741,stranger,CH002,,,0,,,,planned,,
cet4-e2a70b8afb64,strap,CH068,,,0,,,,planned,,
cet4-6a1b97eb6541,strategic,CH047,,,0,,,,planned,,
cet4-f54f80d12871,strategy,CH047,,,0,,,,planned,,
cet4-e96ab41665e1,straw,CH104,,,0,,,,planned,,
cet4-de60c078ed06,stream,CH106,,,0,,,,planned,,
cet4-efe15c456080,street,CH060,,,0,,,,planned,,
cet4-3bf11eaffd09,strength,CH081,,,0,,,,planned,,
cet4-2fa0f165fa67,strengthen,CH001,,,0,,,,planned,,
cet4-ec87b41bf480,stress,CH075,,,0,,,,planned,,
cet4-fd8ea98eb609,stressful,CH083,,,0,,,,planned,,
cet4-b65be1ccc121,stretch,CH079,,,0,,,,planned,,
cet4-e65cca77c2f9,strict,CH066,,,0,,,,planned,,
cet4-b6881227a35a,stride,CH043,,,0,,,,planned,,
cet4-104bea1559de,strike,CH033,,,0,,,,planned,,
cet4-5ac7a9c3c0d8,striking,CH136,,,0,,,,planned,,
cet4-85b9382ad1d8,string,CH090,,,0,,,,planned,,
cet4-e262cbaeba7f,strip,CH124,,,0,,,,planned,,
cet4-63247b07e837,stripe,CH053,,,0,,,,planned,,
cet4-4715b7b96631,strive,CH101,,,0,,,,planned,,
cet4-6b758d6e3c69,stroke,CH128,,,0,,,,planned,,
cet4-154f4c13dae8,strong,CH119,,,0,,,,planned,,
cet4-d94b850ef612,structural,CH079,,,0,,,,planned,,
cet4-8e4277660e7d,structure,CH020,,,0,,,,planned,,
cet4-124541bad083,struggle,CH101,,,0,,,,planned,,
cet4-1162529a2415,student,CH007,,,0,,,,planned,,
cet4-520afebb5a38,studio,CH054,,,0,,,,planned,,
cet4-937f39a4c55d,study,CH016,,,0,,,,planned,,
cet4-4c7c930f559d,stuff,CH009,,,0,,,,planned,,
cet4-131828478032,stuffing,CH103,,,0,,,,planned,,
cet4-2a37d1839eee,stuffy,CH003,,,0,,,,planned,,
cet4-607f73a09269,stupid,CH036,,,0,,,,planned,,
cet4-caff825d0484,stupidity,CH078,,,0,,,,planned,,
cet4-cf41fcf6f151,style,CH090,,,0,,,,planned,,
cet4-600a650a7012,stylish,CH134,,,0,,,,planned,,
cet4-f6a4c770cb5a,subject,CH033,,,0,,,,planned,,
cet4-58912b5e9043,subjective,CH002,,,0,,,,planned,,
cet4-1e5cf11a7246,submission,CH044,,,0,,,,planned,,
cet4-f8baed450632,submissive,CH003,,,0,,,,planned,,
cet4-17b135c2f657,submit,CH055,,,0,,,,planned,,
cet4-4ac24f907495,subsequent,CH051,,,0,,,,planned,,
cet4-71e01bd6f477,substance,CH031,,,0,,,,planned,,
cet4-f29671791d21,substantial,CH099,,,0,,,,planned,,
cet4-63c0bbbc0fa4,substitute,CH034,,,0,,,,planned,,
cet4-7ebf1c3047f8,substitution,CH041,,,0,,,,planned,,
cet4-25078625d9ef,subtract,CH088,,,0,,,,planned,,
cet4-68adec7b5c96,subtraction,CH095,,,0,,,,planned,,
cet4-c3a584e94616,suburb,CH080,,,0,,,,planned,,
cet4-c8ffc96e53c9,suburban,CH004,,,0,,,,planned,,
cet4-d4ba9196bbf7,subway,CH066,,,0,,,,planned,,
cet4-dde11f0ec790,succeed,CH043,,,0,,,,planned,,
cet4-bc67b478d98b,success,CH025,,,0,,,,planned,,
cet4-68ec5353bc00,successful,CH049,,,0,,,,planned,,
cet4-e13359ec75a6,succession,CH114,,,0,,,,planned,,
cet4-5cc881910de6,successive,CH049,,,0,,,,planned,,
cet4-11d2c690deaf,successor,CH053,,,0,,,,planned,,
cet4-ceaf4bcc8d44,such,CH014,,,0,,,,planned,,
cet4-a4e49905a189,suck,CH121,,,0,,,,planned,,
cet4-52d9e6449a9f,sudden,CH137,,,0,,,,planned,,
cet4-09928561c77d,suddenly,CH042,,,0,,,,planned,,
cet4-8ec7a0a7234e,suffer,CH031,,,0,,,,planned,,
cet4-51720b8fc102,suffering,CH079,,,0,,,,planned,,
cet4-2beb52ab4591,sufficient,CH122,,,0,,,,planned,,
cet4-2746011962e3,sugar,CH027,,,0,,,,planned,,
cet4-c9d26b9ebac8,suggest,CH131,,,0,,,,planned,,
cet4-aa62356d9834,suggestion,CH076,,,0,,,,planned,,
cet4-0aeb74d90245,suggestive,CH084,,,0,,,,planned,,
cet4-dba700d845cb,suit,CH033,,,0,,,,planned,,
cet4-7b6f07c38d03,suitable,CH003,,,0,,,,planned,,
cet4-7a3ffaf6d295,suitcase,CH080,,,0,,,,planned,,
cet4-eff453562665,sum,CH115,,,0,,,,planned,,
cet4-c4a9a5c7997c,summarize,CH001,,,0,,,,planned,,
cet4-57e2d4b3c786,summary,CH093,,,0,,,,planned,,
cet4-67b381d60286,summer,CH096,,,0,,,,planned,,
cet4-643a76202724,summit,CH126,,,0,,,,planned,,
cet4-50ea2172dce4,sun,CH092,,,0,,,,planned,,
cet4-4f282631aeb7,Sunday,CH058,,,0,,,,planned,,
cet4-3a82e884ade1,sunlight,CH074,,,0,,,,planned,,
cet4-68bdcda28ee5,sunny,CH021,,,0,,,,planned,,
cet4-78b05189431b,sunrise,CH054,,,0,,,,planned,,
cet4-52817a130266,sunset,CH054,,,0,,,,planned,,
cet4-cefecdc133f6,sunshine,CH111,,,0,,,,planned,,
cet4-2aaad7a9dfdb,super,CH014,,,0,,,,planned,,
cet4-3b3483e8149e,superb,CH035,,,0,,,,planned,,
cet4-5658694d8efb,superficial,CH030,,,0,,,,planned,,
cet4-48d1a6afcd72,superior,CH115,,,0,,,,planned,,
cet4-acc47ff54bf5,superiority,CH093,,,0,,,,planned,,
cet4-1cf247d8651f,supermarket,CH054,,,0,,,,planned,,
cet4-73302fe36d04,supervise,CH043,,,0,,,,planned,,
cet4-8af8eb9f4493,supervision,CH035,,,0,,,,planned,,
cet4-4eab78716334,supervisor,CH097,,,0,,,,planned,,
cet4-5962dfff84b9,supper,CH115,,,0,,,,planned,,
cet4-2d960ce1fbb5,supplement,CH133,,,0,,,,planned,,
cet4-d050649826ac,supplementary,CH051,,,0,,,,planned,,
cet4-87d11301c17f,supplier,CH046,,,0,,,,planned,,
cet4-e3b7ed983084,supply,CH046,,,0,,,,planned,,
cet4-da052b7e6c21,support,CH117,,,0,,,,planned,,
cet4-ed59ff88ebe1,supporter,CH123,,,0,,,,planned,,
cet4-35b0ab7b7e7a,supportive,CH001,,,0,,,,planned,,
cet4-5d0c859700d7,suppose,CH062,,,0,,,,planned,,
cet4-02c3bb5e1a42,supposedly,CH004,,,0,,,,planned,,
cet4-4356afc228df,supposition,CH124,,,0,,,,planned,,
cet4-84d6af9bbdd5,supremacy,CH119,,,0,,,,planned,,
cet4-281a60b4c35b,supreme,CH127,,,0,,,,planned,,
cet4-6814aab7c57e,sure,CH034,,,0,,,,planned,,
cet4-e619da33a933,surf,CH073,,,0,,,,planned,,
cet4-80163f5edd85,surface,CH048,,,0,,,,planned,,
cet4-733a347037b9,surfing,CH071,,,0,,,,planned,,
cet4-e3d6515ecb34,surge,CH088,,,0,,,,planned,,
cet4-50a5ed94a0f3,surgeon,CH078,,,0,,,,planned,,
cet4-811d8f2a9185,surgery,CH081,,,0,,,,planned,,
cet4-4fcbfc181161,surgical,CH018,,,0,,,,planned,,
cet4-188910f2254c,surname,CH038,,,0,,,,planned,,
cet4-863827badd01,surplus,CH101,,,0,,,,planned,,
cet4-5b10c81150ef,surprise,CH055,,,0,,,,planned,,
cet4-934d2da5e0f1,surrender,CH123,,,0,,,,planned,,
cet4-529e2db207ad,surround,CH130,,,0,,,,planned,,
cet4-b0b04c7fe279,surroundings,CH108,,,0,,,,planned,,
cet4-e6829598a91e,survey,CH031,,,0,,,,planned,,
cet4-b9a77a0fa1e5,survival,CH013,,,0,,,,planned,,
cet4-85257456c3ab,survive,CH057,,,0,,,,planned,,
cet4-c9fc659b4bb6,survivor,CH100,,,0,,,,planned,,
cet4-182060abccda,suspect,CH122,,,0,,,,planned,,
cet4-3dad4fe0b564,suspend,CH023,,,0,,,,planned,,
cet4-c29612b5e3d5,suspense,CH055,,,0,,,,planned,,
cet4-feeefa25ec6a,suspension,CH094,,,0,,,,planned,,
cet4-c0e6321bb0fe,suspicion,CH099,,,0,,,,planned,,
cet4-7e00fdb264b8,suspicious,CH029,,,0,,,,planned,,
cet4-f1a5bf81b95c,sustain,CH006,,,0,,,,planned,,
cet4-d68345150750,sustainable,CH101,,,0,,,,planned,,
cet4-bc0828653953,swallow,CH070,,,0,,,,planned,,
cet4-707b66278a60,sway,CH042,,,0,,,,planned,,
cet4-7dff74c62bd0,swear,CH130,,,0,,,,planned,,
cet4-be2e63efb76f,sweat,CH099,,,0,,,,planned,,
cet4-f588035c471e,sweater,CH081,,,0,,,,planned,,
cet4-b5254dc2683e,sweep,CH067,,,0,,,,planned,,
cet4-e8a9be85fc3f,sweet,CH072,,,0,,,,planned,,
cet4-c83b96892925,swell,CH100,,,0,,,,planned,,
cet4-edcb01638d27,swift,CH060,,,0,,,,planned,,
cet4-3ebaed58b256,swim,CH068,,,0,,,,planned,,
cet4-c6ccaf2dd558,swimmer,CH069,,,0,,,,planned,,
cet4-4e764b5883f1,swimming,CH010,,,0,,,,planned,,
cet4-e368a7574b3c,swing,CH085,,,0,,,,planned,,
cet4-b8be9d5d9a5b,swipe,CH134,,,0,,,,planned,,
cet4-dafdef72b3a9,switch,CH060,,,0,,,,planned,,
cet4-bb131facbef3,sword,CH103,,,0,,,,planned,,
cet4-70dc043e94a6,symbol,CH095,,,0,,,,planned,,
cet4-3e5187b69d46,symbolic,CH134,,,0,,,,planned,,
cet4-1b142b606dae,sympathetic,CH037,,,0,,,,planned,,
cet4-1ab62ab9e4cf,sympathize,CH064,,,0,,,,planned,,
cet4-6e4d94c71c49,sympathy,CH079,,,0,,,,planned,,
cet4-da1ccbab599d,symptom,CH076,,,0,,,,planned,,
cet4-b45f48d03ac2,system,CH086,,,0,,,,planned,,
cet4-9c1e0dcea1cf,systematic,CH078,,,0,,,,planned,,
cet4-7cdd3e03295d,systematically,CH134,,,0,,,,planned,,
cet4-1c0cf3f398c9,table,CH054,,,0,,,,planned,,
cet4-80c3e90d50b3,tablet,CH093,,,0,,,,planned,,
cet4-1a6123e2f298,tackle,CH034,,,0,,,,planned,,
cet4-14420f734a4a,tag,CH033,,,0,,,,planned,,
cet4-1fe33204530b,tail,CH033,,,0,,,,planned,,
cet4-db61221540ab,tailor,CH041,,,0,,,,planned,,
cet4-270f6b3a21d2,take,CH071,,,0,,,,planned,,
cet4-c4de76d68c06,takeoff,CH102,,,0,,,,planned,,
cet4-709a337cc34f,tale,CH124,,,0,,,,planned,,
cet4-394abc911193,talent,CH041,,,0,,,,planned,,
cet4-8addda473768,talented,CH008,,,0,,,,planned,,
cet4-1bbe9239086d,talk,CH088,,,0,,,,planned,,
cet4-7c24bc8fff89,talkative,CH040,,,0,,,,planned,,
cet4-aa866cd303cf,tall,CH038,,,0,,,,planned,,
cet4-14120bdda325,tame,CH057,,,0,,,,planned,,
cet4-5b7d9517e2f2,tangible,CH053,,,0,,,,planned,,
cet4-1c41bc7329fc,tank,CH026,,,0,,,,planned,,
cet4-325ae8437a08,tap,CH026,,,0,,,,planned,,
cet4-0995cd1149de,tape,CH090,,,0,,,,planned,,
cet4-b31ba508d8ef,target,CH082,,,0,,,,planned,,
cet4-9b7f5d04fa42,task,CH047,,,0,,,,planned,,
cet4-defaa80b499c,taste,CH128,,,0,,,,planned,,
cet4-9890f4f13bab,tasty,CH035,,,0,,,,planned,,
cet4-8b5ea0a8f442,tax,CH118,,,0,,,,planned,,
cet4-7d014ad6cd65,taxation,CH114,,,0,,,,planned,,
cet4-c97c2fbc2459,taxi,CH059,,,0,,,,planned,,
cet4-bede8b69cfd3,tea,CH107,,,0,,,,planned,,
cet4-7a13e5f2624e,teach,CH017,,,0,,,,planned,,
cet4-ac4ba2e3c516,teacher,CH015,,,0,,,,planned,,
cet4-bc8745feb00c,teaching,CH015,,,0,,,,planned,,
cet4-3730ee3dc8d7,team,CH047,,,0,,,,planned,,
cet4-636e458bfcb6,tear,CH126,,,0,,,,planned,,
cet4-1a68ac001cb0,tech,CH016,,,0,,,,planned,,
cet4-ef4c8b43367b,technical,CH087,,,0,,,,planned,,
cet4-7ddaeab7faeb,technician,CH066,,,0,,,,planned,,
cet4-36aa542b900a,technique,CH096,,,0,,,,planned,,
cet4-e566ecf563d7,technological,CH043,,,0,,,,planned,,
cet4-24044bc39727,technology,CH086,,,0,,,,planned,,
cet4-f32ed9ac372d,tedious,CH077,,,0,,,,planned,,
cet4-7f8db5367fa1,teen,CH027,,,0,,,,planned,,
cet4-e653a4b36585,teenager,CH109,,,0,,,,planned,,
cet4-ca3962602d99,telecommunications,CH087,,,0,,,,planned,,
cet4-6e7aca2def90,telephone,CH065,,,0,,,,planned,,
cet4-7d9a3ec05238,telescope,CH051,,,0,,,,planned,,
cet4-fedb574962ee,telescopic,CH077,,,0,,,,planned,,
cet4-5ce0ad1d5554,television,CH058,,,0,,,,planned,,
cet4-1b007426b542,tell,CH026,,,0,,,,planned,,
cet4-f775f9eccb4e,teller,CH044,,,0,,,,planned,,
cet4-944cbd3f3cc3,telling,CH010,,,0,,,,planned,,
cet4-91c0743dca07,temper,CH107,,,0,,,,planned,,
cet4-59eaeab0ad1f,temperature,CH100,,,0,,,,planned,,
cet4-936255ab1a51,temple,CH066,,,0,,,,planned,,
cet4-3ccc0e676b29,temporarily,CH137,,,0,,,,planned,,
cet4-b73189931874,temporary,CH054,,,0,,,,planned,,
cet4-7d6ac804b303,ten,CH098,,,0,,,,planned,,
cet4-d4c8a6905f5c,tend,CH031,,,0,,,,planned,,
cet4-341c082ddb23,tendency,CH077,,,0,,,,planned,,
cet4-4d55b8b2ec7c,tender,CH070,,,0,,,,planned,,
cet4-69d23e80f296,tennis,CH113,,,0,,,,planned,,
cet4-855a2f455901,tense,CH040,,,0,,,,planned,,
cet4-3547e5999422,tension,CH075,,,0,,,,planned,,
cet4-347fe3e9c46e,tent,CH012,,,0,,,,planned,,
cet4-5e053f0956eb,term,CH096,,,0,,,,planned,,
cet4-825017ebef7a,terminal,CH087,,,0,,,,planned,,
cet4-b4c19b00acb9,terrible,CH020,,,0,,,,planned,,
cet4-66b2ffe0ed37,terribly,CH014,,,0,,,,planned,,
cet4-a5c87e2e01b9,terrific,CH133,,,0,,,,planned,,
cet4-1c34a8a72b0b,terrify,CH011,,,0,,,,planned,,
cet4-86259c4a3915,territorial,CH047,,,0,,,,planned,,
cet4-4851d961bee3,territory,CH022,,,0,,,,planned,,
cet4-5878b5407994,terror,CH033,,,0,,,,planned,,
cet4-84e6b5c84c17,terrorism,CH114,,,0,,,,planned,,
cet4-cbdee908afb3,terrorist,CH114,,,0,,,,planned,,
cet4-fda80e3fe439,test,CH013,,,0,,,,planned,,
cet4-06063f516b02,text,CH045,,,0,,,,planned,,
cet4-a39774b8dc31,textbook,CH016,,,0,,,,planned,,
cet4-0868c8203b8a,textile,CH029,,,0,,,,planned,,
cet4-f2db2f8d3669,than,CH032,,,0,,,,planned,,
cet4-8b84bef89c52,thank,CH062,,,0,,,,planned,,
cet4-037866b05602,thankful,CH062,,,0,,,,planned,,
cet4-69b3afd661f3,thanksgiving,CH049,,,0,,,,planned,,
cet4-91655af15ff9,that,CH033,,,0,,,,planned,,
cet4-1edf2166ca1a,the,CH009,,,0,,,,planned,,
cet4-d4f218a953b6,theater,CH102,,,0,,,,planned,,
cet4-7af1b7e925df,theatrical,CH102,,,0,,,,planned,,
cet4-f3ddd4731df8,theft,CH113,,,0,,,,planned,,
cet4-be78a851482f,their,CH002,,,0,,,,planned,,
cet4-f9a2d6a95d85,theirs,CH001,,,0,,,,planned,,
cet4-a8e1c0f21bb1,them,CH043,,,0,,,,planned,,
cet4-5ed58cfa8f05,theme,CH056,,,0,,,,planned,,
cet4-eeae964ffee9,themselves,CH027,,,0,,,,planned,,
cet4-a3be4303b126,then,CH121,,,0,,,,planned,,
cet4-6cf500fa622c,theoretical,CH089,,,0,,,,planned,,
cet4-f177e4f42418,theory,CH092,,,0,,,,planned,,
cet4-ecb1d1b43582,therapeutic,CH079,,,0,,,,planned,,
cet4-a11c28b5ea3d,therapist,CH027,,,0,,,,planned,,
cet4-bca385c190c6,therapy,CH057,,,0,,,,planned,,
cet4-18b9c39c62eb,there,CH024,,,0,,,,planned,,
cet4-a873fa45df84,thereby,CH059,,,0,,,,planned,,
cet4-5cdb8c350ea8,therefore,CH134,,,0,,,,planned,,
cet4-b4a0844c12dd,thermometer,CH057,,,0,,,,planned,,
cet4-98d8f0a5b004,these,CH133,,,0,,,,planned,,
cet4-f4623902dbf7,thesis,CH130,,,0,,,,planned,,
cet4-3c53f0314464,they,CH038,,,0,,,,planned,,
cet4-e39921d940e4,thick,CH090,,,0,,,,planned,,
cet4-b396a6a48b07,thief,CH095,,,0,,,,planned,,
cet4-cfef72a342b0,thin,CH047,,,0,,,,planned,,
cet4-f69f3a12fd76,thing,CH110,,,0,,,,planned,,
cet4-e8cf745f5c7e,think,CH135,,,0,,,,planned,,
cet4-df043d02b246,thinking,CH135,,,0,,,,planned,,
cet4-4d14a01023f8,third,CH085,,,0,,,,planned,,
cet4-4e350bc51557,thirst,CH137,,,0,,,,planned,,
cet4-fc788ffd8957,thirsty,CH099,,,0,,,,planned,,
cet4-447a19621f0a,thirteen,CH050,,,0,,,,planned,,
cet4-206d6586587e,thirty,CH101,,,0,,,,planned,,
cet4-75e932b10e8c,this,CH020,,,0,,,,planned,,
cet4-24e6ec00868d,thorough,CH029,,,0,,,,planned,,
cet4-c50b3fee61d4,those,CH004,,,0,,,,planned,,
cet4-195ef60dd2b0,though,CH005,,,0,,,,planned,,
cet4-420c84811117,thought,CH002,,,0,,,,planned,,
cet4-feb45d954aea,thoughtful,CH031,,,0,,,,planned,,
cet4-37fa4c0f1ddf,thousand,CH024,,,0,,,,planned,,
cet4-59ae6cb4a9b3,thread,CH026,,,0,,,,planned,,
cet4-0090163f8afe,threat,CH046,,,0,,,,planned,,
cet4-635a97517663,threaten,CH039,,,0,,,,planned,,
cet4-9b2c63955d24,three,CH004,,,0,,,,planned,,
cet4-4f7f138e3e81,thrive,CH054,,,0,,,,planned,,
cet4-d939512d0dd7,throat,CH037,,,0,,,,planned,,
cet4-4bf1a7838bdc,through,CH058,,,0,,,,planned,,
cet4-d737f89decc7,throughout,CH038,,,0,,,,planned,,
cet4-8ef57c3d7572,throw,CH026,,,0,,,,planned,,
cet4-75ce5f28e8cb,thrust,CH051,,,0,,,,planned,,
cet4-4ac643cc1a7a,thumb,CH042,,,0,,,,planned,,
cet4-feada0fcc821,thunder,CH111,,,0,,,,planned,,
cet4-9cd9e6420c3c,thunderous,CH014,,,0,,,,planned,,
cet4-c9dbb4f3836d,Thursday,CH049,,,0,,,,planned,,
cet4-c92729b9ee33,thus,CH083,,,0,,,,planned,,
cet4-61a91798995e,tick,CH104,,,0,,,,planned,,
cet4-a1f38aedb07e,ticket,CH060,,,0,,,,planned,,
cet4-bb4a33cb2fe3,tidal,CH001,,,0,,,,planned,,
cet4-567cfb6073ab,tide,CH057,,,0,,,,planned,,
cet4-1bef08f2885a,tidy,CH078,,,0,,,,planned,,
cet4-a6a741897c63,tie,CH128,,,0,,,,planned,,
cet4-815e419b622c,tiger,CH100,,,0,,,,planned,,
cet4-53a6c2842c31,tight,CH058,,,0,,,,planned,,
cet4-7cf52474fbee,tighten,CH109,,,0,,,,planned,,
cet4-4d75688a6fd9,tigress,CH029,,,0,,,,planned,,
cet4-9694a9a2e8fa,till,CH023,,,0,,,,planned,,
cet4-d5f17e82d5fd,timber,CH110,,,0,,,,planned,,
cet4-ed983c484bbd,time,CH090,,,0,,,,planned,,
cet4-de90022970a2,timely,CH015,,,0,,,,planned,,
cet4-b0b637141f44,timing,CH132,,,0,,,,planned,,
cet4-3ae5821d20fe,tin,CH090,,,0,,,,planned,,
cet4-48a50794e0d9,tiny,CH059,,,0,,,,planned,,
cet4-b5516bbdf2da,tip,CH097,,,0,,,,planned,,
cet4-e5188c49ed56,tired,CH101,,,0,,,,planned,,
cet4-d2188f544c71,tireless,CH052,,,0,,,,planned,,
cet4-0094bf8977b2,tiresome,CH084,,,0,,,,planned,,
cet4-9107f66aaef3,tiring,CH075,,,0,,,,planned,,
cet4-306309ce398a,tissue,CH091,,,0,,,,planned,,
cet4-e26798ec18ae,title,CH048,,,0,,,,planned,,
cet4-3b083530719b,to,CH136,,,0,,,,planned,,
cet4-bca31e2f074d,toast,CH019,,,0,,,,planned,,
cet4-6b7250c1a69d,tobacco,CH100,,,0,,,,planned,,
cet4-9351ae89ac46,today,CH051,,,0,,,,planned,,
cet4-45c68e45cc8c,toe,CH074,,,0,,,,planned,,
cet4-7ddd1c830d53,together,CH045,,,0,,,,planned,,
cet4-fce14b50748f,toilet,CH102,,,0,,,,planned,,
cet4-40570a25dbf4,token,CH092,,,0,,,,planned,,
cet4-33a52ec61f9a,tolerable,CH008,,,0,,,,planned,,
cet4-63c847b2da17,tolerance,CH108,,,0,,,,planned,,
cet4-7f472a5a613c,tolerant,CH075,,,0,,,,planned,,
cet4-0b8113390e0a,tolerate,CH081,,,0,,,,planned,,
cet4-b1e30ceacb86,toll,CH068,,,0,,,,planned,,
cet4-b701bf2d2f0e,tomato,CH027,,,0,,,,planned,,
cet4-648d502c461b,tomorrow,CH131,,,0,,,,planned,,
cet4-43e31f671efa,ton,CH047,,,0,,,,planned,,
cet4-826d6c83ee4c,tone,CH057,,,0,,,,planned,,
cet4-74468087a80d,tongue,CH104,,,0,,,,planned,,
cet4-08443fcc0ed6,tonight,CH130,,,0,,,,planned,,
cet4-1d3eee134b57,tonnage,CH067,,,0,,,,planned,,
cet4-474c2f49a32f,too,CH130,,,0,,,,planned,,
cet4-c4afdf7b7deb,tool,CH052,,,0,,,,planned,,
cet4-78188d8b474c,tooth,CH107,,,0,,,,planned,,
cet4-a9d5a013440c,top,CH096,,,0,,,,planned,,
cet4-8f02fcafb516,topic,CH137,,,0,,,,planned,,
cet4-d222312840e1,topical,CH081,,,0,,,,planned,,
cet4-8c391a3b7181,torch,CH093,,,0,,,,planned,,
cet4-f67c64283647,torture,CH076,,,0,,,,planned,,
cet4-eed5b1e7f636,toss,CH063,,,0,,,,planned,,
cet4-2039c83f2630,total,CH108,,,0,,,,planned,,
cet4-35bdfa0b97e0,touch,CH079,,,0,,,,planned,,
cet4-2bc9b1ba6af3,tough,CH081,,,0,,,,planned,,
cet4-4dc9935c81f1,tour,CH069,,,0,,,,planned,,
cet4-95a8692222d0,tourism,CH044,,,0,,,,planned,,
cet4-6c923cfcda33,tourist,CH069,,,0,,,,planned,,
cet4-c1b7a7f1ede2,toward,CH016,,,0,,,,planned,,
cet4-a39d448a1989,towel,CH067,,,0,,,,planned,,
cet4-71c17d7caa12,tower,CH025,,,0,,,,planned,,
cet4-9b2edccc11b0,town,CH125,,,0,,,,planned,,
cet4-3c5d9f022ac5,township,CH062,,,0,,,,planned,,
cet4-0114189a9419,toy,CH132,,,0,,,,planned,,
cet4-bbdc96c55ddc,trace,CH070,,,0,,,,planned,,
cet4-ad14ec01db49,track,CH086,,,0,,,,planned,,
cet4-70b5bce8accc,tractor,CH066,,,0,,,,planned,,
cet4-dc964f3a557f,trade,CH044,,,0,,,,planned,,
cet4-7f6a5bf766c3,trademark,CH051,,,0,,,,planned,,
cet4-94194eade7a4,tradition,CH124,,,0,,,,planned,,
cet4-9adf0a924dd0,traditional,CH046,,,0,,,,planned,,
cet4-c63288534972,traffic,CH060,,,0,,,,planned,,
cet4-07fd54a87e56,trafficking,CH062,,,0,,,,planned,,
cet4-f093e4e45bcd,tragedy,CH115,,,0,,,,planned,,
cet4-f426e08b5642,tragic,CH133,,,0,,,,planned,,
cet4-468b147e9861,tragically,CH029,,,0,,,,planned,,
cet4-87ed2f618e61,trail,CH070,,,0,,,,planned,,
cet4-1306ea09f1ef,trailer,CH069,,,0,,,,planned,,
cet4-20bd067912cf,train,CH069,,,0,,,,planned,,
cet4-fef0fd6df5e1,trainee,CH065,,,0,,,,planned,,
cet4-5f76a785b707,trainer,CH065,,,0,,,,planned,,
cet4-2d162f7c0aed,training,CH064,,,0,,,,planned,,
cet4-8182309ed32a,tram,CH059,,,0,,,,planned,,
cet4-5ed0c07c3feb,transaction,CH095,,,0,,,,planned,,
cet4-1fd4f5bab53e,transcript,CH114,,,0,,,,planned,,
cet4-c7927a0833b8,transfer,CH017,,,0,,,,planned,,
cet4-c387bcafb6c6,transference,CH030,,,0,,,,planned,,
cet4-be2804cba255,transform,CH107,,,0,,,,planned,,
cet4-c1809aac1376,transformation,CH092,,,0,,,,planned,,
cet4-23d34af32f2c,transit,CH070,,,0,,,,planned,,
cet4-0e1a370421bb,translate,CH068,,,0,,,,planned,,
cet4-d3c5eb45bcf0,translation,CH087,,,0,,,,planned,,
cet4-3ee78f5f229d,translator,CH015,,,0,,,,planned,,
cet4-5606bda32525,transmission,CH096,,,0,,,,planned,,
cet4-6e9840ceb21f,transmit,CH040,,,0,,,,planned,,
cet4-25b9422169bd,transmitter,CH065,,,0,,,,planned,,
cet4-e798648dfcef,transparency,CH036,,,0,,,,planned,,
cet4-de7ee09a706e,transparent,CH036,,,0,,,,planned,,
cet4-8cb62cd227f8,transplant,CH111,,,0,,,,planned,,
cet4-f133fea346f6,transplantation,CH111,,,0,,,,planned,,
cet4-777bf4115960,transport,CH069,,,0,,,,planned,,
cet4-260ff75923e3,transportation,CH067,,,0,,,,planned,,
cet4-b32376a95541,trap,CH106,,,0,,,,planned,,
cet4-ccf88951a285,trash,CH014,,,0,,,,planned,,
cet4-4ab4f79a69d2,travel,CH060,,,0,,,,planned,,
cet4-8f3eab4736cc,tray,CH072,,,0,,,,planned,,
cet4-5eee82ebe2cb,treasure,CH132,,,0,,,,planned,,
cet4-c11c1f0988c5,treat,CH018,,,0,,,,planned,,
cet4-2159d1700178,treatment,CH081,,,0,,,,planned,,
cet4-5dcf3b203909,treaty,CH047,,,0,,,,planned,,
cet4-769a4009aadd,tree,CH105,,,0,,,,planned,,
cet4-83868339b90f,tremble,CH067,,,0,,,,planned,,
cet4-31f4450b7674,tremendous,CH096,,,0,,,,planned,,
cet4-2ac389167d6d,trend,CH096,,,0,,,,planned,,
cet4-83d6e0a12a74,trial,CH034,,,0,,,,planned,,
cet4-68155d3099ca,triangle,CH082,,,0,,,,planned,,
cet4-8b20093663c6,triangular,CH078,,,0,,,,planned,,
cet4-47a2ad92ee96,trick,CH128,,,0,,,,planned,,
cet4-fb4690dc7123,tricky,CH018,,,0,,,,planned,,
cet4-009272083df0,trifle,CH019,,,0,,,,planned,,
cet4-b771c11b2598,trigger,CH094,,,0,,,,planned,,
cet4-924ffe32ede9,trip,CH070,,,0,,,,planned,,
cet4-516478cf125a,triple,CH040,,,0,,,,planned,,
cet4-f370bd1fe0a6,triumph,CH042,,,0,,,,planned,,
cet4-43efb00ee4a4,triumphant,CH042,,,0,,,,planned,,
cet4-5131dcf28d7b,trolley,CH059,,,0,,,,planned,,
cet4-192539472b7f,troop,CH053,,,0,,,,planned,,
cet4-7f3a2662ade2,trouble,CH072,,,0,,,,planned,,
cet4-c7f292a885f2,troublesome,CH010,,,0,,,,planned,,
cet4-7c3a40cdd8a6,trousers,CH012,,,0,,,,planned,,
cet4-49a6eb11035f,truck,CH057,,,0,,,,planned,,
cet4-8e91d0006e87,true,CH126,,,0,,,,planned,,
cet4-99ab1f0f5797,truly,CH008,,,0,,,,planned,,
cet4-fd1c728aa75e,trunk,CH069,,,0,,,,planned,,
cet4-dec97d4dfbe0,trust,CH034,,,0,,,,planned,,
cet4-a55d00daaff9,trustee,CH034,,,0,,,,planned,,
cet4-3c71f01eca33,truth,CH117,,,0,,,,planned,,
cet4-8244d0f406e3,truthful,CH126,,,0,,,,planned,,
cet4-d1a33c9e8e91,try,CH130,,,0,,,,planned,,
cet4-bd026a5d6248,trying,CH122,,,0,,,,planned,,
cet4-f01a7d6854ed,tube,CH087,,,0,,,,planned,,
cet4-53614a77f40a,Tuesday,CH049,,,0,,,,planned,,
cet4-fabfd5931828,tuition,CH018,,,0,,,,planned,,
cet4-7989acdb3772,tumor,CH083,,,0,,,,planned,,
cet4-115089236425,tune,CH065,,,0,,,,planned,,
cet4-59b28482329a,tunnel,CH057,,,0,,,,planned,,
cet4-1e021b56e785,turkey,CH117,,,0,,,,planned,,
cet4-991733aab897,turn,CH015,,,0,,,,planned,,
cet4-2adb25798ce5,tutor,CH012,,,0,,,,planned,,
cet4-8a99e6a2f232,tutorial,CH012,,,0,,,,planned,,
cet4-33833b8c93b1,twelfth,CH051,,,0,,,,planned,,
cet4-c05b3316d05e,twelve,CH024,,,0,,,,planned,,
cet4-3641d951c1b1,twentieth,CH130,,,0,,,,planned,,
cet4-cecb39f03c1c,twenty,CH024,,,0,,,,planned,,
cet4-afdb6619362f,twice,CH064,,,0,,,,planned,,
cet4-6d2250ff9add,twin,CH104,,,0,,,,planned,,
cet4-6403051372ca,twist,CH115,,,0,,,,planned,,
cet4-c5ce71e2ab00,two,CH101,,,0,,,,planned,,
cet4-eb47d5e96050,type,CH125,,,0,,,,planned,,
cet4-6a7d89a194eb,typewriter,CH015,,,0,,,,planned,,
cet4-0befdcacd70f,typical,CH073,,,0,,,,planned,,
cet4-b0d90ec84349,typist,CH018,,,0,,,,planned,,
cet4-e32efd4ba5d4,tyre,CH063,,,0,,,,planned,,
cet4-2091efb413f9,ugliness,CH073,,,0,,,,planned,,
cet4-6573c54d243d,ugly,CH010,,,0,,,,planned,,
cet4-6d9bec65c840,ultimate,CH012,,,0,,,,planned,,
cet4-a40cd126fbe2,ultimately,CH121,,,0,,,,planned,,
cet4-2e1c8981fa5c,umbrella,CH012,,,0,,,,planned,,
cet4-dbaba530cc0c,uncertain,CH013,,,0,,,,planned,,
cet4-79342acdb533,uncertainty,CH089,,,0,,,,planned,,
cet4-a5ec72f45499,uncle,CH034,,,0,,,,planned,,
cet4-cbf4ed984b7a,uncover,CH084,,,0,,,,planned,,
cet4-fde70120971a,under,CH129,,,0,,,,planned,,
cet4-8b0869ffa0c7,underdeveloped,CH035,,,0,,,,planned,,
cet4-092dc6499280,underestimate,CH131,,,0,,,,planned,,
cet4-cb656561c54d,undergo,CH113,,,0,,,,planned,,
cet4-70dd69702e28,undergraduate,CH007,,,0,,,,planned,,
cet4-7fe637f421ed,underground,CH115,,,0,,,,planned,,
cet4-04b05925531a,underline,CH089,,,0,,,,planned,,
cet4-9c83baeb187b,undermine,CH115,,,0,,,,planned,,
cet4-5a0d1da85a9f,underneath,CH074,,,0,,,,planned,,
cet4-674cb26f288c,understand,CH065,,,0,,,,planned,,
cet4-5a9e326b2203,understanding,CH124,,,0,,,,planned,,
cet4-3b618af242a0,undertake,CH095,,,0,,,,planned,,
cet4-cf46f1532359,undertaking,CH054,,,0,,,,planned,,
cet4-fd3aa1352f4f,underwear,CH130,,,0,,,,planned,,
cet4-742c24a64d57,undo,CH098,,,0,,,,planned,,
cet4-bb3b0bbca85b,undoubtedly,CH035,,,0,,,,planned,,
cet4-1ebbf6bb17da,uneasy,CH018,,,0,,,,planned,,
cet4-c10a6aa548b0,unemployed,CH048,,,0,,,,planned,,
cet4-4e126ea0940e,unemployment,CH044,,,0,,,,planned,,
cet4-b8b8b6d2272a,uniform,CH065,,,0,,,,planned,,
cet4-7a0c1557020d,uniformity,CH077,,,0,,,,planned,,
cet4-77fc2302cf15,union,CH013,,,0,,,,planned,,
cet4-caf3ca9a0fa9,unique,CH099,,,0,,,,planned,,
cet4-8ea0cb96f3b3,unit,CH009,,,0,,,,planned,,
cet4-9a06ac08e37e,unite,CH025,,,0,,,,planned,,
cet4-dcdd47c49552,unity,CH053,,,0,,,,planned,,
cet4-b1ef3f8de3a8,universal,CH060,,,0,,,,planned,,
cet4-aaf611fd5577,universe,CH021,,,0,,,,planned,,
cet4-5dfbc9405c2a,university,CH007,,,0,,,,planned,,
cet4-2ad830a83de7,unless,CH025,,,0,,,,planned,,
cet4-5c707eb83b57,until,CH002,,,0,,,,planned,,
cet4-ba288ba202dc,up,CH020,,,0,,,,planned,,
cet4-a9ee61968cfd,up-to-date,CH097,,,0,,,,planned,,
cet4-997929c9048c,update,CH094,,,0,,,,planned,,
cet4-00d8a17bd291,upgrade,CH094,,,0,,,,planned,,
cet4-f001d896b0da,upload,CH085,,,0,,,,planned,,
cet4-facc0f3f4c69,upon,CH130,,,0,,,,planned,,
cet4-ecb0c6171b2f,upper,CH002,,,0,,,,planned,,
cet4-4672eb551b71,upright,CH098,,,0,,,,planned,,
cet4-08b5662000b4,upset,CH023,,,0,,,,planned,,
cet4-e96a49ba4fab,upstairs,CH102,,,0,,,,planned,,
cet4-de1a625c135e,upward,CH001,,,0,,,,planned,,
cet4-3d56840a0c01,upwards,CH043,,,0,,,,planned,,
cet4-46ab1cfb7213,urban,CH127,,,0,,,,planned,,
cet4-0215b584c1a4,urbanization,CH011,,,0,,,,planned,,
cet4-21d99e155a29,urbanize,CH127,,,0,,,,planned,,
cet4-e66eef0ea435,urge,CH055,,,0,,,,planned,,
cet4-3201266cf246,urgency,CH124,,,0,,,,planned,,
cet4-1d5c76ecf62a,urgent,CH047,,,0,,,,planned,,
cet4-6028f15f4b84,us,CH106,,,0,,,,planned,,
cet4-78b8cfa60c7d,usage,CH057,,,0,,,,planned,,
cet4-62379e352b0b,use,CH044,,,0,,,,planned,,
cet4-701603eb6294,used,CH051,,,0,,,,planned,,
cet4-29b06c03f5a7,useful,CH055,,,0,,,,planned,,
cet4-41e56d848e22,useless,CH093,,,0,,,,planned,,
cet4-9b47dcdae375,user,CH036,,,0,,,,planned,,
cet4-4ae1dab80686,usual,CH049,,,0,,,,planned,,
cet4-d7f9f0ba45b3,usually,CH010,,,0,,,,planned,,
cet4-416da28b3ae9,utility,CH118,,,0,,,,planned,,
cet4-ab6bd2cdde31,utilization,CH083,,,0,,,,planned,,
cet4-d3d5c46d0c86,utilize,CH032,,,0,,,,planned,,
cet4-a844a9304eeb,utmost,CH110,,,0,,,,planned,,
cet4-627099f6dec4,utter,CH062,,,0,,,,planned,,
cet4-90669d95ee39,utterly,CH035,,,0,,,,planned,,
cet4-572a07f829fc,vacancy,CH008,,,0,,,,planned,,
cet4-a9beca37468b,vacant,CH025,,,0,,,,planned,,
cet4-fb8d493b54df,vacation,CH114,,,0,,,,planned,,
cet4-423b7dd1195e,vacuum,CH041,,,0,,,,planned,,
cet4-87edb8a34e49,vague,CH022,,,0,,,,planned,,
cet4-7fbbd9e17b2b,vain,CH119,,,0,,,,planned,,
cet4-6cbf11702466,valid,CH117,,,0,,,,planned,,
cet4-208c893723f7,validate,CH121,,,0,,,,planned,,
cet4-33cedf3f5d4b,validity,CH121,,,0,,,,planned,,
cet4-e667dd68ae89,valley,CH103,,,0,,,,planned,,
cet4-d346d17433fb,valuable,CH046,,,0,,,,planned,,
cet4-b699c35b90fa,value,CH132,,,0,,,,planned,,
cet4-012869b62519,van,CH058,,,0,,,,planned,,
cet4-4b3f306af620,vanish,CH067,,,0,,,,planned,,
cet4-ff3d0d22efa7,vanity,CH134,,,0,,,,planned,,
cet4-c7bd42af4d40,vapor,CH103,,,0,,,,planned,,
cet4-35cdcd985d7f,vapour,CH111,,,0,,,,planned,,
cet4-95b6479c5732,variable,CH135,,,0,,,,planned,,
cet4-0cbdd3aabb85,variant,CH097,,,0,,,,planned,,
cet4-fdccab6ee73a,variation,CH077,,,0,,,,planned,,
cet4-871da9aacde9,variety,CH125,,,0,,,,planned,,
cet4-9d2f2270b528,various,CH013,,,0,,,,planned,,
cet4-4c7bed30d115,vary,CH008,,,0,,,,planned,,
cet4-4bc887b32a72,vast,CH050,,,0,,,,planned,,
cet4-8012d250813d,vegetable,CH107,,,0,,,,planned,,
cet4-d88a77ea9d97,vegetarian,CH100,,,0,,,,planned,,
cet4-dc58cd053eea,vehicle,CH060,,,0,,,,planned,,
cet4-aaea00e71c02,veil,CH077,,,0,,,,planned,,
cet4-b3efed0442f0,vendor,CH052,,,0,,,,planned,,
cet4-d55d1db982c8,venture,CH135,,,0,,,,planned,,
cet4-cc619a3edc72,verb,CH025,,,0,,,,planned,,
cet4-d199532b9f35,verbal,CH032,,,0,,,,planned,,
cet4-4de9eb48eacc,verification,CH121,,,0,,,,planned,,
cet4-da05bece542d,verify,CH121,,,0,,,,planned,,
cet4-317a533bd3b1,version,CH096,,,0,,,,planned,,
cet4-c651475ec06e,versus,CH114,,,0,,,,planned,,
cet4-84af6684ca24,vertical,CH026,,,0,,,,planned,,
cet4-f383daa6d03a,very,CH025,,,0,,,,planned,,
cet4-d06bc93bcf07,vessel,CH075,,,0,,,,planned,,
cet4-e189807f3e18,veteran,CH053,,,0,,,,planned,,
cet4-6342a720c6bc,veto,CH135,,,0,,,,planned,,
cet4-523a135c5f1b,via,CH057,,,0,,,,planned,,
cet4-4d1be680bcc2,victim,CH122,,,0,,,,planned,,
cet4-2b9899a59335,victimize,CH122,,,0,,,,planned,,
cet4-a6f1f7ebf3d9,victorious,CH110,,,0,,,,planned,,
cet4-72427ca50724,victory,CH042,,,0,,,,planned,,
cet4-094c97701ccf,video,CH085,,,0,,,,planned,,
cet4-a333b0aa7862,view,CH095,,,0,,,,planned,,
cet4-73f002ab9ef4,viewpoint,CH084,,,0,,,,planned,,
cet4-fda9ddab422f,vigor,CH131,,,0,,,,planned,,
cet4-194294aae7b6,vigorous,CH081,,,0,,,,planned,,
cet4-d4b96adcb584,village,CH119,,,0,,,,planned,,
cet4-5312ff16b3a6,villager,CH133,,,0,,,,planned,,
cet4-b5cfa986b152,vinegar,CH072,,,0,,,,planned,,
cet4-926b2ff8cf76,violate,CH050,,,0,,,,planned,,
cet4-5785c5d002ef,violation,CH120,,,0,,,,planned,,
cet4-8d6a9ba0d5ad,violence,CH031,,,0,,,,planned,,
cet4-083b4a603de2,violent,CH034,,,0,,,,planned,,
cet4-54ef4e8132cb,violin,CH032,,,0,,,,planned,,
cet4-6afba33c44a9,violinist,CH109,,,0,,,,planned,,
cet4-ff09fe4303cd,virtual,CH098,,,0,,,,planned,,
cet4-1ca96d1270e2,virtually,CH008,,,0,,,,planned,,
cet4-b9fa3cf8ce90,virtue,CH115,,,0,,,,planned,,
cet4-7eef0c47904d,virtuous,CH137,,,0,,,,planned,,
cet4-dbc69d2f3e8c,virus,CH086,,,0,,,,planned,,
cet4-f9d254158103,visa,CH058,,,0,,,,planned,,
cet4-a488671ad884,visibility,CH126,,,0,,,,planned,,
cet4-ebac1cfddf17,visible,CH022,,,0,,,,planned,,
cet4-5aba7b613caa,vision,CH077,,,0,,,,planned,,
cet4-9d0fc2630b9b,visionary,CH039,,,0,,,,planned,,
cet4-c5dd0db03b57,visit,CH056,,,0,,,,planned,,
cet4-eaa20fbfbd5d,visitor,CH122,,,0,,,,planned,,
cet4-4ea4d50a3423,visual,CH084,,,0,,,,planned,,
cet4-a93ea5db74aa,visualise,CH129,,,0,,,,planned,,
cet4-08fd91394503,visualize,CH129,,,0,,,,planned,,
cet4-b5755c73e543,vital,CH081,,,0,,,,planned,,
cet4-848d906c6f7c,vitality,CH080,,,0,,,,planned,,
cet4-6ef37e5dcfa9,vitamin,CH093,,,0,,,,planned,,
cet4-b1a2857c445d,vivid,CH008,,,0,,,,planned,,
cet4-b1d68467abbf,vocabulary,CH016,,,0,,,,planned,,
cet4-ded067d62aae,vocation,CH054,,,0,,,,planned,,
cet4-ffef1e58c53e,vocational,CH015,,,0,,,,planned,,
cet4-9b8ff1ae92dc,voice,CH030,,,0,,,,planned,,
cet4-e9eabd60c9f1,volcanic,CH111,,,0,,,,planned,,
cet4-b8945b140474,volcano,CH014,,,0,,,,planned,,
cet4-866fb37bba7f,volleyball,CH113,,,0,,,,planned,,
cet4-8e6da4e8492d,volt,CH085,,,0,,,,planned,,
cet4-761e76df8d77,voltage,CH094,,,0,,,,planned,,
cet4-c246ba46291b,volume,CH123,,,0,,,,planned,,
cet4-510c316b81b7,voluminous,CH014,,,0,,,,planned,,
cet4-88c3c0ca05ae,voluntary,CH009,,,0,,,,planned,,
cet4-195aba0232d9,volunteer,CH054,,,0,,,,planned,,
cet4-3b51d5af69d2,vote,CH129,,,0,,,,planned,,
cet4-87bf12bef10c,voter,CH123,,,0,,,,planned,,
cet4-52ffc363157e,voyage,CH060,,,0,,,,planned,,
cet4-3c6ed8527f66,vulnerability,CH084,,,0,,,,planned,,
cet4-b879653349a9,vulnerable,CH084,,,0,,,,planned,,
cet4-344ecd6c573e,wage,CH063,,,0,,,,planned,,
cet4-f585d3de2423,wagon,CH066,,,0,,,,planned,,
cet4-4858ff878fb3,waist,CH081,,,0,,,,planned,,
cet4-89ca39fe5426,wait,CH091,,,0,,,,planned,,
cet4-6fd00379b003,waiter,CH041,,,0,,,,planned,,
cet4-89fe1b0fd6d2,waitress,CH004,,,0,,,,planned,,
cet4-1bca5f4e161b,wake,CH019,,,0,,,,planned,,
cet4-698caa5e1e95,waken,CH131,,,0,,,,planned,,
cet4-39307ba7d89c,walk,CH065,,,0,,,,planned,,
cet4-4a6a4105482d,wall,CH090,,,0,,,,planned,,
cet4-2542104b6051,wallet,CH117,,,0,,,,planned,,
cet4-d0b0a8c22979,wander,CH134,,,0,,,,planned,,
cet4-a092b1b81d94,want,CH137,,,0,,,,planned,,
cet4-c56f0178ec4d,war,CH066,,,0,,,,planned,,
cet4-62586f493195,ward,CH030,,,0,,,,planned,,
cet4-dbed7b049c17,ware,CH088,,,0,,,,planned,,
cet4-7748af8c5b01,warehouse,CH021,,,0,,,,planned,,
cet4-f8d626783be9,warfare,CH120,,,0,,,,planned,,
cet4-b17676f5a6b0,warm,CH040,,,0,,,,planned,,
cet4-2865c5804dfb,warmth,CH064,,,0,,,,planned,,
cet4-d8d01a1fb5e5,warn,CH136,,,0,,,,planned,,
cet4-4bfbbe269d1e,warning,CH124,,,0,,,,planned,,
cet4-56369e3bf201,warrior,CH063,,,0,,,,planned,,
cet4-0bf85b61a01d,wary,CH006,,,0,,,,planned,,
cet4-a1d2837c7bd1,wash,CH048,,,0,,,,planned,,
cet4-4bab44adec89,washing,CH106,,,0,,,,planned,,
cet4-b696a93c13a1,waste,CH135,,,0,,,,planned,,
cet4-eebe006cce11,wasteful,CH121,,,0,,,,planned,,
cet4-4c030e67ea2e,watch,CH066,,,0,,,,planned,,
cet4-629c632e2bf4,watchful,CH074,,,0,,,,planned,,
cet4-39676b739474,water,CH106,,,0,,,,planned,,
cet4-e00619083661,waterproof,CH102,,,0,,,,planned,,
cet4-9a9a871ccbe0,watertight,CH102,,,0,,,,planned,,
cet4-8aac9f345715,wave,CH107,,,0,,,,planned,,
cet4-0b59701ea6c6,wavy,CH102,,,0,,,,planned,,
cet4-bc1022631f5d,wax,CH106,,,0,,,,planned,,
cet4-d02ceda94ca6,way,CH069,,,0,,,,planned,,
cet4-a825eeaec4c7,we,CH056,,,0,,,,planned,,
cet4-3207efe5dee1,weak,CH020,,,0,,,,planned,,
cet4-ac0fd5cf7d95,weaken,CH011,,,0,,,,planned,,
cet4-f47f7f6271e3,weakness,CH075,,,0,,,,planned,,
cet4-f1cf17a457b0,wealth,CH118,,,0,,,,planned,,
cet4-29de7c55e0fd,wealthy,CH131,,,0,,,,planned,,
cet4-acbad40b45b6,weapon,CH071,,,0,,,,planned,,
cet4-2bed9b9a41a8,wear,CH031,,,0,,,,planned,,
cet4-778fb94effac,weather,CH106,,,0,,,,planned,,
cet4-729e4faa1f65,weave,CH124,,,0,,,,planned,,
cet4-91d1f8951f52,web,CH048,,,0,,,,planned,,
cet4-4a69c558b1b5,webcast,CH063,,,0,,,,planned,,
cet4-58ad31ea1ee8,website,CH085,,,0,,,,planned,,
cet4-9a05297d06e0,wed,CH038,,,0,,,,planned,,
cet4-65b08433e340,wedding,CH125,,,0,,,,planned,,
cet4-7b459c6b1380,Wednesday,CH049,,,0,,,,planned,,
cet4-0f905b6affd1,weed,CH100,,,0,,,,planned,,
cet4-229e3423dd11,week,CH049,,,0,,,,planned,,
cet4-1648fd9899ac,weekday,CH049,,,0,,,,planned,,
cet4-e69e1c0b0d07,weekend,CH049,,,0,,,,planned,,
cet4-d1d7077acb14,weekly,CH024,,,0,,,,planned,,
cet4-a9e1a5d58044,weep,CH130,,,0,,,,planned,,
cet4-80607bf2ae73,weigh,CH028,,,0,,,,planned,,
cet4-c6803ff6b917,weight,CH075,,,0,,,,planned,,
cet4-a76e1465e52a,weird,CH099,,,0,,,,planned,,
cet4-59c9f0e76ea4,welcome,CH130,,,0,,,,planned,,
cet4-d9a0ac2900ed,welfare,CH117,,,0,,,,planned,,
cet4-0924e130c061,well,CH106,,,0,,,,planned,,
cet4-dc76327e24e7,well off,CH005,,,0,,,,planned,,
cet4-40f0b8903832,well-being,CH073,,,0,,,,planned,,
cet4-f1e37efaf063,well-known,CH063,,,0,,,,planned,,
cet4-3384760d0ffb,west,CH107,,,0,,,,planned,,
cet4-fbb549f50b96,western,CH128,,,0,,,,planned,,
cet4-3124bf97268a,westerner,CH073,,,0,,,,planned,,
cet4-d2b99cc5f332,wet,CH108,,,0,,,,planned,,
cet4-dcad12e56c9b,whale,CH071,,,0,,,,planned,,
cet4-9b2cc10a7645,what,CH030,,,0,,,,planned,,
cet4-41376abcfd02,whatever,CH137,,,0,,,,planned,,
cet4-216e469515d0,whatsoever,CH137,,,0,,,,planned,,
cet4-8e00974f5be9,wheat,CH047,,,0,,,,planned,,
cet4-c33ad11b0807,wheel,CH092,,,0,,,,planned,,
cet4-b1ca9214627b,when,CH032,,,0,,,,planned,,
cet4-42e534f7b6a7,whenever,CH137,,,0,,,,planned,,
cet4-9e19e51eef08,where,CH002,,,0,,,,planned,,
cet4-99417d56e2d3,whereas,CH117,,,0,,,,planned,,
cet4-bee063f88887,wherever,CH004,,,0,,,,planned,,
cet4-315b6b4df8e6,whether,CH032,,,0,,,,planned,,
cet4-f7c6778c2ee6,which,CH009,,,0,,,,planned,,
cet4-ebcd2c92ef4f,whichever,CH004,,,0,,,,planned,,
cet4-629ffc2fd670,while,CH099,,,0,,,,planned,,
cet4-62ba26336765,whilst,CH029,,,0,,,,planned,,
cet4-3e962c8046fa,whip,CH057,,,0,,,,planned,,
cet4-691bde7432ee,whisky,CH097,,,0,,,,planned,,
cet4-93ce6881015b,whisper,CH028,,,0,,,,planned,,
cet4-e772a74f6995,whistle,CH107,,,0,,,,planned,,
cet4-f0f99891fa22,white,CH026,,,0,,,,planned,,
cet4-5864241a3a41,who,CH068,,,0,,,,planned,,
cet4-0c68aa2a35f5,whoever,CH038,,,0,,,,planned,,
cet4-6d72c2d9cfdb,whole,CH037,,,0,,,,planned,,
cet4-0b5d82b1f8b6,wholly,CH116,,,0,,,,planned,,
cet4-a161a181b98a,whom,CH133,,,0,,,,planned,,
cet4-910790b2db62,whose,CH133,,,0,,,,planned,,
cet4-8700565d352c,why,CH006,,,0,,,,planned,,
cet4-aed1d52453d0,wide,CH024,,,0,,,,planned,,
cet4-6ceaea72ea6f,widen,CH067,,,0,,,,planned,,
cet4-0c2807e09dbe,widespread,CH021,,,0,,,,planned,,
cet4-d8019c62b448,widow,CH015,,,0,,,,planned,,
cet4-f1d7de32a7c5,widower,CH126,,,0,,,,planned,,
cet4-8f83455bdbce,width,CH078,,,0,,,,planned,,
cet4-ac118db67082,wife,CH038,,,0,,,,planned,,
cet4-67341ed8d198,wild,CH066,,,0,,,,planned,,
cet4-c1fac2451f4a,wilderness,CH125,,,0,,,,planned,,
cet4-41127721fa4e,wildlife,CH127,,,0,,,,planned,,
cet4-8e83c41df849,will,CH034,,,0,,,,planned,,
cet4-dcc12d6369d3,willing,CH003,,,0,,,,planned,,
cet4-39d80da10027,willpower,CH127,,,0,,,,planned,,
cet4-9af2caf2ce88,win,CH122,,,0,,,,planned,,
cet4-d95e75798ba6,wind,CH104,,,0,,,,planned,,
cet4-7e062a93cfdb,window,CH069,,,0,,,,planned,,
cet4-42b5be00e25b,windy,CH080,,,0,,,,planned,,
cet4-04ad3e15d1d4,wine,CH027,,,0,,,,planned,,
cet4-35a17cfe9e2f,winery,CH005,,,0,,,,planned,,
cet4-29643a70622d,wing,CH104,,,0,,,,planned,,
cet4-8ec183fcd7a4,winner,CH122,,,0,,,,planned,,
cet4-392b53451c9e,winter,CH024,,,0,,,,planned,,
cet4-189989021f6a,wipe,CH003,,,0,,,,planned,,
cet4-3277a3e706a3,wire,CH055,,,0,,,,planned,,
cet4-5acc6e89e0c3,wireless,CH063,,,0,,,,planned,,
cet4-2d67f1ee01a1,wisdom,CH022,,,0,,,,planned,,
cet4-0afac77e916b,wise,CH013,,,0,,,,planned,,
cet4-fa0288c15be2,wish,CH055,,,0,,,,planned,,
cet4-ab65e8794524,wit,CH018,,,0,,,,planned,,
cet4-29d142424ec0,with,CH105,,,0,,,,planned,,
cet4-166bf15dcbde,withdraw,CH099,,,0,,,,planned,,
cet4-226972a598f1,withdrawal,CH132,,,0,,,,planned,,
cet4-26b7b3102f3c,within,CH110,,,0,,,,planned,,
cet4-b983095d16dd,without,CH013,,,0,,,,planned,,
cet4-439e38c548de,withstand,CH078,,,0,,,,planned,,
cet4-6b3d4a4827f5,witness,CH034,,,0,,,,planned,,
cet4-da1969357b4d,witty,CH035,,,0,,,,planned,,
cet4-afb1e9ab92a6,wolf,CH026,,,0,,,,planned,,
cet4-8887bc353756,woman,CH033,,,0,,,,planned,,
cet4-7bf4f41bf3ab,wonder,CH040,,,0,,,,planned,,
cet4-269d1e0dc514,wonderful,CH050,,,0,,,,planned,,
cet4-efbb893e0f77,wood,CH023,,,0,,,,planned,,
cet4-abf80d630308,wooden,CH046,,,0,,,,planned,,
cet4-f9aae23ca61a,wool,CH105,,,0,,,,planned,,
cet4-efa116c53aa1,woolen,CH063,,,0,,,,planned,,
cet4-fef7b6fe3235,woollen,CH102,,,0,,,,planned,,
cet4-71917bb990fe,word,CH017,,,0,,,,planned,,
cet4-f119abcc90c6,wording,CH010,,,0,,,,planned,,
cet4-a1cef7f9447c,work,CH054,,,0,,,,planned,,
cet4-460122be4694,worker,CH033,,,0,,,,planned,,
cet4-22f28fd6aeb4,workforce,CH055,,,0,,,,planned,,
cet4-f97463952316,workout,CH046,,,0,,,,planned,,
cet4-7d0ed183b642,workshop,CH053,,,0,,,,planned,,
cet4-6e662aee24b1,world,CH114,,,0,,,,planned,,
cet4-3ada405faecb,worldwide,CH028,,,0,,,,planned,,
cet4-6f536e554914,worm,CH086,,,0,,,,planned,,
cet4-44500bc41a1f,worried,CH075,,,0,,,,planned,,
cet4-df948d71a972,worry,CH076,,,0,,,,planned,,
cet4-1553febe6d40,worse,CH077,,,0,,,,planned,,
cet4-1d8596441d65,worship,CH068,,,0,,,,planned,,
cet4-af0765a94416,worst,CH049,,,0,,,,planned,,
cet4-a2f36062819e,worth,CH132,,,0,,,,planned,,
cet4-5eabeca86715,worthless,CH137,,,0,,,,planned,,
cet4-d4a37a2bd13c,worthwhile,CH062,,,0,,,,planned,,
cet4-fbf3c4f8e1f1,worthy,CH132,,,0,,,,planned,,
cet4-92ad5b794647,would,CH022,,,0,,,,planned,,
cet4-9dba090178fa,wound,CH037,,,0,,,,planned,,
cet4-25bd49f20bf9,wrap,CH036,,,0,,,,planned,,
cet4-f6bcc8bc8a07,wrapping,CH089,,,0,,,,planned,,
cet4-92f7ff2d0c2c,wreck,CH063,,,0,,,,planned,,
cet4-99afdb181efa,wreckage,CH050,,,0,,,,planned,,
cet4-55036ddfe0f9,wrinkle,CH019,,,0,,,,planned,,
cet4-1474e82f3c17,wrist,CH072,,,0,,,,planned,,
cet4-cb3bb5442f5f,write,CH016,,,0,,,,planned,,
cet4-e48f2ffca337,writer,CH017,,,0,,,,planned,,
cet4-8f0afc156c28,writing,CH016,,,0,,,,planned,,
cet4-452aee921a60,wrong,CH114,,,0,,,,planned,,
cet4-b258105efad4,X-ray,CH028,,,0,,,,planned,,
cet4-a9d91bdb0c4e,yard,CH090,,,0,,,,planned,,
cet4-25da791a7bef,yeah,CH008,,,0,,,,planned,,
cet4-a203910495eb,year,CH056,,,0,,,,planned,,
cet4-1aa47e643447,yearly,CH024,,,0,,,,planned,,
cet4-6f15c7324b26,yell,CH101,,,0,,,,planned,,
cet4-90d9e2bf926a,yellow,CH027,,,0,,,,planned,,
cet4-56012842577c,yes,CH004,,,0,,,,planned,,
cet4-e5ef4f205541,yesterday,CH051,,,0,,,,planned,,
cet4-e59a66536cb8,yet,CH131,,,0,,,,planned,,
cet4-c1c99620641b,yield,CH099,,,0,,,,planned,,
cet4-4045ded29d1d,yoga,CH136,,,0,,,,planned,,
cet4-aa986b8c5f3b,yoghurt,CH083,,,0,,,,planned,,
cet4-61e860aadbfb,you,CH038,,,0,,,,planned,,
cet4-c2fbd9257170,young,CH013,,,0,,,,planned,,
cet4-651da898c8b6,youngster,CH038,,,0,,,,planned,,
cet4-8e891f595b3b,your,CH002,,,0,,,,planned,,
cet4-84a9b51252cd,yours,CH133,,,0,,,,planned,,
cet4-b3310f6271ac,yourself,CH034,,,0,,,,planned,,
cet4-78a098fbff06,yourselves,CH063,,,0,,,,planned,,
cet4-20dd3cc77e91,youth,CH007,,,0,,,,planned,,
cet4-5c34748e0384,youthful,CH001,,,0,,,,planned,,
cet4-951f1316e8aa,zero,CH092,,,0,,,,planned,,
cet4-6fa517302158,zone,CH105,,,0,,,,planned,,
cet4-a4c9c68a0ef6,zoo,CH110,,,0,,,,planned,,
cet4-b64019f35077,zoological,CH017,,,0,,,,planned,,
cet4-deda7adcf81d,zoology,CH110,,,0,,,,planned,,
